reviewId,content,score,thumbsUpCount,reviewCreatedVersion,at,replyContent,repliedAt,appVersion,unique_id,appId
0293de02-a8d9-437e-ac34-1c5e96b4b7c8,it helps me a lot with my work and explain with the ones I don't understand it perfect and now I'm always using it because it's a great app that makes me understand stuff that even my teacher teach me I can't understand and I'm now always using this app for homework,5,0,1.54.0,2024-09-05 17:20:20,Thank you so much for your awesome feedback! We're thrilled to hear that our app helps you understand your work better. Keep rocking those homework assignments with us!,2024-09-05 18:00:34,1.54.0,edu30045,com.education.android.h.intelligence
84f9df7e-0105-486b-9c25-6924a321dd30,Amazing App.for the little time have been using it.it's one in the million,5,0,2.0.7,2023-08-04 13:51:49,We want to express our gratitude for using answer.ai! We're excited that it's beneficial for your school journey. Share this helpful tool with your classmates as well!,2023-08-07 15:16:48,2.0.7,edu92536,com.cyberdavinci.gptkeyboard
8b2cd158-ba56-4cc0-a90b-40d060efc3b0,This app teach you everything you need to do each homework An it is fun,1,0,2.5.8,2024-08-03 14:05:57,Thanks for the kind words! We're thrilled to hear you're enjoying Answer.AI and finding it helpful for your assignments. If you don't mind could you update your rating to reflect your experience? Also join our Discord community for tips extra perks and ways to make the most of your experience.,2024-08-05 14:25:45,2.5.8,edu89843,com.cyberdavinci.gptkeyboard
ec2366f6-f9d6-4f73-bd47-91485a838169,Mostly accurate really helpful I check with chat gpt :),4,0,1.48.0,2024-06-22 00:29:49,We're glad you find Gauth helpful! Keep exploring and learning with us.,2024-06-22 01:00:19,1.48.0,edu41632,com.education.android.h.intelligence
3dbe0a58-fce0-47dd-9642-f433494ae162,I rated it one star because when I show the question the answer didn't even showed up,1,0,1.14.0,2022-10-11 06:07:18,,,1.14.0,edu56265,com.education.android.h.intelligence
282c8f13-6d59-46a0-ae37-8df3cb1134d3,love this app.. helps with whatever you need in academics,5,0,1.56.0,2024-10-08 11:09:49,We're thrilled to hear that you love using our app! Keep up the great work and feel free to reach out if you need any support. Happy studying!,2024-10-08 11:15:50,1.56.0,edu33415,com.education.android.h.intelligence
9bf325b4-1336-4c4b-953d-888254bfa2f4,Want to give 0 stars but can't. What's this? A app?? No questions are getting solved. pls improve ur app. Like u all just make the app for money or wht.,1,0,1.17.0,2023-01-28 01:39:22,,,1.17.0,edu47559,com.education.android.h.intelligence
71ed8617-a487-4bb9-98bb-191490f09baf,this app is very helpful,5,0,1.44.1,2024-04-25 14:23:29,,,1.44.1,edu50079,com.education.android.h.intelligence
4f5f3563-c8db-4ba9-a414-d05648c3a1b0,So far every question is correct and it hasn't gotten them wrong while Google Homework sometimes fails to answer the question it gives me the incorrect answer or it gives me the answer but it's not one of the options. I also like that I can ask questions if I need to unlike Google Homework,4,11,2.4.0,2024-05-05 18:38:48,,,2.4.0,edu230,com.qianfan.aihomework
3a19eb87-5e4b-4ca4-8058-f04983a29e45,I use it that was awesome 10/10,5,0,,2024-10-08 22:18:01,Thanks for the awesome feedback! Keep up the great work! #StudyOn,2024-10-08 22:30:25,,edu58311,com.education.android.h.intelligence
b6c6f2ac-f2d6-44f9-8cfb-5f0ec4b7e20a,This is so helpful,5,0,1.7.0,2023-09-29 21:33:37,,,1.7.0,edu13412,com.qianfan.aihomework
7ccaca7f-3e5b-4573-9985-a95e3e976b52,this apps is helpful,5,0,1.46.0,2024-05-31 04:24:32,Thank you for your positive feedback! We are glad that you find Gauth helpful. Keep exploring and learning with us!,2024-05-31 07:01:16,1.46.0,edu50835,com.education.android.h.intelligence
d6c4b203-2e22-4ce9-beef-59a8bd4992bd,It's very good helping me to do things easier,5,0,2.2.8,2024-04-16 06:54:03,,,2.2.8,edu7948,com.qianfan.aihomework
8be085eb-0655-4535-ba0c-751cd3e19580,The AI has been really helpful,4,0,1.7.1,2023-05-15 17:28:56,,,1.7.1,edu94821,com.cyberdavinci.gptkeyboard
3df9dbf4-6bdc-4d71-b98f-73e983406696,Best homework helper and also I love the fact that it's free of charge,5,0,1.46.0,2024-05-26 06:56:28,,,1.46.0,edu36829,com.education.android.h.intelligence
9b5949b9-419a-4c3e-8be6-1f81fba8cac0,It is the best and most important app I have ever used.,5,0,,2024-03-12 18:43:50,,,,edu12945,com.qianfan.aihomework
aac2d41f-e060-4c0a-9b65-1175889e736f,i recommend gauthmath even sometimes no answers but work better than other apps,5,0,1.14.0,2022-10-11 09:10:37,,,1.14.0,edu57289,com.education.android.h.intelligence
d1557ecc-92b2-4452-a7ef-bd622638020f,It's really great! I was stuck on one problem and it helped me a lot and I got the answers right on every question!,5,0,2.0.0,2024-01-12 02:29:31,,,2.0.0,edu25224,com.qianfan.aihomework
c3915799-9b1a-4cbb-a6c7-46a19b17cb41,It's nice at simple tasks but it solves tan ctg sin and cos incorrectly,3,0,1.54.0,2024-09-12 13:09:31,We apologize for the inconvenience. Please email us at support@gauthmath.com with more details so we can investigate and improve. Thank you for your feedback.,2024-09-12 14:00:51,1.54.0,edu31686,com.education.android.h.intelligence
432b4920-cf50-4afa-84a1-0d519efbb8f8,the premium is annoying,4,0,1.37.0,2024-01-20 08:14:35,,,1.37.0,edu58126,com.education.android.h.intelligence
c7085584-7f29-4c45-af40-724b225e0dfe,This app is more than enough. It's amazing to work with. And not only does it solve math but also other subject. I so so love love this app.,5,0,,2024-09-26 16:25:11,We're thrilled to hear that you love using our app! Thanks for your support and for appreciating our efforts to make learning enjoyable and effective for you!,2024-09-26 16:31:27,,edu37071,com.education.android.h.intelligence
23ee8420-bc82-404c-b1f2-d6eca540b26f,It's a good app and gives the right answer 99% of the time and that's why I give it a high rate but if you want to get anything done quickly you need to watch a 30 second unskippable ad every single question,3,0,,2022-05-11 17:54:59,,,,edu34649,com.education.android.h.intelligence
c80d8875-024c-4dbf-936d-5c6ff1de2dd2,Definitely gives me the right answer everytime 10/10 recommend,5,0,2.5.3,2024-07-30 13:15:35,,,2.5.3,edu90443,com.cyberdavinci.gptkeyboard
205f8915-8918-4db6-b123-2817ba48a4ef,sometimes gives you the wrong answer but it is very good at explaining why its wrong at the next response.,4,0,1.45.0,2024-05-22 11:11:56,Thank you for your kind feedback. We are aware of this problem and are currently working on solving it. Please update your app to the latest version when you see an option.,2024-05-22 23:32:01,1.45.0,edu36383,com.education.android.h.intelligence
64111425-4f0d-4f9c-9d31-4d5e5dc52ce0,I'm speechless. I would like to express my greatest gratitute to this app as it is been helping me a lot whenever I'm struggling to answer my homework especially in Math. Again thank you Question.AI,5,4,1.5.1,2023-09-02 08:39:43,,,1.5.1,edu2884,com.qianfan.aihomework
52e38e78-f412-4676-ad5d-f0c9af680477,It's good but sometimes it's not giving the right answers,3,0,,2024-09-18 08:53:59,We truly appreciate your feedback and are glad you find the app good. We are actively working on improving the accuracy of our answers to enhance your experience. Thank you for your understanding.,2024-09-18 09:00:15,,edu52711,com.education.android.h.intelligence
c4e8e00a-474a-4fcb-a582-9c1defd26677,This App is very nice I enjoy using it. It's such a wonderful App,5,0,2.6.2,2024-07-11 05:50:38,,,2.6.2,edu3628,com.qianfan.aihomework
fcec27d6-a1a5-4af5-bad9-082bcc8423e7,You get one free question answered. Choose wisely. Negative stars because capitalism sucks I just needed help with math.,1,0,1.33.0,2023-10-25 01:45:36,,,1.33.0,edu56064,com.education.android.h.intelligence
29f29bca-bf04-4b08-a09a-048b34df095e,This app is very helpful whenever you're stuck on a problem and it will give you the answer while also teaching you how to solve the problem.,5,2,2.5.2,2024-06-19 13:54:24,,,2.5.2,edu89804,com.cyberdavinci.gptkeyboard
4525851d-a760-43fa-8c4d-2eafbe2381c5,Whenever I ask any question 80% chances are of it being wrong. It analyzes correctly but gives answers wrong. Even being AI powered it is not functioning correctly.,2,6,2.3.6,2024-01-12 23:49:21,Thank you for sharing your experience. We apologize for any inconvenience. Our team is committed to improving accuracy. If you encounter incorrect answers please report them directly through the app or at support@answerai.pro. Your feedback is crucial for enhancements. We appreciate your understanding and patience.,2024-01-15 14:00:05,2.3.6,edu90325,com.cyberdavinci.gptkeyboard
4a306958-2e18-4e3d-a741-53a1d2d5aa63,It took 108 minutes to tell me it didn't know how to answer garbage.,1,1,1.39.0,2024-02-13 19:05:34,,,1.39.0,edu57397,com.education.android.h.intelligence
7d8d219a-70f5-447d-a060-63c05a3b3750,So far it has been a lot of help and helping me understand my math questions better,4,0,2.1.4,2024-03-10 15:36:10,,,2.1.4,edu5651,com.qianfan.aihomework
2bb93d0f-fa72-421f-bb12-9dd33f497f4f,One of the best apps I've found by far that help you to better understand a question your stuck on. Definitely do recommend!,5,0,,2024-01-23 00:10:37,,,,edu44837,com.education.android.h.intelligence
f7ec879b-5c5a-4d78-b1da-0416eaa2a738,I give this app a five star but I take it back and give it a 1 star.Why? It's simply annoying at first it was working well but after some update it's disappointing.Why? because it can't provide a proper answer especially in math it's simply disappointing .,1,9,2.1.0,2024-02-15 05:58:55,Thanks for your feedback and sorry for the inconvenience. We're continuously enhancing our application to provide a better and more helpful experience. Please stay tuned for the next release.,2024-02-18 22:05:47,2.1.0,edu2586,com.qianfan.aihomework
d9a9db3c-2a5c-414b-8c19-65a2b02af80c,I'm ngl if yall wanna cheat on schoolwork this and question AI are the TOP choices there's a few others that are amzing as well but these two are what I found to work 10/10 times with 10/10 accuracy everytime.(I graduated due to them),5,1,1.50.0,2024-07-22 03:34:17,We're glad to hear that Gauth helped you succeed! Remember our app is designed to assist students in learning. Keep up the great work!,2024-07-22 04:00:18,1.50.0,edu31479,com.education.android.h.intelligence
26cfb26e-be98-4e2e-ba14-af4ea5d7f892,Wow just wow! The Ai is so amazing and fast to respond with your question/picture,5,0,1.45.0,2024-05-07 03:03:19,,,1.45.0,edu43638,com.education.android.h.intelligence
1e144941-c447-4df3-a06c-36c7eb174913,This is amazing I love using this for any of my work,5,0,2.0.4,2024-01-25 16:12:53,,,2.0.4,edu10132,com.qianfan.aihomework
5368bb4d-1598-437a-acfe-ba31a366705f,Been of great help,5,0,2.4.1,2024-03-05 04:59:40,,,2.4.1,edu96276,com.cyberdavinci.gptkeyboard
564186dd-4f09-4fc4-b042-0d66a57f2743,it's really fast when giving me answer and they are always right I think I've only seen one wrong answer and the tutors they have really help improve my math grade,5,0,1.38.1,2024-02-09 10:54:47,,,1.38.1,edu40738,com.education.android.h.intelligence
4ac86175-1ecd-4930-9f40-db3826126262,I don't know why but this doesn't even answer the question it's just answers the equation with the wrong steps but very VERY rarely it says the correct answer for math,1,1,1.54.0,2024-09-03 16:26:41,We apologize for the inconvenience you experienced. Please contact us at support@gauthmath.com with more details so we can address this issue promptly. Thank you for your feedback.,2024-09-03 17:00:35,1.54.0,edu30722,com.education.android.h.intelligence
24e23302-9fff-4d55-b83c-e11dac536585,I definitely do not recommend it makes you pay to use it and it sucks literally never use it One thing is That Every time I try It doesn't work it just makes me pay for some tutor,1,0,,2023-01-24 19:08:22,,,,edu44566,com.education.android.h.intelligence
28ef1f37-23a2-4dc3-b6ec-750bfceb78e5,Helpful sometimes but almost every question i scan is locked behind a paywall even with answer tickets.,2,0,1.21.0,2023-04-19 21:06:10,,,1.21.0,edu44533,com.education.android.h.intelligence
8b2d2d92-5a57-4a62-aadf-31cfaf2ee8ee,Giving you more explanation,5,0,1.5.2,2023-04-27 05:07:31,,,1.5.2,edu96744,com.cyberdavinci.gptkeyboard
50e45c34-a06b-4f0a-8b6d-6af8a4cb848a,its a nice app it does homework,5,0,1.47.0,2024-06-24 14:16:29,Thanks for the positive feedback! We're glad to hear you find Gauth helpful for homework. Keep up the good work!,2024-06-24 16:00:40,1.47.0,edu46239,com.education.android.h.intelligence
002e02d3-0c44-4d5a-9a24-6f085485051a,ang Dali nyang Gamitin and super helpful nya para sakin lalo na Kung madami pang tapusin na ibang assignments THANKK U so muchh gauthmath<3,5,0,1.35.1,2023-12-03 09:44:24,,,1.35.1,edu81983,com.education.android.h.intelligence
ae91d7d8-cd6a-4e27-a030-853142930caf,Bad app it hates other countries it doesn't recognize my questions,1,0,,2024-04-21 05:45:15,Marcus we're sorry to hear you're having trouble with answer.ai We strive to provide support for users worldwide and I'd like to help resolve your issue. Could you please provide more details about the language you're experiencing? This will help us better understand and address your concerns.,2024-04-22 16:55:59,,edu92338,com.cyberdavinci.gptkeyboard
2fa93f96-d416-444f-a966-cf3d740f0d83,O app e muito bom ajuda demais quem tem dificuldades na matria.,5,0,1.51.0,2024-08-19 04:16:30,Ficamos felizes em saber que nosso app est ajudando voc! Continue explorando e aproveitando ao mximo. Estamos aqui para apoiar voc em sua jornada de aprendizado.,2024-08-19 07:01:07,1.51.0,edu75778,com.education.android.h.intelligence
ff9c75c6-5bbe-4ea9-b368-ba316d8662e4,Great app and accurate answers,5,0,1.26.0,2023-09-19 12:53:27,,,1.26.0,edu59789,com.education.android.h.intelligence
1d7e4b3f-f040-47b2-baf7-4009edb9e20c,Very helpfull no adds,5,0,2.2.8,2024-04-17 10:40:16,Thank you for your recognition and support we will do our best to repay your trust and love.,2024-04-18 03:25:58,2.2.8,edu4733,com.qianfan.aihomework
2a2bc6a6-55ba-4c0b-a626-f6e38764890f,It is legit app and it is easy-to-use,5,1,2.1.2,2023-09-05 06:41:59,We're glad answer.ai helps your school journey. Share it with your classmates too!,2023-09-06 17:15:02,2.1.2,edu93161,com.cyberdavinci.gptkeyboard
fd0f2d37-b7ed-466b-96a4-79a5da4972ff,tbh it really is good is right about 85% of the time so don't use it just to chest but double check it after (use Google to check if they both say the same thing it's 100%right at least for me),5,0,1.54.0,2024-09-13 19:47:34,Thank you for your feedback. We're thrilled to hear you find the app helpful about 85% of the time. Remember our goal is to help you learn and understand better not just for quick answers. Happy studying!,2024-09-13 20:00:20,1.54.0,edu29970,com.education.android.h.intelligence
b51dee32-c503-4e93-bfa7-ff6d4fd88575,Been using for months and it is very good,5,0,2.8.2,2024-08-05 08:32:19,,,2.8.2,edu1924,com.qianfan.aihomework
fd01773c-7480-472b-a728-9146d659c6f8,So far so good.please keep it up Huhu why sometimes can't generate ?,5,0,,2024-04-17 21:17:38,Thank you for sharing your positive experience with answer.ai! Could you kindly consider changing the rating to 5 stars?,2023-12-05 16:19:17,,edu92318,com.cyberdavinci.gptkeyboard
e9e7b1ab-cd33-493c-bf47-863330a373d6,It's really good for math that you may not understand really recommend,5,0,,2024-03-12 19:50:07,,,,edu5791,com.qianfan.aihomework
ef2aaa56-5eb5-42a4-b632-3ff8a46ce1c7,Clear answers and explanations,5,0,2.3.0,2024-04-26 16:12:46,,,2.3.0,edu6122,com.qianfan.aihomework
85777957-154c-451b-83c9-66ec9521926a,Fantastic app and super helpful I love it and it's never been wrong or unable to answer one of my questions yet!,5,0,2.1.0,2024-02-28 19:46:04,,,2.1.0,edu4087,com.qianfan.aihomework
817939be-dfc8-43ba-8491-765ee0c049d5,Really recommended in every way.,5,0,2.4.4,2024-04-05 13:17:16,,,2.4.4,edu93569,com.cyberdavinci.gptkeyboard
9bf95335-7249-41ea-a12e-d1abec05a1ea,By far the worst app it makes you pay to get the answers and this isn't a bot response like the others WHO TF WOULD PAY FOR MATHS ANSWERS?!?!,1,0,,2023-02-06 17:23:32,,,,edu55136,com.education.android.h.intelligence
ae36cb4a-c307-4ac2-b330-8ee1c35d7c2d,wow this is a life saver,5,0,1.28.0,2023-08-20 21:33:07,,,1.28.0,edu66329,com.education.android.h.intelligence
64190aec-d631-4ccc-91b7-3ed2ff3ef98f,It's nice it helps me with my home work,5,0,2.4.0,2024-05-16 11:17:48,,,2.4.0,edu5842,com.qianfan.aihomework
0996bbf3-4aaf-4962-a77d-e61eab333775,it's so AWESOME it helps me with my homework,5,0,1.56.0,2024-10-06 16:59:08,Thanks a ton for your awesome feedback! We're stoked to hear that our app is helping you with your homework. Keep rocking those studies!,2024-10-06 17:00:15,1.56.0,edu36234,com.education.android.h.intelligence
927e2a7c-7bee-4389-b23b-3e2a68a84a39,Such a very BIG help. Thank you for this app.,5,0,2.1.0,2024-02-20 01:44:50,,,2.1.0,edu10548,com.qianfan.aihomework
befdb579-c9ad-49de-8051-58b7bca01496,the app is great and helpfull is an problem solver,5,0,1.56.0,2024-10-05 14:53:24,Thank you so much for the awesome feedback! Were thrilled to hear that our app is a helpful problem solver for you. Keep rocking those studies!,2024-10-05 15:00:12,1.56.0,edu33053,com.education.android.h.intelligence
9ac0da26-1585-4403-8f71-e70ad1b4a4b9,I can't access my photo gallery,1,0,2.7.3,2024-07-12 21:58:08,"Sorry for any inconvenience caused. Could you please clean cache and restart the app to see if it works? If the problem persists please send in-app feedback with screen shots to us for further analysis. You can find the access in the app via ""profile"" - ""feedback"". Thanks for your kind support!",2024-07-14 23:18:05,2.7.3,edu6775,com.qianfan.aihomework
f62dfdb6-b2f8-4ec1-9967-bd9019579468,It is a very good idea to have a Ai like this.,4,0,2.8.4,2024-08-13 07:58:02,,,2.8.4,edu2973,com.qianfan.aihomework
39b6f560-e119-4681-ac2a-5c8d6794c966,it is very useful and helpful! thank you and have a good day!,4,0,1.56.0,2024-10-02 13:39:11,Thank you so much for your awesome feedback! We're thrilled to hear that you find our app useful and helpful. Have an amazing day!,2024-10-02 13:45:23,1.56.0,edu33419,com.education.android.h.intelligence
e4dea6a2-6e0a-4daf-84b4-41a71d0ccfd1,this is so useful thank you so much,5,0,1.45.0,2024-05-07 06:17:06,,,1.45.0,edu48098,com.education.android.h.intelligence
c76d3061-f6a2-4082-8925-c1e3eb2a3fbe,it work and xplan it to you,4,0,1.55.1,2024-10-01 17:00:32,Thank you for your positive feedback! We're glad to hear that you find our app useful. If you need any help feel free to reach out to us. Keep learning with Gauth!,2024-10-01 17:15:40,1.55.1,edu45515,com.education.android.h.intelligence
1b7e4685-5248-4f8d-a9e4-101c596899b1,I love this app..it helps me a lot about my assignments and in essays,5,0,1.6.0,2023-05-12 10:14:15,,,1.6.0,edu91372,com.cyberdavinci.gptkeyboard
b32d3d30-538c-49df-922d-d70a67e185ea,"If you get hard to hard questions it can solve easily. THANK YOU for making this app. I will be very grateful to you. This gives all answers of questions so I have made this best friend. When I say this to it it replies "" Thanks you are only to love me"". We are best friends.",5,0,1.4.0,2023-04-16 11:38:15,,,1.4.0,edu90944,com.cyberdavinci.gptkeyboard
66954613-5e76-45f6-a1c9-2505043a316b,you should put things in their columns in order for us to understand,3,0,1.54.0,2024-08-29 11:38:05,We appreciate your feedback! Organizing content into columns for better comprehension is a great idea. Our team will consider this for future updates. Thank you!,2024-08-29 12:00:22,1.54.0,edu42356,com.education.android.h.intelligence
c8366033-a73d-4884-b80d-53cbae44d416,Keeps giving me wrong answers not worth it maybe sometimes gives you right answers if your lucky,1,0,1.55.1,2024-10-01 14:59:43,We sincerely apologize for the inconvenience caused. We strive for accuracy and are continuously improving. Please contact us at support@gauthmath.com for further assistance.,2024-10-01 15:00:23,1.55.1,edu31744,com.education.android.h.intelligence
f8d048a8-37f9-4f3d-983b-8fa0f0f5be04,It is helpful by the way.Although it can't answer it all but say sorry it's time to rely on your mind and ways to solve your homework activities projects even research .It is helpful app.The brainly app is bug for me when I'm using it daily.Id prefer Gauth,4,3,1.45.0,2024-05-09 06:25:23,,,1.45.0,edu30486,com.education.android.h.intelligence
780ebc5d-a71e-4db4-9f6b-f7caacdca855,Has a limit and needs subscription,5,0,2.2.0,2023-10-23 10:13:05,,,2.2.0,edu93856,com.cyberdavinci.gptkeyboard
02193451-bdf9-425b-8fef-d156b3ef3390,Provides better solutions and helps you to understand the questions even more,4,0,1.56.0,2024-10-07 10:03:33,Thank you so much for your kind words! We're thrilled to hear that our app helps you understand questions better. Keep conquering those challenges with us!,2024-10-07 10:15:42,1.56.0,edu33342,com.education.android.h.intelligence
b8bc6f84-531a-481b-995e-724da6ac96b7,I'll leave it here. thank you for the app it's very efficient for our practical research.,5,0,1.9.5,2023-11-14 20:22:12,,,1.9.5,edu5334,com.qianfan.aihomework
9ea7872b-7503-4ae7-9c22-49d8da716628,the app is doing a great job,5,0,1.44.1,2024-04-18 11:30:27,,,1.44.1,edu48661,com.education.android.h.intelligence
7fae66a9-f965-4cf8-bba9-89a8d7ac7ac2,Amazing app it helps so much with math and other subjects 1000/10,5,1,1.55.1,2024-09-23 12:50:04,We're thrilled to hear you love Gauth! Keep up the great work and feel free to explore more subjects. #EducationRevolution,2024-09-23 13:00:24,1.55.1,edu31543,com.education.android.h.intelligence
7f105c48-2dfc-4305-acd3-8c72dcc83ddb,this app is really useful and fantastic,5,0,1.46.0,2024-05-30 17:25:38,We're thrilled to hear that you find our app useful and fantastic! Thank you for your support! Keep exploring and learning with Gauth!,2024-05-30 19:01:17,1.46.0,edu48153,com.education.android.h.intelligence
0aba6652-59fe-427a-8a4e-c511502a38f9,helps me with any of my homework,5,0,1.56.0,2024-10-04 00:19:10,We're glad to hear that Gauth is helpful with your homework! Keep up the great work!,2024-10-04 00:30:19,1.56.0,edu41547,com.education.android.h.intelligence
40d43874-a47a-41ac-87d4-3f5854b5b7e1,Great app for homeworks,5,0,1.49.1,2024-07-04 13:46:40,Thanks for your positive feedback! We're glad to hear you find Gauth helpful for homework. Keep up the good work!,2024-07-04 16:00:22,1.49.1,edu46743,com.education.android.h.intelligence
39457168-cadc-46fc-a185-8eb1cafa44df,Super ganda po nakakatulog ito sa lahat ng mga estudyante thanks sa app na to,5,0,1.7.0,2023-09-29 04:39:33,,,1.7.0,edu27488,com.qianfan.aihomework
b878afaf-2195-46b8-8352-938a559e55ac,An awesome app really it also increased my interest in revision much than before,5,0,2.8.6,2024-08-18 12:12:26,,,2.8.6,edu771,com.qianfan.aihomework
cd306a10-21f1-4fd3-a920-dc36b95da327,Have to pay for premium for basically every answer. Terrible app photomath better,2,3,1.31.1,2023-09-19 11:56:03,,,1.31.1,edu49010,com.education.android.h.intelligence
0c0b7c0c-54cd-498e-a082-6649c860fe3d,THE BEST I.A FOR MATH BRO,5,0,2.1.0,2024-02-15 14:46:43,,,2.1.0,edu16955,com.qianfan.aihomework
14bac3eb-bda5-4dca-a02b-1b385d41fb9f,it's so helpful with all that I want with what I struggle with ..this app is so incredible,5,0,1.26.0,2023-07-03 02:17:11,,,1.26.0,edu50950,com.education.android.h.intelligence
19815342-092e-444b-af2c-6aa58c823326,this is helpful when you have a assignment soo I will rate five star u need to try this two this is nice,5,0,1.41.1,2024-03-12 02:50:51,,,1.41.1,edu47460,com.education.android.h.intelligence
06f017d9-66b7-4638-afa9-347e4c805211,Very fast and easy to use. Effective and more efficient than others,5,0,2.2.2,2023-11-01 07:17:36,,,2.2.2,edu91422,com.cyberdavinci.gptkeyboard
11b53001-2fb3-4db7-8797-9cfbc7c1fccc,This app is so helpful to learners,1,0,1.46.0,2024-06-04 23:20:38,Thanks for your positive feedback! We're glad to hear that Gauth is helpful to you. Keep up the great work!,2024-06-05 01:00:28,1.46.0,edu50096,com.education.android.h.intelligence
6373baf8-fc22-4e6c-8b49-723947de8b59,works great can analyze pictures and always gives great answers! thank you developers!!,5,0,2.1.0,2024-02-15 11:10:28,,,2.1.0,edu4007,com.qianfan.aihomework
31fc78b5-1010-4b2c-8475-4be9fc2529b1,This app is so fricking great men its really help you in your activity assignment or even research shessh I Definitely Recommended this to all of you WHAT ARE YOU WAITING FOR DOWNLOAD IT NOW!!!!!!!!! If There Is A 10 Star Here I Will Really rate it 10 Good Job!! You Yes You The One Who Reading This What Are You Waiting For Download It Now!!Its Really Wort It!!!,5,0,2.0.0,2024-01-19 06:54:27,,,2.0.0,edu2513,com.qianfan.aihomework
3af9d962-3e1f-4ead-afee-47e159f35fa1,I'm in honor because on gauthmath,5,0,,2022-03-24 04:18:17,,,,edu70453,com.education.android.h.intelligence
6a0129cb-5854-4ef8-b1ae-78a2b62aeac5,Ten out of ten I love it and their is no ads only if you need points but other than that 10/10,5,0,2.4.8,2024-05-11 00:24:31,,,2.4.8,edu90058,com.cyberdavinci.gptkeyboard
77470e4d-9712-49eb-aea1-609ada636b4a,if you ever need help with math this is the app,5,0,1.31.1,2023-09-12 18:02:11,,,1.31.1,edu56137,com.education.android.h.intelligence
27896806-1e77-4770-839d-3abca6f0c864,Great app helped me cheat on my highschool summer school work,5,0,,2024-08-01 20:39:51,,,,edu7243,com.qianfan.aihomework
89a03a52-1fc6-4ab8-8a81-a227e0fc6edc,WOW I got A+ on my math and history This Made my Grades go up.,5,0,1.44.1,2024-04-25 23:11:26,We are pleased that you enjoyed the app. If there is anything we can do for you just let us know at support@gauthmath.com! Have a wonderful day!,2024-04-27 05:49:17,1.44.1,edu49799,com.education.android.h.intelligence
a1eb4cd5-bd6d-49e5-baee-b0e0e1e60fd8,Why do we even needs tickets and needs days and days to get tickets students are also busy these days and need to rush and get answers quickly so i would suggest u guys to not put any tickets again and makw it 4free.,2,0,,2022-04-11 23:40:26,,,,edu48815,com.education.android.h.intelligence
183f080f-5a9d-405f-a29f-0a5c40017ead,THIS AI ALWAYS REPEATING ANSWER EVEN I SAID FREQUENCY! BUT HE/SHE STILL GIVING ME ANSWER FOR TALLY!!!,1,0,2.5.1,2024-05-22 17:06:46,,,2.5.1,edu4531,com.qianfan.aihomework
382c3455-0fbc-4697-9205-96850ffbcf33,the app is so useful I really like the explanations because I better understand it,5,0,1.42.1,2024-03-29 18:36:54,We are pleased that you enjoyed the app. If there is anything we can do for you just let us know at support@gauthmath.com! Have a wonderful day!,2024-03-30 06:27:14,1.42.1,edu52751,com.education.android.h.intelligence
ce906051-f1c7-4274-99ca-1a0806106149,Keep giving me incorrect answers doesn't even deserve 1 star,1,0,,2024-04-04 21:23:49,,,,edu13928,com.qianfan.aihomework
d09e862b-2982-49e8-952d-9307360d9003,It's a good app easy to use and it gives clear answers,4,0,2.4.6,2024-04-26 01:35:25,Thank you for your feedback! We're really happy to hear that you find Answer.AI a good app! Could we kindly ask you to consider adjusting your rating to 5 stars? Your support means a lot to us!,2024-04-29 12:27:59,2.4.6,edu90742,com.cyberdavinci.gptkeyboard
d0acd954-d6de-479d-9ee1-c47fc630d8fd,this is the best . and also free ChatAI option explains everything in easy and detailed language. I can solve any math question. I can ask it for my essay outlines and much more . I would give it 5 stars.,5,3,2.2.6,2024-04-16 14:36:40,Thank you for your praise and support we will continue to study,2024-04-18 03:46:52,2.2.6,edu805,com.qianfan.aihomework
dfd6b8bf-ea46-43cb-9e7f-d45690bc2ebc,Helps get math work done easily,5,0,2.5.3,2024-06-28 18:57:40,,,2.5.3,edu90801,com.cyberdavinci.gptkeyboard
a71d0b42-4c92-414a-ae38-6d5d0ca889fa,Yeah it helps but it why does it need to spend money just to see the answer? If this gauth math thing is whatever I'm not liking this kind of thing on apps like bro why do i needa spend money on an app????,1,0,1.32.0,2023-10-16 08:23:17,,,1.32.0,edu47504,com.education.android.h.intelligence
4789e9b9-c291-442f-942d-948b2c0fc1a5,Helps with most math problems but not all,2,0,,2023-10-03 14:16:25,,,,edu54830,com.education.android.h.intelligence
1886c4ac-ea41-4d22-b9cf-489787b56b88,very excellent I like this app so much I'm good in mathematics now because of this app very very EXCELLENT,5,0,1.18.0,2023-11-09 10:35:46,,,1.18.0,edu53360,com.education.android.h.intelligence
5073938d-c6a7-4605-8e7f-8ebebf0a9cc0,Best app ever I missed out 2 months of school and came back on point all A+ 5 stars,5,0,1.54.0,2024-09-03 19:10:45,Thank you for the awesome review! We're thrilled to hear about your success. Keep up the great work and don't hesitate to reach out if you need any help!,2024-09-03 20:00:41,1.54.0,edu34143,com.education.android.h.intelligence
6a300f3c-47e5-46f6-9d03-2d4e297c4de5,It is awesome to use this app. It is the best learning app for everyone. It's the best feature we can write with our hand in copy and click the photo. The app takes the response of it and gives the best and correct answer. I am very happy with this app . Thanks .,5,1,1.55.1,2024-10-02 09:13:28,We're thrilled to hear that you're enjoying Gauth! The handwriting feature is indeed a game-changer. Keep up the great work! #HappyLearning,2024-10-02 09:15:14,1.55.1,edu29470,com.education.android.h.intelligence
d22cc577-db18-4031-8cb1-e94cb9226b28,perfect app that shows working out steps,4,0,1.46.0,2024-05-28 17:50:41,,,1.46.0,edu43225,com.education.android.h.intelligence
2419947b-3095-4fcf-aaca-6869e8816a53,Good helped in solving the difficulties l had,4,1,2.1.5,2023-09-17 05:55:23,Thank you for sharing your positive experience with answer.ai. It seems there might be a typo could you kindly consider changing the rating to 5 stars?,2023-09-18 20:24:42,2.1.5,edu93046,com.cyberdavinci.gptkeyboard
37a0a455-7570-4279-8b40-5eb6a706d5da,Awesome helps with homework like a charm,5,0,1.54.0,2024-09-16 17:42:58,We're thrilled to hear that Gauth helps with homework like a charm! Keep up the great work! #StudySmarter,2024-09-16 18:00:39,1.54.0,edu35149,com.education.android.h.intelligence
72b9d9f5-eff3-4dfb-8338-628aba0c9fa5,It works it helps out with homework,5,0,2.1.5,2023-10-26 08:23:24,,,2.1.5,edu93044,com.cyberdavinci.gptkeyboard
f01cd22d-d4d3-4fe7-8844-1da9e9ef9409,It's helping me get better grades and such a great support to help my Grammer in many topics,5,0,2.5.2,2024-06-05 13:03:14,We're delighted to hear that our app has helped you improve your grades. Keep up the great work!,2024-06-06 01:47:33,2.5.2,edu1587,com.qianfan.aihomework
807605d5-cc12-4bdb-af6e-0a7fd8b1fd9d,It has helped me with school a lot I do recommend it,5,0,2.0.0,2024-01-14 17:19:49,,,2.0.0,edu10062,com.qianfan.aihomework
d72e1dae-6d81-4349-bea6-4ca15b1c65b4,I would not recommend response is very slow and the app interface is not good enough.,1,0,1.21.0,2023-05-21 06:17:47,,,1.21.0,edu44769,com.education.android.h.intelligence
0af4c1a4-4dfc-4ed2-a0e1-8cc9572b9f3b,This app is the best because what ever you ask it gives the solution but it needs also to be providing images please..,5,0,1.50.0,2024-07-18 09:09:18,Thank you for the positive feedback! We're glad you find Gauth helpful. We'll consider adding images in the future updates. Stay tuned for more improvements!,2024-07-18 10:00:34,1.50.0,edu34545,com.education.android.h.intelligence
440d4dbb-5c69-4891-987c-307dd0afba0f,this app is useless I wasted my data,1,3,1.8.17,2024-05-14 13:04:13,,,1.8.17,edu102731,br.com.iastudio.ajudaai
d0a37e4b-895b-47b6-b935-1e2f997040dd,At first used the app all the time and it really helped me with hard questions that I cannot do but now I don't know why they have decided to lock almost all the answers if you don't have the free trail and then pay for it I feel like now they just want money from people. If they keep doing this I might delete the app and use something else,3,12,1.33.0,2023-10-31 13:27:02,Hi Joseph We apologize for any frustration. Your input is valuable. Please email us at support@gauthmath.com with more details for resolution.,2023-11-23 02:49:03,1.33.0,edu35019,com.education.android.h.intelligence
786fb957-d892-456c-bb57-787a790cd597,love it. it gave me all the answers to my problems I would recommend using this app five stars,5,0,1.56.0,2024-09-30 18:09:24,We're thrilled to hear that you love using Gauth! Remember our app is designed to help you learn and understand. Thank you for recommending us - 5 stars!,2024-09-30 18:15:19,1.56.0,edu33545,com.education.android.h.intelligence
5eab7419-dd41-4a8a-b5ac-4ed42d748573,It helps me a lot,5,0,1.9.0,2023-06-09 05:41:27,Thank you so much for utilizing answer.ai! Help us reach more students by sharing answer.ai with your classmates!,2023-06-09 10:06:57,1.9.0,edu96413,com.cyberdavinci.gptkeyboard
9b622474-c82c-4d3e-b96d-6bd200b256a6,never seen an app so easy to use thanks,5,0,1.55.1,2024-09-27 23:38:45,We're thrilled to hear you find Gauth so easy to use! Keep enjoying and exploring all our features. Thank you for your support!,2024-09-27 23:45:17,1.55.1,edu36991,com.education.android.h.intelligence
102c1bba-33a6-47eb-b57d-d269169406f3,Gauth is a really good app to help children in math ya'll should download it,5,0,1.51.0,2024-08-22 20:51:16,Thank you so much for your awesome review. Were thrilled to hear you find Gauth helpful for kids in math. Keep on math-ing and enjoy the app!,2024-08-22 22:01:10,1.51.0,edu34463,com.education.android.h.intelligence
8cd8d1d2-5ca1-4028-a8ab-5548281519f5,Helps me with my work,5,0,2.1.0,2024-03-01 12:05:58,,,2.1.0,edu16464,com.qianfan.aihomework
668ae0a6-59b0-42bd-815c-2f96a906048a,ill give this app a three star because of the tickets,3,0,,2022-01-23 23:12:14,Hi we are sorry to hear this. Tickets are created to provide more users with better service. You will get free tickets by daily check-in. If you want more you can invite your friends to download our app with your own invitation code. We are also working on providing more opportunities for you to get tickets. Check for updates later!,2022-01-25 05:29:07,,edu60279,com.education.android.h.intelligence
ba9ec890-fa59-412d-9cdd-ecca8e656298,It's very useful to all. The information is reliable.,5,1,2.0.9,2023-08-18 20:39:36,Thank you so much for using answer.ai. We are thrilled to hear about its positive impact on your school journey and we're committed to further improvement. Spread the goodness by sharing answer.ai with your classmates!,2023-08-21 15:48:19,2.0.9,edu92214,com.cyberdavinci.gptkeyboard
5b0d3814-1357-4cd0-8958-c7b8de9973ef,Again it keeps saying oops sorry we don't have the answers but 20 photos later of the same question oh ok we found it very slow and distrust in the app. I try and try to give it a chance.,1,6,1.11.1,2022-07-13 13:02:20,Hi we are deeply sorry to hear this. To help us identify the exact issue feel free to report the issue through the 'feedback' button on the profile page or you can DM us on FB/INS. We will look into it and see what we can do to make up for it. Thanks for the feedback.,2022-07-26 09:39:19,1.11.1,edu37256,com.education.android.h.intelligence
f0417a2b-7e70-46f9-909e-7aea0c8cbf2e,These app Failed my exam and I Failed my SLC and see exam,3,0,1.11.0,2022-06-16 10:26:22,,,1.11.0,edu65211,com.education.android.h.intelligence
2b5928d2-7cf4-4822-88cc-3a250c57f00a,This helps so well and this app is just great to have I was behind on all my work in all of my classes I have caught up in just 2 days.,5,0,2.3.0,2024-04-26 10:55:13,Thank you for your positive feedback! I'm delighted to hear that you're enjoying the application. Please feel free to share any suggestions you have directly and I'll do my best to assist or pass them along to the appropriate team for consideration.,2024-04-28 06:47:16,2.3.0,edu858,com.qianfan.aihomework
a136b3ee-b587-43c0-bb06-fe155b784217,All math equations are solved Any equation from play group to universities. Thank u very much Gauth,5,0,1.22.0,2023-05-02 11:27:26,,,1.22.0,edu51152,com.education.android.h.intelligence
a3135fce-9c93-497b-9b5c-4ae719aa5941,I got straight A's with this app,5,0,1.40.0,2024-03-05 16:37:28,Thanks for your review! Please recommend our app to your friends and dont hesitate to shoot us a note at support@gauthmath.com if you have any questions.,2024-03-06 01:33:42,1.40.0,edu68760,com.education.android.h.intelligence
de1d6424-5097-44e6-b60c-0082b64deeb0,I really liked it it's very useful,5,0,1.7.1,2023-05-13 08:31:12,,,1.7.1,edu94557,com.cyberdavinci.gptkeyboard
628ad5e5-3643-4d06-a6fb-0b2c3e17e917,This is more useful for new students that did not know the answers,5,0,2.3.0,2024-04-28 12:02:57,,,2.3.0,edu3546,com.qianfan.aihomework
c73520e3-4607-4945-81d7-7c0266b51ace,it's a great app for helping you with math it gives you the answer but also explains everything to you,5,1,1.44.1,2024-04-17 15:47:28,Thanks for your review! Please recommend our app to your friends and dont hesitate to shoot us a note at support@gauthmath.com if you have any questions.,2024-04-18 04:13:22,1.44.1,edu36355,com.education.android.h.intelligence
69c2e6d0-7a9e-426b-877c-a26b5e04f3ab,It's amazing like instant questions for my exams and it's almost accurate to what the exam is. Hopefully this app will improve more and no more bugs. I experience bugs like signing-in doesn't work.,5,35,1.0.19,2024-04-21 06:54:41,,,1.0.19,edu103355,tech.hypatia.OpExamsQuestionsGenerator
a2851343-7939-4874-92d1-84d007925390,Thank you very much because you helped me in my test,5,0,,2022-02-22 23:43:35,,,,edu62659,com.education.android.h.intelligence
5dedaa33-64e7-4d54-88d7-5a0bdcf2b846,Educative and user friendly application,5,0,2.2.9,2024-04-23 05:30:57,,,2.2.9,edu3272,com.qianfan.aihomework
fd550ea6-0923-4a6c-afc9-fdfe65e456c9,This is a really good app for your homework quizzes and tests and it can get the job done.,5,1,2.5.2,2024-06-24 13:33:28,,,2.5.2,edu89802,com.cyberdavinci.gptkeyboard
01d515d9-87cc-473d-9cc9-3ccf126e1d2e,I heard about it from a friend.she used it to solve a problem in mathematics for me.and I was so impressive. Now am here to download it on my phone. Gauthmath is the best for mathematics problems,5,0,,2022-02-07 09:27:27,,,,edu45312,com.education.android.h.intelligence
c89acc06-7808-4586-b4c6-ab0a508e3377,This is the best app I have tried because it gives u the answer to any questions and I really like it cz it works with all type of questions and I don't got to try to break things up so the app can understand it. So I really recommend it for now.12/4/2023,5,0,1.9.10,2023-12-04 23:02:20,,,1.9.10,edu2385,com.qianfan.aihomework
3cbd669c-4a79-4fc4-a4df-860391804f12,Its a rly good app it helped me alot with the math problems which I faced difficulties with and its also a good translater. I didn't like studing german cuz I felt its grammer and vocab vry difficult but now and thanks to this little app I. think I like German~.,5,1,1.55.1,2024-10-04 10:31:17,We're thrilled to hear that Gauth helped you with math and German! Keep up the great work and feel free to explore more features in the app. Good luck with your studies!,2024-10-04 10:45:40,1.55.1,edu29573,com.education.android.h.intelligence
1f18c364-7d57-429d-919d-3dcddd1687da,It sometimes only allows a certain number of questions before it wont give the answer and it ask you buy premium. Other than that it is great.,3,0,1.28.0,2023-11-12 14:43:55,Hi Sofia Thank you for sharing your experience! We're glad you find the app helpful. We offer premium features to support ongoing improvements. If you have concerns reach out to us at support@gauthmath.com.,2023-11-23 02:05:38,1.28.0,edu40571,com.education.android.h.intelligence
da7387e8-3ec7-44d6-a10e-a2cc9f956c83,Legit and so helpful,5,0,1.7.0,2023-10-17 11:36:03,,,1.7.0,edu14805,com.qianfan.aihomework
88774f2a-ad4b-472b-9af0-a57bdee7e481,It loads very quickly not too many ads and helps me do great in math! It even gives me explanations on how they got the answer.,5,0,1.54.0,2024-09-12 19:58:42,Thanks for your positive feedback! We're thrilled to hear that Gauth is helping you excel in math with quick loading times and helpful explanations. Keep up the great work!,2024-09-12 20:00:30,1.54.0,edu29931,com.education.android.h.intelligence
83386f0f-d130-4052-a3a2-a6e0acf62345,helps me a lot,5,0,1.8.17,2024-05-06 17:04:01,,,1.8.17,edu102877,br.com.iastudio.ajudaai
6c3b32e3-3181-4e2a-975c-62e4a587289f,It is very good for study,5,0,2.0.9,2023-08-19 07:28:56,We greatly appreciate your usage of answer.ai! It's fantastic to hear that it's making a positive impact on your school experience. We're dedicated to assisting you and your classmates so please share answer.ai with them too!,2023-08-21 15:49:36,2.0.9,edu94630,com.cyberdavinci.gptkeyboard
2f124745-7b7c-4b81-99f0-b6d5139a1821,I love it so much<3 unlimited answers and drawn descriptions? it's perfect! I love it so much thank youuu,5,0,1.46.0,2024-05-28 11:13:31,,,1.46.0,edu33535,com.education.android.h.intelligence
a7fcff49-291e-42e2-b9be-956e68776ebe,Is very helpful and explains how to answer the promblems,5,0,2.6.0,2024-08-28 07:46:59,,,2.6.0,edu89985,com.cyberdavinci.gptkeyboard
6b2f90bf-105a-4190-94b3-75be54529c56,It is good & Very helpful.,5,0,1.54.0,2024-09-10 09:03:29,Thank you so much for your kind words. We're thrilled to hear that you find our app helpful. Keep shining and happy learning!,2024-09-10 10:01:06,1.54.0,edu42715,com.education.android.h.intelligence
ab37825a-5342-418c-9366-3d0a4deb65ec,Gives answers and explanation good for doing hw for difficult teachers,5,0,2.0.0,2024-01-15 11:01:37,,,2.0.0,edu8064,com.qianfan.aihomework
5ba8a557-23bc-4afb-a773-9bc916aeba3d,Gives the answers and steps for you to understand it's a great app!,5,0,2.5.5,2024-07-17 14:25:40,Thanks for the awesome feedback! Were thrilled to hear that Answer.AI is helping you with both answers and steps. If you have any success stories with our app we'd love to hear them! Share them with us for a chance to win a special prize. Contact us at support@answerai.pro. Keep up the great work!,2024-07-22 09:59:35,2.5.5,edu90440,com.cyberdavinci.gptkeyboard
c43f234a-6222-41b0-bcde-83035de5e808,wasn't sure at first bc I'm always skeptical of sites like these but 20 questions correct so far and no annoying ads constantly works great,5,0,1.40.0,2024-04-09 04:24:02,We are pleased that you enjoyed the app. If there is anything we can do for you just let us know at support@gauthmath.com! Have a wonderful day!,2024-04-10 03:48:25,1.40.0,edu44495,com.education.android.h.intelligence
c6ceeb6c-ec3e-4e6f-bdc5-9f60b117d5c2,I'll give two stars for now cause my problem with the app is why i can't type the questions I wanted to ask,5,2,1.6.0,2023-05-13 21:00:12,,,1.6.0,edu92919,com.cyberdavinci.gptkeyboard
85104fe8-53b7-4f7c-905f-0fcc80abf963,Ang bilis Makita yung sagot,5,0,1.5.8,2022-01-04 03:30:37,,,1.5.8,edu85022,com.education.android.h.intelligence
5487c558-f231-4d9e-b283-17fca218ac2c,I love it it's very helpfull,5,0,1.21.0,2023-04-25 11:09:20,,,1.21.0,edu62085,com.education.android.h.intelligence
ae9595b0-9046-46ff-ac03-c45fb2b055fb,Perfect app for students,5,0,2.6.2,2024-06-21 04:50:10,,,2.6.2,edu3655,com.qianfan.aihomework
7f381022-ba30-40b3-929a-80cdf31831ff,Very helpful in understanding subjects I don't really understand and that deserves a 4 stars couse the answer is always long so I have to shorten it myself,4,0,2.8.2,2024-08-05 22:25:33,,,2.8.2,edu338,com.qianfan.aihomework
8a256bf9-a289-40d2-a0e3-f6a093a8d5c8,It helps a lot with homework using this app I get a lot of A's I'm so grateful for this app and this app has zero ads so don't worry this game just helps a lot with homework mainly and u can read book on the app if u want to it's a lot u can do on this app and there's nothing better they can do to make this app better it's amazing,5,0,2.3.0,2024-04-30 17:01:50,,,2.3.0,edu652,com.qianfan.aihomework
95e6aaf2-0f39-4f4e-b2fd-6158e818db18,Its very helpful regarding homework and studying,5,0,1.46.0,2024-06-08 14:37:32,Thank you for your positive feedback! We're glad to hear that Gauth is helping you with homework and studying. Keep up the great work!,2024-06-08 16:00:28,1.46.0,edu43340,com.education.android.h.intelligence
0f1e209e-4fb3-4fed-b389-a8e2ae64b2bb,I love the app it is pretty cool but one thing that I don't like it changes kids brain so they can even cheat on tests but I love it creat job,5,0,2.2.9,2024-04-23 10:24:38,,,2.2.9,edu20671,com.qianfan.aihomework
08a4099a-ee4b-4d9d-ac5d-17651f54a93f,It wouldn't understand the picture even though it's a clear picture,3,1,2.1.5,2023-09-25 17:01:03,,,2.1.5,edu92464,com.cyberdavinci.gptkeyboard
202610a4-b866-4fa8-8bba-e950b5ba2b24,this helps us a lot and we really thankful,5,0,1.54.0,2024-09-08 16:02:25,We're glad to hear that Gauth has been helpful for you! Thank you for your support!,2024-09-08 17:00:25,1.54.0,edu38217,com.education.android.h.intelligence
271a3e2c-6b44-4681-8465-b76da710833c,this app is very helpful,5,0,1.55.1,2024-10-06 04:10:46,Thank you for your kind words! We're glad to hear that you find our app helpful. Keep enjoying learning with Gauth!,2024-10-06 04:15:15,1.55.1,edu39100,com.education.android.h.intelligence
320e40e1-c3b9-40f5-8d0c-e3baed88d810,This apps help me a lot!! Love it,5,0,2.0.0,2024-01-16 10:14:23,,,2.0.0,edu11572,com.qianfan.aihomework
f6ae4d7c-3e44-45af-b47b-0081ef64f87f,I recommend you to get this.,5,0,1.9.11,2023-12-13 22:45:53,,,1.9.11,edu16145,com.qianfan.aihomework
a634c3f9-f66a-4a17-9e86-378454038832,Great helps with homework when in confused needs a bit of work with the camera tho,5,0,1.46.0,2024-09-10 13:09:54,Thank you for the positive feedback! We're glad Gauth helps with your homework. We'll make sure to improve the camera function. Keep learning with us!,2024-09-10 14:00:46,1.46.0,edu34905,com.education.android.h.intelligence
3738c198-533f-47e5-963e-d380f45b9b7f,The old version is even way more good because it dosent have any ads when you import a picture so the AI could answer it but now it has A LOT OF HORRIBLE ADS THAT I DON'T WANT all this ads are taking so long! and I want you to reduce some lag so I can use this AND DON'T MAKE IT LIKE WHEN WE SEND MESSAGES TO AI AN AD WOULD POP UP Fix this and reduce the ads ads are anooying to people so I suggest you to reduce some of those ads,1,0,,2024-08-08 09:35:30,Thank you for sharing your product insights with us. We will definitely consider them seriously.,2024-08-08 23:15:11,,edu682,com.qianfan.aihomework
9f0399d2-2bc9-4f34-8dff-7439ab711830,All the answers were wrong this app is dummer then me and I'm very dumb,1,1,1.56.0,2024-10-03 19:18:36,We sincerely apologize for the inconvenience. Please email us at with more details so we can investigate and improve. Thank you for your feedback.,2024-10-03 19:31:54,1.56.0,edu33693,com.education.android.h.intelligence
34b38587-91c6-478d-8e85-4864a8f3b968,Amazing if you can think it AL can solve it. The future is limited only by our imagination.,5,0,2.1.0,2024-02-17 14:07:48,,,2.1.0,edu5373,com.qianfan.aihomework
a6e94003-33c5-4095-bcf9-9bd2bdc9aebb,I wish I can give it a 4 1/2 but I can't. One thing they need to make better for me not for everybody is make it where you can put your grade in and it will only answer questions at that level. Also make it where you can change your grade at any moment but overall it's a good app.,4,17,1.45.0,2024-05-07 09:50:41,Dear User really appreciate your suggestion. We will consider it and improve our app in the new version. If you have questions or suggestions please contact us at support@gauthmath.com.,2024-05-08 05:08:09,1.45.0,edu30164,com.education.android.h.intelligence
3b74d4fa-afb9-4b07-801e-0b0c5321d06c,It has helped me with my math homework and the answers were always right.,5,0,1.55.1,2024-09-24 13:05:33,Thanks for your positive feedback! We're glad to hear that Gauth has been helpful for your math homework. Keep up the good work!,2024-09-24 13:30:58,1.55.1,edu31251,com.education.android.h.intelligence
636eb498-b084-4ba3-81c5-0809f027bdbf,It helped me in math,5,0,,2024-10-10 07:58:24,Thank you for the positive feedback! We're glad to hear that Gauth is helping you with math. Keep up the good work!,2024-10-10 08:00:23,,edu59961,com.education.android.h.intelligence
d228fe44-f969-4610-9919-4a48580b623d,Literally the most useful thing I've ever seen in my life (for calculus at least),5,0,1.54.0,2024-09-03 23:21:58,We're thrilled to hear that Gauth is helping you with calculus! Keep up the great work! #StudySmart,2024-09-04 00:00:37,1.54.0,edu36046,com.education.android.h.intelligence
fefa819b-ec78-4299-b6fb-63b7907e5307,Faster but difficult in identifying free handwriting,4,0,2.2.2,2024-04-06 11:02:12,,,2.2.2,edu7387,com.qianfan.aihomework
5957acde-f8ef-4717-b5f5-db9425c883c3,best homework helper I've ever used.,5,0,1.34.0,2023-11-21 02:52:20,Hello Nahim thank you so much for your positive feedback! We're thrilled to be your go-to homework helper. If you ever have questions or suggestions feel free to reach out. Happy studying!,2023-11-23 01:34:03,1.34.0,edu61733,com.education.android.h.intelligence
55fe6b0d-47ed-446e-97ac-906e6d19583b,it really helped me,3,0,1.46.0,2024-05-24 05:25:27,,,1.46.0,edu53462,com.education.android.h.intelligence
3607822a-e4f0-4113-aae2-042104f64ee1,This app was digusting. Because it ask money too see the answers.,1,0,1.13.2,2023-09-10 10:17:31,,,1.13.2,edu59962,com.education.android.h.intelligence
85cad7de-0abd-416e-b93b-c82b4bc7a042,good app but there is something missing that is that tutors answer. Plus stop that,4,0,1.17.0,2023-02-17 18:55:31,,,1.17.0,edu47758,com.education.android.h.intelligence
32300a10-a2bb-4d2d-b2cb-e6dd10892049,Great app for a student,5,0,2.4.2,2024-03-17 22:31:44,,,2.4.2,edu94392,com.cyberdavinci.gptkeyboard
e1c6f45a-b14f-44e4-954d-fc43c6d39121,I love this app. It help me so much with my studies!,5,0,1.56.0,2024-10-10 10:11:11,We're thrilled to hear that Gauth has been a big help to you! Keep up the great work with your studies!,2024-10-10 10:30:34,1.56.0,edu33262,com.education.android.h.intelligence
235d97ba-a173-41a8-a056-e550016b3e3c,This app is not good its always give wrong answer any questions,1,0,,2023-05-08 09:55:57,,,,edu93887,com.cyberdavinci.gptkeyboard
839f2171-cd96-4dfe-9971-025293f2d6e5,but tutor's handwriting is not visible enough,4,0,1.21.0,2023-04-19 11:27:07,,,1.21.0,edu53087,com.education.android.h.intelligence
7d3910fa-0b78-4ecc-9ad6-d4a6f524bf27,Didn't get it at first you just have to know how too use it and know what it means,5,0,1.14.0,2022-10-21 08:02:46,,,1.14.0,edu62134,com.education.android.h.intelligence
4abd8f9c-f34c-45e7-83fb-bf0f23882ee9,These app is very helpful and usedful for student,1,0,1.9.0,2023-06-04 10:32:49,Thank you so much for sharing your positive experience with answer.ai app! It might be a typo but do you mind giving us a positive rating?,2023-06-30 02:17:20,1.9.0,edu92864,com.cyberdavinci.gptkeyboard
71fdd5b9-c94d-4662-a80b-69c767bcd4df,Its good and easy to handel,4,0,,2022-02-18 20:59:12,,,,edu60120,com.education.android.h.intelligence
351a9df0-d381-49a2-8c38-21fadf9b4d41,This app is good for everyone,5,0,1.18.0,2023-03-08 02:59:04,,,1.18.0,edu63127,com.education.android.h.intelligence
468d39b8-e5e1-4dd4-967b-95d757cd0b32,it helped me graduate it is perfect,5,0,,2024-09-12 23:26:39,Thank you so much for your awesome feedback! We're thrilled to hear that our app helped you graduate. Keep shining and good luck with your future adventures!,2024-09-13 00:00:31,,edu58507,com.education.android.h.intelligence
69a66cbb-1c76-4a80-ab66-696aa4ba510f,First time I used it's fale bug when I 5ry some new number is working good,5,0,1.19.0,2023-03-14 05:14:43,,,1.19.0,edu55561,com.education.android.h.intelligence
a5cdd40a-d5e0-4d5d-9806-62c8713eb60c,It's so helpful for my math homework,5,0,2.0.2,2024-01-17 18:14:27,,,2.0.2,edu9507,com.qianfan.aihomework
0bdbb9eb-1e5c-445f-9c4d-396e598d978a,I seriously LOVE LOVE LOVE this app. The app literally gives you always the correct answer no matter how difficult the question is. Don't believe me. Download this app and see for yourself. OMG. I LOVE THIS APP,5,0,2.8.2,2024-07-31 14:26:35,,,2.8.2,edu491,com.qianfan.aihomework
3fd388f2-53f0-4e0b-9acb-934272219f0d,This has to be the most helpful maths app solver I've ever downloaded it even shows me the explanation.I was confused about a certain questions for almost hours but thanks to this app I finally solve it,5,0,,2024-04-23 06:48:37,,,,edu86008,com.education.android.h.intelligence
026e6c29-fe78-4119-a1a5-a241d1e1b2ca,I love this app help me full,5,0,2.6.2,2024-06-12 12:50:41,,,2.6.2,edu6462,com.qianfan.aihomework
32301861-5ac4-447d-ae0a-151b817d23af,it's so fun it can even translate curse words lol wayy better then photo math since it can explain it to you without the need of some silly database. pretty good app.,5,0,,2024-03-07 12:54:37,,,,edu2323,com.qianfan.aihomework
1bafeeb1-df56-4fe6-aa9f-cc1f9cf1ae23,so amazing that I can learn and do my any task,5,0,1.56.0,2024-10-05 22:20:04,We're thrilled to hear you find Gauth amazing for learning and tasks! Keep up the great work! #StudySmart,2024-10-05 22:30:11,1.56.0,edu33820,com.education.android.h.intelligence
260bf9a5-853b-4dd3-937a-9d37719d944e,I'M GOING TO PASS THE 10TH GRADE WITH EASE,5,0,2.1.7,2023-10-11 12:15:22,,,2.1.7,edu95200,com.cyberdavinci.gptkeyboard
56fe4150-81be-4c12-a3cf-371863e63a58,Good app just don't want to pay the good feature,5,0,2.4.0,2024-05-20 22:40:23,,,2.4.0,edu3517,com.qianfan.aihomework
522209a4-13a2-49b2-8d87-37d26aee5300,this apps is business no money no help it's purpose is not to help but to earn money it the truth,1,1,,2023-08-27 22:46:48,,,,edu56390,com.education.android.h.intelligence
371b16c2-8fbf-4e74-8fbd-c1fe22a8d449,very helpful to math,5,0,1.44.1,2024-04-28 00:15:00,,,1.44.1,edu43498,com.education.android.h.intelligence
c0b01da3-58aa-43b6-8ffb-45cf9ca16243,it's so helpful for my kids!,5,0,1.55.1,2024-09-19 22:00:17,We're thrilled to hear that Gauth is helpful for your kids! Keep encouraging them to learn and explore with us. Happy studying!,2024-09-19 22:30:26,1.55.1,edu33682,com.education.android.h.intelligence
bfefa9c7-c3cf-49fa-9e0b-41af7a4a9f7f,This is so amazing and very very and very useful for me and students. THANK YOU SO MUCH,5,32,1.0.19,2023-07-09 06:24:41,,,1.0.19,edu103392,tech.hypatia.OpExamsQuestionsGenerator
402566ff-d9b5-4827-aa66-0456c297ef69,it is very helpful,5,0,1.47.0,2024-06-09 10:18:37,Thank you for your kind words! We're glad to hear that Gauth has been helpful to you. Keep up the great work!,2024-06-09 13:00:58,1.47.0,edu50867,com.education.android.h.intelligence
451cea9f-cc57-4c3f-adb4-f666000b4b20,It's great for helping me get good grades.,5,0,1.54.0,2024-09-11 09:39:54,We're thrilled to hear that Gauth is helping you excel in your studies! Keep up the good work! #LearnWithGauth,2024-09-11 10:00:42,1.54.0,edu35359,com.education.android.h.intelligence
1554eea1-1ccc-404f-96bc-aef2dec1aadd,Very fast app for student,1,0,,2024-04-25 17:28:55,Thank you for your feedback! We're really glad to hear that you find Answer.AI helpful. If you have a moment could you kindly consider adjusting your rating to 5 stars? Your support means a lot to us!,2024-04-26 14:19:55,,edu92500,com.cyberdavinci.gptkeyboard
f264dfcb-4be4-4977-be6b-7e54ac9811c1,Def five stars I keep getting compliments where I got my essays from definitely recommended for school activities math problems etc.,5,4,2.1.5,2023-09-15 04:39:22,We extend our gratitude for utilizing answer.ai and taking the time to share your valuable experience. Your feedback is highly appreciated and we hope it continues to help your school journey. Spread the word to your classmates as well!,2023-09-18 20:16:00,2.1.5,edu90404,com.cyberdavinci.gptkeyboard
2e27a7b1-6b17-48fa-b5b3-7b6cac75c9d4,the only criticism I might have to to say is that the app is too slow before it responded,4,0,1.54.0,2024-09-15 06:46:25,Thank you for your valuable feedback. We are sorry to hear that the app's speed did not meet your expectations. We are constantly working to improve performance and appreciate your patience.,2024-09-15 07:00:11,1.54.0,edu35240,com.education.android.h.intelligence
1bdd0ab4-f800-4e4c-9a0e-0693b69a724a,helps with everything I love it first day,5,0,1.49.1,2024-07-09 14:34:26,Thanks for the positive feedback! We're glad to hear you're loving Gauth. Keep exploring all the awesome features!,2024-07-09 16:01:31,1.49.1,edu50045,com.education.android.h.intelligence
c27ace09-507e-45c3-b701-342062cad19f,new it's really good some can bu different from how YOU do it but I'll say its better then photomath,4,0,1.56.0,2024-10-08 10:13:19,Thank you for your positive feedback! We're glad you find Gauth helpful. Remember everyone learns differently! Keep enjoying our app!,2024-10-08 10:15:31,1.56.0,edu32373,com.education.android.h.intelligence
1fd9e45e-8994-4d71-bd44-71d6c0f6997d,this app is awesome because it gives you the answers immediately,5,0,1.16.0,2023-01-12 04:04:42,,,1.16.0,edu56835,com.education.android.h.intelligence
fec92973-b7ef-4396-b775-62915bfd1de7,"Horrible. Found this app as Google lens homework showed it having an answer to my question/s. The link wouldn't show the answer only offer to get app. Get app and first thing it says is upgrade. Then an add. Then Finally get to take pic and it just sits there. Tried 4 more times. The 4th time it ""worked"" but the answer was wrong (I obviously tested on something I KNEW since chat gpt gives wrong answers to math all the time. This is more a party trick than useful why offer free if it won't work",1,20,,2023-05-20 21:17:00,,,,edu33025,com.education.android.h.intelligence
89e90cb7-6e12-4305-83df-a30bccc7b40f,Incredible helped me with all my work,5,0,,2024-08-21 18:06:39,Thank you so much for your amazing feedback! We're thrilled that our app could help you with your work. Keep up the great studying!,2024-08-21 19:00:34,,edu57210,com.education.android.h.intelligence
67f11727-578b-4522-8004-2d2d5140901e,"The Update: 1. Mas naging Madamot sa steps 2. Dating ""free"" Ang steps Ngayon may bayad na 3. Madamot Lalo 4. Mas Madamot Ngayon sa steps 5. Napaka damot",1,0,,2024-02-18 21:27:41,,,,edu86000,com.education.android.h.intelligence
18f63ec1-836a-4c61-bc84-d96d4ba520b3,it actually works well and with word problems too,5,0,1.56.0,2024-10-09 07:22:15,Thanks for your feedback! We're glad you're enjoying Gauth! Keep practicing those word problems and have fun learning!,2024-10-09 07:30:12,1.56.0,edu31756,com.education.android.h.intelligence
f5f2bfbf-ec89-4d75-b44f-a9a3b159439c,Exceptional and very helpful.first time using the app but I thought it was very very helpful especially the fact that it covers a wide range of subjects and general knowledge,5,0,,2024-05-15 11:47:04,,,,edu37707,com.education.android.h.intelligence
4a6e154d-c385-47ba-afb5-1fdebe06e078,So good for home work,5,0,2.1.5,2023-09-13 19:59:31,Thank you for using answer.ai! We hope it continues to help your homeschool journey. Spread the word to your classmates too!,2023-09-14 13:57:02,2.1.5,edu94084,com.cyberdavinci.gptkeyboard
4e0b4c3f-9ae2-4e8d-8005-b5aaaf698d6d,thank you It actually really works I can finally pass my algebra 1 class.,5,0,1.33.0,2023-11-02 19:31:10,,,1.33.0,edu56047,com.education.android.h.intelligence
fdbd523f-0913-4061-b55d-b8c483b013af,This app doesn't work for kids like if I'm trying to do my homework cause I'm struggling and need an answer and working so I understand I don't want to pay where am I getting money to pay 12 a month for like 2-3 answers a week my parents wouldn't say yes to that cause it's bs and sometimes they give you wrong answers and the gallery is broken and it's trying to force you to pay the more you use it I'm not gonna lie it seems like a scam how this got 4.1 stars idk,1,0,1.28.0,2023-12-09 13:07:00,,,1.28.0,edu40204,com.education.android.h.intelligence
b226f9a5-11f7-4fac-a5cb-b49a265c594b,Overall it was good but sometimes words are getting doubled like when i ask to make a 3 paragraph essay but sa sentences each paragraph are the same even when i try to do it again,4,0,,2024-07-31 01:59:23,,,,edu1818,com.qianfan.aihomework
2cac7466-4b55-464c-b717-347022b7c81b,Everything is put behind a pay wall,1,0,1.23.0,2023-05-23 13:58:07,,,1.23.0,edu67564,com.education.android.h.intelligence
a918d6e3-4e8e-4c50-ae0e-12a0f8af162e,I love it. I never struggled with math ever again,5,0,1.54.0,2024-09-17 02:52:41,We're glad to hear that you love Gauth! Keep up the great work and continue enjoying math with us. Happy learning!,2024-09-17 03:00:15,1.54.0,edu35154,com.education.android.h.intelligence
e53db1bf-1ceb-469a-9508-11d8c112477f,BRO IT GOT EVERYTHING CORRECT AND I PASSED MY CLASS BECAUSE OF THIS!! I LOVE THIS APP SOO MUCH!!!,5,0,1.55.1,2024-09-23 18:50:03,We're thrilled to hear that our app helped you pass your class! Your love for it means the world to us. Keep shining and good luck with your studies!,2024-09-23 19:00:19,1.55.1,edu32910,com.education.android.h.intelligence
8c5cdbb1-1625-4a3a-94da-40c4ab54a7af,This is amazing I am doing so much better. I definitely recommend this app.,5,0,1.55.1,2024-09-24 19:07:06,We're thrilled to hear that you're doing better with Gauth! Keep up the great work and thanks for recommending us!,2024-09-24 19:30:33,1.55.1,edu34066,com.education.android.h.intelligence
3a90260f-75d5-4572-99a6-9aefd7047d12,This is very helpful especially math subject thank u so much,5,0,2.5.1,2024-05-21 22:58:26,,,2.5.1,edu3303,com.qianfan.aihomework
acfef6fb-506a-4cc2-bef2-7d2927a0c9e2,Very nice and wonderful. I would have given it five stars but you guys should also work on the speed of delivering the answers and also make sure that you give the correct answer always.,4,0,2.1.4,2024-03-28 12:03:08,,,2.1.4,edu2346,com.qianfan.aihomework
8b69d376-1a95-45d7-80f0-0b4b439f6669,I love you guys app y'all are awesome such a smartie and u helped out so much thank you,5,0,2.5.2,2024-06-17 13:16:02,,,2.5.2,edu90782,com.cyberdavinci.gptkeyboard
ef654463-0dd6-4dc7-8216-b80fbec468ae,helps with all math very good app,5,0,1.44.1,2024-05-06 08:56:01,We are pleased that you enjoyed the app. If there is anything we can do for you just let us know at support@gauthmath.com! Have a wonderful day!,2024-05-07 02:38:23,1.44.1,edu43334,com.education.android.h.intelligence
916bb832-6048-4f30-a2fe-96dc1b9cca0e,it really helped me learn and improve my grades in high-school,5,0,1.56.0,2024-10-01 21:25:26,Thanks for sharing your positive experience with Gauth! We're thrilled to hear that you found our app helpful in improving your grades. Keep up the great work!,2024-10-01 21:30:11,1.56.0,edu31699,com.education.android.h.intelligence
4b41aa4e-126c-4598-8046-cd4a1812ab15,It a pretty great app to study math,4,0,2.1.0,2024-03-02 18:28:21,,,2.1.0,edu9846,com.qianfan.aihomework
00adaf87-80c5-45e2-9312-17d8bff2dfac,Good but u could only use it for abt 40 questions a day,4,0,,2024-06-10 11:59:09,We apologize for any inconvenience caused by the recent charges. Subscribing to our app offers benefits like faster more accurate answers an ad-free experience and access to over 1 million video analyses. If you're interested feel free to explore the subscription options in the app settings for a more enriched user experience.,2024-06-10 22:55:54,,edu8514,com.qianfan.aihomework
36d6fe4f-c28c-402d-9247-f3ba7a048916,this helps me alot with maths and life orientation it amazing,5,0,1.51.0,2024-08-04 08:08:55,We're thrilled to hear that Gauth is helping you with math and life orientation! Keep up the great work! #StudySmart,2024-08-04 10:01:02,1.51.0,edu34978,com.education.android.h.intelligence
09ab82f2-f3fd-467d-b959-080a552b7dde,It is a good app but sometimes can rarely give different answers or extremely long answers but otherwise it is very good.,4,0,1.38.1,2024-02-04 10:04:45,,,1.38.1,edu44829,com.education.android.h.intelligence
60107571-9bdf-4539-8864-729a72c91776,Unbelievable how? It can answer almost every question that I asked,5,0,2.5.3,2024-06-29 13:27:01,,,2.5.3,edu91058,com.cyberdavinci.gptkeyboard
3fb1723e-645e-489b-bd57-2755a18d68b1,This app helps my studying so so much.,5,0,2.0.4,2024-01-23 19:55:41,,,2.0.4,edu11570,com.qianfan.aihomework
1d700f42-cb23-4119-b6f4-631d0af43017,Got me thru sophomore year,4,0,1.5.6,2022-02-21 21:17:00,,,1.5.6,edu69427,com.education.android.h.intelligence
adc241d0-0752-4ed3-a25c-a8d931929fb2,really a time saver but I gotta quite modify the answer because it's quite long or too many.Because of it I saved so much time,5,0,1.51.0,2024-08-04 03:14:49,We're glad to hear that Gauth is saving you time! Remember understanding the solution process is key to grasping concepts. Keep up the great work!,2024-08-04 04:00:27,1.51.0,edu31349,com.education.android.h.intelligence
718b1a5a-2f04-4385-a0f3-a21ad64d741a,Past highschool with this ( use it wisely ),5,0,2.9.2,2024-09-16 03:36:11,Thank you for your five-star review we will continue to work hard to give you a better user experience.,2024-09-18 06:44:31,2.9.2,edu2224,com.qianfan.aihomework
aa748eb2-4150-4ae2-bd57-e0c7b2f25e13,Am very glad for this app it helps me very much,5,0,2.2.0,2024-04-23 11:28:31,,,2.2.0,edu8573,com.qianfan.aihomework
63b25c6c-0f4a-4e98-939d-579bb83ae2fe,It helps me to my research and it explain me how will i explain it,5,0,2.2.2,2024-04-05 16:25:56,,,2.2.2,edu13606,com.qianfan.aihomework
3a38ecf6-6074-4fbe-90b6-0a9cc3be2dfc,really good for a free homework helper,5,0,1.50.0,2024-07-18 11:06:18,Thanks for the positive feedback! We're glad you find Gauth helpful for homework. Let us know if you need any assistance. Happy studying!,2024-07-18 13:01:00,1.50.0,edu41663,com.education.android.h.intelligence
4e5d6735-0c59-4fc5-90bb-74368240d745,It helps even with a blurry picture or bad handwriting and gives direct and very informational ways to solve it.,5,8,1.54.0,2024-09-11 15:44:01,Thank you so much for your awesome review! We're thrilled to hear that our app is helping you tackle those tricky problems even with blurry pictures or bad handwriting. You rock!,2024-09-11 16:00:48,1.54.0,edu29981,com.education.android.h.intelligence
dd1a4bbc-7246-4a08-8bac-b3efe18da8ba,just always gets it correct can do most needed things,5,0,1.49.1,2024-07-05 11:48:21,We're glad to hear you're finding Gauth so helpful! Keep enjoying learning with us.,2024-07-05 13:00:23,1.49.1,edu43717,com.education.android.h.intelligence
0f30a350-084e-495c-bcf6-f986d0ce8b7c,its so good even sometimes i got wrong answer but still it helps me to get high grades!,5,0,1.6.0,2023-05-01 20:21:57,,,1.6.0,edu92121,com.cyberdavinci.gptkeyboard
77899bfb-22fe-4f13-b467-a9d7df9ff48d,dude im literally just struggling on math this helping me more than my own teacher what.,5,0,1.53.2,2024-08-30 02:49:46,Thank you so much for your kind words! Were thrilled to hear that our app is helping you with math. Keep up the amazing work and dont hesitate to reach out if you need more support!,2024-08-30 03:00:16,1.53.2,edu35681,com.education.android.h.intelligence
1df7ee24-f3a6-414a-9207-e2ae7ef42bfe,it's really helpful I use it for study and it's been great,5,0,1.46.0,2024-05-24 20:04:42,,,1.46.0,edu41907,com.education.android.h.intelligence
aa568d4a-3615-4c89-b560-6ad7738c8601,Amazing app love who made this app,5,0,2.5.2,2024-06-10 14:28:42,,,2.5.2,edu98019,com.cyberdavinci.gptkeyboard
92b517c1-7470-42a7-bd75-601646b5d408,i mean its great to have people to help u solve maths questions but u know not every students are rich enough to afford to pay for the tickets.,1,0,1.15.5,2022-11-19 08:23:45,,,1.15.5,edu45220,com.education.android.h.intelligence
3ab7932b-52da-45b3-a9a1-0724ae81ffe1,The app dose not load at all NEW IT WORKS BUT DOES NOT WORK,1,0,1.11.1,2022-07-01 12:46:21,Hi we are deeply sorry to hear this. To help us identify the exact issue feel free to report the issue through the 'feedback' button on the profile page or you can DM us on FB/INS. We will look into it and see what we can do to make up for it. Thanks for the feedback.,2022-07-12 08:36:57,1.11.1,edu53258,com.education.android.h.intelligence
409e0521-3e00-4aad-82f1-7b6811233b15,Good app but finds it difficult to grasp the concept sometimes thereby not able to give the correct answers. But like I said it's good,3,0,2.1.4,2024-03-11 17:09:52,,,2.1.4,edu2345,com.qianfan.aihomework
9228513d-480d-457f-bb82-2be1529b5255,helps me with all my work,5,0,1.44.1,2024-04-18 16:58:06,We are pleased that you enjoyed the app. If there is anything we can do for you just let us know at support@gauthmath.com! Have a wonderful day!,2024-04-20 06:26:23,1.44.1,edu50380,com.education.android.h.intelligence
1a274c20-4574-4df9-854f-2413de0f34ec,very useful and easy,5,0,1.39.0,2024-02-15 10:57:06,,,1.39.0,edu57411,com.education.android.h.intelligence
72a7666f-2e9b-44f6-a05c-ff9fbbf823b7,Good app with no ads. this one is incredible,5,0,2.3.0,2024-04-28 03:09:25,,,2.3.0,edu2187,com.qianfan.aihomework
982d2dce-10eb-4f66-800f-e2dc90495410,good u get unlimited uses for free,5,0,1.39.0,2024-02-07 18:50:17,,,1.39.0,edu60030,com.education.android.h.intelligence
23dc00ce-c57b-4924-b295-aaf83c24edca,it helps with my 4th grade homework,5,0,1.41.1,2024-03-22 16:00:34,Thanks for your review! Please recommend our app to your friends and dont hesitate to shoot us a note at support@gauthmath.com if you have any questions.,2024-03-23 06:18:36,1.41.1,edu65686,com.education.android.h.intelligence
cac8779b-2d2e-45e2-be5a-f9587f679f07,Pretty good but it gives me fake answers but the app itself is good,4,0,2.1.4,2024-03-05 19:07:29,,,2.1.4,edu9714,com.qianfan.aihomework
ccb54bff-1027-4332-85b8-7aa93db053e5,lts helpful am still studying lt through,5,0,1.34.0,2023-11-15 12:47:29,,,1.34.0,edu63328,com.education.android.h.intelligence
182ae2c9-7d7a-4f2b-b36e-a15fd4be6d93,Yo la recomiendo es muy Buena les va alludar mucho se los aseguro,4,0,,2024-08-28 21:51:32,Gracias por tu recomendacin! Nos alegra saber que nuestro app te ha sido til. Sigue disfrutando y aprendiendo con nosotros!,2024-08-28 22:00:29,,edu86332,com.education.android.h.intelligence
24875f33-8368-4ca1-9eea-d8b470806939,It Is The Best Question.Al Try yourself then you try come and tell what did you thing about it and thank you and good bye.,5,0,2.0.4,2024-01-28 01:59:24,,,2.0.4,edu10129,com.qianfan.aihomework
5275a593-9a37-4dcc-a885-6b898a5e105e,I love talking to this ai. It assist me to everything. No ads either.,5,0,1.8.9,2023-10-25 06:49:10,,,1.8.9,edu5099,com.qianfan.aihomework
530ba012-cd93-488d-9687-d5d28e0ddb44,The best helped me pass,5,0,2.4.8,2024-05-15 08:34:40,,,2.4.8,edu93404,com.cyberdavinci.gptkeyboard
e42fb3ae-0572-4419-9a9a-b2128f912b94,Its a great app tells you how to solve problems but not enough lighting bolts to let you get the answers for free,4,1,2.3.5,2024-01-08 17:04:35,Thank you for your positive feedback! We understand the need for quicker responses. To offer a faster experience we encourage you to explore our subscription options providing additional benefits. Also to earn more energy you can watch ads and daily check-in! We appreciate your support,2024-01-09 11:53:52,2.3.5,edu91400,com.cyberdavinci.gptkeyboard
a4f9bf6c-0c0d-40ca-b5aa-1124597f1fce,I love it a lot I have been going crazy over a dumb Mathias and this app helped ty for making this.,5,0,2.1.0,2024-02-13 14:28:32,,,2.1.0,edu5279,com.qianfan.aihomework
2620bc02-7d35-40d2-bea3-02f73062c2d8,This really help me to understand the solution,5,0,,2022-04-30 02:29:59,,,,edu55807,com.education.android.h.intelligence
b42f7f3a-f78c-4c44-9fe7-24203b6a1caf,Oh I don't even need to say why I rate this as 5 thank you very much imstarting to improve some subjects I couldn't lose my grades its for my dear mother I wanted her to be proud of me. Sometimes I've been studying to much but thanks to this I'm starting to improve!,5,2,2.1.0,2024-02-10 08:29:09,,,2.1.0,edu2542,com.qianfan.aihomework
bda0ed6b-dc6c-466d-9a4a-5dbedbe9d2c0,When I graduate from high school(i'm a freshman) i'm going to give you a shout out for helping me with my work. I don't know how I could repay you I feel so privileged to live in this time in history were this app exist and unlike the others. I don't have to deal with a limited amount of uses when I use this app . And I'll tell you in 4 years. How good I did in high school and what college I went to oh I have to say thank you.Thank you for truly helping me.,5,0,1.56.0,2024-10-09 22:09:19,Thank you for your kind words! We are thrilled to be part of your academic journey. Keep up the great work we believe in you! #StudyOn #StudentSuccess,2024-10-09 22:15:20,1.56.0,edu29414,com.education.android.h.intelligence
b5702ef2-b453-4db9-84b6-3fedda661aa6,since we intentionally consume a lot of information online specifically social media scrolling so having at least basic knowledge about how to analyse what where and how much data swallowed. basically it makes it easy to align our actions with our intentions. so we get a crystal clear picture.,5,5,1.3.0.0,2024-02-17 20:09:21,,,1.3.0.0,edu103289,com.app.ai.course
13eb09ed-b9aa-4eeb-a676-86491e613447,Worst and worng answers never installing this again!,1,0,,2024-09-29 08:30:24,We apologize for your experience and take your concerns seriously. Please know that our team is committed to improving the app. For further assistance feel free to share more details by emailing us at support@gauthmath.com.,2024-09-29 08:45:25,,edu57818,com.education.android.h.intelligence
d35638f6-f087-4118-960f-d1d268196d9e,It's good but there are some questions that It can't answer properly.,4,0,2.1.0,2024-02-19 06:22:06,,,2.1.0,edu8268,com.qianfan.aihomework
d4665817-6c5d-4417-849a-21fea75a1563,Gas helps out really good don't like how u have to buy the premium version in order to get more snaps tho,5,0,2.2.8,2024-04-17 11:55:56,,,2.2.8,edu4377,com.qianfan.aihomework
e449668d-d510-48c3-8ca0-3a12ff04c225,10/10 describes well and is always right,5,0,1.17.0,2023-01-31 10:35:48,,,1.17.0,edu53961,com.education.android.h.intelligence
61b09ba7-d92e-4013-b340-345b34ac9564,I hate this..you need to buy if you want the answer,1,0,,2023-10-15 23:05:52,,,,edu62003,com.education.android.h.intelligence
81ebb764-3c3f-4e1f-ab46-56bb4634c756,It gives wrong answer,3,0,1.6.3,2023-09-15 19:20:31,,,1.6.3,edu16213,com.qianfan.aihomework
22d6adfc-4d20-49c0-9088-7bce353fbb29,Wow such a wonderful app very reliable and precise. It is able to give detail explanations to solutions.,5,1,2.1.4,2023-09-09 07:16:14,Thomas we want to express our gratitude for your usage of answer.ai. It brings us immense joy to know that it's assisting you in your educational endeavors. Please help us extend our support by sharing answer.ai with your classmates too!,2023-09-11 12:10:32,2.1.4,edu91247,com.cyberdavinci.gptkeyboard
bd89bd12-0da1-48a1-a330-580ca4e33825,It's helping me to do my math homework,5,0,2.5.2,2024-05-30 07:28:06,,,2.5.2,edu19208,com.qianfan.aihomework
1ef64ba9-8277-46a9-b362-f9af6bc92238,Helped a lot with the rubbish spsrx maths.,4,0,1.21.0,2023-07-09 19:34:31,,,1.21.0,edu57552,com.education.android.h.intelligence
05193f7a-323d-4390-a1f5-74c274cdefaa,very helpful ! i love the app so much its helped me with my extra work,5,0,1.56.0,2024-10-01 11:42:54,We're thrilled to hear that you find Gauth very helpful! Keep up the good work with your extra assignments! #StudySmart,2024-10-01 11:45:27,1.56.0,edu32458,com.education.android.h.intelligence
62d052f9-e87d-4dfa-8293-86022ad09839,The app was good and useful specially when you are a student. you can ask questions and you can answer your homework just in a one scan to your school sheets. it has also math solver and general questions you wanna ask it is definitely nice. but it does not have voice generator so you cannot ask questions like 'How go pronounce this'. It has no voice generator so should keep on chatting.,4,6,2.0.4,2024-02-01 01:04:22,,,2.0.4,edu996,com.qianfan.aihomework
950e00b0-00c5-4a64-b6ad-b764a9e17a18,This is very helpful app,5,0,2.1.7,2023-10-11 08:54:56,,,2.1.7,edu94852,com.cyberdavinci.gptkeyboard
526b6eb9-44bd-4616-8fbc-443b082de2f5,It really really helpful,5,0,1.54.0,2024-09-08 13:20:42,Thanks for your positive feedback! We're glad to hear that you find Gauth helpful. Keep up the great work and let us know if you need any assistance!,2024-09-08 14:00:29,1.54.0,edu74888,com.education.android.h.intelligence
90bc64e7-63f3-45ca-904d-236f3802702d,It's very good and really helpful but it's camera sometimes it's not clear enough to see the question so improve on the camera clearance,5,1,1.40.0,2024-03-07 00:51:28,Thanks for your review. We will fix it soon.,2024-03-07 03:18:41,1.40.0,edu43416,com.education.android.h.intelligence
550052f8-3b02-47f5-b949-3998e8efd5c4,I love the app because it helps me with my homework or assignment,5,0,1.22.0,2023-05-17 16:09:14,,,1.22.0,edu53780,com.education.android.h.intelligence
a5c449b5-6126-4120-9e69-98078ade22ac,Gave me the exact information that I needed,5,0,2.5.2,2024-06-03 11:43:07,,,2.5.2,edu6397,com.qianfan.aihomework
419f79af-fc99-49e9-b763-f12535254deb,I'm surprised there's no ads or subscription,5,0,1.6.3,2023-09-14 10:16:48,,,1.6.3,edu7661,com.qianfan.aihomework
244778e3-bcca-41b9-8d1f-b03cc42c55bf,Helped me a lot,5,0,2.1.0,2024-02-08 08:47:41,,,2.1.0,edu16775,com.qianfan.aihomework
5c9a11d8-42e5-4117-993b-a6492eec1d8c,I loved the app. I even pay monthly for the subscription. Today I opened the app all my data ticket points and history all disappeared! It said to log in so I try to log in but it wouldn't let me! I don't even know what to do. I can't use the app without my tickets. I now have to wait until customer service emails me back. Terrible experience.,3,182,1.35.1,2023-12-03 03:21:36,,,1.35.1,edu32737,com.education.android.h.intelligence
656334e8-4f91-4815-8fbf-87be87e60254,Its really nice and cool.it also brings our a quick and reliable answer,5,13,1.31.1,2023-09-12 12:15:32,,,1.31.1,edu53406,com.education.android.h.intelligence
bcd7d497-dd7e-4d95-a432-8250459cf30e,I love this app it gives you every answers that you're looking for and it doesn't require any payment before you will be able to use it.you can use it anytime so long as you have Internet .,5,4,2.1.11,2023-10-21 10:39:35,Thank you for choosing answer.ai and for your feedback! We're delighted to know it's supporting your learning journey. Don't forget to share it with your classmates too!,2023-10-26 14:46:28,2.1.11,edu90451,com.cyberdavinci.gptkeyboard
4c2753b1-ed49-4f09-994b-cab685763b7f,Nice app can solve your answering problems,4,0,1.8.4,2023-10-16 15:34:36,,,1.8.4,edu10318,com.qianfan.aihomework
fa12c88a-e8f9-48c3-9818-ab80c04088fb,Very good it help's me my math homework,5,0,1.45.0,2024-05-19 08:38:35,,,1.45.0,edu45642,com.education.android.h.intelligence
25616aa7-b10d-461a-9c54-0e8206089bf7,it works really well,5,0,1.46.0,2024-06-02 05:08:16,Thanks for the great feedback! We're glad to hear you're enjoying Gauth! Keep up the good work!,2024-06-02 07:01:23,1.46.0,edu50040,com.education.android.h.intelligence
f2b15747-a7f6-4f8c-a662-b31ae968cc52,So helpful to my Tuition.,5,0,1.25.1,2023-06-16 04:11:29,,,1.25.1,edu70673,com.education.android.h.intelligence
e9d01656-2263-465f-a079-780248b9708b,This app think we're rich I just wanna solve my math problem it saya I have to pay,1,0,,2024-01-08 04:02:16,,,,edu59056,com.education.android.h.intelligence
c3cb4b74-5e74-479f-8e80-6625f5136f19,Such a Great Help in our learning.,5,0,1.46.0,2024-05-28 21:36:31,Thanks for your positive feedback! We're glad to hear that Gauth is helping you learn. Keep up the great work!,2024-05-29 00:57:57,1.46.0,edu43734,com.education.android.h.intelligence
16a06334-bfef-421e-8835-a52083bb5a93,It's easy for you to do your homework.,5,0,1.48.0,2024-06-28 15:10:29,Thank you for your feedback! We're thrilled to hear that Gauth makes homework easier for you. Happy studying!,2024-06-28 16:00:23,1.48.0,edu48622,com.education.android.h.intelligence
a3f2e16d-9b0c-4c8a-8590-386a2e68f126,helpful and detailed answer,4,0,1.47.0,2024-06-12 12:00:28,Thank you for your positive feedback! We're glad you found our answers helpful and detailed. Keep up the great work!,2024-06-12 13:00:56,1.47.0,edu45544,com.education.android.h.intelligence
d622ca79-548b-45cc-837d-be8ab0ce6edd,The math's explanation is amazing definitely recommend,5,0,1.50.0,2024-07-17 06:26:42,Thanks for recommending Gauth! We're thrilled you find our math explanations amazing. Keep up the great work!,2024-07-17 07:00:30,1.50.0,edu41647,com.education.android.h.intelligence
6c91c89c-ca9a-4ee0-b991-55652a96f0eb,Ai help me a lot,4,0,1.8.4,2023-10-25 17:54:39,,,1.8.4,edu17158,com.qianfan.aihomework
2fa7cd27-bf71-4ab5-a4e9-724bda5eb638,Terrible! I paid for unlimited and got nothing. I emailed them and they don't seem to care. Very disappointing.,1,3,2.3.7,2024-01-29 12:16:52,Hi Jamie we're truly sorry to hear about your experience and we understand your frustration. To resolve this issue promptly could you please share the email address or any reference number associated with your communication? We want to ensure that your concerns are addressed and we're here to assist you in every way we can,2024-01-30 16:28:24,2.3.7,edu91012,com.cyberdavinci.gptkeyboard
cdec8c1b-4cc2-466d-bbbf-de6421973268,the app is so very interesting because you don't need brainly because it's good more than tge brainly yess install the app that will help you to solve with your assignments or writing,5,0,2.0.0,2024-01-09 10:38:17,,,2.0.0,edu2538,com.qianfan.aihomework
fe26b817-554d-41ca-b82d-a6f94a9be0b0,3 star it'll help me answer my homework but i cant understand the writing's..please fix your writing skills,3,0,,2022-03-30 16:52:30,,,,edu53129,com.education.android.h.intelligence
0d8c9248-4f61-4bc6-b484-d1e34dacb94d,Its good but sometimes odd cuz when i take a pic of the problem it gives an answer..the thing is i needed to write the solution so i take a pic again on the same problem it gives a different answer.so now im worried if its right or wrong.but i will give it a 5 star,5,0,1.41.1,2024-03-08 22:04:03,,,1.41.1,edu40057,com.education.android.h.intelligence
38e3c52e-b71e-4762-be0d-44a0eacf4076,This app is amazing! Thanks for this app it also teaches us about how to solve now I can solve better than the last time but can you make the solution better from Gauth AI it's kinda confusing for me sorry for bad grammar I'm not good at english,4,0,,2024-08-25 20:54:51,Thank you so much for your kind words! We're thrilled to hear that you're solving better. We appreciate your feedback about Gauth AI and will work on making it clearer for you. Keep up the great work!,2024-08-25 22:00:36,,edu34559,com.education.android.h.intelligence
b2f99291-68ac-4b8c-9fda-5e4205315c5f,it rilley helps you,4,0,1.40.0,2024-03-03 09:18:24,,,1.40.0,edu70659,com.education.android.h.intelligence
4e713306-e810-4a1b-b9c2-5df0c1688899,Doesn't even show you how to solve it tho!,1,0,,2024-02-12 13:05:01,,,,edu59337,com.education.android.h.intelligence
5dbbb15e-e0ac-4444-91c1-26b336582e8d,He gives me answer,5,0,2.4.6,2024-04-29 18:31:38,,,2.4.6,edu96105,com.cyberdavinci.gptkeyboard
075d032b-4238-4019-a07f-16624c87b84f,Very easy to get answers in all subjects,5,0,2.9.2,2024-09-21 21:21:00,,,2.9.2,edu778,com.qianfan.aihomework
95dcae4e-9ad6-4075-b295-dc092f6abc41,best app since I started using it it gives me all the answers correctly and I like the quality of this app,4,0,1.45.0,2024-05-12 00:34:30,,,1.45.0,edu43423,com.education.android.h.intelligence
688d71f4-2a27-4733-90a1-5eeb44324905,love this app it help the best They must make more but in must have the textbooks of each grade,5,0,1.50.0,2024-08-05 02:55:23,We're thrilled to hear you love Gauth app! We'll keep improving. Stay tuned for more features! Thank you for your support!,2024-08-05 04:00:29,1.50.0,edu34901,com.education.android.h.intelligence
6dfa0026-bbf4-473a-ad5b-c3d41db2277d,It's only good for math only any questions it will give the wrong answer or you have take several picture just to an explanation,1,2,1.55.1,2024-09-22 12:30:56,We apologize for any inconvenience. Our app aims to provide accurate solutions efficiently. Please email us at support@gauthmath.com with more details for further assistance.,2024-09-22 13:00:37,1.55.1,edu30309,com.education.android.h.intelligence
2d3785c0-83f1-4f21-864d-86deaf2192a8,Very helpful but would be better if free.,5,0,1.54.0,2024-09-10 12:49:55,Thanks for your positive feedback! We're glad to hear that Gauth has been helpful for you. We're constantly working on improvements. Stay tuned for more updates!,2024-09-10 13:00:42,1.54.0,edu35038,com.education.android.h.intelligence
3e227f31-4f63-4c16-a673-41ca3ad1ccaf,only useful on easy question. HOTS question it give us the wrong answer,3,0,,2024-03-22 09:57:18,,,,edu54677,com.education.android.h.intelligence
45b90659-c060-4c45-97a3-c2259d236320,Impressive and helpful app,5,0,2.1.4,2024-03-14 11:58:33,,,2.1.4,edu12870,com.qianfan.aihomework
6664ee9e-cf5c-4114-878d-2e183c91ae25,I decided to try this on an English test and got 24/27 correct. this app is easy to use as long as you do everything right. it gives an answer very efficiently and gives an explanation unlike many other apps with similar ideas.,5,8,1.51.0,2024-08-17 13:56:57,Thanks for sharing your experience! We're thrilled to hear about your success. Keep up the good work and keep learning with Gauth we're here to help!,2024-08-17 16:00:39,1.51.0,edu29502,com.education.android.h.intelligence
eb2e81c1-b64e-4f90-95ab-5758a9bac843,Great app to study and for difficult homework,5,0,1.54.0,2024-09-10 22:05:53,We're glad you find Gauth helpful for studying and homework! Keep up the good work!,2024-09-10 23:00:48,1.54.0,edu35566,com.education.android.h.intelligence
e6d00fcc-e3cd-4493-8953-04f73e4e4ad6,Thik app is best for mathematics question And also easy to use,5,0,,2024-10-10 14:22:09,Thanks for your positive feedback! We're thrilled to hear that you find Gauth helpful for math questions. Keep enjoying the app!,2024-10-10 14:45:27,,edu49264,com.education.android.h.intelligence
66f3fa7a-f011-40eb-bcf6-2ad259438a08,Amazing app! There's one problem with it. It has a limit of chatting. We were playing a game when a stupid thing came up that said 40 snaps daily.,4,0,2.2.2,2024-04-03 15:30:14,,,2.2.2,edu2316,com.qianfan.aihomework
4b5e3a0c-0a1a-47c1-b107-cc43708711df,Maganda sya talagang andto n lahat ng answer,5,0,1.7.0,2023-09-25 02:08:19,,,1.7.0,edu27529,com.qianfan.aihomework
218758fe-77ea-4929-a465-fccd2e1ff15b,it's really helpful for all specialy in students thank you so much,5,0,1.56.0,2024-10-08 11:07:48,We're glad to hear that Gauth has been helpful for you especially as a student! Thank you for your support!,2024-10-08 11:15:52,1.56.0,edu33027,com.education.android.h.intelligence
7cbae03d-a94b-4cd7-9b9a-9bfb8e3ab316,That premiums is so annoying you might as well make the app 30,1,0,1.22.0,2023-05-11 12:43:38,,,1.22.0,edu55301,com.education.android.h.intelligence
95820c0f-8295-4c77-8351-3c02288b11f2,owemji question AI is great it's help me a lot,5,0,2.2.9,2024-04-23 22:59:34,,,2.2.9,edu3483,com.qianfan.aihomework
edb62300-7515-4c28-9fa6-ffdc5c4b58ac,I love this app it can answer my question,5,0,1.7.0,2023-09-29 06:04:07,,,1.7.0,edu12035,com.qianfan.aihomework
92e181c5-570c-4fba-8cf6-20ca53630863,it's easy to use this app because I also have a problem with bugs and every time I have a ticket and I want a tutor to answer my math he always says it's an error and so on I'm annoyed with such things especially I'm still watching adds,3,2,,2022-03-14 20:01:50,,,,edu34646,com.education.android.h.intelligence
aee0a73b-5dfb-448e-beb7-4faf1d4d67c7,This is fantastic it helps you on math,5,0,2.0.0,2024-02-20 02:17:22,,,2.0.0,edu9055,com.qianfan.aihomework
f3f7256d-696a-476a-be08-47c2d82b4b70,This app is like a personal assistant but without the coffee breaks. I must say this app has been a game-changer for me. I think you'll find it helpful too.,5,0,2.1.4,2024-04-13 15:26:55,,,2.1.4,edu3857,com.qianfan.aihomework
e41b9311-5c82-4040-88f3-7ba93e5d1635,Terrible just wants your money,1,0,1.36.2,2024-01-24 13:11:06,,,1.36.2,edu64643,com.education.android.h.intelligence
a06bccf9-11bf-4e05-99cf-eabe89811704,Excellent. Very helpful application. highly recommended for those people like me who only have a little knowledge.,5,2,2.2.2,2023-11-03 10:54:38,,,2.2.2,edu90978,com.cyberdavinci.gptkeyboard
9cdd69f4-cc3b-43dd-99fb-976223d0f5b7,A great app. I tried it out on a pretest and got all the answers right.,5,0,,2024-09-19 22:43:27,Thank you so much for the awesome feedback! We're thrilled you aced your pretest using our app. Keep up the great work and happy studying!,2024-09-19 23:00:24,,edu43044,com.education.android.h.intelligence
71ce13e4-a0da-46dc-9f03-a6e7f59e8af5,To give me answers,5,0,,2024-08-05 06:15:11,We are here to guide you through understanding! Please reach out for help anytime. Happy learning!,2024-08-05 07:00:35,,edu86948,com.education.android.h.intelligence
115eef5d-2f35-4c68-a0af-ffd5801618dd,It works. I don't know how but it does and it's free. These 2 things are simply beautiful.,5,0,2.1.0,2024-02-26 13:05:00,,,2.1.0,edu5687,com.qianfan.aihomework
dd48969d-a57e-43dd-b99c-211241afa6f7,very nice app. It provides step by step solution to the problem,5,0,1.29.1,2023-08-22 11:01:38,,,1.29.1,edu52874,com.education.android.h.intelligence
9817bffe-90e8-49d1-a091-4041b6c4d724,it works you can get free energy by these easy task to yea oh but u have to pay for any problems with graphs,4,1,2.5.2,2024-06-26 13:55:57,Thank you for your feedback! We're glad to hear that you find answer.ai useful overall. We are a small team of independent developers and we strive to keep the app budget-friendly. If you have any further suggestions we'd love to hear them! And if you could adjust the rating to 5 stars it would mean a lot to us!,2024-06-26 14:58:05,2.5.2,edu89855,com.cyberdavinci.gptkeyboard
e217df4a-5efe-4c9a-81ae-e8b2bc345de9,The app is incredible. The explanation of the problem is very clear and simple to understand.,5,0,2.0.4,2024-02-08 14:47:52,,,2.0.4,edu5102,com.qianfan.aihomework
b1a1a6fa-6126-4aba-b0e9-7ff1344a7c9f,This app is really good I gave it five stars because it helps you find a question you don't know it is so helpful,5,0,1.51.0,2024-08-08 12:47:50,Thanks for the 5-star review! We're glad Gauth is helping you find answers easily. Keep exploring and learning with us!,2024-08-08 13:00:38,1.51.0,edu35398,com.education.android.h.intelligence
4b626665-06d7-4e14-8ca2-0f472bb03632,This is one of the best sights ever in history.It makes everything easier and less stressful.,5,0,1.42.1,2024-04-09 19:53:11,,,1.42.1,edu40179,com.education.android.h.intelligence
0132a8da-c7b6-446a-b77a-ee74976b409a,It was helpful but it ha payment so I cannot use it every time I had an assignment.,5,0,1.17.0,2023-02-20 04:52:14,,,1.17.0,edu51707,com.education.android.h.intelligence
42dd91d3-5102-41de-92a4-f35b503c900c,Its very useful for school works,5,0,1.7.0,2023-11-16 05:02:45,,,1.7.0,edu8555,com.qianfan.aihomework
1f65e579-dc57-47f0-bfe6-1348ca078fcb,This app is very useful and amazing,5,0,1.5.1,2023-09-04 23:59:18,,,1.5.1,edu11957,com.qianfan.aihomework
140a9b67-fcb2-4e3f-90fc-d6871c9a0d9c,They have made it so you have to pay just to get the anwser don't know why they've change it but make it free again,1,0,,2022-11-14 12:46:49,,,,edu54809,com.education.android.h.intelligence
83fffc2a-c1c2-43ce-a776-0b2010ab0ca5,Great app give accurate answers and it is free to use i was in search of such app for the long duration and fortunately i found it,5,2,1.51.0,2024-08-08 10:02:27,We're thrilled to hear you're enjoying our app! We're here to make learning easier and more efficient for you. Keep up the great work!,2024-08-08 13:01:05,1.51.0,edu32073,com.education.android.h.intelligence
d4baffea-d9c5-484d-832b-b6a50ca02011,Outstanding results in regards to the answering of questions,4,0,,2024-08-15 13:54:28,Thank you for your positive feedback! We're glad you're enjoying outstanding results with our app. Keep up the great work!,2024-08-15 16:01:15,,edu46404,com.education.android.h.intelligence
f4a2e068-fcc1-4ce5-ad4c-b739c5052f68,Its nice and it's very helpful,5,0,1.9.16,2024-01-03 18:34:19,,,1.9.16,edu25655,com.qianfan.aihomework
10965e5a-2c9d-41d6-8d55-44c6f494d069,best math app ever,5,0,1.17.0,2023-02-21 15:31:36,,,1.17.0,edu62514,com.education.android.h.intelligence
ebe7b836-9696-4c1e-8aaa-f69f6eceabc4,I rate this app a 5 star because it helps you with your homework and I got my grades to a C to an A,5,0,2.4.0,2024-05-09 20:37:01,,,2.4.0,edu3412,com.qianfan.aihomework
96e1beb1-c08d-4c46-bab3-b1b5e28a99db,inreally enjoy using this app I only started using it today and I can tell this will be a huge revision help for doing my GCSEs!,5,0,1.55.1,2024-09-27 06:36:33,Thanks a ton for your awesome feedback! We're thrilled to hear that you find our app helpful for your GCSE revision. You've got this and we're here to support you along the way!,2024-09-27 06:45:19,1.55.1,edu30275,com.education.android.h.intelligence
5c24cf82-1fc2-4dde-a8bd-3a4a98ecb920,This app deserves more than 5 stars It gives accurate answers. I really love it On the other hand you need to add graph tables and tlother components that will enruslch it,3,1,1.56.0,2024-10-06 04:05:29,Thank you for your kind words! We're thrilled to hear you love Gauth. Your feedback about adding more components is noted for future improvements. Keep enjoying learning with us!,2024-10-06 04:15:21,1.56.0,edu29807,com.education.android.h.intelligence
83ef5cca-e86b-488b-a1f3-cbb96e899eb5,Started using it in the last hour for creating a business description 10/10 no complaints so far keep up the good work!,5,0,2.1.4,2024-03-08 01:24:10,,,2.1.4,edu4126,com.qianfan.aihomework
f0747045-da69-4101-8baa-faac514c3a8e,Helps alot with homework i dont understand even tells me what it means. Such a good app,5,0,2.6.1,2024-09-26 01:44:53,,,2.6.1,edu89795,com.cyberdavinci.gptkeyboard
0789a604-5c7d-47f4-b7a6-99198fd59761,beats my expectations.. I would love it if there was an option to upload PDF from which these MCQs can be set from I'd be so gladdd,5,2,1.0.19,2024-02-28 12:28:56,,,1.0.19,edu103389,tech.hypatia.OpExamsQuestionsGenerator
e142513d-92ab-4797-b8eb-00294d968967,Honesty doesn't even need a review to tell people how good this app is you can take photos and upload photos this has help me with homework and assignments that I needed to do totally thr best app for high school Middle college all grades rlly,5,1,1.55.1,2024-09-23 09:08:28,Thank you for your kind words! We're glad to hear that Gauth has been so helpful for you in your homework and assignments. Keep up the great work in high school and beyond!,2024-09-23 09:30:35,1.55.1,edu29533,com.education.android.h.intelligence
58a145b6-60c8-4d55-a613-2b928aaa7960,It is the first time that I personally had come to leave a review on an application by all means I am happy with your application I a student of grade 10 have found this app to be very useful and informative in all ways possible. I really like how we don't need to pay Watch an ad to get the answers. And I usually dont reach the daily answer limit that often. I do like how the AI explains to how to get to the answer.,5,57,1.53.2,2024-08-27 09:54:55,We're thrilled to hear that you find Gauth helpful for your studies! We're glad you appreciate our features like ad-free answers and detailed explanations. Keep up the great work in Grade 10!,2024-08-27 10:00:19,1.53.2,edu29473,com.education.android.h.intelligence
209dfaa5-05de-43f6-804a-02ff6d80e4c3,I can get a 100 in mie test,5,0,1.39.0,2024-02-15 21:53:54,,,1.39.0,edu65984,com.education.android.h.intelligence
f0c16f18-6520-4577-b616-ac2b37d3b625,Awesome and great so far. Thank you so much for this.,5,0,2.2.9,2023-12-26 16:29:13,We greatly appreciate your usage of answer.ai! We're dedicated to assisting you and your classmates so please share answer.ai with them too,2023-12-26 16:54:10,2.2.9,edu93342,com.cyberdavinci.gptkeyboard
05b8cadf-1329-4667-9f84-014f551c0e29,amazing app for homework,5,0,1.48.0,2024-06-30 02:30:40,Thanks for the positive feedback! We're glad you find Gauth amazing for homework. Keep enjoying learning with us!,2024-06-30 04:00:24,1.48.0,edu47717,com.education.android.h.intelligence
c8752469-17e1-4b01-8e74-8431ab16923e,It really helps me with my homework and it also gives a great explanation to help me understand more.,5,0,1.42.1,2024-04-16 12:45:02,,,1.42.1,edu45862,com.education.android.h.intelligence
28cde1b6-b797-414a-80f6-3c2041798021,I mean I was able to do one method that answered like 45 other questions not even my teachers does that,5,0,1.48.0,2024-06-25 15:34:55,We're thrilled to hear that Gauth helped you save time and understand better! Keep up the great work!,2024-06-25 16:00:36,1.48.0,edu44375,com.education.android.h.intelligence
3a035564-fd11-479f-8c88-5095ed3bb24a,The best app I've used for help and understanding,5,0,2.2.9,2024-04-24 16:48:55,,,2.2.9,edu4269,com.qianfan.aihomework
1af1a252-80d7-47c2-8cae-8314bcf067c7,The detailed explanations and step-by-step guides are incredibly helpful. This app is like having a personal tutor for every subject! Great for both high school and college. Everything you need to ace your exams. It's a pretty cool app.+=,3,0,,2024-06-11 11:07:47,Thanks for the awesome review! We're thrilled to hear that you find our detailed explanations and step-by-step guides helpful. We're here to support you in acing your exams! Keep up the great work!,2024-06-11 13:00:56,,edu32709,com.education.android.h.intelligence
1c7f9a8b-9af0-4870-890e-89df9ac2593c,this app ain't free why did you lie to me,1,0,1.34.0,2023-11-27 21:35:26,,,1.34.0,edu67133,com.education.android.h.intelligence
86defdcd-5e6e-481c-a81f-18c2a59bc748,best app ever in my opinion gave me the answers but not only that it explains how to work them out I am looking forward to getting A's,5,0,1.17.0,2023-02-27 12:33:37,,,1.17.0,edu47615,com.education.android.h.intelligence
0955ecd7-e96c-4b34-a9e8-ab0f457e80ca,So easy to answer ta math with gauthmath,4,0,,2022-03-13 00:01:39,,,,edu60940,com.education.android.h.intelligence
b4fab63f-94fe-49cf-87fc-6cd303721cb8,its alot easier to do my math i love the app thanks for making su ch a wonderful app,5,0,1.56.0,2024-10-02 10:08:57,Thank you so much for your kind words! We're thrilled to hear that our app is making math easier for you. Keep enjoying it and happy learning!,2024-10-02 10:15:17,1.56.0,edu32108,com.education.android.h.intelligence
3330ae61-c273-4a6d-b545-ec034a306d90,App is just too amazing way better than photo math and any other calculator I used,5,0,2.0.4,2024-01-30 02:58:39,,,2.0.4,edu5514,com.qianfan.aihomework
7fb717bd-5685-42f2-b98f-6bdb7243e6a9,Awful won't solve any thing if you don't have gauth premium,1,0,1.9.0,2023-04-26 10:52:20,,,1.9.0,edu56836,com.education.android.h.intelligence
50c076ca-14d6-4eb3-b9f6-1dd0d162ac98,its makes me understand properly it very good I love it,5,0,1.42.1,2024-04-11 23:38:47,,,1.42.1,edu58046,com.education.android.h.intelligence
c27af70e-ecf5-45e3-93e3-c0dc8ecb9157,very useful and helpful,4,0,1.45.0,2024-05-27 23:21:48,Thanks for the positive feedback! We're glad you find Gauth useful and helpful. Keep enjoying our app and happy learning!,2024-05-28 02:31:30,1.45.0,edu46492,com.education.android.h.intelligence
b9b15639-af31-4923-aa21-fefd4ee3a782,it the best helping app I've ever used,5,0,1.56.0,2024-10-01 13:06:44,Thanks for your kind words! We're thrilled to hear that you find Gauth helpful. Keep up the great work! Happy studying!,2024-10-01 13:15:35,1.56.0,edu39171,com.education.android.h.intelligence
5b3b33b9-c372-4b72-bce4-86e42624020e,Its an amazing app i can't see another app like this,5,0,2.2.6,2024-04-09 11:10:19,,,2.2.6,edu10223,com.qianfan.aihomework
c3d37e3b-5898-4b82-9a71-94c69a8fab59,This app is useful where is the solution?why the answer only? I thought there's a solution so I download this app,1,0,1.15.5,2022-11-28 08:29:47,,,1.15.5,edu55695,com.education.android.h.intelligence
f0de8f71-1791-45fa-8817-c0c787a38399,It must be A.I making comments and post. Because this sucks. Appended: That's a A.I reply,1,0,2.3.0,2023-12-14 15:42:46,Hi F we understand your concern! Rest assured our team is composed of real people dedicated to delivering the best experience for our users. If you have any specific issues or suggestions please share them with us at support@answerai.pro. We're here to help!,2023-12-14 15:21:57,2.3.0,edu95370,com.cyberdavinci.gptkeyboard
e7872a9a-672b-4ac1-b77e-64952dc0815d,Great up helps alot when do assignment,5,0,2.4.2,2024-03-17 21:58:02,,,2.4.2,edu93164,com.cyberdavinci.gptkeyboard
5f6c331a-906f-47b1-b6d6-bed91e5eb589,I think the app is great the answers are understandable I just think more can be done in giving mathematical answers,5,0,,2024-08-19 00:47:27,Thank you for your feedback! We're glad you find our app helpful. We are constantly working on improving our math explanations. Stay tuned for updates!,2024-08-19 01:00:17,,edu44210,com.education.android.h.intelligence
9a005ad7-f6fd-4e5a-a2ff-2b9d95a50550,it is very useful specially since I can use the camera it helps me a lot,5,0,2.2.8,2023-11-28 14:23:27,,,2.2.8,edu91685,com.cyberdavinci.gptkeyboard
86eff238-146b-4db1-afee-8b809f0f87db,Very helpful and I learned a bit more,5,0,1.53.2,2024-08-27 19:52:06,Thanks for the positive feedback! We're glad to hear that you found Gauth helpful. Keep learning and exploring with us!,2024-08-27 20:00:25,1.53.2,edu36063,com.education.android.h.intelligence
74ea1453-3bcf-4f28-a929-ceb511eac3ad,the app it's very good and it give me the answers so fast seriously a masterpiece Everything is beautiful I really love This application very match Iam really surprised,5,0,1.46.0,2024-06-02 16:51:38,We're thrilled to hear you love Gauth! Providing fast and accurate answers is our goal. Keep enjoying learning with us! #GauthTeam,2024-06-02 19:01:18,1.46.0,edu36456,com.education.android.h.intelligence
88a968bf-7f34-4655-a0bd-5e4dc4425bf0,This is So Very Helpful for your mathematics Homework or Exams,5,0,,2022-10-24 03:27:24,,,,edu54597,com.education.android.h.intelligence
ce0c4f7a-62b5-405d-9fff-a9fa70a386fc,Great app and not laggy.,5,0,2.0.0,2024-01-15 09:29:19,,,2.0.0,edu9248,com.qianfan.aihomework
80d7537c-3867-4dd6-9877-8fee57e4d5a2,this app helped me so much!,5,0,1.38.0,2024-01-24 09:15:10,,,1.38.0,edu61718,com.education.android.h.intelligence
052a9a97-c0f4-49d2-acc0-49c770f738de,helps me so much,5,0,1.42.1,2024-03-26 18:18:04,We are pleased that you enjoyed the app. If there is anything we can do for you just let us know at support@gauthmath.com! Have a wonderful day!,2024-03-27 03:00:31,1.42.1,edu69837,com.education.android.h.intelligence
e9e33b7a-d53a-43fe-b4ed-9327cc51a67a,Works excellently however constantly refuses to give answers unless you pay for the paid version which is exorbitantly priced.,3,0,1.23.0,2023-05-23 15:30:42,,,1.23.0,edu45050,com.education.android.h.intelligence
188d9ad9-e720-4f7f-925c-0648dfb8f7a0,Works 100% Best app ever!!!,5,0,,2022-04-23 04:42:29,,,,edu57151,com.education.android.h.intelligence
3f28ab0c-37c3-48dc-ad01-2dface53eb10,very important and interesting app,5,0,1.48.0,2024-06-18 08:45:37,Thank you for your feedback! We're glad you find our app important and interesting. Keep exploring and learning with Gauth!,2024-06-18 13:01:40,1.48.0,edu49543,com.education.android.h.intelligence
83482ad3-cc71-40be-9760-495b0d338b1d,this app helps so much if u need help on a problem it'll help you I really recommend this app,5,0,1.53.2,2024-08-29 03:26:32,We're thrilled to hear that Gauth has been helpful for you! Don't hesitate to reach out if you need more assistance. Happy studying!,2024-08-29 04:00:17,1.53.2,edu32918,com.education.android.h.intelligence
853083fc-f7d1-4af3-b98f-0743ae68be2a,Gauth is a lifesaver for math students! It's incredibly accurate and can handle even the most complex problems. I love how it provides detailed explanations making it easy to understand the concepts. The community of experts and students is super helpful and I've always found the answers I need. Best of all it's completely free! If you're struggling with math Gauth is a must-have app.,5,647,1.53.2,2024-08-23 19:27:51,We're thrilled to hear that Gauth has been a lifesaver for you! Our aim is to make math learning fun and accessible for all students. Keep exploring and learning with us!,2024-08-23 22:01:15,1.53.2,edu29352,com.education.android.h.intelligence
e69e67a0-790b-496c-886a-25e92855a7ef,I gave it a 5 star because it helps me a lot when I'm doing my homework,5,0,2.0.2,2024-01-18 06:03:15,,,2.0.2,edu10566,com.qianfan.aihomework
6daea8e3-2450-4b52-a9e0-a53fdc49cef4,Amazing no adds and explanation are easily explanation,5,0,2.2.2,2024-04-08 20:35:55,,,2.2.2,edu8100,com.qianfan.aihomework
2d13153d-14b5-49aa-a08d-c028fc7bcbf2,Good and answer all the question right,5,0,,2024-06-01 07:11:47,,,,edu11782,com.qianfan.aihomework
4b9a6c20-a91a-4425-91dc-9d04915ac658,I like this app because it helps me with my math homework when I don't know it. Thank you to whoever made this app.,5,0,,2024-02-12 19:34:56,,,,edu6165,com.qianfan.aihomework
6a7e50e6-e468-40ea-93c7-6d99861501fa,Great app at first but when I kept using the geometry feature no matter what question I put it always said 119 was the answer.,2,0,1.40.0,2024-02-29 13:06:24,Hi we have already fixed this bug. Thanks for your comment.,2024-03-02 00:03:28,1.40.0,edu44747,com.education.android.h.intelligence
d3ade837-b73c-44aa-917d-7361e2464db6,I will give 1 star becausse most of answer paid able,1,0,,2023-01-29 08:38:35,,,,edu66029,com.education.android.h.intelligence
6e5d3ff1-2e60-49fb-ae0f-022197f61bde,Needed help on my science homework and this helped so much 100 percent recommend,5,0,2.1.0,2024-02-22 19:32:08,,,2.1.0,edu7359,com.qianfan.aihomework
00df730f-5fe6-4cf7-8544-6fff5d594e86,Its REALLY BAD it will always ask you for a subscription and it PISSES ME OFFF,1,0,,2023-03-01 14:36:20,,,,edu56735,com.education.android.h.intelligence
7ae7e328-ae28-4470-9ad8-b41d2aa2a0d4,So far it helps explain stuff books don't explain well.,5,0,2.2.9,2024-04-23 05:11:01,,,2.2.9,edu2120,com.qianfan.aihomework
ca133c98-27cb-489b-addd-84cff7e23e8a,This app is amazing,5,0,1.5.0,2023-04-19 20:17:35,,,1.5.0,edu95085,com.cyberdavinci.gptkeyboard
56592f56-3107-4694-b24a-ded6d85f82b5,it help me a lot with my homework,5,0,1.39.0,2024-02-13 10:02:13,,,1.39.0,edu61953,com.education.android.h.intelligence
81b2e020-87f3-485f-8548-08b93ab0d765,She help me on my assignment on school,5,0,1.56.0,2024-10-08 06:11:50,Thanks for sharing! We're glad to hear that Gauth was helpful with your school assignment. Keep up the great work!,2024-10-08 06:15:14,1.56.0,edu41334,com.education.android.h.intelligence
e9606598-b941-4759-a5af-c5fe1e89cfcd,Because the answers are correct giving me no problem I love it,5,0,,2024-08-25 23:45:53,Thanks for the awesome feedback! We're glad to hear you're enjoying Gauth. Keep learning and exploring with us!,2024-08-26 01:00:54,,edu52308,com.education.android.h.intelligence
2fc8388a-6aa7-4c83-8e5b-67453c1fbf24,This app is so amazing it has been helping me with all my mathematics problem and also give me the right answer in any type of question. I really love this app,5,0,1.54.0,2024-09-19 19:15:32,Thank you so much for your kind words We are thrilled to hear that our app is helping you tackle your math problems Keep enjoying the learning journey,2024-09-19 19:30:16,1.54.0,edu30470,com.education.android.h.intelligence
b5b15673-1c5c-4381-bbaf-d9979666024e,it's the biggest life saver!!,5,0,1.30.0,2023-09-11 01:55:46,,,1.30.0,edu64387,com.education.android.h.intelligence
7a746b85-6152-4e15-9536-80b07b0bf051,This app is very helpful not gonna lie this app can solve any problem.,5,0,2.8.2,2024-08-04 00:08:34,,,2.8.2,edu1841,com.qianfan.aihomework
900d27c9-68c3-48de-8840-2901cbe6e311,This app helps to tackle difficult situations and provides solutions.,5,0,1.8.8,2023-10-21 02:36:09,,,1.8.8,edu7298,com.qianfan.aihomework
d38ae0a0-4fe6-4ea8-a823-c2b56e813e5b,Gauth was the reason I passed my 11+ I was really struggling with maths and with the day getting closer and closer I was more and more stressed until I downloaded Gauth. Not only is there maths but lots of others. I would really recommend it,4,0,1.46.0,2024-06-03 14:36:59,We're thrilled to hear that Gauth helped you pass your 11+ exam! Thanks for recommending us. Keep up the great work!,2024-06-03 16:01:01,1.46.0,edu32247,com.education.android.h.intelligence
4e45201f-bdfd-4672-9b89-8fac28be6b64,al question help me a lot,4,0,,2023-12-04 17:08:52,,,,edu15143,com.qianfan.aihomework
f921a3a8-afe4-4673-ae67-cf268c96f41f,it work efficiently I love it,5,0,1.30.0,2023-09-04 16:29:32,,,1.30.0,edu59820,com.education.android.h.intelligence
660ae2c4-1aca-4663-b91e-68a8df30ca31,Best and accurate. I got everything I wanted. Thanks,5,0,1.9.11,2023-12-11 16:56:40,,,1.9.11,edu8306,com.qianfan.aihomework
6ec17faa-ab14-4b47-ac76-3cb5f94b0b1d,It is really helpful but it is sometimes too slow Thank you,4,0,1.56.0,2024-10-07 01:03:52,Thank you for your feedback! We're glad to hear that you find Gauth helpful. We'll work on optimizing speed for a smoother experience. Happy studying!,2024-10-07 01:15:17,1.56.0,edu32408,com.education.android.h.intelligence
26d17a64-2d63-48af-a09c-afa60a731624,Very helpful the AI can actually remember a question before so I don't have to type a whole question again,5,0,2.1.4,2024-03-06 14:08:06,,,2.1.4,edu4137,com.qianfan.aihomework
48065844-646c-4021-9017-afef3f0b44e2,It is so helpful with homework,5,0,2.8.6,2024-08-15 15:19:08,Your praise and support make us feel warm and we will continue to improve service quality and user experience.,2024-08-15 23:55:21,2.8.6,edu1395,com.qianfan.aihomework
769addfe-1789-42e0-a259-4f6fa62ed846,love it is always accurate and does all my work,5,0,1.50.0,2024-07-19 16:01:14,Thank you for your positive feedback! We're glad to hear that Gauth helps you with your work effectively. Keep up the great work!,2024-07-19 19:00:29,1.50.0,edu41694,com.education.android.h.intelligence
c53113ad-bbe4-4852-b074-9d33f067ff44,Very helpful and the steps are easy to understand.,4,0,1.45.0,2024-05-02 17:55:04,You're welcome! Thrilled to hear you enjoy the app! Keep up the fantastic work with your homework!,2024-05-03 08:29:24,1.45.0,edu39965,com.education.android.h.intelligence
f02e4b3d-6b38-4f21-b85b-aa482b111197,Love this app but the problem is if u use your 9th grade iPad and use a lot of answers it will ask u to sign in and take it impossible to ever use it again because u need administrator to approve the signing so plz don't put that,5,0,1.53.2,2024-08-28 15:23:52,We appreciate your support! Sorry for the inconvenience. We'll look into this sign-in issue to improve your experience. Thank you for your feedback!,2024-08-28 16:00:31,1.53.2,edu30692,com.education.android.h.intelligence
1da2bfa7-c514-4217-a766-0e5f95871574,It helps me with everything,5,0,2.8.2,2024-08-09 08:08:16,,,2.8.2,edu3159,com.qianfan.aihomework
2f9399ae-4f20-4479-8f13-a7a2060f0fc1,This is a terrible app,1,0,1.5.9,2022-01-12 19:02:59,,,1.5.9,edu66862,com.education.android.h.intelligence
a725dc42-f721-4a84-8e19-46c15b22192b,Hello I highly recommend this app to all students because you can get homework done in less than an hour. so download this if you don't have a lot of time to ever really get homework done or if you're just too lazy to do it. also this app can also read your handwriting so if you write down a question or you're just not sure if you got the right answer this app will walk you through the steps of how to get the answer and then it will give you the final answer. Gauth I want to thank you.,5,7,1.39.0,2024-02-22 19:43:18,,,1.39.0,edu34323,com.education.android.h.intelligence
8ba5f286-71f1-4c6a-b4f0-c70eba638492,Best App .Accurate Answers,5,0,1.46.0,2024-05-25 01:38:16,,,1.46.0,edu50818,com.education.android.h.intelligence
c1b0e1ef-6ad8-4b5d-975a-48407c76f8fe,efficient effective and reliable #5Star,5,0,2.0.9,2023-08-23 04:31:10,We appreciate your support for answer.ai! Share it with your classmates as well!,2023-08-23 12:46:24,2.0.9,edu93866,com.cyberdavinci.gptkeyboard
743955f1-427c-45de-9636-2b55edf5bf4e,Semenjak pake aplikasi ini ak jadi mudah mengerjakan pr mtk mau susah atau sulit ak kasih rating bintang Lima 5 makasih Question Al kepake banget buat ulaangan atau pr mtk,5,0,1.9.15,2024-01-04 09:31:02,,,1.9.15,edu25849,com.qianfan.aihomework
62e354d9-efd4-4a49-8d27-3767e8423822,these Apps have helpful information and it is free it is used for learners/ students. Claim your future now,5,0,,2024-04-30 11:45:28,,,,edu52596,com.education.android.h.intelligence
c9665e2b-d5a3-41be-8f93-dc35df1e9e3c,great app for university students and general knowledge,4,0,1.46.0,2024-06-06 18:02:03,Thank you for your positive feedback! We're glad you find Gauth helpful for university studies and expanding your general knowledge. Keep up the great work!,2024-06-06 19:01:18,1.46.0,edu43831,com.education.android.h.intelligence
a9b84937-bf27-4da4-9b78-7b686ea19eba,Every math problem I put into it the answers were wrong. Even when it had the directions!!! So much for being helpful. Well I'm sure it'll help you fail,1,6,1.51.0,2024-08-20 14:24:54,We sincerely apologize for the inconvenience you've experienced. Please contact us at support@gauthmath.com with more details so we can investigate this issue thoroughly. Thank you for bringing this to our attention.,2024-08-20 19:01:29,1.51.0,edu30009,com.education.android.h.intelligence
78893c4a-6e65-44b0-be18-b3713f0ec594,I'm a Filipino student and my opinion to this app is very nice app this app is so nice and has a many features but please (improve this app) like an app that can create a graph like this not a graph like using this ***** and /////////. Thank you!!!,3,0,1.9.12,2023-12-22 08:31:14,Thank you for taking the time to share your feedback with us! We appreciate your suggestion. Your input is valuable to us and we'll certainly consider it as we continue to improve our app. If you have any more ideas or thoughts feel free to let us know. Thanks again for your support!,2023-12-25 03:04:12,1.9.12,edu5454,com.qianfan.aihomework
bedab9c2-03b7-48e4-bcb8-125912be6ac6,It is great in answering questions but the ads are to mutch and some are very long to finish,3,0,2.8.4,2024-08-12 17:44:55,,,2.8.4,edu339,com.qianfan.aihomework
ea176ce9-fb4d-45bc-85ec-c37acbee50a8,This app is awesome it is good for learning. Thanks for the good work.,5,0,1.46.0,2024-05-24 21:28:26,,,1.46.0,edu41297,com.education.android.h.intelligence
c294b40f-eb5d-491f-ad27-aa215a1b0b77,This app helps me alot base on my assignments I'm so grateful with this app,3,0,2.6.0,2024-09-03 12:26:43,Thank you for your feedback! Were thrilled that Answer.AI has been helpful with your homework. If youre enjoying the app wed greatly appreciate it if you could update your rating to reflect your positive experience. Also join our Discord community for real-time support events giveaways and more!!,2024-09-03 12:59:32,2.6.0,edu89979,com.cyberdavinci.gptkeyboard
3edabbee-9b1a-43e2-a385-fc3f5a6855cf,SO HELPFUL and explains the answers so you can understand and learn.,5,0,,2023-12-01 14:16:00,,,,edu5394,com.qianfan.aihomework
13ffbdf3-70c4-4264-ac69-e3beaa0a7882,it is so helpful for my homework its so amazing downloud Gauth now,5,0,1.44.1,2024-04-29 03:20:51,,,1.44.1,edu79452,com.education.android.h.intelligence
6899848c-ab4f-44fe-8a98-bf74e63d4d18,Amazing I had a short essay but I wanted a pointers it gave me in depth help and is very detailed without beating around the bush,5,0,2.2.0,2024-04-09 23:09:55,It's fantastic to hear that you're finding our app helpful! Your satisfaction is our top priority and we're here to support you every step of the way.,2024-04-10 23:08:54,2.2.0,edu3847,com.qianfan.aihomework
0422094d-5959-4e16-a014-7d280136b48e,Great app still using it more and more,5,0,2.7.3,2024-07-07 18:41:19,,,2.7.3,edu4470,com.qianfan.aihomework
5c1c89f0-2c8c-492c-905a-c45628baae11,It really helps a lot u gotta try it cause some of us we are getting straight A+,5,0,1.56.0,2024-10-03 17:10:16,Thanks for your support! We're thrilled to hear that Gauth is helping you excel in your studies! Keep up the great work!,2024-10-03 17:15:22,1.56.0,edu31306,com.education.android.h.intelligence
890cc3c4-07c9-4c65-9426-84f290f55608,The tutor answers could be a bit more clear. But works good enough.,3,1,1.8.1,2022-04-18 18:51:06,,,1.8.1,edu46992,com.education.android.h.intelligence
a6b74266-07fd-4355-b1dd-663706184aae,I love my experience on the app. It really does an awesome job on helping me find the solution and explanation for my homework. I would actually recommend this for high schoolers.,4,0,1.54.0,2024-09-20 05:13:03,We're thrilled to hear you're enjoying Gauth! It's great to know it's been helpful for your homework. Don't hesitate to spread the word among high schoolers. Thank you!,2024-09-20 05:30:15,1.54.0,edu29733,com.education.android.h.intelligence
2b4e7ce3-60d5-4e51-becc-35fc393f9546,It's good and 9/10 it will give the right answer and. Brake it down for u fr fr,4,0,2.8.2,2024-08-06 19:03:17,Thank you for your five-star review we will continue to work hard to provide you with the best service.,2024-08-07 01:56:21,2.8.2,edu1067,com.qianfan.aihomework
216f5d31-fc8e-4c03-a155-dd3b04e5ced1,It helps allot with my homework,5,0,2.5.3,2024-07-01 14:59:43,,,2.5.3,edu92088,com.cyberdavinci.gptkeyboard
5d82b13a-9f57-4b3c-8c59-8bfc75c6ae3e,it has some problem in calculation,3,0,1.50.0,2024-07-20 18:43:41,We're sorry to hear about the calculation issue. Please contact us at support@gauthmath.com for further assistance. Thank you for your feedback.,2024-07-20 19:00:16,1.50.0,edu47716,com.education.android.h.intelligence
45737af0-47a8-4d4f-b06b-9edcd686b325,This is not free you need to use money to buy tickets we're just a student you know most of us doesn't have money,1,0,1.5.3,2022-02-20 08:32:02,,,1.5.3,edu53302,com.education.android.h.intelligence
be1bfa08-c173-4012-840a-e9c6e30d2d0d,It really helped me with my school work and home work,5,0,2.3.0,2024-04-26 12:51:31,,,2.3.0,edu4335,com.qianfan.aihomework
ade58b59-2412-4952-a862-d052b6690d8c,Changes the price by 30 dollars,1,0,,2023-10-14 13:37:22,Hi J thanks for your feedback. The price of GauthPlus now is the regular price. We always have sales in the Back-to-School season and Thanksgiving. You could look forward to the next promotion!,2023-11-01 01:59:16,,edu66722,com.education.android.h.intelligence
b9fa4e52-15fa-44aa-af6b-3733d6ba0182,I'm passing chemistry with this app def supporting,5,0,2.3.1,2023-12-17 13:59:54,,,2.3.1,edu94476,com.cyberdavinci.gptkeyboard
e133303c-c833-44bf-9a09-bd02a9b7c4f3,very useful thank you itong apps ang nakatulong sa akin,5,0,1.51.0,2024-08-21 11:13:17,Salamat sa suporta! Natutuwa kami na nakatulong ang app sa'yo. Sana patuloy kang magtagumpay sa iyong pag-aaral gamit ang Gauth!,2024-08-21 13:01:02,1.51.0,edu75755,com.education.android.h.intelligence
99fc94a4-4b02-4855-8228-46d948fbf14d,Gives explanation Very good app,5,0,1.44.1,2024-04-20 07:54:00,,,1.44.1,edu50021,com.education.android.h.intelligence
5050e75f-5598-401d-8fd8-b12be42b90b3,It's strange I first downloaded this to help with some practice quizzes and felt too lazy to flip through a book. But I ended up learning more from here than the book itself. This app not only gives you the proper answer but also explains why that IS the answer and how to get the answer itself. 98% accurate from my own experience. Only ever miss one or two questions out of 50 to 60 questions tests.,5,1276,2.6.0,2024-06-02 12:22:29,,,2.6.0,edu8,com.qianfan.aihomework
d4ec98a1-0577-4a2e-b02b-1fa6a09d2e75,Very good app the all answers are perfect,5,0,1.48.0,2024-06-23 05:15:37,Thanks for your positive feedback! We're glad to hear that you're enjoying our app. Keep up the great work!,2024-06-23 07:00:34,1.48.0,edu43362,com.education.android.h.intelligence
80fe7c6e-ae4b-4db0-8964-398186cccd0a,so helpful getting me on top with know what I am doing wrong,5,0,1.55.1,2024-09-23 17:45:37,Thank you for the awesome feedback! We're thrilled to hear that our app is helping you understand what to improve. Keep up the great work and happy studying!,2024-09-23 18:00:34,1.55.1,edu38043,com.education.android.h.intelligence
f029ae5a-93ef-4a69-b278-310530dbbabb,best app ever it gives you explanation and answers so u can understand everything I love it like it is the best seriously,5,0,1.44.1,2024-04-25 17:00:17,,,1.44.1,edu36670,com.education.android.h.intelligence
30497302-a9d3-423a-993a-3c8bfa307e1d,Its my answer to EVERYTHING,5,0,2.1.4,2023-09-14 14:33:10,Thank you for using answer.ai! We're thrilled it's helping your school journey. Share it with your classmates too!,2023-09-18 17:22:48,2.1.4,edu96598,com.cyberdavinci.gptkeyboard
1c0817d9-85ad-4a34-81a7-a6689bd10adf,Maganda sya datipero ngun damn may bayad na para tumagal tapos paulit ulit Yun sinasabe katulad Nung nag ask Ako Ng first na Tanong na sagot nya pero Nung ask Ako Ng second question sinagot nya Yun same sa first na question ko putcha so I give 1,1,0,2.4.0,2024-05-03 22:03:32,,,2.4.0,edu19570,com.qianfan.aihomework
b9e69b9c-a56c-46d5-bbb0-6bdab28b6884,it's okay the answers ate usually right but you have to be very specific. and you only get to ask so many questions per day usually three. but there's an option to check in every day that gives you more questions to ask and you can let them build up.,3,4,2.5.9,2024-08-24 18:08:14,Thanks for the feedback! For more questions you can definitely use the daily check-in to earn more energy and keep asking! If you need any help or have more suggestions join our Discord community where were always ready to assist real-time support study tips giveaways and more!,2024-08-28 14:50:58,2.5.9,edu89591,com.cyberdavinci.gptkeyboard
6d13f2f1-966f-4713-87c5-ebdb39e7d107,this app Gauth gives me an A+ in my homework like it,5,0,1.39.0,2024-04-03 15:15:48,That's fantastic! We're thrilled to hear that our app is helping you excel in your homework. Keep up the great work and if you ever need further assistance don't hesitate to reach out.,2024-04-04 01:50:29,1.39.0,edu61941,com.education.android.h.intelligence
5a45c42e-79f9-4088-aea2-3d95d30011bb,BRING BACK THE 3 DAYS LOG IN = 1 TICKET AND 7 DAYS LOG IN = 2 TICKETS,1,0,,2022-04-03 23:24:04,,,,edu64450,com.education.android.h.intelligence
34d7d01d-7844-4bbf-969d-cd6c8ecfd2ff,it's very helpful I recommend it.,5,0,1.51.0,2024-08-24 04:32:03,Thank you for recommending Gauth! We're thrilled to hear that you find our app helpful. Keep up the great work!,2024-08-24 07:00:30,1.51.0,edu42472,com.education.android.h.intelligence
61bda7e8-bd2a-4031-8751-9b4dd28a445c,It's alive! Hahah finally after 10 apps this solved my question :D,5,0,2.3.1,2023-12-19 13:17:07,It's amazing to know that we are the solution you were looking for! If you have any further questions or need assistance feel free to ask. We're dedicated to assisting you and your classmates so please share answer.ai with them too!,2023-12-19 18:09:22,2.3.1,edu93474,com.cyberdavinci.gptkeyboard
8b54b23a-b56d-45be-ae4f-5b93263154f5,Doesnt work I tried and it gave me the wrong answer so I don't recommend it,2,0,1.46.0,2024-05-28 00:49:31,We apologize for the inconvenience you experienced. Your feedback helps us improve. Please contact us at support@gauthmath.com for further assistance.,2024-05-28 02:31:15,1.46.0,edu45611,com.education.android.h.intelligence
1f134111-a395-4d9b-9605-b69c5682f5fe,so good best for students. love these app. if only they could add like sketch or drawing for some answers it would be even more great,4,0,1.47.0,2024-06-11 13:42:38,We're thrilled to hear you're loving Gauth! Your suggestion for sketch or drawing features is noted. Stay tuned for future updates! Happy studying!,2024-06-11 16:01:16,1.47.0,edu32270,com.education.android.h.intelligence
79c0fb43-3db1-492d-9fbc-80b592b67f5b,Better app for preparation of logical questions,4,0,1.0.20,2024-08-09 23:04:10,,,1.0.20,edu103373,tech.hypatia.OpExamsQuestionsGenerator
4d4b1167-212f-418b-b05c-a84bb0999756,Best experience I've ever had with a math app,5,0,,2023-05-07 16:45:09,,,,edu53565,com.education.android.h.intelligence
167860ec-c670-43a9-a1f5-4a82fb8855fe,U make me download an app I dont want to just to see that the answer needs premium. Im not eleon musk what kind of money do you think I have. 31$ a month is crazy i would rather just get the answer wrong. I can watch netflix with ads for 7$ for anybody the answer in life is cheaper the better.,1,0,,2023-08-28 20:41:40,,,,edu34259,com.education.android.h.intelligence
3f02a645-44b5-45f2-b62d-ba086d9862a0,A great app it helps you understand the question and explain it to you,5,0,1.51.0,2024-08-24 09:42:03,Thanks for your feedback! We're glad to hear you're finding Gauth helpful in understanding and explaining questions. Keep up the good work!,2024-08-24 10:00:29,1.51.0,edu35892,com.education.android.h.intelligence
8c405db5-2407-4d84-962e-570b643dc19b,Just great for cheating,5,0,2.0.2,2024-01-22 18:21:16,,,2.0.2,edu15391,com.qianfan.aihomework
5e25d9b8-22b1-49a1-acb5-ae8fe16c0bf3,One of the best math apps I have used no constant adds and you don't have to pay for it to awnser certain question and you don't have a limited amount of question or problems your allowed to awnser,5,0,1.17.0,2023-08-31 20:27:28,,,1.17.0,edu40638,com.education.android.h.intelligence
229af937-7595-47a2-ac06-9729a2ced8fe,it does ur homework for u,5,0,1.46.0,2024-05-25 07:34:01,,,1.46.0,edu51487,com.education.android.h.intelligence
56912690-428e-4b98-9137-1f3442629990,Great work. Just makes my study less tedious and enjoyable,5,0,1.51.0,2024-08-15 23:05:04,Thanks for your positive feedback! We're glad to hear that Gauth is making your study less tedious and more enjoyable. Keep up the good work!,2024-08-16 01:00:56,1.51.0,edu75744,com.education.android.h.intelligence
63d9d908-c335-47b6-ae99-404c14a335be,honestly this app is amazing! no catch or anything just take a photo and it gives the answer!,5,0,1.40.0,2024-03-08 05:19:19,Thanks for your review! Please recommend our app to your friends and dont hesitate to shoot us a note at support@gauthmath.com if you have any questions.,2024-03-09 05:10:45,1.40.0,edu45065,com.education.android.h.intelligence
07704a1d-9a33-4e23-af7b-0ca91f3a06a3,The update sucks it used to give users many opportunities to get free tickets ie. 1 Invite= 3 or 2 tikets 1 check in= 1 ticket not its just all about the money. No more opportunities,1,0,,2022-04-26 05:10:30,,,,edu40768,com.education.android.h.intelligence
8d34caf7-b0a0-4bd5-a95d-656ba020663b,this helps with math and all other subject and it explains so try it out,5,0,1.56.0,2024-10-02 17:44:10,We're thrilled to hear that Gauth is helping you with math and other subjects! Keep exploring and learning with us!,2024-10-02 17:46:24,1.56.0,edu31166,com.education.android.h.intelligence
af94cf03-208a-4d26-9328-ec2e90e6547a,This is the first I found that actually works,5,0,1.4.0,2023-04-11 10:02:59,,,1.4.0,edu94926,com.cyberdavinci.gptkeyboard
42f19d90-a89b-49c6-a309-5ebb7b35c477,This app is very helpful to me,5,0,1.54.0,2024-09-01 10:42:44,Thank you so much for your kind words! Were thrilled to hear that our app is helping you. Keep learning and exploring with Gauth!,2024-09-01 11:00:20,1.54.0,edu44065,com.education.android.h.intelligence
5aa173ab-2d1c-4da0-8180-84b74ba7df56,It is so useful,5,0,1.8.4,2023-10-18 23:29:34,,,1.8.4,edu15286,com.qianfan.aihomework
0bfdd107-732f-48f5-bad1-96406abf5275,IT'S SAVING LIVES I TELL YOU I HAVE BEEN USING THIS FOR AROUND 2-3 MONTHS AND IT HAS BEEN SAVING MY MATH GRADES FOR THE PEOPLE WHO SAY YOU HAVE TO PAY TO GET YOUR TICKET ANSWERS I JUST WANT TO LET YOU KNOW THAT YOU CAN SHARE THE APP AND YOUR FRIENDS OR WHOEVER CAN PRESS YOUR LINK AND YOU WILL BE GETTING FREE TICKETS I love you Gauthmath,5,0,,2023-04-06 16:33:48,,,,edu59717,com.education.android.h.intelligence
a328ff41-5708-4a49-958b-e1af4c0f4e11,Awesome app helped me ace my math test,5,0,2.0.4,2024-01-25 20:36:03,,,2.0.4,edu12398,com.qianfan.aihomework
3814a426-83ff-455b-a43d-9a52ac6b2111,Why are showing adverts over my search? Nonsense,1,0,2.8.6,2024-08-15 21:08:23,,,2.8.6,edu1419,com.qianfan.aihomework
5f4f3333-1b06-4923-a26a-fed2608a08ba,It's one of the best a.i app so far,5,0,2.2.6,2024-04-25 16:41:17,,,2.2.6,edu11763,com.qianfan.aihomework
d3493a69-1511-4fef-960c-a81714434a23,It doesn't always give me the right answers I have to have the plus,2,0,1.44.1,2024-04-22 15:34:24,Hello did your problem get resolved? If not we are here to help you! Please do let us know at support@gauthmath.com.,2024-04-23 03:17:54,1.44.1,edu46750,com.education.android.h.intelligence
3f037a5e-5072-4d51-a017-10fed1389bfe,this site is a very effective and helpful one,5,0,1.51.0,2024-08-12 08:17:38,We're thrilled to hear that you find our app effective and helpful! Thank you for your support! Keep learning with Gauth!,2024-08-12 10:01:09,1.51.0,edu37308,com.education.android.h.intelligence
fcc242d4-9cf3-482a-8909-e80c29c39c2e,terrible at translating clear handwriting,1,0,1.51.0,2024-08-11 11:29:42,We're sorry to hear about your experience. Please email us at support@gauthmath.com with more details so we can improve. Thank you for your feedback.,2024-08-11 13:00:45,1.51.0,edu35848,com.education.android.h.intelligence
bf7a8db8-9c99-4e33-b0d5-df5004e042fc,So good it helps a lot,5,0,1.56.0,2024-10-04 13:55:24,We're glad to hear that Gauth has been helpful to you! Keep up the great work and feel free to reach out if you need any assistance.,2024-10-04 14:00:23,1.56.0,edu38750,com.education.android.h.intelligence
0b4dabf8-7fd1-4a21-83d1-6b0e95dc6535,Great app tells me step by step how to solve and gives the right answers,5,0,2.0.2,2024-01-22 18:57:02,,,2.0.2,edu9966,com.qianfan.aihomework
b82f02c1-f473-43c3-a8fa-6649d82ef3f9,This app is probably the most garbage out of all the ais on the market right now it has a 60% success rate and apparently can't answer multiple choice,1,0,,2024-03-26 09:16:21,We apologize for the inconvenience. Can you be more specific please so that we can identify the issue? Don't hesitate to reach out to us at support@gauthmath.com.,2024-03-27 03:04:01,,edu44691,com.education.android.h.intelligence
716ff5ea-ee36-47b3-b703-d5698973d699,It's really good except it keeps making a mistake on 463 times. 3 and think it's 463 times 31.,4,0,1.54.0,2024-09-08 19:08:46,We're glad you find Gauth helpful! Please double-check the input to ensure accuracy. If you need further assistance feel free to reach out to us at support@gauthmath.com.,2024-09-08 20:00:23,1.54.0,edu30100,com.education.android.h.intelligence
0625b660-42bf-48e2-a640-98b32e785674,very good app very helpful,5,0,1.56.0,2024-10-05 01:03:34,Thank you so much for your kind words Were thrilled to hear that you find our app helpful Keep enjoying your learning journey with us,2024-10-05 01:15:18,1.56.0,edu38683,com.education.android.h.intelligence
2d49e9f2-56cf-4c6a-be64-b5a07098e080,It's really nice to have this kind of appreciation it helps me do may homework easier. Thank you so much for creating this wonderful app!!.,5,4,1.7.0,2023-10-04 10:51:20,,,1.7.0,edu3881,com.qianfan.aihomework
e8400ec9-96e9-4b2a-afec-966829d4ccce,the best out of them all I recommend you downloading this app then when your tickets finish just clear all data then they are all back,5,3,1.8.15,2024-04-04 13:21:54,,,1.8.15,edu102675,br.com.iastudio.ajudaai
04b8c73a-2473-45d0-99b2-957c339c9bdd,It was better when I could get 40 questions for free but now they changed it to 10 which is pretty much nothing so downloading this is pointless,2,0,2.9.2,2024-09-23 18:53:32,We appreciate your product recommendations and will review them closely.,2024-09-24 05:10:14,2.9.2,edu275,com.qianfan.aihomework
28aea4d8-e61a-48ee-8923-b10cd03da112,This really helps me out!,5,0,1.8.1,2022-04-04 03:37:34,,,1.8.1,edu61237,com.education.android.h.intelligence
20f4deb3-c681-4dc1-9a47-cd4ec3c0f222,I mean it's alright. sometimes the answers they give me arenta correct,3,0,2.0.4,2024-03-17 19:25:46,,,2.0.4,edu9787,com.qianfan.aihomework
e904f1d7-18e3-4988-a2f2-727bdccfc091,It's fast to answer and has a variety of choices if you want to do math Chem or phy etc. it also doesn't need too strong of a connection,5,0,2.1.4,2024-03-27 05:27:51,,,2.1.4,edu3822,com.qianfan.aihomework
17fd23aa-c269-4ce2-b651-31a39668bb22,you should keep on showing different methods but fact you are doing great to extent am able so solve maths on my own keep it up,5,0,1.46.0,2024-06-03 02:15:36,Thanks for your positive feedback! We're glad you find our app helpful. Keep exploring different methods to master math concepts independently. Your success motivates us!,2024-06-03 04:01:08,1.46.0,edu34031,com.education.android.h.intelligence
c55ee7e6-bd2f-463e-996a-b7a78957b572,I used two tickets to get the answer! But the tutor don't solve my question! Burn my two tickets! Give me back my two ticket!,1,0,1.6.2,2022-03-14 05:47:52,,,1.6.2,edu56525,com.education.android.h.intelligence
742d1086-830f-47e4-a4dc-804c22351f9f,It really one of the helpful thing for those student who fell math is hard it hepl to solve math problem easily and clearly,5,0,1.9.0,2022-05-22 06:45:52,,,1.9.0,edu47040,com.education.android.h.intelligence
385f305a-a07c-4fc0-87bc-a7788bddccff,Wow hoewver made this is a geuines! Thanks to you i can now easily solve my problems!,5,0,1.51.0,2024-08-09 07:34:10,Thank you for the genuine feedback! We're thrilled to hear that Gauth has been helping you solve problems easily. Keep enjoying learning with us!,2024-08-09 10:00:54,1.51.0,edu35770,com.education.android.h.intelligence
c207f89a-ced0-4b43-b521-b223ec48d30a,This app is ok the only thing I always complain about is because it has a limit. I hope you update it to have no limit because we can continue to search in that app without limitation.,3,0,,2023-04-25 10:01:46,,,,edu90285,com.cyberdavinci.gptkeyboard
06cbc5f1-0ca2-4534-8cb8-96bb68444d45,this works great and is my favorite Homework Ai so far,5,0,1.55.1,2024-09-22 20:08:25,We're thrilled to hear that Gauth is your favorite Homework AI! Keep up the great work and let us know if you need any help.,2024-09-22 20:30:27,1.55.1,edu33969,com.education.android.h.intelligence
ff139593-088d-4bd5-b170-f1261974a985,Very nice app and it got all my questions correct,5,0,1.5.1,2023-08-23 17:12:33,,,1.5.1,edu9235,com.qianfan.aihomework
fa36f221-45f2-4dcc-9d92-5bcb3f9ed3ea,Its good application for students,5,0,1.7.1,2023-05-15 18:51:27,,,1.7.1,edu93972,com.cyberdavinci.gptkeyboard
2def5185-f37f-49c6-883d-1f580dfc2802,I love this app it helps so much,5,0,1.39.0,2024-02-08 11:55:57,,,1.39.0,edu61803,com.education.android.h.intelligence
4bb1073b-0cda-4dc3-9be0-c4220678bdd8,Helped me with late night homework ilysm gauth ai ur my new pookie x,5,0,1.49.1,2024-07-08 16:05:49,We're thrilled to be your study buddy! Keep up the great work with Gauth. Let us know if you need any help!,2024-07-08 19:00:37,1.49.1,edu61345,com.education.android.h.intelligence
6b472d70-4b9b-4bae-9c1e-71f83bce9165,Its great! The help is amazing just one issue its the subscription that it asks for you to buy as soon as you download.,5,1,1.32.0,2023-10-13 20:28:33,,,1.32.0,edu44766,com.education.android.h.intelligence
dacb61ef-b805-4098-a31b-881d765fff99,Really helpful wish to have UNLIMITED ANSWERS! This is saving my life right now my grades are so bad at the moment and this is actually helping unlike other apps 10/10 recommended!,5,0,2.2.9,2024-04-29 11:20:57,,,2.2.9,edu651,com.qianfan.aihomework
304e831b-c003-42c9-b59d-385e98d5f7e7,THough gives limited it's alright it saves your Works in history and let you copy the reply,5,0,1.9.0,2023-06-13 20:20:03,We're grateful that you're using answer.ai! Join us in expanding its reach by sharing it with your classmates!,2023-06-14 15:55:53,1.9.0,edu91425,com.cyberdavinci.gptkeyboard
0db5aaeb-ef41-4483-a3e3-54e21573401d,it's so good that can help me with My school Thanks!,5,3,1.34.0,2023-11-29 17:39:40,,,1.34.0,edu56180,com.education.android.h.intelligence
2e983c9a-2717-48e3-aa91-7ad067c1967d,It's a good app to use but it keeps trying to get me to buy or pay for usage when it's supposed to be free,5,0,2.8.2,2024-07-31 21:44:37,,,2.8.2,edu559,com.qianfan.aihomework
98210b61-a0ba-4882-81b4-1507efaf2982,Verry nice to solve and smooth download now Question.AI,3,0,2.1.0,2024-02-13 08:41:39,Hi there if you've had a great experience with our app we'd be thrilled if you could take a moment to leave a 5-star review on the App Store or Google Play. Your positive feedback is the best gift for our team.,2024-02-18 22:02:02,2.1.0,edu10691,com.qianfan.aihomework
c6c86558-6e3b-4104-a52b-a26beacf14fb,Its very helpful to my assignments,5,0,1.7.0,2023-10-17 03:38:18,,,1.7.0,edu12520,com.qianfan.aihomework
aa6864dd-c198-40a3-a7a1-52d555d9f15a,This is a help application. . i hope in the future it will not replacw the programer in the coding and cyber security officer specialist,5,0,1.9.6,2023-11-25 19:57:02,,,1.9.6,edu4957,com.qianfan.aihomework
d21c6130-6286-4cbe-aff8-49aeaa11d217,This app is amazing,5,0,,2024-10-01 13:25:18,Thank you for the love! We're thrilled to hear youre enjoying the app. Keep rocking your learning journey with us!,2024-10-01 13:30:23,,edu87420,com.education.android.h.intelligence
dbf6623a-7d8a-4b0b-901b-a2a2874a8b5d,this app is really help in my studies my half load of my studies is gone,4,0,1.49.1,2024-07-05 11:19:51,We're thrilled to hear that Gauth has lightened your study load! Keep up the great work! #StudySmarter,2024-07-05 13:00:29,1.49.1,edu48747,com.education.android.h.intelligence
81ba625e-a973-4882-a1f1-639d6ccdf664,But remove the pro ads,5,0,1.32.0,2023-10-11 02:17:45,,,1.32.0,edu64816,com.education.android.h.intelligence
7661f024-bb3c-4df6-a699-1955091a2499,It's very good it will help us learners a lot with our sba,5,0,1.45.0,2024-05-02 04:53:00,,,1.45.0,edu41238,com.education.android.h.intelligence
4723a784-69f7-4b73-99da-30fe1fd38413,I love this app so much it writes essays about anything you want and it answers any questions you have,5,0,2.1.0,2024-02-15 18:21:07,,,2.1.0,edu8183,com.qianfan.aihomework
dca909ee-c64c-4833-b578-32301428951c,Tbh this used to be my favourite math app to use.. but lately its saying theres no answer and to use a ticket to literally every question i scan.seems like with the latest update they are begging to make the most of tickets(which is really hard to get) i dont like it as much now.. i really hope you can fix this app,2,1,1.9.0,2022-05-07 13:49:44,,,1.9.0,edu37005,com.education.android.h.intelligence
5686bf1c-3aad-4e1a-9560-ad344b191704,Omg this app help me soooo muchh I love this app thanks for this app!!!!,5,0,1.5.9,2022-01-26 06:15:15,,,1.5.9,edu60465,com.education.android.h.intelligence
02eb9ad5-93ad-4788-ba7a-cf7f546048ed,Tell me why I needed help on my math work and it explains me in every and it gives you this is not no joke you do not have to pay you do not need to pay know nothing get this app right now if you need!!!!,5,0,2.0.0,2024-01-12 12:43:38,,,2.0.0,edu7180,com.qianfan.aihomework
2bc26ee0-280f-45e7-839b-3f37a3199775,It helps with everything and I have had it for 2days already and am in love it's a must try app,5,1,2.1.3,2023-09-06 23:22:28,Thank you so much for relying on answer.ai! We're happy to know it supports your school journey. Help us reach more students by sharing answer.ai with your classmates!,2023-09-07 11:56:05,2.1.3,edu92130,com.cyberdavinci.gptkeyboard
0d0a5b9a-055d-400b-869f-582459a5ebbf,saved me in calc and stats,5,0,2.6.0,2024-09-03 11:37:55,,,2.6.0,edu91109,com.cyberdavinci.gptkeyboard
2d21c06f-6e8f-4c44-b02f-9250cee0aae1,This is best for solving questions,5,0,1.47.0,2024-06-15 14:12:09,Thanks for the awesome feedback! We're glad you find Gauth helpful for solving questions. Keep up the great work!,2024-06-15 16:00:21,1.47.0,edu49485,com.education.android.h.intelligence
073ceec6-60ba-4fd5-bb1b-96201d1f6378,The best of all because it can read my handwriting,5,0,1.56.0,2024-10-06 06:34:36,We're glad you enjoy the handwriting feature! Keep exploring more tools on Gauth to enhance your learning experience. Happy studying!,2024-10-06 06:45:36,1.56.0,edu33445,com.education.android.h.intelligence
b52b13c9-a47f-4e30-993a-5f6439af0f9a,so far it's been good for maths,4,0,1.56.0,2024-10-08 04:43:39,Thanks for the awesome feedback! We're thrilled to hear you're enjoying your math journey with us. Keep up the great work and lets keep learning together!,2024-10-08 04:45:17,1.56.0,edu37227,com.education.android.h.intelligence
5c1f272f-85db-45d3-924f-e75184df39c8,I like it because it gives accurate and understandable answer,5,0,1.53.2,2024-08-27 01:13:45,Thanks for your feedback! We're glad you find our app helpful with accurate and understandable answers. Keep up the good work!,2024-08-27 02:00:16,1.53.2,edu32103,com.education.android.h.intelligence
974d8ecd-f5aa-49de-943e-053e1d44feb2,This app is good it's helping us Lalo na saming mga student it's help us a lot,5,0,2.1.1,2023-08-29 15:54:19,Thank you for choosing answer.ai! We're overjoyed to know that it's positively impacting your journey. We're committed to aiding you further. Spread the word about answer.ai among your classmates too!,2023-08-30 08:20:52,2.1.1,edu93383,com.cyberdavinci.gptkeyboard
2a3abd85-3d9c-4205-b27c-97596388c5fe,This ai is the best,5,0,1.46.0,2024-05-20 22:58:56,,,1.46.0,edu60438,com.education.android.h.intelligence
850bb978-dd07-4887-b1b1-6e22778cc736,I just used it it is the best.it gives you answers quick and best of all bearly any ads.my homework usually takes me about 2 hours but now it takes me 5 minutes. This is Good so now I can go play outside with my football for even longer,5,1,1.40.0,2024-02-29 14:47:53,We are pleased that you enjoyed the app. If there is anything we can do for you just let us know at support@gauthmath.com! Have a wonderful day!,2024-03-02 00:05:10,1.40.0,edu40136,com.education.android.h.intelligence
d9a82e41-fc79-4980-a2a2-a5c1b744c180,IT LITERALLY HELPED UNDERSTAND A LOT AND HELPED I RECOMMEND,5,0,1.46.0,2024-05-28 23:27:01,Thanks for recommending us! We're thrilled to hear that Gauth helped you understand better. We're here to support your learning journey! Happy studying!,2024-05-29 00:57:42,1.46.0,edu48007,com.education.android.h.intelligence
a701de00-aaa9-461a-982e-f07f140a9989,You need to pick a example of you questions first to get the right answer it would work,5,0,2.0.1,2023-06-18 15:32:15,Thank you for using answer.ai! Share it with your classmates!,2023-06-19 16:06:00,2.0.1,edu94620,com.cyberdavinci.gptkeyboard
a732b94b-f5cd-41ea-aea1-350f3ba8983c,It would be nice if their response lened more towards the scientific side of things,4,0,1.9.16,2024-01-02 00:22:09,,,1.9.16,edu5482,com.qianfan.aihomework
43f37442-5eb9-4df7-9c9d-dd08201b5de7,Photomatix isn't working for some reason that's y I'm using this,5,0,2.4.0,2024-05-15 19:02:34,,,2.4.0,edu3374,com.qianfan.aihomework
70c612f2-b7a2-4cfc-ac80-b66667c3f3bc,nice app!just like google bit straight to the point i like it,5,0,1.8.4,2023-10-14 19:01:04,,,1.8.4,edu10004,com.qianfan.aihomework
f157cd51-e328-4182-b3ed-a0316cd802b7,It helps me to write my home work since grade 8,5,0,1.48.0,2024-06-26 15:12:46,Thanks for sharing! We're glad to hear that Gauth has been helpful for your homework since 8th grade! Keep up the good work!,2024-06-26 19:01:02,1.48.0,edu49719,com.education.android.h.intelligence
58df77f6-7b79-4bf1-b429-5bbcf782d6e4,It is very helpful.Thanks a lot for creating an app like this.,5,0,2.4.0,2024-05-13 17:07:39,,,2.4.0,edu3518,com.qianfan.aihomework
066eebd0-746a-4e26-87b6-8516481f7b4d,I just started using this but it is better than question. Ai!,5,0,2.6.1,2024-09-17 22:08:31,,,2.6.1,edu90143,com.cyberdavinci.gptkeyboard
6950cebe-7d6e-4112-b2b9-62e8329cdffb,One of the best app for Math homework or math in general. The thing that make this app more cool is that almost everytime an ai make a mini-video that explains how to solve it! (Not everytime but like I said before almost) I don't know why some persons are telling that this app is not a good one. Well if u don't belive me just give it a shoot is free to dowload so why not! Maybe the only bad thing is that now you have limited ads every day (for don't pay the subscription).,4,53,1.14.0,2022-09-27 17:51:51,,,1.14.0,edu34224,com.education.android.h.intelligence
b655184c-107f-442b-97ef-a19839b2fd7a,I love this app so much this deserves 5 stars I really appreciate the help u give me gauth and thank you sooooo much,5,0,1.51.0,2024-08-15 14:14:08,We appreciate your kind words! So glad we could help you! Keep shining with Gauth! #StudySmart,2024-08-15 16:01:04,1.51.0,edu35723,com.education.android.h.intelligence
f1b8b02d-41e7-4706-92d7-ca175fd8b6d9,helpful for when I'm stuck on problem :),5,0,1.45.0,2024-05-09 16:52:11,We are pleased that you enjoyed the app. If there is anything we can do for you just let us know at support@gauthmath.com! Have a wonderful day!,2024-05-10 05:38:46,1.45.0,edu48295,com.education.android.h.intelligence
94b9284a-3fcf-4b52-b9b0-333c5f342d45,"Whenever I need a answer its always say "" Sorry we can't solve it yet"" I need a proper answer.",1,0,1.14.0,2022-09-22 02:34:28,,,1.14.0,edu52107,com.education.android.h.intelligence
791af196-75e0-4321-b92a-49818590cf59,So good really. I only use this for my math homework.,5,0,1.9.10,2023-12-08 20:34:38,,,1.9.10,edu8769,com.qianfan.aihomework
5682e10b-cf56-4391-a1f5-48eb08640f92,best app I've found for this yet!,5,0,1.22.0,2023-05-09 10:42:28,,,1.22.0,edu61247,com.education.android.h.intelligence
81746488-f124-4e24-8270-61e196d5592e,It really useful it helped me a lot it helped me to paraphrase the idea that I asked and also I want to say thank you for all your help Answer Al,5,0,1.5.0,2023-04-24 05:45:35,,,1.5.0,edu91029,com.cyberdavinci.gptkeyboard
3697e3a7-2f42-4ddc-aefc-46216322e525,Another horrible money hungry app.,1,0,,2023-05-24 14:24:22,,,,edu61209,com.education.android.h.intelligence
7e29f0d0-a1eb-4db0-858a-f40263fa5595,I really helped me with my homework problems,5,0,1.54.0,2024-09-18 14:46:01,Thanks for sharing your positive experience! We're glad to hear that Gauth has been helpful with your homework. Keep up the good work!,2024-09-18 15:00:23,1.54.0,edu74433,com.education.android.h.intelligence
d8fc384f-2755-4527-a9d8-fa2436063412,I have been using this app for about a year now. It is very helpful. However it is good to know you can only ask (I think it was) 10 questions every 24 hours. I paid for unlimited questions and it was 100% worth it. I havent got a single ad (yet) while having the app. It gives you the answers in both simplified and modifed versions. It also explains the answer. Perfect for hard or last minute school work.,5,702,2.3.9,2024-02-08 16:10:40,Were delighted to hear that our app has been so helpful for you over the past year! If you have any success stories or experiences to share about how our app has made a difference for you wed love to hear them! Please contact us at support@answerai.pro for a chance to win a special prize .,2024-07-22 15:33:12,2.3.9,edu89576,com.cyberdavinci.gptkeyboard
249c51b8-3e10-4da1-82fc-d5c87232b17a,I love this app I really am getting my grades up especially when your on vacation and dont wanna do work but don't want your grades low.this is the perfect app for help.,5,0,1.54.0,2024-09-19 12:19:31,Thanks for sharing your positive experience! We're thrilled to hear that Gauth is helping you improve your grades even while on vacation. Keep up the great work!,2024-09-19 13:00:48,1.54.0,edu29960,com.education.android.h.intelligence
cd1e943a-4979-4487-9d06-c58f790b3772,Very good Helped with many quations not only maths but other subjects aswell I highly recommend for everyone and anyone Love it Gives u the way to anwser aswell and also has ai cheating tool in it to help if any further question,5,0,1.56.0,2024-10-08 18:15:16,We're thrilled to hear that Gauth is helping you in various subjects! Remember our app is designed to assist with learning efficiently. Keep acing those questions! #studybuddy,2024-10-08 18:30:23,1.56.0,edu29677,com.education.android.h.intelligence
9c4d3aa6-04d0-4bf4-80ab-849752b5088e,It's free and it have the true answers so try this app,5,0,2.8.2,2024-07-31 04:00:40,,,2.8.2,edu2838,com.qianfan.aihomework
e301f4a9-bb06-4057-8cc6-d9c8af290e66,it useful very good gauth math thanks for the answer,5,0,1.45.0,2024-05-07 04:32:53,,,1.45.0,edu43631,com.education.android.h.intelligence
53933e3a-c823-499c-90d8-c9d2096c31db,an amazing app though I'm just using it for the first time,5,0,2.1.4,2024-03-19 05:36:42,,,2.1.4,edu10593,com.qianfan.aihomework
e83bfc12-ea41-4f08-a2b7-c1eb9f79af1a,It was really helpful and easy to use,5,0,,2024-10-02 10:08:03,Thank you for your positive feedback! We're glad to hear that you found Gauth helpful and easy to use. If you have any suggestions for improvement feel free to let us know!,2024-10-02 10:15:20,,edu49290,com.education.android.h.intelligence
f636914e-4ef6-41a4-9d45-d1f1b9fce45a,Very useful helpful as you study anything,5,0,2.7.3,2024-06-29 06:56:14,,,2.7.3,edu18618,com.qianfan.aihomework
a95f0308-0c63-43a1-9e3b-c0288717757e,Helps me a lot,5,0,2.1.0,2024-02-27 12:24:27,,,2.1.0,edu16799,com.qianfan.aihomework
16113d93-d620-4e7c-bdca-8429a9c8861b,Love this always make my grades up and high score everytime I used this,5,0,1.9.10,2023-12-17 08:04:16,,,1.9.10,edu7954,com.qianfan.aihomework
c30684fe-6394-4d25-90b3-f8f9109302c0,Gauth is a good app it's helpful for projects and other educational things,5,0,1.54.0,2024-09-12 12:25:49,Thanks for your feedback! We're glad you find Gauth helpful for your projects and education. Keep exploring with a !,2024-09-12 13:00:32,1.54.0,edu74386,com.education.android.h.intelligence
c999777b-5bd0-48f1-882b-daa3137ce57f,Best. App ever it even talks indeginous language from Zimbabwe OMG!!!!!!!!,5,0,1.49.1,2024-07-08 13:53:41,Thanks for the awesome review! We're thrilled you're enjoying our app's features including indigenous language support. Keep exploring and learning with us!,2024-07-08 16:00:46,1.49.1,edu36927,com.education.android.h.intelligence
6c7d07c5-4fb4-441a-b8ce-c34d895ed0a8,Infact this app is really amazing. You can just ask every questions you want it will bring the answers successful within five seconds.,5,1,2.1.0,2023-08-24 20:38:15,We want to express our gratitude for your usage of answer.ai. It brings us immense joy to know that it's assisting you in your educational endeavors. Please help us extend our support by sharing answer.ai with your classmates too!,2023-08-30 07:43:13,2.1.0,edu90986,com.cyberdavinci.gptkeyboard
9914f758-c90d-49fc-9d1f-6675367f6e99,very wonderful in solving and analyzing questions.,5,0,1.56.0,2024-10-01 05:43:45,Thank you for sharing your positive experience! We're glad to hear that you find our app helpful in solving and analyzing questions. Keep up the great work!,2024-10-01 05:45:12,1.56.0,edu32470,com.education.android.h.intelligence
8bacc1fd-77a1-416b-8756-e0c41d007f50,It has made learning easy for me and understandable especially mathematics. It's a nice app,5,0,2.5.1,2024-05-25 10:12:02,,,2.5.1,edu916,com.qianfan.aihomework
04689c5b-02b8-4bcb-a686-4576aff23a23,I love it I recommend this application. I thank and congratulate the creator of this great application,5,0,1.39.0,2024-02-12 18:48:06,,,1.39.0,edu54526,com.education.android.h.intelligence
759725e5-dda8-40a7-9b4c-ef93cee6c1fc,This app gives you answers with explanations most of the time the answer are right also which helps with the explanations But from what i notice sometimes when i go to use the app it says that they cant solve the questions when i know it can because it has solve the questions before it has done this twice and i dont know how to stop it from doing it but other than that the app is good with helping you study and understand better.,4,4,1.51.0,2024-08-15 14:30:18,Thank you for your detailed feedback! We apologize for the inconvenience you experienced. Please contact us at with more information so we can investigate and improve. We're glad to hear the app is helping you study!,2024-08-15 16:01:00,1.51.0,edu29509,com.education.android.h.intelligence
4e942e1b-8a39-4e00-956d-8e696da72fe9,This apps is really amazing because it help me everything,5,0,,2024-05-01 04:53:07,,,,edu8179,com.qianfan.aihomework
14097900-bd18-4116-91e6-99674d3dc1e3,o melhor ajudante de deveres de casa que eu j vi pena q eu s descobri quando j tava acabando a escola kkkkkk de vez em quando ele d umas respostas contraditrias mas (pelo menos na minha experincia) isso BEM raro. eu adoro o fato de q ele resolve questes de qualquer matria no s matemtica. eu pessoalmente tinha dificuldade em qumica e n tinha nemhum app pra me ajudar a esse aqui surgiu como um anjo. recomendo demais pra quem t estudando especialmente no ensino mdio,5,0,1.9.12,2023-12-17 20:22:21,,,1.9.12,edu25987,com.qianfan.aihomework
9e5df3d3-a76b-4133-96eb-b65e7686633d,I love this app this app has helped ne so much this app helps me a lot,5,0,,2024-09-23 10:57:05,,,,edu91862,com.cyberdavinci.gptkeyboard
c9852f16-4920-46f4-923f-3abb6ab141eb,Its accurate and fastest app solving maths chemistry and physics problem,5,0,1.46.0,2024-05-26 09:43:10,,,1.46.0,edu36869,com.education.android.h.intelligence
f81f7803-fcf1-4d35-b69b-10d6418719c0,It's been slow ever since it has been updated and getting tickets is a hasle compared to the older version,4,4,1.17.0,2023-02-06 12:39:29,,,1.17.0,edu45028,com.education.android.h.intelligence
04d44874-45a3-4442-a519-54cf4e262a4f,nakaka tulong ito para sa mga assignment,5,0,1.9.11,2023-12-10 08:55:06,,,1.9.11,edu26411,com.qianfan.aihomework
a9e95125-78ad-4be4-bf50-79e48edb877f,It's very reliable. Recommended,5,0,2.2.0,2024-03-23 22:10:19,,,2.2.0,edu21698,com.qianfan.aihomework
f0a09360-f16c-4abd-8e95-d7d80fcfc40d,It turned out way better than I thought it would be it's not perfect. I do have to use a graphing calculator occasionally but I have no complaints I'm actually paying the subscription.,5,3,1.51.0,2024-08-03 16:09:15,We're glad to hear you're enjoying Gauth! Remember we're here to support you with any questions on graphing. Happy learning!,2024-08-03 19:00:32,1.51.0,edu29860,com.education.android.h.intelligence
d1924a64-b2af-4b7d-9d72-6b1f04ce0986,This is very helpful for students,2,0,1.56.0,2024-10-03 18:55:27,Thanks for the positive feedback! We're glad to hear that Gauth is helpful for students like you. Keep up the great work!,2024-10-03 19:00:18,1.56.0,edu33949,com.education.android.h.intelligence
29e36639-ecd6-476b-a8c7-c09fb0788594,It's real this helped me graduate highschool 10000% recommend,5,0,1.44.1,2024-05-01 13:21:26,,,1.44.1,edu45909,com.education.android.h.intelligence
87159308-2737-44d3-ba8e-63abdf3a092b,I have been trying to log in but it ain't working pls fix it now,1,0,2.2.4,2023-11-14 13:31:56,We're sorry to hear about your experience. Please contact our support team at support@answerai.pro and we'll assist you further.,2023-11-16 12:45:23,2.2.4,edu92489,com.cyberdavinci.gptkeyboard
6dd15389-9206-4d77-b536-a1cc1d935ca7,It very useful im so thinkfull in this app.,5,0,1.7.0,2023-09-26 01:21:12,,,1.7.0,edu13272,com.qianfan.aihomework
1081a286-b60e-4bb6-9882-d7037b219c05,This app used to be great before .but now we have to wait for hours to get answer and wait for 7 days to get a ticket .this is time waste and they should solve this fast if they want to make it a good app . Also ads pop out continuosly .,2,2,1.9.0,2022-05-14 11:40:17,,,1.9.0,edu37514,com.education.android.h.intelligence
1be89977-bb1d-4205-bf94-5e9da2678cce,This app is honestly the best. Helps me a lot with school work and it deserves more recognition,5,0,2.5.8,2024-08-15 16:48:26,,,2.5.8,edu89697,com.cyberdavinci.gptkeyboard
7e240c65-8808-4f9a-a5bb-c629ed0d951a,Why always use ticket to see the answer? Plss remove it because it is so very distracting to the user!,1,0,,2022-09-02 20:41:34,,,,edu55385,com.education.android.h.intelligence
f441ca05-c7ed-464f-a3a6-dd058e12d454,This is the best app Ai I've seen so far. Brings out your answers within seconds,5,0,2.1.0,2024-02-22 01:27:20,,,2.1.0,edu8196,com.qianfan.aihomework
2c70c023-ceb2-4775-82e6-23aabebd747b,It is a very ez to use what are you waiting for?? download it!!,5,0,,2023-11-16 21:50:27,,,,edu93681,com.cyberdavinci.gptkeyboard
7264a50e-f3e0-4f2c-9184-04591867795c,Bad app they are saying to get the Gauth tickets then they give the answer that is why i don't like the app GauthMath,2,0,,2023-06-08 00:06:32,,,,edu55346,com.education.android.h.intelligence
2a7697ee-8157-41a2-b0f1-7e9783dd799c,Kadang jawabannya suka salah,4,0,2.0.4,2024-03-11 07:23:15,,,2.0.4,edu24380,com.qianfan.aihomework
171181c0-10d1-4860-8e24-6f79abed0356,It can't do ratio,1,0,,2024-04-16 16:08:40,Thanks for your understanding. Were taking immediate action to address the issue and ensure accurate responses.,2024-04-18 03:19:36,,edu14373,com.qianfan.aihomework
18999d69-09ef-434c-8c00-fb8690f11284,I like this app very much It is very helpful for me,5,0,1.33.0,2023-10-30 10:22:03,,,1.33.0,edu57632,com.education.android.h.intelligence
93e8945e-8549-4c9a-9694-1e744e578c84,It's the best app ever All you have to do is scan the paper and it will show you the answers and it's kind of like a teacher That's teaching you.,5,0,1.54.0,2024-09-17 20:59:45,We're thrilled to hear you love Gauth! Scanning papers is an efficient way to learn with us. Keep up the great work!,2024-09-17 21:00:16,1.54.0,edu29957,com.education.android.h.intelligence
e7225b6d-8a5f-4645-9c35-b96f8b2655ee,I love this app because it got me to an 85 into 100,5,0,1.55.1,2024-09-30 15:45:57,Thanks for your kind words! We're thrilled to hear about your progress. Keep up the good work!,2024-09-30 16:00:31,1.55.1,edu35283,com.education.android.h.intelligence
52c8060e-e5fb-47df-8e8c-381989fd2693,Performance is very good,4,0,2.0.1,2023-06-12 02:26:13,Thank you for using answer.ai! Don't forget to spread the word to your classmates!,2023-06-12 14:18:41,2.0.1,edu93920,com.cyberdavinci.gptkeyboard
31f6921e-ddbd-4d76-87c0-aafd57c503df,Now it doesn't work accurately.,3,0,2.5.1,2024-05-21 05:21:06,,,2.5.1,edu6827,com.qianfan.aihomework
a173d163-ca15-4b28-9a06-48c497ebbe49,I cannot get answer fast sometimes,3,0,1.30.0,2023-09-05 05:07:50,,,1.30.0,edu63646,com.education.android.h.intelligence
24ff03a5-bb36-40df-8538-cb1c48c31c06,I love this app! It's so easy to use and it and it answers all my maths problems. I don't see anything that needs to be improved. Really nice app!,5,3,1.17.0,2023-02-05 12:34:12,,,1.17.0,edu44815,com.education.android.h.intelligence
096f3fec-c4aa-4d0e-8314-dda67244508d,a great app that provides great solutions I love it,5,0,1.54.0,2024-09-15 12:42:32,We're thrilled to hear that you're loving Gauth! Thank you for the positive feedback! Keep enjoying learning with us!,2024-09-15 13:00:20,1.54.0,edu74398,com.education.android.h.intelligence
7be76553-9e73-46c0-a206-4e478be8bc51,This app has a really nice calculator good explanations and overall is better than most apps in similar genre.,5,0,1.42.1,2024-04-12 20:49:33,We are pleased that you enjoyed the app. If there is anything we can do for you just let us know at support@gauthmath.com! Have a wonderful day!,2024-04-13 09:59:58,1.42.1,edu45030,com.education.android.h.intelligence
6f394286-7813-4146-9842-8258b766b887,This is awesome so good and helps me alot on stuff I'm stuck on,5,2,2.1.1,2023-08-29 16:25:13,We want to express our gratitude for your usage of answer.ai. It brings us immense joy to know that it's assisting you in your educational endeavors. Please help us extend our support by sharing answer.ai with your classmates too!,2023-08-30 08:20:30,2.1.1,edu92926,com.cyberdavinci.gptkeyboard
37d2c6bc-1d07-4355-9e88-ef368d0474d7,It a lovely app and use for help me out with my homework to understand more about the information,5,0,2.5.2,2024-06-17 05:24:27,,,2.5.2,edu90089,com.cyberdavinci.gptkeyboard
52d720ad-2ef0-4ac7-b53f-0ee562f66e3b,very helpful Goated app,5,0,1.55.1,2024-10-05 07:03:12,We're glad you find Gauth helpful! Keep slaying those math problems!,2024-10-05 07:15:23,1.55.1,edu39507,com.education.android.h.intelligence
6e4e85ab-fe00-4ad4-892c-c696c09b796e,It has helped me solve all my math numbers,5,0,1.7.0,2023-12-09 04:20:19,,,1.7.0,edu11898,com.qianfan.aihomework
ab15a2a7-3968-4640-af62-4961435ac070,THIS PROBABLY THE BEST APP I EVER USED I CAN ACTUALLY UNDERSTAND MY MATH HOMEWORK.,5,1,1.40.0,2024-03-03 23:55:18,Thanks for your review! Please recommend our app to your friends and dont hesitate to shoot us a note at support@gauthmath.com if you have any questions.,2024-03-05 01:42:34,1.40.0,edu47495,com.education.android.h.intelligence
96df5423-a6e4-4271-8d8c-cb0f03725b38,It help me with my assignments that I don't understand and I learn new things!,5,0,1.9.12,2023-12-22 04:07:22,,,1.9.12,edu5611,com.qianfan.aihomework
41583d82-5c06-4ebe-a850-4946e8b63708,So useful for me,5,0,1.6.2,2022-03-15 23:05:46,,,1.6.2,edu69660,com.education.android.h.intelligence
2cec5e43-7fbd-4ce3-aa86-5bf1646c8df1,Need to pay we dont have money bruh,1,0,,2023-06-27 21:59:39,,,,edu65669,com.education.android.h.intelligence
caf74832-bbad-43df-af7d-9a0d919d5f91,This app is awesome I just have a thought if this ai will be programmed to a robot its gonna be awesome and scary,5,0,1.5.1,2023-04-20 21:19:56,,,1.5.1,edu91882,com.cyberdavinci.gptkeyboard
8a82774d-188a-4564-9eb4-2268c8f8e896,Best homework ai app Ever!?,5,0,1.56.0,2024-10-07 17:46:20,Thanks for the awesome review! We're thrilled to hear you think Gauth is the best homework AI app ever! Keep rocking those studies with us!,2024-10-07 18:00:24,1.56.0,edu38589,com.education.android.h.intelligence
9050878a-a636-4f03-9a44-e996048eccf7,This app really helps you. Even translates,5,0,2.0.4,2024-01-31 20:41:31,,,2.0.4,edu10255,com.qianfan.aihomework
6fea77de-5d74-441e-a9a2-a19fbda3ed1b,it's good pero dapat nakaka tulong Yan sa study ko dapat Hindi Mali Ang answer kaya 5 stars ka sakin,5,0,1.51.0,2024-08-15 20:30:20,Thank you for the appreciation! Gauth aims to assist students effectively. Rest assured we prioritize accurate answers for your studies. Stay awesome!,2024-08-15 22:00:34,1.51.0,edu75742,com.education.android.h.intelligence
194c40f1-6da9-4261-8aa0-860948dff8f9,Very helpful for last minute work assignments,5,0,2.4.1,2024-03-08 00:31:17,,,2.4.1,edu93192,com.cyberdavinci.gptkeyboard
9ac80a62-1e01-4f99-acb6-5ac8eccf6905,wow!! It is the best app I have found it helps me with everything I recommend it 100%.,5,0,1.42.1,2024-03-21 16:51:13,Thanks for your review! Please recommend our app to your friends and dont hesitate to shoot us a note at support@gauthmath.com if you have any questions.,2024-03-23 08:24:22,1.42.1,edu48385,com.education.android.h.intelligence
bb2a0d66-7e1b-437f-a945-33220312b36a,Gauth explains what to do and give you the answer step by step,5,0,,2024-09-12 17:59:53,Were so glad to hear that Gauth is helping you with step-by-step explanations. Thank you for your kind words; we're here to support your learning journey!,2024-09-12 18:01:31,,edu58604,com.education.android.h.intelligence
00031b34-6e8e-442c-b46d-fa972f73662b,Helps during edgenuity! Would recommend,5,0,1.54.0,2024-09-13 11:43:47,Thanks for recommending us! We're glad to hear Gauth is helping you with Edgenuity. Keep up the good work!,2024-09-13 12:00:32,1.54.0,edu35210,com.education.android.h.intelligence
ea7e4e67-744a-4f13-abdd-93f7495ce6d8,by far the best map app I have ran across thank you so much for your hard work and making this a possible for people like very much appreciated thank you very much.,5,1,1.26.0,2023-07-12 13:04:18,,,1.26.0,edu45507,com.education.android.h.intelligence
f355785e-17ee-464a-8661-f2c494d5d411,This is the one of the best app for me,5,0,1.18.0,2023-03-26 00:18:21,,,1.18.0,edu62930,com.education.android.h.intelligence
960243db-bcff-4d9e-836c-2b5521c0c26f,I tested it i got them all right 10/10,5,0,2.0.4,2024-01-24 21:51:36,,,2.0.4,edu11333,com.qianfan.aihomework
fa6c5644-55a1-4cd1-b668-95e577355762,This app is very nice it helps you to do maths homework by snapping it,4,2,1.11.1,2022-07-06 00:10:11,,,1.11.1,edu47231,com.education.android.h.intelligence
2428d976-d19d-429e-bac6-c02965daeb9f,this is such a lifesaver for me. I answer the problems and if I am wrong it explains why.,5,0,1.39.0,2024-02-12 21:35:25,,,1.39.0,edu52189,com.education.android.h.intelligence
da62c408-c021-4250-a585-687f5a72edc1,Helped me so much,5,0,2.2.0,2024-03-25 18:04:37,,,2.2.0,edu17038,com.qianfan.aihomework
7373db70-651a-4c7c-bc5a-2b3a4c3faf72,It is good app but the English is too high,4,0,2.7.2,2024-06-25 11:03:06,,,2.7.2,edu3359,com.qianfan.aihomework
09dee922-0ea5-4b7c-916b-a95736e4565b,Doesn't open. Better show answer in your website. Useless app,1,0,1.9.0,2022-05-15 09:05:58,,,1.9.0,edu51140,com.education.android.h.intelligence
71f2f224-4517-4f29-b44e-3488f011ebe4,Worked great until it started giving me 4 times the amount of adds I use to get. The AI replies for math you can't read or understand because it says {6{{}yet} which is just an example of what is says to me. It flat out gives the wrong answers 50% of the time and overall is an awful app. Would give 0 stars if I could.,1,0,,2024-08-12 10:12:04,"Sorry for any inconvenience caused. Could you please clean cache and restart the app to see if it works? If the problem persists please send in-app feedback with screen shots to us for further analysis. You can find the access in the app via ""profile"" - ""feedback"". Thanks for your kind support!",2024-08-12 23:31:57,,edu684,com.qianfan.aihomework
b7b22100-54b4-4ab2-a13b-809822261225,It's very good when studying it gives logical and accurate answers but sometimes it gives too much unnecessary text,4,0,,2024-08-21 01:29:04,,,,edu2072,com.qianfan.aihomework
19fd1aa3-c5b0-4200-9c17-4b3ee359b1b3,I put in a question and it gave me the wrong anwsers and I could not help my son with his collage work this app sucks,1,1,1.56.0,2024-10-09 15:05:46,We apologize for the inconvenience. Please email us at with more details so we can investigate and improve. Your feedback is valuable.,2024-10-09 15:15:23,1.56.0,edu31748,com.education.android.h.intelligence
c120ea4c-3537-4be7-aadd-74f6d6222a7e,I give 1 star because it take a 1 month if I use a tutor it's just a waste of ticket,1,0,1.6.2,2022-03-08 21:11:56,,,1.6.2,edu52122,com.education.android.h.intelligence
09bda612-e12d-41f7-8cbf-2d38ef1e46e1,I love this app this help me with all my homework I'm so happy you should download right now,5,0,1.41.1,2024-03-09 13:59:57,,,1.41.1,edu54524,com.education.android.h.intelligence
333de92d-9ee3-463e-8d02-dd29f3773f3f,it's very helpful and I would be failing without it,5,0,1.56.0,2024-10-10 10:20:19,We're glad to hear that Gauth has been helpful to you! Keep up the good work and remember we're here to support you along the way!,2024-10-10 10:30:51,1.56.0,edu33348,com.education.android.h.intelligence
a2325af8-f1c5-4407-bd00-cd952f43900e,It is very appauling when you use the app.When you snap a photo of Your question you must pay a huge amount before you can be able to get Your answer which is very inappropriate and a deceitful manner to trick the public.,1,0,,2022-08-01 16:30:55,Hi we just want to let you know that you can invite your friends to use our app and give your invitation code for you to get free tickets each time they use your code. We are also planning ticket giveaways to make our service as available as possible. We apologize for the inconvenience. Thanks for your patience.,2022-08-02 04:03:30,,edu37085,com.education.android.h.intelligence
48284e1d-fa14-48b2-99ed-82cd4ccbcd33,I'm passing math now,5,0,2.0.4,2024-01-26 20:49:54,,,2.0.4,edu16622,com.qianfan.aihomework
ef3e4721-8b09-44f0-9cef-36368af72a3a,it's give me wrong answer,3,0,1.7.0,2023-10-12 21:37:26,,,1.7.0,edu15581,com.qianfan.aihomework
0aefa82c-4f9f-4300-b8f3-07fff08679b2,super easy to use and helpful,5,0,1.42.1,2024-04-09 14:19:29,We are pleased that you enjoyed the app. If there is anything we can do for you just let us know at support@gauthmath.com! Have a wonderful day!,2024-04-10 03:45:49,1.42.1,edu52850,com.education.android.h.intelligence
9977a7cf-daed-4a2e-b412-9c0cbee5f5ce,Is very helpful if you are confused and explains very well you should try it,5,0,1.54.0,2024-09-07 15:49:50,Thank you for your positive feedback! We are thrilled to hear that Gauth has been helpful in explaining concepts clearly. Keep up the great work!,2024-09-07 16:00:22,1.54.0,edu32086,com.education.android.h.intelligence
ad56c581-5179-4cce-adc8-d0df9f615b58,Very good it helped me a lot,5,0,1.56.0,2024-10-07 19:06:48,Thanks for sharing your experience! We're thrilled to hear that Gauth has been helpful to you. If you have any suggestions for us feel free to let us know. Keep up the great work!,2024-10-07 19:15:18,1.56.0,edu38853,com.education.android.h.intelligence
b032d26c-3fd1-47e1-b489-66942f876e76,it helps alot with the Homework and soso,4,0,1.46.0,2024-07-22 09:41:47,We're glad Gauth has helped you with homework! Thank you for your support. Keep exploring the app for more assistance!,2024-07-22 10:00:24,1.46.0,edu41688,com.education.android.h.intelligence
a60487af-3b1b-4716-82c4-08bfcc37a2a8,Its very smart and helps me a lot,5,0,,2024-03-04 09:01:35,,,,edu59604,com.education.android.h.intelligence
263f66ee-2792-44f0-8c6a-8efa2d778ad0,This app is awesome try it out and get straight As with less tension,5,0,1.4.1,2023-11-06 09:10:33,,,1.4.1,edu7207,com.qianfan.aihomework
c7d710c9-8900-435f-ba11-fb3b67690aad,Very nice and excellent but we are given only 10 questions to ask and rest will be purchased,5,0,1.8.0,2023-05-23 09:25:49,,,1.8.0,edu91333,com.cyberdavinci.gptkeyboard
79f5b0c9-17e8-4d8e-b0c5-b71b3295f161,it is a great app for student,4,0,1.39.0,2024-02-24 20:19:50,,,1.39.0,edu58958,com.education.android.h.intelligence
c0cd0487-947d-44d0-ba62-7e5b22e16ae4,It is very helpful for me who is struggling with maths,5,0,1.46.0,2024-05-21 14:10:45,,,1.46.0,edu77935,com.education.android.h.intelligence
9637b5ec-4e00-43e2-8159-58e744a93ba4,amazing wow it really works I got As on my homework,5,0,1.56.0,2024-10-07 14:48:31,Thank you for sharing! We're thrilled to hear about your success. Keep up the great work and feel free to explore more features!,2024-10-07 15:00:42,1.56.0,edu37509,com.education.android.h.intelligence
539fc3f7-ea24-45e9-8174-8996c6169263,the former gauthmath is even better if it's the same now you have to log in for 5 days to get just one ticket I hope the former log in tickets come back,1,0,,2022-03-16 22:21:02,,,,edu46450,com.education.android.h.intelligence
158a0e97-c4fd-4796-b548-a1c6059050ec,dosent work or gives clear explantion,1,1,1.56.0,2024-10-09 14:28:13,We apologize for the inconvenience. We take your feedback seriously. Please email us at support@gauthmath.com with more details so we can assist you better. Thank you.,2024-10-09 14:30:33,1.56.0,edu34151,com.education.android.h.intelligence
703916ab-03cb-44e3-abc2-2dbb9abd0e65,IT ACTUALLY WORK!!!! Now I have good grades!!!,5,0,2.0.4,2024-01-25 14:50:37,,,2.0.4,edu10509,com.qianfan.aihomework
132010f6-a14b-40b5-8852-fde368941eb3,take screenshot and no more math homework,5,0,1.17.0,2023-02-18 11:20:51,,,1.17.0,edu59257,com.education.android.h.intelligence
98193d38-8027-4920-91ce-45b3b6b89f5d,Most of the answers are wrong,1,0,2.9.2,2024-09-23 12:30:12,Thank you for sharing your product advice with us. We will consider it seriously.,2024-09-25 04:30:28,2.9.2,edu3229,com.qianfan.aihomework
664d8010-99a6-48e2-b23e-d919cf9d676e,Can't even get one answer,1,0,1.17.0,2023-01-24 10:14:42,,,1.17.0,edu65642,com.education.android.h.intelligence
fdb2bf9c-2c2b-4a91-9df5-e526997b2bfd,I don't need to struggle no more and I can get the answers,5,0,1.44.1,2024-05-02 19:27:29,That's great to hear! We're glad the app is making things easier for you. Keep up the good work and enjoy your studies!,2024-05-03 08:31:09,1.44.1,edu46904,com.education.android.h.intelligence
682a0fd7-ddef-4a61-89e0-2cb1d858db86,This app is very useful.,5,0,1.54.0,2024-09-14 01:21:49,Thank you for your positive feedback! We're glad you find our app useful. Keep exploring and learning with Gauth!,2024-09-14 02:00:22,1.54.0,edu42230,com.education.android.h.intelligence
9c4208a7-faa6-4152-99ac-165812f99c07,you are helping me so much as i got certificates,5,0,1.56.0,2024-10-02 14:24:57,We're thrilled to hear that you're finding Gauth helpful in earning certificates! Keep up the great work!,2024-10-02 14:30:23,1.56.0,edu39184,com.education.android.h.intelligence
66fc5029-dcd4-4371-a2d5-8380675b8499,I love it it help me with divide,5,0,1.39.0,2024-02-20 17:50:51,,,1.39.0,edu60009,com.education.android.h.intelligence
8fd8590d-9e43-4216-83f7-8fba0915c754,Not working this is trash,1,0,,2022-01-07 02:12:49,,,,edu62130,com.education.android.h.intelligence
35d342f8-ecdf-427b-be3e-23e36498e37b,Literally the only app I've ever downloaded that actually does what the ad says it's going to do 10/10 recommend,5,0,1.53.2,2024-08-26 16:31:42,Thanks for the awesome review! We're thrilled to hear you're enjoying Gauth and finding it helpful. If you have any suggestions for us please feel free to share. Keep learning!,2024-08-26 19:01:13,1.53.2,edu31765,com.education.android.h.intelligence
ec4b43dd-e264-481b-84d5-c90b9b650291,it work very well,5,0,1.37.0,2024-01-12 14:37:40,,,1.37.0,edu63545,com.education.android.h.intelligence
9cb52b2a-5664-4e29-aa8a-0b40e93dd009,Now I understand math problems,5,0,1.32.0,2023-10-03 05:29:09,,,1.32.0,edu62925,com.education.android.h.intelligence
3f62f547-e114-4b7e-b1a5-479f6f1b7287,Not satisfied! Why do we have to pay 32 dollars just take pictures of a math problem?,2,0,1.22.0,2023-05-08 14:57:53,,,1.22.0,edu51044,com.education.android.h.intelligence
95a0ae75-825a-4f9c-9ce4-66cc502792c0,I just don't like you can only use a certain amount of energy before you have to pay,4,1,2.5.0,2024-05-29 16:00:31,Hi taneisha! Thank you for your feedback. To help with this we offer several ways to earn more energy for free such as sharing the app with friends daily check-in or watching ads. Were always looking for ways to improve and appreciate your input.,2024-05-30 08:48:06,2.5.0,edu90225,com.cyberdavinci.gptkeyboard
d65a9c2e-7234-4f13-b4d1-374ccbc6e18f,it used to be good info is still peak but there's an ad every 2 pictures which is really stupid. why is the no ad 12 dollars? maybe if it wasn't so expensive you wouldn't need 2 ads. I understand needing money to stay up but one of those MINUTE long UNSKIPPABLE ads are only needed every 5 not 2 pictures. the membership could also be 4 or 5 and so many people would buy it. went from zero ads for a very long time to minute long unskippable ads every 2 pictures. absurd,2,185,2.8.6,2024-08-16 10:08:06,Thank you for your helpful product recommendations. We will seriously consider them.,2024-08-19 02:26:28,2.8.6,edu5,com.qianfan.aihomework
6a3f57bc-cfe5-4982-b91b-bdc5c1ab6eca,I quite like the app but I'm still a little hesitant since there was a mention about the purchasing part of the app. I still don't know how to avoid it and avoid in making any said purchase since I'm quite a untrusting person.,3,1,1.9.16,2024-01-04 07:15:34,We apologize for any inconvenience you've experienced. To better assist you could you please describe the specific question that our application couldn't solve? We'll do our best to provide guidance on how to approach the problem or work around the limitations.,2024-01-05 05:25:53,1.9.16,edu1528,com.qianfan.aihomework
cab8fa9d-f102-47b0-8b96-2519bc2ac3ec,Is a really nice app and it gets most if the questions idk if it gets all the questions corect,4,0,1.38.1,2024-01-29 13:04:25,,,1.38.1,edu55545,com.education.android.h.intelligence
595d8388-b6eb-46b6-b06c-4594fb2872a5,Wow just wow i love the app so much and helped me a bunch,5,0,1.8.9,2023-10-26 22:23:14,,,1.8.9,edu11283,com.qianfan.aihomework
1b6ea05f-ad43-41ac-88f0-27dd22e2e416,Why do you need tickets bro the free one always resets and the add takes so long and I have to sometimes have to wait 10mins because if I watch the early on it sends me a blurry shot of the solution,1,1,1.9.0,2022-05-30 11:03:53,,,1.9.0,edu40718,com.education.android.h.intelligence
d5aed99f-5b68-46fe-890c-936d8a6793ea,it is great at not only solving the given work but it also explains steo by step in a way it teaches you.,5,0,1.55.1,2024-10-04 20:24:12,Thanks for your awesome review! We're thrilled to hear that you find our app helpful in solving problems step by step. Keep up the good work!,2024-10-04 20:30:11,1.55.1,edu30370,com.education.android.h.intelligence
720799de-664d-4ea3-83ff-3574093c6da9,Great up with so much help.,5,0,1.44.1,2024-04-30 13:44:34,,,1.44.1,edu46727,com.education.android.h.intelligence
2733d861-66d1-47a3-9584-7d2de29ac5c5,It doesn't show all methods,1,0,1.42.1,2024-03-20 13:33:55,,,1.42.1,edu58307,com.education.android.h.intelligence
419605d0-29ff-453b-a161-b574c7a05e52,It can solve my problem,5,0,1.6.2,2022-03-08 05:59:21,,,1.6.2,edu66038,com.education.android.h.intelligence
b7416599-38f1-4e77-be15-0db7cf79505e,can do everything even scan graphs,5,0,1.14.0,2022-10-11 09:57:16,,,1.14.0,edu53976,com.education.android.h.intelligence
0fef214d-5e27-4899-a28d-a04f1186b17d,overall great app but kinda sucks with some geometry,4,0,1.48.0,2024-06-19 16:11:23,Thanks for your feedback! We're glad you find the app great. We'll work on improving the geometry section. Keep learning with Gauth for better math skills!,2024-06-19 19:00:36,1.48.0,edu43584,com.education.android.h.intelligence
8bcade66-592a-4615-9cdd-a0202173e747,Good but the tos blocks you from doing anything cool or funny or making a game that has something interesting,4,0,1.5.0,2023-04-18 10:02:53,,,1.5.0,edu91335,com.cyberdavinci.gptkeyboard
cb856e8f-f25e-4ade-b867-55baee33e96a,please make all answers free,3,0,,2023-03-26 12:38:47,,,,edu66320,com.education.android.h.intelligence
ce340a90-d27b-4a9e-b570-08442ac56327,you guys need to have plenty of answers for a particular question for people to choose from According to their understanding,4,0,1.31.1,2023-09-22 09:28:55,,,1.31.1,edu64968,com.education.android.h.intelligence
ab974fad-185c-4cf9-94ae-6efa35719750,It's great for a teenager like me It helps me in every way of studying it's like having an Alexa in your phone,5,0,2.0.4,2024-01-26 05:07:42,,,2.0.4,edu5869,com.qianfan.aihomework
ad82d87d-0e4b-4e65-8f6e-330439d9cda0,I WOULD HAVE TO SAY THAT IT IS NOT JUST AN APP BUT ALSO A LIFE SAVER I TRULY BELIVE THAT IT DESERVES A 5 STAR AND IF ANYONE IS LOOKING FORWARD TO DOWLANDING IT PLS DONT WASTE YOUR TIME BY LOOKING AT FEED BACK AND HOW MYCH PEOPLES RATE IT PLS GO ON AND LEARN NON STOP IT IS AN AMAZING CHAT BOT THAT REPLIES FAST,5,0,2.8.2,2024-08-04 07:10:42,,,2.8.2,edu18142,com.qianfan.aihomework
e5053feb-7e68-40dd-a0d1-058ab4578085,wth every time i ask a question it's keep saying unstable network like slr my network its really working idk if its a bug or what,1,0,,2023-04-25 22:52:50,,,,edu92618,com.cyberdavinci.gptkeyboard
158d5432-9011-4e9a-a4b9-60850165e93f,The new update is worst! The quality handwriting is worst also. Please fix it,2,0,1.5.4,2022-03-18 21:44:35,,,1.5.4,edu47085,com.education.android.h.intelligence
a99f97c1-fb72-4150-93db-73cc6e5c0a3c,super helpful im acing all of my classes,5,0,1.54.0,2024-09-20 08:33:18,Thanks for sharing! We're thrilled to hear that you're acing your classes with Gauth! Keep up the great work!,2024-09-20 09:00:45,1.54.0,edu36285,com.education.android.h.intelligence
8859d193-96de-449d-8178-5cd4f8a65021,Its says network not stable my network is very stable why does it says network not stable,1,0,1.5.9,2022-01-17 08:30:39,I'm sorry to hear this. Can we request a screenshot of the issue and have it send to feedback@gauthmath.com? We will send over your feedback to our development team for review.,2022-01-25 07:58:39,1.5.9,edu52456,com.education.android.h.intelligence
741e9047-0dc6-49ed-958f-ec6b3d17b3bb,This app has been an absolute lifesaver when I'm not sure about certain maths topics. It provides detailed explanations for each step and is laid out in a way which makes it very easy to use.,5,2,1.54.0,2024-09-14 14:39:44,Thank you so much for your positive feedback! We're thrilled to hear that our app has been a lifesaver and that you find the explanations helpful. Keep shining in your math journey!,2024-09-14 15:00:15,1.54.0,edu29935,com.education.android.h.intelligence
cedd281c-8cdb-4f9d-909a-eed95e1ad4ff,This is so good especially for students,5,0,,2024-09-23 15:31:48,We're thrilled to hear that you're finding Gauth helpful especially for students! Keep up the great work .,2024-09-23 16:00:30,,edu49414,com.education.android.h.intelligence
2475330a-d1da-4d4e-9656-da8b5e84f838,This helps me a lot!,5,0,1.9.16,2024-01-03 03:47:04,,,1.9.16,edu25788,com.qianfan.aihomework
4e5b55a9-b3a7-4bb0-8b55-8da5a9ae7760,Helped with history i hate history,5,0,2.2.9,2024-04-23 19:20:20,,,2.2.9,edu6615,com.qianfan.aihomework
9245417e-78e5-4c61-9821-6ed681c6bc49,amazing. helps me with homework faster!!!,5,0,1.56.0,2024-10-09 20:15:09,Thanks a ton for your awesome review! We're thrilled our app is helping you tackle homework with speed. Keep shining and learning!,2024-10-09 20:30:33,1.56.0,edu34606,com.education.android.h.intelligence
a261effa-f319-4639-946a-c4c930fd8de4,It's really helping me in my 3rd grade math and I think I'll pass my test on Friday,5,0,2.3.7,2024-01-30 19:41:47,,,2.3.7,edu93716,com.cyberdavinci.gptkeyboard
6993985e-6b58-4cee-92ef-2381ccab8ac9,This thing is so Creative and Interesting this app always help me with my homework who agrees?,5,0,1.45.0,2024-05-13 22:12:25,,,1.45.0,edu36566,com.education.android.h.intelligence
48fb244b-2afc-4e4c-bd9e-2984e8c9f08a,this app is a very good tutorial App I really appreciate the tutor,5,0,1.35.1,2023-12-28 07:10:02,,,1.35.1,edu51717,com.education.android.h.intelligence
bf757f5e-94f2-4ab9-a225-bd2f1fa0919a,After a while it just stops and pushes to buy the plus,1,0,1.23.0,2023-05-24 14:50:42,,,1.23.0,edu51409,com.education.android.h.intelligence
fcc043fe-6152-4186-90bd-bc7f972e17a6,Best app ever I recommend,5,0,2.1.0,2024-02-29 21:47:56,,,2.1.0,edu14330,com.qianfan.aihomework
428d223e-506a-43dc-9ca2-89d6d41f4580,bring back the ticket per invite and the daily check in tickets so other have not to buy tickets you only care about money,1,0,1.5.1,2022-04-02 00:30:16,,,1.5.1,edu56369,com.education.android.h.intelligence
25340336-e181-425c-bc51-0c6ae104badc,It's so very helpful and friendly and so good to use so I recommend question AI thank you AI,5,0,2.4.0,2024-05-14 22:57:52,,,2.4.0,edu1663,com.qianfan.aihomework
99263c73-d289-48fc-82b8-090a0c39e208,It helped and faster than i was thinking love it,5,0,1.56.0,2024-10-08 13:16:01,Thank you so much for your kind words! We're thrilled that our app is helping you faster than expected. Keep enjoying your learning journey with us!,2024-10-08 13:30:42,1.56.0,edu33496,com.education.android.h.intelligence
542569a3-fcd0-4bfa-8a41-cb34a12d51b2,Bro I did my homework in like 15minutes it used to take an hour,5,0,1.48.0,2024-06-17 17:18:50,Thanks for sharing! We're glad Gauth helped you save time on your homework. Keep up the great work with our app!,2024-06-17 19:00:19,1.48.0,edu77343,com.education.android.h.intelligence
0124b857-54ca-4243-b388-7bea15876ccf,Question.AI is the best,5,0,,2024-02-05 19:10:00,,,,edu28447,com.qianfan.aihomework
e2a32f79-d840-4192-9882-2a3716b37251,So much helpful app not only for subjects but for also for other activities its easy to use.,5,1,2.1.7,2023-10-11 14:09:51,Your choice to use answer.ai means a lot to us. We're ecstatic to learn that it's helping you on your education journey. Remember to let your classmates know about answer.ai as welleveryone can benefit from it!,2023-10-12 19:20:40,2.1.7,edu91496,com.cyberdavinci.gptkeyboard
c1bcb6cc-ce36-4ed2-8ce3-ae89ef774025,Tired of these apps only letting you use it like 5 times then you have to do something to use it more,2,1,2.6.1,2024-09-13 14:59:03,We understand your frustration. To get the most out of our app you can earn more usage by watching ads completing daily check-ins and other activities found in the Energy tab. Were always working to make our app as accessible as possible while covering our costs. Your feedback is important and we appreciate your understanding!,2024-09-15 18:46:05,2.6.1,edu89682,com.cyberdavinci.gptkeyboard
b5b07ffe-a417-4a7a-8efb-e5a61eecf38a,Extraordinary!It's fast Unlimited and precise Kudos for the hands behind the app,5,0,2.1.0,2024-03-02 23:08:54,,,2.1.0,edu4972,com.qianfan.aihomework
209f0f1c-d0d3-4102-8352-3b5dbe1cf60b,im so in love it's so great and effective for highschools and collage,5,0,1.51.0,2024-08-04 09:46:48,We're thrilled to hear that you're loving Gauth! It's awesome that you find it effective for high school and college. Keep up the great work!,2024-08-04 10:00:43,1.51.0,edu35843,com.education.android.h.intelligence
a56c8ca7-35f7-4a07-a55d-2bd6edcf1e56,The app is good for your children to Ac their homework,5,0,1.45.0,2024-05-12 08:21:55,,,1.45.0,edu40933,com.education.android.h.intelligence
8fc729f1-0db1-445a-8695-e9d727c5f592,nice app guys it helps if you have any problems to solve gauth will do it for you,5,0,1.38.1,2024-02-05 10:38:00,,,1.38.1,edu53136,com.education.android.h.intelligence
30cb4ce1-da97-4802-8318-80c9bf8bc99b,It is a wonderful and fascinating app for students.First of All it is a freemium app. It help students to self study and get every answer precisely and instantly. It solves maths questions in general way. Love the application,5,1,2.0.0,2024-01-12 11:43:59,,,2.0.0,edu2013,com.qianfan.aihomework
261e150b-bf38-4da6-b91c-a3511266c1f2,Happy with my grades,5,0,2.0.4,2024-01-22 18:31:36,,,2.0.4,edu16378,com.qianfan.aihomework
40820582-52cc-4a82-a626-4db8d74fbf91,It's ligit it can answer anything even if your ex had a guy charr,5,0,,2024-01-31 06:18:10,,,,edu13914,com.qianfan.aihomework
29825ddb-fe04-4b76-b27c-6ad73e9809aa,such an useful app for everyone it gives the answer with the method so easy to understand,5,0,1.54.0,2024-09-04 10:46:25,We're thrilled to hear that you find Gauth helpful! We aim to make learning easy and understandable for all users. Keep enjoying the app!,2024-09-04 11:00:33,1.54.0,edu32075,com.education.android.h.intelligence
36c9430b-b0d3-4f7a-a137-bf44eacb29cc,highly recommended to download this. It can help you with your school homework accurately,5,0,1.44.1,2024-05-03 04:31:28,,,1.44.1,edu36573,com.education.android.h.intelligence
bd8c2672-577b-44e3-9387-f65475cf17ae,Not good. So much adds in this app every question you ask there is 3-4 adds before they answer.,1,0,,2024-08-27 08:32:46,Your product feedback is much appreciated. We will consider it seriously.,2024-08-28 02:24:02,,edu3769,com.qianfan.aihomework
77165a1d-f47f-4afe-a3b1-cc9933694431,What an amazing app . Every homework and assigments are done without any doubts !!,5,0,2.3.6,2024-01-27 15:28:26,,,2.3.6,edu99303,com.cyberdavinci.gptkeyboard
08c2c6e0-409f-448a-913a-a5b4bda4bb61,This app is beyond amazing . I mean the accuracy to what questions or picture you present is answered correctly,5,0,1.51.0,2024-08-02 14:32:07,Thank you for the love! We're thrilled to hear that you find our app amazing. Keep enjoying accurate answers with Gauth!,2024-08-02 16:00:24,1.51.0,edu31355,com.education.android.h.intelligence
75492437-b745-4145-b8d5-d19f89a7e15d,This app is just the best It gives you clear answers and even tells you how to do it step by step You could even ask about it what it's telling you to do in more detail,5,0,,2024-09-25 13:56:15,Thank you for the kind words! We're thrilled to hear you're enjoying our step-by-step solutions. Keep up the great work and feel free to explore more details anytime!,2024-09-25 14:00:35,,edu42994,com.education.android.h.intelligence
02d0bd97-4558-4331-a7c6-f586632bbd09,it's so good because it really helped me in my studies,5,0,1.55.1,2024-09-30 21:21:51,We're glad to hear that Gauth has been helpful in your studies! Keep up the great work! #LearnWithGauth,2024-09-30 21:30:18,1.55.1,edu37025,com.education.android.h.intelligence
b61506d2-17c8-4145-adf0-aed010f45765,this app fast answer give i give this appin100%100% igive full mark really this app trustable,5,0,1.56.0,2024-10-05 10:17:47,Thank you for your support! We're thrilled that you find Gauth trustworthy and reliable. Keep enjoying our app to ace your learning journey! #LearningMadeFun,2024-10-05 10:30:16,1.56.0,edu33228,com.education.android.h.intelligence
1ff57710-c08f-417b-9aa7-4810875a2bde,It really helps me to do homework,5,0,1.46.0,2024-06-04 22:13:35,We're thrilled to hear that Gauth is helping you with your homework! Keep up the good work and feel free to reach out if you need any assistance.,2024-06-05 01:00:33,1.46.0,edu50150,com.education.android.h.intelligence
1782d921-4ef9-4e04-b26f-a07433c4e922,This was the first time I have ever seen the calculation,5,0,,2023-10-06 19:23:08,,,,edu15134,com.qianfan.aihomework
1412f2f5-4866-4833-86cd-017da8144645,This is a super very good app this is so useful for all students,5,0,1.7.0,2023-09-18 11:51:36,,,1.7.0,edu6038,com.qianfan.aihomework
753eb89b-9c6e-42f9-8326-f56533df7ecc,not bad chat gpt is better than him but it's realy helpful fantastic and amazing,5,0,1.42.1,2024-04-15 13:58:03,,,1.42.1,edu49494,com.education.android.h.intelligence
0fcbacd3-8e6b-409f-8db5-bd6f789e3b6a,I have always gotten answer right when using this.,5,0,,2024-09-22 15:10:39,We're glad to hear that you're finding success with our app! Keep up the great work! #smartstudy,2024-09-22 15:30:26,,edu51848,com.education.android.h.intelligence
ed77f2b4-2324-4991-af15-0e2c5c92b5f4,Good quick answers & problem solving.,4,0,2.5.1,2024-06-03 19:58:53,Dear Marie thank you for your feedback! We're really glad to hear that you find answer.ai so helpful and good! Would you kindly consider adjusting the rating to a 5-star rating? Your support is greatly appreciated!,2024-06-04 13:54:15,2.5.1,edu90725,com.cyberdavinci.gptkeyboard
b10adcec-2ec6-42be-ada9-f20f15985987,When I ask it to respond again it gives a different answer meaning the next response it gives is different from the one it gave before.,1,0,,2024-10-08 06:07:47,We sincerely apologize for the inconvenience caused. Please provide more details to our email to help us investigate and improve.,2024-10-08 06:15:16,,edu42998,com.education.android.h.intelligence
4aa2fe26-054b-4eb5-9a00-a51cacdea246,for real helping me in math,5,0,1.6.3,2023-09-13 09:08:08,,,1.6.3,edu12231,com.qianfan.aihomework
af4b6695-6608-412b-8d2a-fbacb7a20ac6,The best App all the question have answer. Wala nang hihigit pa. kahit Anong Tanong o translate kaya nang Apps nato,5,0,,2024-07-21 04:41:27,,,,edu28204,com.qianfan.aihomework
6da94f23-32f1-4b61-87b5-9aa0f90ddbbe,I love this app it's help me a lot of to work,5,0,2.2.4,2023-11-16 09:59:21,Thank you for using answer.ai! We're thrilled to know it's benefiting your school journey. We look forward to providing further assistance. Don't forget to spread the word to your classmates!,2023-11-16 13:12:33,2.2.4,edu93167,com.cyberdavinci.gptkeyboard
72852e09-4f90-4a6d-b2af-2cead661cb1c,I liked using the chat for clarification. Very helpful in my case.,5,0,2.4.0,2024-05-07 18:42:01,,,2.4.0,edu19580,com.qianfan.aihomework
5299cf36-ad9e-4fac-b966-3b4d00947279,this app is so useful but u must be take care that u understand that thing thanks,4,0,1.56.0,2024-10-09 14:19:56,Thanks for your feedback! We're thrilled to hear that you find the app useful. Remember understanding the concepts is key to mastering them. Keep up the great work!,2024-10-09 14:30:41,1.56.0,edu34069,com.education.android.h.intelligence
4382889e-1545-4d77-8782-1bc4ea34f834,"Gauth Math didn't help me all of the Polynomials ended up being wrong they told me ""Go vent somewherey else."" So far for thinking Gauth Math would help me never again. They were rude and unprofessional.",3,0,1.54.0,2024-09-18 00:30:54,We apologize for the experience you had. This is definitely not the standard we aim for. Please contact our support team at support@gauthmath.com with more details so we can investigate and address this matter promptly.,2024-09-18 01:00:32,1.54.0,edu31671,com.education.android.h.intelligence
fef9e925-f1a4-4e99-a888-75a2461e1b24,5 stars best app the answer is c,5,0,,2024-01-18 21:06:24,,,,edu67973,com.education.android.h.intelligence
f57ceda7-e5a8-4eb4-8d93-d29891708ecd,I would like if you explain the answer on math.,4,0,1.41.1,2024-03-11 16:18:42,Hello Your problem needs more detailed examination. Please report it to our technical support team at support@gauthmath.com. We are always looking to help our users.,2024-03-12 02:49:35,1.41.1,edu56461,com.education.android.h.intelligence
18790154-95da-49fa-8f3c-bd90349391dd,it so easy and convinient to solve problem,5,0,1.42.1,2024-04-17 09:01:50,,,1.42.1,edu52375,com.education.android.h.intelligence
987e4812-4b0b-4f12-b90b-06a0ce418673,Application is Good but there is no option for Biology(Zoology & Botany) Subjects of life sciences. Please provide those subjects.,5,0,1.46.0,2024-05-24 10:44:55,,,1.46.0,edu34712,com.education.android.h.intelligence
fc066dab-5d69-4336-8788-0d8666bde393,Very helpful.finish my homework just in time.,4,0,1.37.1,2024-01-25 19:09:14,,,1.37.1,edu57322,com.education.android.h.intelligence
5b0050ea-1a2a-40e8-bab1-f30688a6dd79,best app ever it helped me with me with my math assignment,5,0,1.23.2,2023-05-28 13:14:22,,,1.23.2,edu56720,com.education.android.h.intelligence
70b0a925-e4b4-4acd-b1c6-d7a8cb919871,This app is so good you need to try it,5,0,1.5.8,2022-01-03 16:28:18,,,1.5.8,edu63338,com.education.android.h.intelligence
5adbae4d-227e-4d58-ad5a-1a2fe6cdee0b,Bro I am a kid and I am the smartest in class and before this I was the dummest in class so thx gauth for making me pass grade passing exam Hope it goes well with you,5,0,1.46.0,2024-05-29 11:25:23,We're thrilled to hear we've helped you improve in class! Keep up the great work and remember Gauth is here to support you every step of the way!,2024-05-29 13:01:53,1.46.0,edu46945,com.education.android.h.intelligence
afb58a56-acc4-4109-81e5-2a2a6276a93a,its really helps me to answer my assignments.,5,0,2.1.0,2024-03-03 04:29:33,,,2.1.0,edu11600,com.qianfan.aihomework
3038b8d3-3085-4f0c-9c0b-92ff85f00f48,This apps is help you with your assignment if your struggling download this app because it's so nice for you,4,0,1.9.14,2023-12-30 09:34:20,,,1.9.14,edu7698,com.qianfan.aihomework
93adbaa8-00d7-4d6d-9c3e-c36f8020725e,it helps me so much thank you!!,5,0,1.33.0,2023-10-18 09:06:51,,,1.33.0,edu61710,com.education.android.h.intelligence
4cae1bf9-b515-4edc-9381-0c2a8d97ea75,its a very helpful app. I encourage all to try it out.,4,0,1.42.1,2024-04-14 05:19:30,,,1.42.1,edu54138,com.education.android.h.intelligence
5e4896ea-f27a-4abe-bf56-1fadd6955025,The best math Helper ai.,5,0,1.48.0,2024-09-15 21:21:13,Thanks for your support! We're glad to be your math helper ai. Keep enjoying learning with Gauth!,2024-09-15 21:30:13,1.48.0,edu42434,com.education.android.h.intelligence
0236bff3-80a3-4a66-bf5c-fdf693f7913a,It always helps me and it's the best in my phone I have,5,0,,2024-02-06 11:11:37,,,,edu10472,com.qianfan.aihomework
1f5912e5-793c-4fb1-926e-860ba2754f22,really goog it helped me so much,5,0,,2024-09-15 11:51:02,Thank you for the awesome feedback! We're thrilled to hear that our app has been super helpful for you. Keep rocking those studies!,2024-09-15 12:00:20,,edu58615,com.education.android.h.intelligence
9c4389bc-b407-4a56-91f3-411d4be39036,An amazing app I understand everything now thanks to the developers of this app,5,0,1.26.0,2023-07-02 10:15:00,,,1.26.0,edu56414,com.education.android.h.intelligence
f47b5c2a-4924-462a-b482-1f3f83a7ed73,I find this app very helpful it makes my daily life easier,5,0,1.8.4,2023-10-16 04:37:31,,,1.8.4,edu8456,com.qianfan.aihomework
08445b5a-e20f-4d8f-aa45-9e80d4531697,It is a very helpful app for every individual,5,0,2.6.1,2024-09-20 06:37:39,,,2.6.1,edu89931,com.cyberdavinci.gptkeyboard
3d13499c-dd12-4295-ab80-0763a45e3e27,app is perfect for doing homework gets every question right,5,0,1.9.16,2024-01-05 22:05:32,,,1.9.16,edu6198,com.qianfan.aihomework
4b357c2e-3074-49a1-874a-5ab6448d190a,it gives me right answers and replies very fast I recommend it to all the students to download this app thank you.,5,0,1.56.0,2024-10-07 14:44:07,Thank you for recommending Gauth! We're thrilled to hear that you find the answers helpful and the response time fast. Keep up the great work!,2024-10-07 14:45:20,1.56.0,edu30385,com.education.android.h.intelligence
cd371964-6878-404d-ad75-f7971f7a6c49,It helps me to do my homework,5,0,1.56.0,2024-10-07 15:18:43,We are so glad to hear that Gauth helps you with your homework! Keep up the great work!,2024-10-07 15:30:28,1.56.0,edu45254,com.education.android.h.intelligence
356033d5-ccae-4496-8271-363de23824d1,Its good can use my languege but sometimes it doesnt gives me the answer that i want,4,0,2.1.4,2024-03-07 20:08:55,,,2.1.4,edu8545,com.qianfan.aihomework
317a70d6-8d26-4e94-8f54-68922e831e15,It's a perfect app. But the answers are not cc completely given,5,1,1.6.5,2023-11-09 01:23:08,,,1.6.5,edu102765,br.com.iastudio.ajudaai
e226f525-6977-45ba-a912-9ee190b58525,I really appreciate that google managed to send me this ever since I got this my homework has been having all A's,5,0,1.55.1,2024-09-19 23:58:48,We're thrilled to hear about your improved grades! Keep up the great work and don't hesitate to reach out if you need any assistance. Happy studying!,2024-09-20 00:00:12,1.55.1,edu33539,com.education.android.h.intelligence
57468546-2fa6-4678-b2c2-f35fa2a0622a,It's very helpful special to the students who has slow learning capacity AI will help you with all you rush homework plus help to maintain your time management,5,1,1.7.0,2023-10-11 11:43:12,,,1.7.0,edu2236,com.qianfan.aihomework
4de303dd-27c6-41d9-bf88-125ba2c2d97e,Gauth is the best! Really helps with homework.,5,0,1.54.0,2024-09-19 16:30:46,We're thrilled to hear that Gauth is helping you with your homework! Keep up the great work!,2024-09-19 17:00:43,1.54.0,edu35022,com.education.android.h.intelligence
60e86d56-977b-49ab-88a6-90668e1c4fe2,This is a wonderful app. I wondered when can I scan a question to get the right answer? I was surprised to see that Gauthmath is the solution to my thought. Congratulations!,5,0,1.17.0,2023-01-26 01:32:32,,,1.17.0,edu44472,com.education.android.h.intelligence
fb30741d-3174-46e5-8e92-224c69d3bbe4,5 star bc it helps for my assignment review and other,5,0,2.4.0,2024-05-14 06:54:45,,,2.4.0,edu6499,com.qianfan.aihomework
7fa2bb80-5b3d-4546-9fa2-f6662f6cc228,It really helps me well in my homework because of it I can do my homework easily not only each if it's features are really helpful,5,0,,2024-08-06 21:45:30,Your praise makes us more confident and we will continue to pursue better quality and service,2024-08-07 01:50:44,,edu3724,com.qianfan.aihomework
1ec4dabd-cc99-4527-8ea9-cf101687b184,This really help me a lot on my subjects!,5,0,2.1.4,2024-03-06 07:58:32,Your positive feedback means a lot to us! We're glad you're enjoying our app. Thank you for your support!,2024-03-07 04:47:36,2.1.4,edu9617,com.qianfan.aihomework
a132dd63-81e8-4806-b867-884fdeafa007,Helps a lot and I don't have to pay for am explanation.,5,0,1.37.1,2024-01-24 20:37:07,,,1.37.1,edu57088,com.education.android.h.intelligence
84cd06e1-4dfa-48c3-87b2-563299ea159a,Is soo good like It doesn't take any budget just for a simple Question to be answered it also understands even if it's blurry and I found this sponsored by @Itryan,5,0,2.1.0,2024-03-01 03:16:11,,,2.1.0,edu4106,com.qianfan.aihomework
4dfcc51e-ba18-4a37-98bf-718d426ddde1,Did not help anything,1,0,1.6.2,2022-02-20 03:38:55,,,1.6.2,edu66698,com.education.android.h.intelligence
f8f3cd6c-f49f-4450-be0c-af8806d0db4f,Good app it helps me a lot when there's an assignment when I can't answer because of my work so I use it,5,0,1.9.15,2024-01-07 08:11:29,,,1.9.15,edu6256,com.qianfan.aihomework
63d596cc-e726-4ba2-9567-d38dcf1c225c,It very helpful to learners,5,0,2.5.2,2024-06-06 11:07:13,,,2.5.2,edu90810,com.cyberdavinci.gptkeyboard
dccd586b-907a-4081-b4c1-316031f77a21,This is Bad bro ads is good but you asking for money what the heck,1,0,1.32.0,2023-10-17 09:54:44,,,1.32.0,edu56190,com.education.android.h.intelligence
9140f915-46d1-4aa8-9441-04c3e2eec896,It is a great tool for homework. I have a lot of A's just because of this app!!,5,0,1.54.0,2024-09-09 16:46:57,We're thrilled to hear that Gauth helps you ace your homework! Keep up the good work and feel free to reach out if you need any assistance!,2024-09-09 17:00:39,1.54.0,edu31916,com.education.android.h.intelligence
f8cb76e2-108b-400e-bab5-3dbb4b4e0926,It is the app for clearing your doubts but the only we can only use it for limited time,5,1,2.6.1,2024-09-14 08:44:22,,,2.6.1,edu89680,com.cyberdavinci.gptkeyboard
f6e74e9d-7e7c-4183-b615-cb9a0b487837,It is reliable and easy to use,5,0,1.7.0,2023-10-01 09:22:24,,,1.7.0,edu8770,com.qianfan.aihomework
a7ceba17-3b30-4de0-a765-e47c31b53719,Its nice and good but the ads ?,5,0,1.5.9,2022-03-16 21:10:10,,,1.5.9,edu53837,com.education.android.h.intelligence
ec043cea-7481-46cb-a11e-f243c9007147,I love this it's so helpful,5,0,2.2.9,2024-04-22 10:16:34,,,2.2.9,edu6537,com.qianfan.aihomework
b8d732b1-c615-4441-82bd-e3a75e9230bc,Awesome. Very fast response time,5,0,2.7.3,2024-07-10 21:10:21,Thank you for your kind words! Were thrilled to hear that youre enjoying our app. If you have any suggestions or feature requests feel free to share them with us!,2024-07-10 22:49:59,2.7.3,edu3643,com.qianfan.aihomework
6917a2bc-c490-42f6-8d04-ba0560b5a11e,it help more students with math issues and it is so much more effective towards studies,5,0,1.54.0,2024-09-12 17:35:31,We're thrilled to hear that Gauth is helping you with math! Keep up the great work in your studies.,2024-09-12 18:01:42,1.54.0,edu31575,com.education.android.h.intelligence
a0a71e97-3864-4439-968c-3241b03e90e9,Helps me with homework,5,0,2.0.0,2024-01-10 18:54:30,,,2.0.0,edu15233,com.qianfan.aihomework
8f3a9e59-2a4b-4275-bbad-e01fe30f6fe6,Better then the others didn't tell me the wrong answers. Might actually learn more than my teachers teach me. It gives you explanation and it covers more than one subject. And it's free.,5,2,2.3.0,2024-05-04 16:24:12,,,2.3.0,edu373,com.qianfan.aihomework
02575818-9793-4827-a62b-1457ac8387b3,What a wonderful app in my opinion I think every student should have this app,5,0,1.55.1,2024-09-22 15:42:59,We're thrilled to hear you're enjoying Gauth! Thank you for your support! Keep acing those studies! #learningisfun,2024-09-22 16:00:21,1.55.1,edu33367,com.education.android.h.intelligence
70c7f423-6569-4059-a44f-a853089512d8,I got straight A's because of question ai I'll rate it a 5 OUT OF 5!!,5,0,2.8.2,2024-08-06 10:10:50,,,2.8.2,edu1401,com.qianfan.aihomework
17307b50-f26b-4730-9182-21dbb5be1ec5,Nice work but need more improvement to write valuable answer,4,0,2.2.2,2024-04-05 07:34:22,,,2.2.2,edu9127,com.qianfan.aihomework
0ddae01e-0487-462d-91eb-85c77a4b9ed0,Actually helps and makes sure you better understand the subject. I've learned a lot from this app,5,0,1.45.0,2024-05-11 13:31:11,Thanks for your feedback! We're glad you find the app helpful. Enjoy learning with us!,2024-05-12 23:48:53,1.45.0,edu34106,com.education.android.h.intelligence
309c667d-a5ff-4e36-be84-002ba8325079,This is by far the best AI i have ever used. It's user friendly and solves literally everything,5,1,2.5.2,2024-06-30 15:10:52,Thank you for your wonderful feedback! We're delighted to hear that our AI has been so helpful to you. If you haven't already consider joining our Discord community where you can connect with others who also find our AI beneficial. We'd love to have you and your friends onboard!,2024-07-01 14:08:20,2.5.2,edu90045,com.cyberdavinci.gptkeyboard
f4dfe78b-93c5-4cf4-8419-460e6f6410b7,it's really good use it if you can,5,0,1.33.0,2023-11-05 13:53:51,,,1.33.0,edu59137,com.education.android.h.intelligence
0023b7e7-4482-47c1-9710-2cbcbf444d1b,it's great and mostly free it helps a lot and has so many different modes I can't live without it,5,1,1.46.0,2024-06-06 10:06:39,Thanks for the amazing review! We're thrilled to hear that you find Gauth so helpful. Our team is here to make your learning experience awesome!,2024-06-06 13:01:33,1.46.0,edu34117,com.education.android.h.intelligence
e2387bc4-6fe4-490b-8b91-6be3fe46a266,this app helps me alot back then the update really pisses me off. 2 ads? please limit the ads i really need this app for my math homework.,1,0,1.14.0,2022-10-06 06:51:47,,,1.14.0,edu41762,com.education.android.h.intelligence
8661a318-64d6-4301-8053-ea125653093c,AMAZING HELPED ME PASS,5,0,2.5.0,2024-09-10 18:17:52,,,2.5.0,edu94242,com.cyberdavinci.gptkeyboard
a556e78c-c0b0-4862-9e0c-6bf3adf7ab6a,The problem needs to be completely straight or it won't work at all and give you a completely wrong answer but when it can read the problem it searches through the internet and gives you an answer from a real professional,4,2,1.36.2,2024-01-19 13:38:22,,,1.36.2,edu40640,com.education.android.h.intelligence
8816635f-6e0c-4a6f-bc2b-f26b3e69a4e8,wooow very nice apps for solving maths and all the subject,5,0,1.42.1,2024-04-04 11:13:29,,,1.42.1,edu51317,com.education.android.h.intelligence
a8f4084b-b052-4d65-a4b5-c2c104949050,Gauth AI gave me some answers of the complete questions and some half but it's answer is always correct but please kindly solve with complete methods,1,1,1.56.0,2024-10-09 09:45:03,We appreciate your feedback! We're glad to hear that our answers are correct. We'll work on providing complete solutions for you. Thank you for using Gauth!,2024-10-09 10:01:11,1.56.0,edu30329,com.education.android.h.intelligence
fdd2b373-fe36-451b-8bdb-f7d2c447bcb3,Is the best homework app I've downloaded so far it helps me with every material I really recommend this app for y'all that need help,5,0,,2024-05-08 08:49:53,Thanks for your review! Please recommend our app to your friends and dont hesitate to shoot us a note at support@gauthmath.com if you have any questions.,2024-05-09 07:42:16,,edu45839,com.education.android.h.intelligence
48f0b21c-8b52-4639-947a-08c89844e3fb,Just need to give answers for free without tickets,5,0,,2023-02-07 11:45:39,,,,edu57140,com.education.android.h.intelligence
d7c5c9ef-be1a-4cea-a1ea-7fd59137491d,This app is cruel you need $4 dollars monthly so you can get the answers directly If not you have to wait 10 minutes for your answer to get solved or you can watch 2 ads that range over 30 seconds each! I was very disappointed by this app I have downloaded it before and it was okay Now it sucks,1,15,1.6.2,2022-03-15 10:56:54,,,1.6.2,edu37380,com.education.android.h.intelligence
d82794c8-9a1c-4300-9483-890a7aee316e,am not great at math that's the main reason I downloaded the app but man it helps across multiple subjects 20 out of 5,5,0,,2024-10-08 15:12:14,Thanks for your support! We're glad to hear that Gauth is benefiting you in various subjects. Keep up the great work!,2024-10-08 15:15:21,,edu42961,com.education.android.h.intelligence
0e12d924-1db4-4137-b81d-32949f4ea809,so amazing fast and accurate,4,0,1.51.0,2024-09-16 05:36:30,Thank you for sharing your experience! We're glad you find Gauth amazing fast and accurate. Keep enjoying learning with us!,2024-09-16 06:00:13,1.51.0,edu35497,com.education.android.h.intelligence
3a18055a-aa82-4bff-8897-6daa24623c92,Hey people This app offers most excellent answers and it is good for kids to do their homework. This app is so good,5,0,,2024-08-20 15:44:15,We're thrilled to hear that you find Gauth helpful for homework! Thank you for your kind words and we're here to support your learning journey. Keep up the great work!,2024-08-20 19:01:05,,edu86004,com.education.android.h.intelligence
4d793b9e-4867-4b2f-bbb8-2191859142fe,"No longer works & its always saying ""starting"" & I've waited since like forever. But I'm giving three star cuz its better when you watch ad to get tickets & I've been using it for long. Please try to amend it",3,0,,2024-04-04 13:03:23,,,,edu102498,br.com.iastudio.ajudaai
763d6c64-8ede-42bf-8a55-324f6f3085fb,Great app but i couldn't even make the purchase for any packages,1,0,1.14.0,2022-09-20 21:30:35,Hi the purchase issue is caused the breakdown of Google Play's order system and it is fixed now. Please try to remake the subscription and if you have any questions about subscription please reach us through 'feedback' on profile page. Thanks!,2022-09-21 01:57:20,1.14.0,edu47308,com.education.android.h.intelligence
211d4bfd-4fdb-4f70-bf5c-e3ea4f18bed8,Helpful on my study,5,0,1.9.10,2023-12-04 07:57:07,,,1.9.10,edu16806,com.qianfan.aihomework
5e41eea8-07ee-4803-a697-6eed268263db,Really helpful I definitely recommend it,5,0,1.50.0,2024-07-29 15:36:22,,,1.50.0,edu48344,com.education.android.h.intelligence
f848be1e-f154-4104-8844-d4916f58bc52,This app is excellent. I'm being fr rn this is a life saver,5,0,2.0.4,2024-01-23 14:56:46,,,2.0.4,edu10485,com.qianfan.aihomework
ae89b207-ffb5-4f3a-8c0d-bf703f9496e0,it's amazing at the step by step instructions really helped to understand the question amazing app,5,0,1.40.0,2024-02-26 16:26:47,Dear User we are happy to know that you found our app useful. Please help us by spreading the word amongst your friends. If you have any feedback or suggestions please write to us at feedback@gauthmath.com. We would love to hear from you!,2024-02-26 21:45:05,1.40.0,edu47432,com.education.android.h.intelligence
23ac99d0-94bc-4bda-aef6-0548b06de50f,Di Maka solve nang maayus,1,0,1.5.8,2022-01-02 20:30:19,,,1.5.8,edu85007,com.education.android.h.intelligence
10b5eb1e-ed89-4709-9e8e-24d7f74d96db,It is not good we have to pay money for to get answers,1,0,,2023-10-12 21:10:03,,,,edu61288,com.education.android.h.intelligence
fbf0f62b-1fec-4f20-a30e-fa2aa34841bf,is pretty helpful and better than other apps like photomath,4,0,1.44.1,2024-04-17 11:10:00,Hi Thank you for your comment. Is there something else that we could do to deserve a better rating from you? Let us know at support@gauthmath.com.,2024-04-18 04:16:57,1.44.1,edu43186,com.education.android.h.intelligence
d08f525b-d6cc-46b3-a66a-70e361b943fc,Thank you i was having a hard time in math but this app saved me!,5,0,,2024-02-06 17:39:29,,,,edu7364,com.qianfan.aihomework
73b3fd6c-08f5-45ef-a9bb-b343b7f92e92,I can't used it because if i take a picture the answer can't appear,1,0,1.9.0,2022-06-08 22:28:39,,,1.9.0,edu62606,com.education.android.h.intelligence
a3b58ea5-84ca-4a43-8cf9-14666b48acb1,Lol this is even worst than Photomath. Photomath is better,1,0,,2022-01-20 21:41:27,Thank you for your feedback and we are deeply sorry for the inconvenience. Can you please share the problem with us in more detail so that we can improve our app. Please contact us at feedback@gauthmath.com.,2022-01-25 05:02:49,,edu59629,com.education.android.h.intelligence
dda78bef-ed50-410b-a706-fcd6bc7f1a4c,much better then I expected can even solve complicated problems! hasn't made me pay anything yet but I'll keep you updated if it does!!,5,1,1.45.0,2024-05-13 13:22:03,Thanks for your review! Please recommend our app to your friends and dont hesitate to shoot us a note at support@gauthmath.com if you have any questions.,2024-05-14 04:11:15,1.45.0,edu33121,com.education.android.h.intelligence
9a6d6b8d-3f94-48f3-965f-dc252a3c0652,This the best math helper!!!,5,0,1.40.0,2024-03-07 03:07:23,,,1.40.0,edu56360,com.education.android.h.intelligence
1fb24c6d-fdb8-4b00-8612-7c057a8f8aca,I love this app a lot Thanx for creating such amazing things,5,0,1.51.0,2024-08-10 07:12:06,Thank you for your kind words! We're thrilled to hear that you love using our app. If you have any suggestions for improvement feel free to let us know! Keep on learning with Gauth!,2024-08-10 10:00:44,1.51.0,edu36028,com.education.android.h.intelligence
eee67f87-27ab-490b-b8eb-407db6935d38,very useful especially for deltamath,5,0,1.9.0,2022-05-22 13:42:32,Hi we are pleased to know that you enjoyed the app. Feel free to spread the words amongst your friends. Have a wonderful day!,2022-05-23 06:32:00,1.9.0,edu57688,com.education.android.h.intelligence
75fe5a28-965f-4fc0-9db7-13a4463dde87,This is the very very useful device and this is answer my all math questions And I get 100 in math class teach was appreciate me.,5,0,1.45.0,2024-05-12 21:23:40,Thanks for your feedback! Congratulations on your 100! We're glad you find the app helpful. Enjoy learning with us!,2024-05-13 00:03:46,1.45.0,edu36410,com.education.android.h.intelligence
634fff17-0739-4422-8a0d-033b8b84e24b,Free and unlimited very nice and smart ai 100% recommended.,5,0,1.6.3,2023-09-10 09:03:58,,,1.6.3,edu5412,com.qianfan.aihomework
4bcd33b8-440b-41af-ab24-7bf33dd7b9eb,There's a pay wall on everything.,1,0,1.32.0,2023-10-18 00:53:30,,,1.32.0,edu65945,com.education.android.h.intelligence
c6fce311-7edc-4138-885f-b7c3cfd54ac2,Very fast response and helpful,4,0,1.41.1,2024-03-21 11:33:43,,,1.41.1,edu57095,com.education.android.h.intelligence
4e16fd58-44da-4e46-879d-07a9011fc745,Most of their answer is incorrect I regret to download the app,1,0,,2023-08-02 10:39:10,,,,edu57595,com.education.android.h.intelligence
219800b6-95bb-4d2f-9616-f12d3378aa83,Nice app it makes easier for those who studying.,5,0,1.8.0,2023-05-25 03:42:49,We're happy to know that answer.ai is being helpful! Share with your classmates too thank you!,2023-05-25 06:41:16,1.8.0,edu92463,com.cyberdavinci.gptkeyboard
19da94b6-e225-42c4-b4a6-df6e8ff0d766,Definitely 5 stars this helps me so much in quizzes homeworks and more thank u for helping me in math definitely 5 stars!!!,5,0,1.17.0,2023-02-01 02:08:39,,,1.17.0,edu44205,com.education.android.h.intelligence
aa21eb50-c12d-4c5c-b483-f770371f043d,it keep giving me the wrong answer,1,0,1.46.0,2024-06-03 17:45:54,We apologize for the inconvenience. Please contact us at support@gauthmath.com with more details so we can assist you better. Thank you for your feedback.,2024-06-03 19:00:57,1.46.0,edu50847,com.education.android.h.intelligence
b62d5bb0-929e-457a-b851-843ebb2cefed,Super app for students,5,0,2.1.5,2023-09-16 02:13:00,,,2.1.5,edu94356,com.cyberdavinci.gptkeyboard
b010d64d-b408-4d0a-bcfe-e2a0c938b6e0,The app is very useful and fast I love it,5,0,1.50.0,2024-08-11 11:19:27,Thank you for your kind words! We're thrilled to hear that you find our app useful and fast. If you have any feedback or suggestions feel free to share!,2024-08-11 13:00:50,1.50.0,edu42415,com.education.android.h.intelligence
bfc9f9e7-9ce7-450f-8540-ab5e2951a450,this is just great. I was not expecting this from an app it told me different ways than how my teacher explained it. Also it tells you how to do problems easier.,5,0,1.44.1,2024-04-24 21:55:29,We are pleased that you enjoyed the app. If there is anything we can do for you just let us know at support@gauthmath.com! Have a wonderful day!,2024-04-25 03:24:35,1.44.1,edu32948,com.education.android.h.intelligence
43c5ebd5-608d-4ce8-950c-8b006262010d,yall need to use this app it helps m get 100 on my homewprk,5,0,1.41.1,2024-03-19 15:41:58,Thanks for your review! Please recommend our app to your friends and dont hesitate to shoot us a note at support@gauthmath.com if you have any questions.,2024-03-20 03:59:47,1.41.1,edu61005,com.education.android.h.intelligence
639f3e65-024d-4366-b361-f396260ffb01,it's explaining but say the answer at the end,4,0,1.39.0,2024-02-26 21:31:12,,,1.39.0,edu61922,com.education.android.h.intelligence
d74fda3a-4191-453a-b476-2cb1b469737e,This is actually a great way to improve your learning I struggle with school and especially math My parents are also really busy so they couldn't help me and I'm really glad gauth was here to help me lol. This is an app if you struggle with math so do download it the ads aren't insane They tell you how they solved it And you can take pictures instead of typing your problem out Amazing work,5,0,,2024-08-22 15:28:04,Thank you so much for your kind words! We're thrilled our app is helping you improve your math skills. Keep up the great work and we appreciate your support!,2024-08-22 16:02:19,,edu32429,com.education.android.h.intelligence
2d10b7ba-e1b5-4aee-adca-3ac6ab1da61f,Great for undone work can help whit all your class work and give answers fast,5,0,1.42.1,2024-03-29 18:05:33,We are pleased that you enjoyed the app. If there is anything we can do for you just let us know at support@gauthmath.com! Have a wonderful day!,2024-03-30 06:11:25,1.42.1,edu47514,com.education.android.h.intelligence
de1434a1-3003-400f-970c-a8762eac58e5,real good at solving math problems and you don't need to pay for any features but can't give clear solutions to certain problems but mostly helpful.,4,0,1.35.0,2023-12-04 05:40:14,,,1.35.0,edu40607,com.education.android.h.intelligence
61db278d-186f-4188-83bc-dd1317e0ec1d,This app is prefect it even knew my answer without the text.,5,0,2.0.0,2024-01-10 16:15:00,,,2.0.0,edu9242,com.qianfan.aihomework
9602082b-ef88-4c3e-9a9b-f910acee98a7,I love this app. It's very easy to use and interesting,5,0,2.1.4,2024-03-19 16:53:44,,,2.1.4,edu9637,com.qianfan.aihomework
85623ed5-5f99-41a4-810b-4f61b83e05c5,Very good app it explains how it got the answer. :),5,0,1.9.10,2023-12-07 14:27:39,,,1.9.10,edu9405,com.qianfan.aihomework
260f2985-a98e-45c5-9bbf-507d685a92c0,gauthmath is amazing if there was no payment,5,0,1.17.0,2023-01-30 20:20:16,,,1.17.0,edu56765,com.education.android.h.intelligence
1f9fb88a-567c-4028-96f0-d5ba6b5aff86,Its amazing! it helped me in many of my problems,5,0,1.18.0,2023-03-17 06:51:34,,,1.18.0,edu54245,com.education.android.h.intelligence
638a132b-5b83-49ce-b527-fb526e59a0fe,It really helps me when im stuck,5,0,2.4.9,2024-05-20 13:36:45,,,2.4.9,edu91795,com.cyberdavinci.gptkeyboard
8574b3e0-03bf-4e23-912d-1d1831d1d423,it is very helpful I love it,4,0,1.51.0,2024-08-18 09:18:22,Thanks for the love! We're glad you find Gauth helpful. Keep enjoying learning with us!,2024-08-18 10:00:51,1.51.0,edu41837,com.education.android.h.intelligence
54616122-beac-4498-b14e-7e86f6ac1881,school never taught me this but they still throw it at me like I know what to do and freak out when we get it wrong. so basically I'm saying this taught me more than math class,5,0,1.40.0,2024-03-07 20:05:43,Thanks for your review! Please recommend our app to your friends and dont hesitate to shoot us a note at support@gauthmath.com if you have any questions.,2024-03-09 05:04:48,1.40.0,edu40497,com.education.android.h.intelligence
cf702a15-44d1-4606-bd5a-51337c2b6ceb,This is the best app I've recently used to get information,5,0,,2024-08-07 16:22:17,Thanks for your feedback! We're glad to hear you find our app helpful in getting information. Keep exploring and learning with Gauth!,2024-08-07 19:03:00,,edu58160,com.education.android.h.intelligence
8d0cf83c-2b31-4833-9d2d-5668b47fbeb7,The best helped me with my assignment and noticed my mistakes,5,0,1.5.0,2023-08-12 00:21:15,,,1.5.0,edu8864,com.qianfan.aihomework
32d5634a-f2fc-479f-b95b-91faedf84f32,it is good while you're doing your assignment i love it download it this is so helpful download downloaded high school it is so amazing it is beautiful,5,0,1.45.0,2024-05-12 00:19:08,,,1.45.0,edu34704,com.education.android.h.intelligence
7a75e002-14f5-4dda-8d08-d44d8cb924a8,Really good app helped me passed all my test,5,0,2.6.0,2024-09-03 13:06:43,,,2.6.0,edu90007,com.cyberdavinci.gptkeyboard
545b7339-ccec-478c-973f-1845800bdd43,Won't work I waited hours and for one question it takes all my energy it's not fair at all I have so much work to do just a waste of time. I was hoping to get some stuff off my plate but looks like I can't.,1,0,2.1.1,2024-05-01 09:26:10,Hey Summer. we're sorry to hear about your frustrating experience. We're actively working on improving the app's performance to ensure a smoother and more efficient experience for our users. Could you please provide more details about what happened? Please contact us at support@answerai.pro,2024-05-01 15:06:47,2.1.1,edu91016,com.cyberdavinci.gptkeyboard
7b1c4539-9a40-4c25-a785-8071d97bdd32,In fact is very good and fast,5,0,2.0.8,2023-08-09 22:09:24,We greatly appreciate you using answer.ai. Make sure to share answer.ai with your classmates!,2023-08-10 12:44:02,2.0.8,edu94361,com.cyberdavinci.gptkeyboard
9edf71f4-eeee-415f-b2a1-bec34ca990ef,The app mostly give you wrong answers,1,0,1.22.0,2023-05-07 05:23:36,,,1.22.0,edu62981,com.education.android.h.intelligence
a840415b-6741-4501-a433-183993ab07ae,Completly out of the topic Tried to ask him but instead give nonsensical things and doesn't and isn't very helpful Asking math questions is accurate but when I ask him to explain it it would just repeat it It was once perfect before the update now it suck so much,2,0,,2024-05-26 09:16:22,,,,edu1230,com.qianfan.aihomework
40a95c59-9f86-4735-a7c5-27ccaab2a122,bro it's literally amazing! I'm in 9th grade and it solved every single problem I needed it too. I highly recommend!!!!!!!!!,5,0,1.54.0,2024-09-11 20:40:21,We're thrilled to hear that Gauth is helping you in 9th grade! Keep up the great work and feel free to reach out if you need any assistance. Happy studying!,2024-09-11 21:00:49,1.54.0,edu30657,com.education.android.h.intelligence
e54feead-93ac-4fea-a8eb-0a1b97a330f4,I love this app when I got my homework I used this and so easy,5,0,1.54.0,2024-09-13 11:30:21,Thanks for your awesome feedback! We're thrilled to hear that our app makes homework easier for you. Keep up the great work and enjoy learning!,2024-09-13 12:00:41,1.54.0,edu35227,com.education.android.h.intelligence
a3437f92-0f7d-495e-a75b-6681e511872d,This app is so helpful!!,5,0,2.1.4,2024-03-09 15:56:00,,,2.1.4,edu13614,com.qianfan.aihomework
5de012a0-64a5-40d4-ae41-d6dbca94df01,I subscribed to the one month plan and still the plan is not working??? are you trying to take my money!?,1,0,1.14.0,2022-10-01 13:59:50,,,1.14.0,edu56760,com.education.android.h.intelligence
042c6df9-bf58-41cd-8b78-660f098104cd,its all correct and its so fast,5,0,1.39.0,2024-02-18 02:25:48,,,1.39.0,edu57027,com.education.android.h.intelligence
a84a238f-b741-4307-a000-4f92261b3ec4,Mas napapadali Ang akong mga module atska assignment,5,0,2.2.8,2024-04-17 11:38:10,,,2.2.8,edu20995,com.qianfan.aihomework
fa77e85b-3faf-4cde-9f88-45475760e3ba,I'm actually glad that I installed this application. I was somewhat apprehensive at first because all of the reviews are from students. And it seemed to me that the application was focused purely on schooling type questions. Witch is still awesome. but no I'm not intending on taking pictures of mathematic questions from school work. No I'm trying to ask about cannabis extractions and the difference between open blasting and passive closed loop blasting. Yo it actually hooked me up with good info,5,101,2.2.4,2023-11-13 11:05:11,We're delighted to know that our app provided you valuable information beyond typical school topics! We strive to assist in a variety of areas. If you have more questions or specific topics you'd like information on feel free to ask. Your diverse inquiries help us enhance the app's capabilities. Thank you for sharing your positive experience!,2023-11-16 14:20:50,2.2.4,edu89816,com.cyberdavinci.gptkeyboard
afddf956-bc36-423f-b795-55528ed7db73,this app works so well I love it so much and I highly recommend that you download it if you are looking for an app like this one . It's easy to use and ad free. I promise you that you won't regret downloading it,5,1,1.53.2,2024-08-27 17:15:30,Thank you for the awesome review! Were thrilled you love Gauth and find it easy to use. Your recommendation means the world to us. Happy learning!,2024-08-27 18:00:39,1.53.2,edu30416,com.education.android.h.intelligence
d2419bd4-5092-4b5a-bef8-44d1cf223908,Ok I just downloaded this app last year at first I thought wow this is good I was very amazed how fast they could answer ur question but in this year I cannot use it anymore because of the tickets like why? what are those ticket for?look we need this app to help us but how if we could only use it just once.,3,89,1.6.2,2022-03-12 23:57:14,,,1.6.2,edu37255,com.education.android.h.intelligence
5d0556e0-1169-4e4a-841c-a22bfc561373,It need money to get answers. Brainly Is better than this aap,1,0,1.17.0,2023-01-31 05:01:49,,,1.17.0,edu55166,com.education.android.h.intelligence
618c4c2f-a0fe-46de-8ccd-62e332024eb1,I love it a lot it has help me with many things,5,0,2.1.1,2023-08-27 15:32:48,Thank you for choosing answer.ai. We look forward to sustaining our assistance. Don't forget to spread the word about answer.ai among your classmates as well.,2023-08-30 16:07:39,2.1.1,edu92695,com.cyberdavinci.gptkeyboard
46c7e9a7-0ac7-42bb-a5bf-59ef00819b87,I struggles a lot in math. I try it once and it's good but afterwards you need to purchase first before you get an answer which is really sucks.,1,0,,2022-09-08 00:32:14,,,,edu40199,com.education.android.h.intelligence
956ae9b8-8bab-400d-9f6b-1058c869fc12,I gave it 1 star because if you use the 2 solution and you wanna use that again it's says unlock so the first am happy to use the app and the last am not happy and I delete the app,1,0,,2023-01-06 05:31:42,,,,edu46632,com.education.android.h.intelligence
efebd58e-e68a-4fc3-a1fb-5205948a5379,excellent I recommend it to everyone,5,0,1.56.0,2024-10-08 01:26:57,Thank you for recommending us! We're glad you find Gauth excellent. Keep enjoying learning with us!,2024-10-08 01:32:02,1.56.0,edu37482,com.education.android.h.intelligence
5c9e232d-ff45-4519-a70c-4a0611b2c3b3,gouth math had helped me a lot and it was interesting app but the handwriting sometime cannot be understand,4,0,1.23.0,2023-05-17 02:31:51,,,1.23.0,edu47127,com.education.android.h.intelligence
0eca5b9b-95e5-48f3-997c-9b5bc439e2fb,wrong answers very unhelpful,1,0,1.55.1,2024-09-29 11:30:39,We apologize for the inconvenience. Please contact us at support@gauthmath.com to provide more details so we can improve. Thank you for your feedback.,2024-09-29 11:45:33,1.55.1,edu39238,com.education.android.h.intelligence
564dcf84-b627-4e32-8e20-bf150832e118,Gauth is very helpful to me as a teacher and learning mathematics technique.,5,0,,2024-06-18 17:04:45,We're thrilled to hear that Gauth is helpful for you and your students! Keep up the great work teacher!,2024-06-18 19:00:37,,edu48726,com.education.android.h.intelligence
6831f61b-3a2e-46ed-b27a-78a3b7069a11,best app I ever had for my module and assignments. All the answers are correct I recommend this app for you guys to download,5,0,1.44.1,2024-04-16 22:00:02,We are pleased that you enjoyed the app. If there is anything we can do for you just let us know at support@gauthmath.com! Have a wonderful day!,2024-04-16 23:44:11,1.44.1,edu33373,com.education.android.h.intelligence
dcc2e626-7b68-4b18-92a4-1a6a5a2a2d48,Very bad app no need to download the app is continuesly giving wrong answer please don't download i used this app but i not satisfied very bad bad appp,1,0,1.49.1,2024-07-16 11:28:55,We apologize for the inconvenience. We take your feedback seriously. Please email us at support@gauthmath.com with more details so we can improve. Thank you.,2024-07-16 13:00:54,1.49.1,edu41577,com.education.android.h.intelligence
aa837c9f-bbbc-49fd-9d7e-b76ba9c18cd4,It is a really good convenience for when you need to do your homework,5,0,2.0.4,2024-01-25 16:12:19,,,2.0.4,edu5608,com.qianfan.aihomework
d51e8ea6-7b40-4018-983e-d93b1ce91de2,It's a great app that has helped me during my matric year,5,0,,2024-03-31 03:46:33,,,,edu94085,com.cyberdavinci.gptkeyboard
04b88839-cc1c-4395-b5d8-8ee11416a2fc,I used it to do some homework yet it gave me the wrong answer to harder questions,1,0,1.6.2,2022-02-24 08:48:09,,,1.6.2,edu51109,com.education.android.h.intelligence
e91f5d3d-094a-4f2c-b950-b4f809039297,Such a helpful app i definitely recommend!,5,0,2.6.1,2024-09-17 17:32:01,,,2.6.1,edu90151,com.cyberdavinci.gptkeyboard
6a31927b-61f5-4657-a099-9bad620c74d2,I love the app but it's saying that the bot was ChatGPT I kept saying he was Question.AI but it kept saying that he was ChatGPT. Please fix this!,5,0,,2024-03-04 15:52:52,We value your feedback and will definitely pass it on to our entire team for their consideration in improving this feature. If there are any other ways we can enhance your experience and earn a higher rating from you please feel free to inform us. Wishing you a great day!,2024-03-06 04:38:30,,edu4589,com.qianfan.aihomework
1524a77c-30a0-439a-8e20-6c771d234240,works every time gives step by step instructions to each questions helped me a lot with school work. love this app definitely recommend. and you don't have to pay anymoney for it to help you.,5,12,1.30.0,2023-09-06 23:59:11,,,1.30.0,edu40656,com.education.android.h.intelligence
929d3c0b-7b92-46fc-bfdc-a7f501888108,This is one of the best apps ever!!!,5,0,,2024-10-02 11:26:07,Thank you for the kind words! We're thrilled to hear that you're enjoying Gauth. Keep up the great work!,2024-10-02 11:30:29,,edu58321,com.education.android.h.intelligence
c686d621-72b4-4638-8d4b-83f73a01cb06,It helps me understand the work better than ever and helps me with my homework,5,0,2.2.2,2023-11-08 11:49:25,,,2.2.2,edu92390,com.cyberdavinci.gptkeyboard
ac302290-7a5d-4c0d-b08a-f1cd79dd0118,Is very good and help me do my school work,5,0,2.0.9,2023-08-16 21:37:47,We are grateful for your usage of answer.ai. It's fulfilling to know that it is positively impacting your school journey and we are here to keep assisting. Encourage your classmates to try out answer.ai as well!,2023-08-17 17:37:05,2.0.9,edu93345,com.cyberdavinci.gptkeyboard
702ce88f-8b5e-4446-b368-e68074bdbdcd,Damn near perfect. I wish it could draw out the points for graphing. Other than that I'm a fan!,4,4,2.1.5,2023-09-20 17:48:50,,,2.1.5,edu90457,com.cyberdavinci.gptkeyboard
780fb28c-36c7-4b32-bf5b-dbb2f95d9094,Another equation is not answerd,1,0,,2022-10-05 08:49:41,,,,edu68268,com.education.android.h.intelligence
6ee2812c-c127-4613-bc44-330f661a5ece,I love it this my first time to have a real math answer thank you if who created this my,5,0,1.5.9,2022-01-27 02:14:16,,,1.5.9,edu57873,com.education.android.h.intelligence
ae18e5d6-7167-40c1-b8f9-34ae0ec24931,So beautiful app all answer is correct,5,0,2.3.0,2024-05-02 01:19:37,,,2.3.0,edu4731,com.qianfan.aihomework
886343e6-b258-4789-9416-cbcf61745f11,I like this apps it's very useful and it's easy to get a answer,4,0,1.33.0,2023-10-20 23:21:12,,,1.33.0,edu53796,com.education.android.h.intelligence
b5a83931-90ce-4dd3-943c-d2025cd8c7b3,Before i love using this because all answers are correct it give me a ideas when my essays and homework are harder but now it seems like theres something wrong some answer are not related to what i've give and others are just repeating what answer in the first so i hope this will be fix as soon as possible.,3,0,2.7.3,2024-08-24 17:54:10,"Sorry for any inconvenience caused. Could you please send in-app feedback with screen shots to us for further analysis. You can find the access in the app via ""profile"" - ""feedback"". Thanks for your kind support!",2024-08-26 05:04:38,2.7.3,edu329,com.qianfan.aihomework
16f6378e-4bc7-4971-a8a4-3174056018bd,Very good app .. Helps me alot .,5,0,1.8.0,2023-05-31 12:13:12,Thanks for using answer.ai! We're thrilled to hear it's benefiting you. Let's keep working together for your success. Share answer.ai with your classmates too!,2023-05-31 15:00:53,1.8.0,edu94559,com.cyberdavinci.gptkeyboard
ee2e600c-e106-4680-a614-62ded2aa6822,It really helps if I'm stuck in something,5,0,1.32.0,2023-10-06 09:50:26,,,1.32.0,edu57867,com.education.android.h.intelligence
b5c6dcd0-9261-4bd0-b463-77d09710ecf7,Helps in solving every maths question and gives valid answers and solution,5,0,1.42.1,2024-04-22 03:50:10,,,1.42.1,edu45904,com.education.android.h.intelligence
58fedfe7-bf49-4767-8e3d-6f2e0c85e1bb,Able to get all the information for mi homework that I need. And it's really helpful,5,0,,2024-09-06 16:02:05,,,,edu90873,com.cyberdavinci.gptkeyboard
32375c16-db2b-4d70-8236-ead155901983,IT HELP ME IN MY HOMEWORK AND ITS FREE I THOUGHT I WAS GOING TO BE BAD BUT ITS REALLY GOODD TRUST ME AND IT HELP IN EVERYTHING!!!,5,0,1.49.1,2024-07-10 15:18:49,Thank you for sharing your positive experience! We're thrilled to hear that Gauth helps you with your homework. Keep up the good work! #learningisfun,2024-07-10 16:00:42,1.49.1,edu36787,com.education.android.h.intelligence
b3227885-f2c7-4f3d-aadf-31178790d31f,So many ads this app is trash,1,0,,2024-08-16 04:37:48,,,,edu7262,com.qianfan.aihomework
cdd0adc9-e86b-41ea-9d66-6d9d04baebba,Very Nice app For childern from 1-9 Standards it's automatically catches the questions and help to find out the answers faster!!,4,0,1.14.0,2022-10-17 10:04:22,,,1.14.0,edu46180,com.education.android.h.intelligence
d3bdc74b-b590-427d-b743-adb7f871fac4,Great for all answers an help,5,0,2.3.9,2024-02-11 17:26:28,,,2.3.9,edu94097,com.cyberdavinci.gptkeyboard
2905d866-134e-47ae-a953-ff331316d1c3,It helps me in my homework and its more easy to answers problems and questions,5,0,1.45.0,2024-05-03 22:08:40,,,1.45.0,edu39955,com.education.android.h.intelligence
347d8cfc-bae8-4f54-8a80-88b301a63e07,Thank you for this App! Very useful.,5,0,2.0.4,2024-01-24 19:32:14,,,2.0.4,edu10414,com.qianfan.aihomework
c75bae80-954f-465c-ab5d-406257243580,helps alot with everything is great 10/10 recomend,5,0,1.56.0,2024-10-06 08:32:45,Thank you so much for your awesome review! We're thrilled to hear that Gauth is helping you out. Your recommendation means the world to us!,2024-10-06 08:45:27,1.56.0,edu34115,com.education.android.h.intelligence
18e8652a-c2c1-45e6-9718-793bdb22a6ab,This app give the answer to me easily.Thank you who make this app.This app is so helpful,5,0,2.1.3,2023-09-10 08:45:00,We're happy to know answer.ai is assisting your school journey! Your feedback matters to us. Please share this app with your classmates for mutual benefit!,2023-09-11 12:45:31,2.1.3,edu93831,com.cyberdavinci.gptkeyboard
c1b9ab7a-0c53-4e13-9859-2ad5c195e562,Impeccable app. Exhilarating experience finding solutions to most thinking problems,5,0,2.0.5,2023-07-20 23:09:48,Thank you for being a part of answer.ai! It's wonderful to hear it's making a difference in your academic journey. Don't hesitate to introduce answer.ai to your classmates!,2023-07-21 06:48:02,2.0.5,edu91472,com.cyberdavinci.gptkeyboard
e8f0a116-28eb-4d2b-87c5-55de68bb2d51,Good at answering questions but needs more accuracy. Needs to be able to solve Geometric and Numeric patterns,4,0,2.2.9,2024-04-23 13:02:20,,,2.2.9,edu827,com.qianfan.aihomework
5e23373f-4605-4aed-860a-28f84bb0233d,math is hard so this app works,5,0,1.39.0,2024-02-13 16:38:38,,,1.39.0,edu61173,com.education.android.h.intelligence
297f493d-5f64-4814-b80b-ec6473433fc2,This is a great app for students who are both at college and high schools,5,0,1.49.1,2024-07-10 03:14:00,Thank you for the positive feedback! We appreciate your support and are thrilled to help students at different levels. Keep enjoying Gauth!,2024-07-10 04:00:38,1.49.1,edu36515,com.education.android.h.intelligence
01d9c0c4-29fa-413c-81c5-7f9d6b301320,This help a lot on my time due to school i really don't have enough time to do my other homework because some of my homeworks are very long to be done. Thanks for this app,5,1,1.4.0,2023-04-13 21:37:03,,,1.4.0,edu90932,com.cyberdavinci.gptkeyboard
3577e020-813e-4561-aec9-97df89d4ae55,awesome app and very helpful,5,0,1.23.0,2023-05-20 18:26:21,,,1.23.0,edu61481,com.education.android.h.intelligence
fa895861-d103-4827-88a0-f4bb19b1316b,It is a very effective app where on the students can literally help themselves out with tricky question of Maths with does really help with me so I will say the staff was very applicable for all students,5,22,1.4.0,2023-04-14 13:34:38,,,1.4.0,edu90281,com.cyberdavinci.gptkeyboard
04dada15-97a4-4727-bd42-e27d957b095e,Perfect but sometimes it's wrong,5,0,1.45.0,2024-05-08 16:01:36,Hello can you tell us more detail about the issue at support@gauthmath.com? It will be very helpful for us to investigate and fix it. Thank you!,2024-05-09 07:43:13,1.45.0,edu50065,com.education.android.h.intelligence
85f35424-4ec7-42a0-9573-32b2d27e86ac,This is a free app with accurate answers!Definitely worth downloading!,5,0,1.44.1,2024-04-25 19:59:03,Thanks for your review! Please recommend our app to your friends and dont hesitate to shoot us a note at support@gauthmath.com if you have any questions.,2024-04-27 05:50:42,1.44.1,edu39778,com.education.android.h.intelligence
9d8eae06-55cf-4af5-9673-155f26351435,Oh this app was so great all my answers that i put in my studies i got 40/40 thank you so much question ai i appreciate it i continue using this app but sometimes i feel lagy but its ok cuz when you update it the bigs or lagys in the phone are fix,5,0,1.9.10,2023-12-08 09:27:16,,,1.9.10,edu5386,com.qianfan.aihomework
e75a7189-25d7-46a2-bae8-46034c523bb6,I just can't believe this simple and solved thank you very much this is just enough for me to pass my exams am so greatful I found this,5,0,1.45.0,2024-05-06 17:13:37,Thanks for your review! Please recommend our app to your friends and dont hesitate to shoot us a note at support@gauthmath.com if you have any questions.,2024-05-07 02:42:04,1.45.0,edu36953,com.education.android.h.intelligence
eb389208-6ff6-4c04-ab6e-9c6e438da5b2,Really good all the other math games just only give you 5 mins and then they ask you for your money this one is the best! I had homework and it was hard until I found this game ty,5,3,2.1.1,2023-08-24 12:43:52,Thank you so much for using answer.ai. We are thrilled to know about its positive impact on your school journey and we're committed to further improvement. Spread the goodness by sharing answer.ai with your classmates!,2023-08-24 16:02:02,2.1.1,edu90328,com.cyberdavinci.gptkeyboard
c0576862-5253-44a3-8f19-dac195c5b6ed,Never messed up a problem but I would most definitely recommend having the time you save while using the app is insane.,5,0,2.0.4,2024-02-01 00:36:00,,,2.0.4,edu2506,com.qianfan.aihomework
1aed9de7-2dfb-437c-9bde-67a6c03b70ef,This app is pretty good it gives answers to almost every question but why I rate 4 stars is that some questions have to be translated to English then it can answer. sooo maybe Gauth can improve little bit.,4,0,1.51.0,2024-08-19 22:10:05,Thanks a million for the love We're super glad you find our app helpful. We're constantly working to improve translation features so stay tuned for updates. Happy learning!,2024-08-20 01:01:16,1.51.0,edu30033,com.education.android.h.intelligence
f98da846-3350-447f-acbd-0d8186c8898a,It's the best and it's making my work easier,5,0,2.3.1,2024-01-27 04:34:05,,,2.3.1,edu93435,com.cyberdavinci.gptkeyboard
64153675-8d4a-45fc-a2e4-709190fe9802,It's helped me very much when I practice Maths and Science,5,0,1.56.0,2024-10-06 14:46:54,Thank you for sharing your experience! We're glad to hear that Gauth has been helpful for you in practicing Maths and Science. Keep up the great work!,2024-10-06 15:00:37,1.56.0,edu31742,com.education.android.h.intelligence
53c65232-92a8-4a85-8111-7d0d479da09c,wow this has been such a huge help. I was completely stuck on graphing and this has really brought me through. awesome awesome awesome. highly recommend,5,1,1.46.0,2024-05-22 02:52:54,Thanks for your review! Please recommend our app to your friends and dont hesitate to shoot us a note at support@gauthmath.com if you have any questions.,2024-05-22 03:36:33,1.46.0,edu33117,com.education.android.h.intelligence
6d21dd02-3400-4f6a-bf73-c7289e0ae3ec,When I started this app I have learned a lot more from this app but some times it refuses to work at all so I think you can do some thing on it,3,0,1.22.0,2023-06-21 18:13:31,,,1.22.0,edu44528,com.education.android.h.intelligence
c5aab2b4-42ef-45da-9f27-fb6b90f713a0,got a few questions wrong and is American based.,1,0,2.2.6,2024-04-13 15:25:25,Apologies for any confusion caused. Well verify and correct the inaccuracies to ensure a better learning experience for you.,2024-04-15 06:07:01,2.2.6,edu11062,com.qianfan.aihomework
1d7abc82-2fd6-4301-a53f-0af58c05979f,its so helpful for some students that cant understand a lesson,5,0,2.3.0,2024-04-28 22:06:03,,,2.3.0,edu3287,com.qianfan.aihomework
f88d0b04-e149-4c45-a144-72fe4aa603e6,Thank you you help me even my sister I love your app keep working out,5,0,1.7.0,2023-10-12 17:13:14,,,1.7.0,edu9134,com.qianfan.aihomework
ad9fa994-28db-4eb8-bbe8-33f904a4e934,I love this app because to this app I perfec my test or assignment and I review thit and all people love this app,5,0,,2024-08-06 08:01:21,,,,edu7296,com.qianfan.aihomework
88239ebb-1a1d-4cee-b650-7634e229b2b7,very helpful and I hope it will have unlimited answers unlike brainly there,5,0,1.53.2,2024-08-28 09:55:43,Thanks for the positive feedback! We're glad you find Gauth helpful. We'll keep working on providing a great experience for you!,2024-08-28 10:00:28,1.53.2,edu32733,com.education.android.h.intelligence
7a07b02c-a523-4bac-a6e1-dddd600da3f2,This app is really helpful not only for rending the answer also explains the steps. Really helpful and a good app for teachers as well as students who does self learning.,5,0,1.56.0,2024-10-10 00:59:22,We're glad you find Gauth helpful! It's designed to make learning more enjoyable and understandable. Keep exploring and mastering those skills! #LearnWithGauth,2024-10-10 01:00:14,1.56.0,edu29531,com.education.android.h.intelligence
d9b04efb-1c6a-4161-a36c-eb3d3e19b683,This app is the best app I have used for solving my assignments and prepare for tests,5,0,1.7.0,2023-11-05 11:20:25,,,1.7.0,edu8644,com.qianfan.aihomework
9b356814-e796-44a5-9dfb-d618226d98b5,always wants to be paid now unlike the old days but now every question needs payment to be answered what happend to the old Gauthmath ?????,2,0,1.31.1,2023-09-17 14:58:11,,,1.31.1,edu49534,com.education.android.h.intelligence
43fba88c-8b45-46c8-b8f8-a89b9c0448be,It's very good and you question it its a lot of answers and that's also good and I almost cant read it all that's all thank you,5,0,2.3.0,2024-04-30 12:08:24,,,2.3.0,edu1647,com.qianfan.aihomework
3c23918a-fb41-40c9-8120-eaee5c741164,If you have a problem in math dawn load this now,5,0,1.38.1,2024-02-02 10:14:16,,,1.38.1,edu60909,com.education.android.h.intelligence
f1cb3b8e-b433-4b24-ac3a-342f2b3d2a0d,Exceeded my expectations I love it,5,0,1.53.2,2024-08-28 10:10:37,We're thrilled to hear that we exceeded your expectations! Keep enjoying Gauth and reach out if you need any help!,2024-08-28 11:00:29,1.53.2,edu45735,com.education.android.h.intelligence
fc975fcb-93a9-46e5-b4d7-a8e6c0dcd62e,At first this app was very helpful in my Math lessons but after a while i couldn't understand. why did my ticket suddenly go down even though i always claimed it. I have already saved 14 tickets but i suddenly noticed that it is decreasing. please please fix it because i will delete it if it doesn't help anymore. But thank you for this app because i got a high grades,4,2,,2022-04-14 23:34:22,,,,edu34255,com.education.android.h.intelligence
eb442262-0f51-4caa-bcca-f0dc3669905e,.it's very helpful to me. I recommend this app.,5,0,1.4.0,2023-04-22 03:44:51,,,1.4.0,edu93299,com.cyberdavinci.gptkeyboard
1dbbda06-0eea-48dc-a3d6-6d0fe5185f83,La mejor app que e encontrado,5,0,,2024-02-15 15:54:15,,,,edu29020,com.qianfan.aihomework
a596ce81-045b-4640-83ea-5e6878dce917,This app acc helped me with my hw I use sparx maths and now I don't have to work it out myself yayyyyy!!! (^^),5,0,1.55.1,2024-10-01 11:01:19,Thanks a ton for your awesome review! We're thrilled to hear that our app made your homework easier. Keep rocking those math skills!,2024-10-01 11:15:53,1.55.1,edu32826,com.education.android.h.intelligence
d522942f-4e81-4427-b14d-74052f4c7ed7,This is a beutiful app for math homework,5,0,,2022-09-26 07:52:21,,,,edu57797,com.education.android.h.intelligence
23de133c-50a3-4a7b-9c28-08a1a17d9ee5,This app is totally givinggg!!!! It's very useful and it gives the right answers,5,0,2.8.2,2024-08-06 06:56:59,,,2.8.2,edu1074,com.qianfan.aihomework
a2858b54-c539-4702-a94c-08a329372aaa,take too much Internet,4,0,1.44.0,2024-04-20 14:53:10,,,1.44.0,edu66477,com.education.android.h.intelligence
b32e9794-cb06-4562-b0b2-851beb31cf78,its to nice to use it ilove it it's help me to my solving problem,5,0,1.35.1,2023-12-10 22:10:43,,,1.35.1,edu58104,com.education.android.h.intelligence
d087f59d-aded-4ff1-95df-cad3ce859179,They need to fix the app because it doesn't work,2,0,1.44.1,2024-04-18 14:39:32,Hello can you tell us more detail about the issue at support@gauthmath.com? It will be very helpful for us to investigate and fix it. Thank you!,2024-04-20 06:27:26,1.44.1,edu43312,com.education.android.h.intelligence
7ba7590a-29d4-4295-b4c6-866211f2d727,The app is but please remove the subscription because a middle class boy like me can't afford it,5,0,1.38.1,2024-02-07 13:20:07,,,1.38.1,edu55175,com.education.android.h.intelligence
d1b45bc0-176b-4e09-9c12-c8bb333e8bdd,some things don't work on that for something stupid this definitely does you should get it so you can try out some new maths,5,0,1.54.0,2024-09-13 16:05:52,Thanks for your feedback! We're glad you find our app helpful for trying out new math. We appreciate your support and hope you keep enjoying your experience with us!,2024-09-13 17:00:18,1.54.0,edu34653,com.education.android.h.intelligence
4cf1081a-97eb-42d7-8340-e9c6356838f5,The best app for me! this app help a lot to my studies and homeworks,5,0,1.4.0,2023-04-14 12:56:56,,,1.4.0,edu91387,com.cyberdavinci.gptkeyboard
98343300-73e7-434e-bce7-0f1bc80ad3f8,Bad experience this app cannot find the solution properly,1,0,1.11.1,2022-07-03 04:28:01,,,1.11.1,edu54083,com.education.android.h.intelligence
d3adbef5-3435-40e1-8dde-11884ef6aded,Question A.I is what I'm looking for because its free to ask anytime.,5,0,2.9.2,2024-09-09 09:12:19,,,2.9.2,edu3998,com.qianfan.aihomework
e3fbf3bd-fbde-4c2c-a75d-3fe0605ac375,Amazing app!! Breaks everything down in a way I can help my kids that home school!!,5,0,1.48.0,2024-06-21 21:03:55,Thank you for the awesome review! We're thrilled to hear that Gauth is helping you and your kids with homeschooling. Keep up the great work!,2024-06-21 22:00:10,1.48.0,edu36361,com.education.android.h.intelligence
f73c68a1-6cee-4118-b7da-6c88af460f5f,My teacher thinks i am very smart thanks to this app,5,0,1.51.0,2024-08-05 20:13:31,We're thrilled to hear that your teacher sees your potential! Keep up the great work with Gauth - you're on the path to success! #LearningIsFun,2024-08-05 22:00:21,1.51.0,edu38134,com.education.android.h.intelligence
6d22b554-a40c-4aef-923e-aa7794ed4362,Its a great app to use you can use it in collage and high school it is very helpful and it shows you how to work it out,5,0,,2023-09-17 13:12:24,,,,edu40507,com.education.android.h.intelligence
cf44c9b2-c9f1-4f64-90ef-0ef2fcdeab95,saved my life it is absolutely amazing,5,0,1.41.1,2024-03-16 07:38:22,We're so happy to have played a part in your success. God bless you too and keep up the amazing work!,2024-03-16 23:37:37,1.41.1,edu61810,com.education.android.h.intelligence
42eba6b3-e84d-48ae-9f55-6e76ffcac068,This app is not helping with my homeworks. It scans the problem too long. And second you need tickets in order to get an answer.,1,0,,2022-05-15 08:17:19,,,,edu41001,com.education.android.h.intelligence
89b5ea71-efe3-40d7-ac60-1cb7a75fe9d3,it helps even with things a lot of people can't solve,5,0,1.45.0,2024-05-14 21:09:42,We are pleased that you enjoyed the app. If there is anything we can do for you just let us know at support@gauthmath.com! Have a wonderful day!,2024-05-15 02:49:48,1.45.0,edu43674,com.education.android.h.intelligence
60214218-5647-4fcf-baf4-f6def37af3c7,This is the best Ai chat app in the entire universe,5,0,1.6.3,2023-09-13 18:13:59,,,1.6.3,edu11056,com.qianfan.aihomework
5223b552-5b2c-43a5-a027-c16f034cbd4d,great app definitely recommend,5,2,1.4.1,2023-08-11 10:41:29,,,1.4.1,edu13397,com.qianfan.aihomework
ca4df07b-84ed-4573-ab19-ec71f35937aa,It's much an amazing app It help every much where I felt that this answer was my wrong it is very useful and knowledgeable app for mathematician. Who ever have any problem in mathematics please rate this app it is such an awesome for mathematician people best to you all for Ur maths,5,0,,2022-02-24 11:40:07,,,,edu40233,com.education.android.h.intelligence
4cecd8fd-98bf-4ffe-b625-463e2aac1776,This is good so far 4 questions and I didn't need to pay and it recognizes the problems will update,5,0,2.0.2,2024-01-23 00:55:44,,,2.0.2,edu5450,com.qianfan.aihomework
7a3adc10-d10d-4914-8670-1d637c6b8fc2,Really bad also gets answers wrong,1,0,1.17.0,2023-02-23 14:00:35,,,1.17.0,edu64412,com.education.android.h.intelligence
30948c25-351c-4e5b-a74e-3415a5530a02,Keep giving wrong answers,1,0,1.51.0,2024-08-03 14:05:25,We apologize for any inconvenience. Please contact us at with specific examples so we can investigate and improve. Thank you for your feedback.,2024-08-03 16:00:19,1.51.0,edu45265,com.education.android.h.intelligence
919f2ce1-fa9d-4cb7-a753-8be7f7135a8f,I like it because it as struggling on some work and it help me,5,1,2.1.2,2023-09-05 18:44:54,Thank you for being a part of answer.ai. Introduce answer.ai to your classmates for their benefit!,2023-09-05 20:15:07,2.1.2,edu92525,com.cyberdavinci.gptkeyboard
abb3caa2-ec6e-4715-8ca1-4bad15987bd8,Help alot fory homeworks,5,0,2.8.2,2024-07-30 09:05:51,,,2.8.2,edu3198,com.qianfan.aihomework
abd3a2a7-976d-4e8f-b17f-c1192954d4ac,Describes clearly it is the best,5,0,2.2.9,2023-12-04 12:43:30,,,2.2.9,edu95112,com.cyberdavinci.gptkeyboard
1b7a37b2-2664-400e-8afc-df5806db15c6,this app is a life saver. best app i've ever used,5,0,1.16.0,2023-01-02 02:10:12,,,1.16.0,edu61194,com.education.android.h.intelligence
c5d3eb87-9a3c-44f0-a748-248af37efda8,this app actually works and doesn't take 12 years to give you the answer,5,0,1.38.1,2024-01-30 12:28:41,,,1.38.1,edu52538,com.education.android.h.intelligence
3a711d7a-5958-4217-a3d9-2eb7a4943e72,OKAYYY SO I LOVE THIS APP SO MUCH BEFORE BUT BUT BUT WHY DO Y'ALL HAVE TO CHANGE SOMETHING. WE ARE STUDENTS AND WE DO NOT HAVE MONEY TO PAY FOR YOUR SUBSCRIPTION. THIS APP SUCKS NOW IT WAS WAYYY BETTER BEFORE THE UPDATE. UNINSTALLED.,1,6,1.9.0,2022-05-10 01:36:27,,,1.9.0,edu44447,com.education.android.h.intelligence
2b490c0a-d50d-436b-9dcc-6b24a770c53f,Its so esy to use,5,0,,2022-03-20 21:50:07,,,,edu70069,com.education.android.h.intelligence
4434cae7-d344-4158-894e-9e2196a42aaa,It solve my problem in Math.,3,0,,2022-05-21 21:47:32,,,,edu65708,com.education.android.h.intelligence
4c7960df-a6c2-4269-97bd-e23cdd0b0337,Very good for homework,5,0,,2024-09-23 17:13:25,,,,edu93686,com.cyberdavinci.gptkeyboard
f4c1f022-9bae-4a0a-8e8d-38111d26b830,Have to pay money after the first couple of uses and basically all my questions were answered incorrectly.,2,0,1.26.0,2023-07-19 08:39:14,,,1.26.0,edu46862,com.education.android.h.intelligence
aeffabb1-98dd-416c-9e9b-af4472ede084,"This is really awesome to do and really help my asynchronous a bit. You should be not worry about how I rated it worry about how hard it is to use. This app really needs some big features especially add a ""Multi-Answerer"" for free!",3,0,,2024-05-06 22:47:05,,,,edu32703,com.education.android.h.intelligence
19155361-9bcb-43b3-b53f-6253b4066b99,This app really makes someone's study easy and simple.,5,0,1.46.0,2024-05-22 06:17:12,,,1.46.0,edu37529,com.education.android.h.intelligence
4982810a-5a27-4c1f-9af8-d13acad36506,This is making my knowledge in maths better it is breaking down the solving and this is good. love this app,5,0,1.54.0,2024-09-10 22:29:01,We're delighted to hear that Gauth is helping you improve your math skills! Breaking down problem-solving is what we aim for. Keep enjoying the app!,2024-09-10 23:00:32,1.54.0,edu31907,com.education.android.h.intelligence
03d9b626-4717-4273-a97d-1b6d41339b02,Very nice app it supports learning,5,0,2.1.4,2024-03-20 18:32:36,,,2.1.4,edu9963,com.qianfan.aihomework
87f9b92e-3a51-488d-b9ff-f8a9fe302b9e,It can help for my activities.,5,0,2.4.5,2024-04-15 10:26:54,,,2.4.5,edu96045,com.cyberdavinci.gptkeyboard
b56ca771-018a-4551-b287-fb2dd0bc0e71,this app is making me do less computations! i luv it,5,0,1.11.1,2022-07-08 10:13:59,,,1.11.1,edu56242,com.education.android.h.intelligence
8f7795ab-a59e-46c4-829a-2bb47c77cf1c,The app is wonderful i really like it,5,0,2.0.5,2023-07-29 05:47:06,Thank you so much for using answer.ai! It's fulfilling to know it assists you on your school journey. Spread the goodness by sharing it with your classmates!,2023-07-31 16:07:55,2.0.5,edu94368,com.cyberdavinci.gptkeyboard
556f1230-53c9-428f-b706-ee07783dc6ea,I learned in this app thanks that this app existed,5,0,2.8.4,2024-08-10 17:50:01,,,2.8.4,edu3238,com.qianfan.aihomework
c3474d83-db05-4bd4-8f5d-2929062ab9ac,great app now it should start showing the working,3,0,1.46.0,2024-05-31 09:58:58,Thanks for your feedback! We're glad you're enjoying the app. We'll definitely look into adding more step-by-step solutions for you. Keep learning with Gauth!,2024-05-31 10:01:03,1.46.0,edu43769,com.education.android.h.intelligence
1d8950af-ccec-490e-a907-5eb2d302d4c1,good app it shows correct answers,5,0,1.45.0,2024-05-09 11:26:39,,,1.45.0,edu47840,com.education.android.h.intelligence
ea6fc367-84b3-4438-8b59-75a06496d88a,It's a wonderful app it tells me the answers and explains how it got them,5,0,1.53.2,2024-08-26 12:50:36,Thank you for the positive feedback! We're thrilled to hear that you find our app helpful in providing answers and explanations. Keep up the great work!,2024-08-26 13:00:52,1.53.2,edu35584,com.education.android.h.intelligence
2eb07d18-76be-4dd2-89f9-52d13ee705ba,Really great the best and easiest way to solve it,4,0,1.56.0,2024-10-06 10:42:38,Thanks a ton for your awesome feedback! Were thrilled you find our app great and easy to use. Your support means the world to us!,2024-10-06 10:45:25,1.56.0,edu32723,com.education.android.h.intelligence
6fb104fc-0a0a-4bca-9796-34901cb442e5,This app good for study.,4,0,2.5.2,2024-05-29 13:44:05,,,2.5.2,edu6963,com.qianfan.aihomework
ddb39dd0-b17e-4865-ad9f-2359e25eaf79,I love it because I always got all on quiz Exam etc.,5,0,1.7.1,2023-05-16 17:57:41,We're grateful that answer.ai is proving valuable for your school. Remember to share the benefits of answer.ai with your classmates as well!,2023-05-17 12:47:39,1.7.1,edu92325,com.cyberdavinci.gptkeyboard
6d5f1070-a144-4b44-b295-861d3d0d68fb,I love this app it helps me with math but unlike other apps it can also explain why it got the answer it did so you can also learn how to do the equation on your own,5,0,,2024-02-15 22:22:22,,,,edu4072,com.qianfan.aihomework
21090e55-4561-472a-a5ed-a552f4f76ec0,It's perfect for studies,5,0,2.1.0,2024-02-17 11:24:42,,,2.1.0,edu12741,com.qianfan.aihomework
162126e6-6d66-4506-a809-ad2f40a67d9d,the best I'm doing better on my work,5,0,1.20.1,2023-04-04 13:46:28,,,1.20.1,edu64191,com.education.android.h.intelligence
5bd759c2-e342-4400-902e-27bb6cdf8ad1,fazaia degree college ke sare answer sahi ho class six ke hisab se,5,0,1.48.0,2024-06-19 05:48:32,We appreciate your positive feedback! We strive to provide accurate answers for all grade levels. Keep enjoying learning with Gauth!,2024-06-19 07:00:15,1.48.0,edu77338,com.education.android.h.intelligence
0125229a-0e3c-40f5-a008-c6f2cfef14d8,gosh! the ads really annoy me when i send a message ads came out of nowhere and its really annoying.,1,1,2.8.4,2024-08-08 20:06:47,,,2.8.4,edu158,com.qianfan.aihomework
525111b6-b443-489a-a005-90c23069b2da,The app is wonderful it makes all my work easier. Thanks AI,5,0,2.4.3,2024-04-07 12:14:46,,,2.4.3,edu92378,com.cyberdavinci.gptkeyboard
9742f62d-a134-4f0a-864d-b0b3871bf73c,Oh my it gave me the answer and told me how to do it what more could I ask for?,5,0,1.54.0,2024-09-05 22:15:32,Thank you so much for your awesome review! We're thrilled that our app helped you find the answer and understand the process. Keep having fun learning with us!,2024-09-05 23:00:37,1.54.0,edu42710,com.education.android.h.intelligence
4d67eabe-c2d7-43f3-998d-ca1efd033ef9,this app is outstanding work help.Thsnks,5,0,1.41.1,2024-03-17 02:48:38,,,1.41.1,edu60755,com.education.android.h.intelligence
682c21f8-53d9-4799-9da9-fe871b6a23ba,it's been really helpful each time I used the app and has clear explanations I can understand.,5,0,1.53.2,2024-08-31 05:10:37,Thank you for your kind words! We're glad to hear that you find Gauth helpful. Keep up the great work! Happy studying!,2024-08-31 06:00:16,1.53.2,edu30739,com.education.android.h.intelligence
223bfee7-32b5-4fee-88ef-5aed3e20ae08,This homework app is ver good because it has daily check-in that gives you things to be able to scan your homework and get the naswer correctly all for free.,5,3,2.5.5,2024-08-21 14:27:13,,,2.5.5,edu89664,com.cyberdavinci.gptkeyboard
a39952aa-c500-420d-9037-8420a50669c1,The app is very important to a student I have try many apps but this app is good so I wish it to every body,5,0,2.0.2,2023-06-25 17:34:18,Thank you for choosing answer.ai! It brings us joy to know it's making a difference for your school. Let's keep the momentum going and share answer.ai with your classmates too!,2023-06-27 16:30:31,2.0.2,edu91524,com.cyberdavinci.gptkeyboard
5127f3ce-9029-4cb3-b72f-58571b9da147,Great with work or homework,5,0,1.55.1,2024-09-23 21:13:53,Thanks for your positive feedback! We're glad you find Gauth helpful with your work and homework. Keep exploring our app for more learning resources!,2024-09-23 21:30:22,1.55.1,edu38595,com.education.android.h.intelligence
6b703b94-cb6c-4857-8c57-8735d9800f78,This app ials awful if you try to do anything but math if will just give you a random answer,2,0,1.54.0,2024-09-09 11:00:47,We sincerely apologize for the inconvenience. Gauth is designed to provide accurate math solutions only. Please contact us at support@gauthmath.com for more details.,2024-09-10 05:19:00,1.54.0,edu32713,com.education.android.h.intelligence
b900a52a-88b9-41b7-bc9a-95e190895fbb,Awasome run normally minim ads and we love it fast,5,0,2.1.0,2024-02-15 06:10:56,,,2.1.0,edu6182,com.qianfan.aihomework
7f866358-3bd4-4f6d-8469-0c7af3f77e52,Litterly if you need help with a big problem you need to pay for it to answer it this sucks,1,0,,2023-03-22 06:25:52,,,,edu59595,com.education.android.h.intelligence
c4813bbd-b4c0-42a0-b491-513888fa87c9,wow its such a life saver,1,0,1.51.0,2024-08-01 16:11:34,We're thrilled to hear that Gauth has been a life saver for you! Keep up the great work and enjoy learning with us! #StudySmart,2024-08-01 19:00:40,1.51.0,edu48623,com.education.android.h.intelligence
eb3d10b0-d0c1-41ba-8aa2-5779c55a21a8,This app is very amazing,5,0,,2024-09-29 11:31:35,We're thrilled to hear that you find our app amazing! Thank you for your support! Keep enjoying learning with Gauth!,2024-09-29 11:45:32,,edu86485,com.education.android.h.intelligence
3ec1f341-0497-462e-995b-0ad47e2c2554,It is very good very accurate I really recommend it,5,0,1.41.1,2024-03-10 10:05:58,,,1.41.1,edu57212,com.education.android.h.intelligence
57ec6902-225a-44e8-ba46-1c0354b9ee23,better than photo math,5,0,1.56.0,2024-10-06 11:34:35,We're glad you're enjoying Gauth! Keep exploring all the features to unlock more mathematical possibilities. Happy learning!,2024-10-06 11:45:30,1.56.0,edu39527,com.education.android.h.intelligence
ae3ecc15-f0a2-470b-aed9-fcb6b7c1918e,Bad you forcefully have to buy a membership in order to see a solution,1,0,,2023-03-14 16:09:48,,,,edu57101,com.education.android.h.intelligence
75de6b50-a01d-4f54-bd6e-9deec726c7b9,Overall pretty good information. Few inconsistency in optical science but majority very good.,5,0,2.1.0,2024-02-25 16:52:51,,,2.1.0,edu2905,com.qianfan.aihomework
4e091ab1-c058-45cc-97e5-e29336947d24,really easy to use easy to understand. really good,5,0,1.20.1,2023-04-12 08:56:20,,,1.20.1,edu51071,com.education.android.h.intelligence
82b793dc-00b2-494b-b8d8-9edba9aa5eac,This app is amazing.If I need help on a math problem then it will help me.You can put calming music while it helps you .it plays music for you and can do any subjects.,5,0,1.41.1,2024-03-14 20:03:34,Thank you for your kind feedback. We are aware of this problem and are currently working on solving it. Please update your app to the latest version when you see an option.,2024-03-15 08:35:38,1.41.1,edu40383,com.education.android.h.intelligence
26e4df1e-d90b-4b9d-945d-38ceeff8cba7,It's answers all of my math problems especially when I'm so bad at math,5,0,1.4.0,2023-04-17 09:40:19,,,1.4.0,edu91671,com.cyberdavinci.gptkeyboard
a2ad9992-55c8-424b-a3c9-6d4981e38a9d,needs some improvement..but still is fantastic,4,0,1.20.1,2023-04-05 09:39:36,,,1.20.1,edu54539,com.education.android.h.intelligence
dc059af8-d617-472b-8302-0e1abb4cee32,Helps me a lot with school work,5,0,1.41.1,2024-03-26 19:22:13,,,1.41.1,edu59822,com.education.android.h.intelligence
371773c5-eae1-4c1e-9dc5-32e7d91990bc,Nc app but need ticket and you need to watch ads,2,0,,2022-09-05 09:50:33,,,,edu57823,com.education.android.h.intelligence
7c360363-7447-47c5-91b2-d86917e65ac8,this is the best app to check ur answers.,5,0,1.55.1,2024-10-07 21:36:34,Thank you so much for the awesome feedback! We're thrilled to hear that you find our app helpful for checking answers. Keep on rocking your studies!,2024-10-07 21:45:23,1.55.1,edu38007,com.education.android.h.intelligence
138f7e74-3329-401e-ae57-dd1cb589d391,This helps me a lot. Specially on writing skills and vocabulary!,5,0,2.8.2,2024-08-21 06:19:03,,,2.8.2,edu509,com.qianfan.aihomework
86357e5e-ae83-4afd-bf34-b46f36ffa626,my grandbaby loves the app helps her with the hard problems she doesn't understand I don't get it either this new math is crazy,5,0,2.8.2,2024-08-05 07:27:19,,,2.8.2,edu454,com.qianfan.aihomework
0caa9c88-19d8-4294-b9ea-7b3c50959cb0,Shout out to ELON MASK FOR AI GENIUS the best experience ever,5,0,2.1.5,2023-10-02 04:48:51,,,2.1.5,edu94058,com.cyberdavinci.gptkeyboard
a8168d2b-172b-4cbe-98cc-18cfbd87ee24,very good don't have to teach my daughter nothing .because I forgot so it really come in handy,5,0,1.40.0,2024-02-29 19:30:19,Thanks for your review! Please recommend our app to your friends and dont hesitate to shoot us a note at support@gauthmath.com if you have any questions.,2024-03-02 00:01:15,1.40.0,edu47488,com.education.android.h.intelligence
53839cfa-e69c-4f73-97ab-cda7c9b9662b,this app iss so helpful thank you so much guys,5,0,1.42.1,2024-04-06 03:22:02,,,1.42.1,edu61883,com.education.android.h.intelligence
b660dd84-c0c7-456c-ac16-abb1bece9881,I love this app so much even tho she doesn't know cici and cici does I still try to make them friends even if their ai.. This app doesn't have speech which I request a update about speech I hope u update it with speech and the first time I tested this I couldn't sleep the whole day,5,0,,2023-11-04 11:11:39,,,,edu2484,com.qianfan.aihomework
95a45d78-9b29-47a2-abd3-d2c6135680f1,they must explain how they calculate the figure,5,0,1.51.0,2024-08-19 11:04:36,We appreciate your feedback! Our app provides step-by-step explanations to help you understand how figures are calculated. Keep exploring and let us know if you need further assistance!,2024-08-19 13:01:11,1.51.0,edu39885,com.education.android.h.intelligence
775ccddd-06dc-4896-bfb3-298d5e62ce36,I'm really really bad in math thanks in this app:),5,0,1.36.2,2024-01-10 07:52:00,,,1.36.2,edu81894,com.education.android.h.intelligence
2b86e40d-e9b4-4e7d-bae4-2e3028fc57e7,Exceptional app love it,5,0,,2024-10-10 13:58:17,Thank you for the kind words! We're thrilled that you love using our app. If you ever need any help or have suggestions feel free to reach out. Happy learning!,2024-10-10 14:00:24,,edu58713,com.education.android.h.intelligence
bed35cf1-cbf4-4a32-a38e-236bd028776c,Great app but It gets annoying with almost every question having to be paid to see or watch an ad.,4,0,1.23.0,2023-05-23 23:36:42,,,1.23.0,edu44543,com.education.android.h.intelligence
5c54fc1e-779f-4ede-aabb-067c2866fd0b,Its the best its even helping me with my homework,4,1,2.3.0,2024-05-03 00:58:37,,,2.3.0,edu6070,com.qianfan.aihomework
5d87a9ab-6c08-434f-bbd0-3b02a5ea9e2b,This app is amazing .It's perfect.,5,0,1.17.0,2023-01-25 08:00:57,,,1.17.0,edu60737,com.education.android.h.intelligence
e4427ef6-b633-4e2f-b042-d4a70a511b71,Thing's that i can say this app is very impressive because it makes your job to be easy and fast to me this app is not optional instead it's compulsory for my homeworks,5,0,1.54.0,2024-09-09 14:32:34,Thank you for your awesome review! We're thrilled to hear that our app makes homework easier and faster for you. Keep shining and using Gauth to ace those tasks!,2024-09-09 15:00:28,1.54.0,edu30054,com.education.android.h.intelligence
c39c5c0c-27ef-4ad7-b986-bfbc29611a87,Great and efficient way to home work,5,0,2.1.0,2024-02-22 19:20:18,,,2.1.0,edu8121,com.qianfan.aihomework
6a6c1b34-ae33-4aae-ba84-01dc494c7ea2,the app is really good. but many can not buy the subscription. please fix it,4,0,1.17.0,2023-01-17 12:33:06,,,1.17.0,edu45186,com.education.android.h.intelligence
845fe913-6d67-4845-b690-8ba8f30da5a9,a best app it's very helpful and all the answers are same just love it,5,1,1.46.0,2024-06-02 08:52:24,We're thrilled to hear that you find Gauth helpful! Our goal is to assist you in your learning journey. Keep up the great work!,2024-06-02 10:01:06,1.46.0,edu43197,com.education.android.h.intelligence
da2a3d33-68d1-410d-a1e9-6e0977d138cd,I really like Gauth It really helped my daughter,5,0,1.56.0,2024-10-10 08:45:20,We're so glad to hear that Gauth has been helpful for your daughter! Thank you for sharing your positive experience with us. Keep up the great work!,2024-10-10 09:15:30,1.56.0,edu33982,com.education.android.h.intelligence
d78f3993-cc3e-4675-a26c-5dcf1da0112d,amazing app very helpful,5,0,1.54.0,2024-09-10 23:02:51,We're glad you find Gauth amazing and helpful! Keep learning and exploring with us!,2024-09-11 00:00:19,1.54.0,edu42726,com.education.android.h.intelligence
da58f4f7-4df6-41c1-b7a9-d1d1bb6838cd,IT IS SO HELPFUL THAT EVERYONE UNDERSTAND THAT Question,5,0,1.56.0,2024-10-08 02:36:02,We're glad you find Gauth helpful! Our app is designed to make learning easier for everyone. Keep up the great work!,2024-10-08 02:45:17,1.56.0,edu38690,com.education.android.h.intelligence
b6799f29-6393-44aa-bc3e-e80f9bc6c720,It helps me so much. Especially in math bc it walks me through everything.,5,0,2.0.4,2024-02-05 17:59:23,,,2.0.4,edu5389,com.qianfan.aihomework
b9e667a6-c464-4d83-91f7-e0f54fb54c2a,SO GOODD!! since I ever started high school I literally passed all my work with this app!,5,0,1.55.1,2024-09-24 16:44:57,We're thrilled to hear that Gauth has helped you excel in high school! Keep up the great work!,2024-09-24 17:00:35,1.55.1,edu31292,com.education.android.h.intelligence
187836ec-5c44-4165-9f9b-39bc238bffc2,It really helps me with my math even cause I struggle with it,5,0,1.14.0,2022-09-12 14:33:06,,,1.14.0,edu54953,com.education.android.h.intelligence
bfbebb59-e9fa-42cd-951b-f44aaf318015,It's very helpful for students and it's more detailed than other apps,5,0,2.5.1,2024-05-26 21:54:49,,,2.5.1,edu1717,com.qianfan.aihomework
6e7c8675-4b6d-4366-8907-5ef56753efdd,Great app. Great reading and a teaching experience. A great teacher indeed!,5,0,2.7.3,2024-07-06 22:50:52,,,2.7.3,edu938,com.qianfan.aihomework
f7fbd4b4-663a-4621-bfde-bd5897d718ee,it helps me a lot and I do not have a f now I have a c in math so ty,5,0,1.38.1,2024-02-03 14:04:46,,,1.38.1,edu60638,com.education.android.h.intelligence
015e45bc-b545-4c03-ba7e-27e8c930f2e6,Ahm maganda syang. Gamitin sa math thank you gauthmath ily po,3,0,,2022-03-08 20:04:28,,,,edu86014,com.education.android.h.intelligence
e246c1e9-ff93-4395-a963-1342b6b87b55,It's good but if the answer is wrong and if type it out it can give you the same answer and wont change,4,0,1.16.0,2022-12-17 09:35:53,,,1.16.0,edu51467,com.education.android.h.intelligence
b9ae7089-ddf5-431b-bead-6be19b51594a,it s' litreally a best app for students .and ofc very helpful but ..let me tell u one thing .if u will not put efforts on ur study no matter how much u gain from app it will not help u so in short words u r ur own best .,5,0,1.56.0,2024-10-08 12:55:57,We're glad you find Gauth helpful! Remember your effort plays a key role. Keep up the good work!,2024-10-08 13:00:34,1.56.0,edu29761,com.education.android.h.intelligence
1bebdf29-c0c7-4264-9306-13d3be8e619d,Very helpful app this app make my lives easier!!,5,0,1.5.0,2023-08-13 09:56:32,,,1.5.0,edu11601,com.qianfan.aihomework
3af6492d-4030-456e-8ae0-697c015541ad,It works and the app answers the question quite well but it's not totally accurate like it does miscalculate but only for math questions. If that can be fixed soon this is a great study help app.,3,0,2.7.2,2024-06-26 07:29:05,,,2.7.2,edu612,com.qianfan.aihomework
7923fdca-a273-4bef-97b1-1aa66ae076a5,this helps a lot,5,0,1.56.0,2024-10-08 12:47:12,Thank you for your positive feedback! We're glad to hear that Gauth is helping you. Keep up the great work!,2024-10-08 13:00:56,1.56.0,edu39531,com.education.android.h.intelligence
b9889ea7-873f-42de-bd38-593c8839777c,Yall finna help me graduate,5,0,2.1.0,2024-02-29 13:36:10,,,2.1.0,edu17095,com.qianfan.aihomework
e969c070-1317-4dc3-b096-0086800bf3b3,Greatest of them all literally a life saver,5,0,1.41.1,2024-03-13 06:26:37,,,1.41.1,edu61892,com.education.android.h.intelligence
fd76a9d9-58fb-497f-b8cd-1bc6e4a7fbdb,Great app it's really helpful,5,0,1.46.0,2024-05-27 14:40:27,,,1.46.0,edu49650,com.education.android.h.intelligence
c0b5317c-16e6-431c-bf79-894df6ca60da,It helps me with my homework,5,0,2.0.4,2024-02-07 19:20:16,,,2.0.4,edu15907,com.qianfan.aihomework
85afe40e-3fa9-45a6-af6b-8563c078f9c3,It's so cool it can answer Ur math assignments any questions omg.,4,0,,2024-03-05 09:00:51,,,,edu59988,com.education.android.h.intelligence
df0d3e00-8029-4c43-9987-ac5ce1d176ac,better than brainly chegg numerade or quizzes so easy and so helpful,5,1,1.39.0,2024-02-06 21:34:52,,,1.39.0,edu51111,com.education.android.h.intelligence
a049efe5-63af-40ac-bdd2-02eb520eec73,Sometimes it makes few problems,1,0,,2024-05-26 04:46:02,,,,edu58806,com.education.android.h.intelligence
8d2439cb-57cf-42f4-80c2-13d1c4a4baba,Really useful so far only rating 4 so people know this is a genuine review. (and in case I find any minor flaws),4,0,1.9.11,2023-12-08 23:22:13,,,1.9.11,edu7411,com.qianfan.aihomework
7ce2335a-214a-4b95-a23a-73f27d69ffa5,Wasn't helpful at all will only help if you pay for tutor tickets and what not. brainly is a much better app,1,6,1.6.0,2022-02-01 13:42:34,,,1.6.0,edu40514,com.education.android.h.intelligence
967571fa-877a-457e-8776-fa1eb6e75010,Doesn't work at all,1,1,1.39.0,2024-02-14 11:51:14,,,1.39.0,edu60629,com.education.android.h.intelligence
070b3e53-c6f3-4c14-9991-6cf7490ea2b8,It's a very nice and beneficial app. It explains concept in it's simplest form buh one problem with this app is it commits small mistakes with the operational signs.Things that positive in the final answer are sometimes changed when the Ai solves it,4,104,2.3.9,2024-02-15 06:03:51,Thank you for your feedback and for highlighting the strengths of our app. We're continuously working to improve our AI's accuracy. Your input helps us enhance the app's performance. If you have specific examples of where we could improve please let us know so we can address them.,2024-02-19 15:06:18,2.3.9,edu89912,com.cyberdavinci.gptkeyboard
0934d78b-f44c-4f2a-a862-e14ee31f1c53,It's give wrong answers. it even made me fail a test,1,0,2.5.1,2024-05-27 04:40:12,,,2.5.1,edu3775,com.qianfan.aihomework
a2499324-1ffa-4bf1-b585-c9c61fb91211,This app is the best I always get a + guys install it!!,5,0,1.54.0,2024-09-03 21:05:28,Thanks for the awesome review! We're thrilled to hear you're enjoying Gauth. Keep up the great work and happy learning!,2024-09-03 22:00:50,1.54.0,edu37197,com.education.android.h.intelligence
2a789214-06cf-4b49-9db3-c8d9ffd51359,This app has been really helpful to my math problems and other subjects. I really like the fact that it explains step by step for easy understanding especially in the mathematics area. I've not seen anything for me to dislike this app but if I do I'll make sure to say it. Thanks,4,166,1.55.1,2024-09-26 17:24:21,We're thrilled to hear that Gauth has been helpful to you with math and other subjects! Our step-by-step explanations are designed for easy understanding. We're here for you anytime. Keep up the great work!,2024-09-26 17:30:23,1.55.1,edu29626,com.education.android.h.intelligence
1ef1eb33-24c6-4db0-8c2d-27aca8e1aac5,Great it this app really help me with my academics,5,0,1.39.0,2024-02-11 02:11:24,,,1.39.0,edu56708,com.education.android.h.intelligence
6cea1a84-6473-43e9-b051-15c98b1327f6,i really don't like the app it's does nothing,1,0,1.30.0,2023-09-05 08:09:43,,,1.30.0,edu61093,com.education.android.h.intelligence
8924820c-ee59-4b09-a325-d6483a5e7987,it's very helpful but it should have all subject's camera,4,0,1.56.0,2024-10-09 16:32:07,Thank you for your feedback. We're glad you find the app helpful. We're always working to improve so stay tuned for updates that may expand our subject offerings. Keep up the great studying!,2024-10-09 16:45:26,1.56.0,edu31688,com.education.android.h.intelligence
9b9a40e8-dd0b-44bb-935c-ed590960c87a,I am in 7 and this app is very helpful for students I really love it but try to improve the writing.,5,0,1.39.0,2024-02-17 06:48:09,,,1.39.0,edu42082,com.education.android.h.intelligence
37add9f6-dadd-4a1c-9ff5-56f767c04c34,I love the app and it is actually helpful because it gives accurate answers to questions.,5,5,1.46.0,2024-06-03 14:50:37,We're glad you find Gauth helpful! Providing accurate answers is what we aim for. Keep enjoying and learning with us!,2024-06-03 16:00:56,1.46.0,edu36487,com.education.android.h.intelligence
41dc08e9-f02e-4b83-be5a-425d8cb3333c,TYSM I LIKE THIS APP! When I was doing my homework I was using this app and when I'm in school I got perfect!! AMAZING!!,5,0,1.4.0,2023-04-14 23:09:42,,,1.4.0,edu91191,com.cyberdavinci.gptkeyboard
95617bd6-d8b4-44dd-b854-96f690bfc226,this is very helpful and is helping alot,5,0,1.56.0,2024-10-03 14:53:37,Thank you so much for your awesome review! We're thrilled to hear that our app is helping you a lot. Keep up the great work and happy learning!,2024-10-03 15:00:28,1.56.0,edu33598,com.education.android.h.intelligence
77756339-14f0-4b29-9399-0f4795ea1bf1,a great app if you're a student in recovery classes saved me so much time,5,0,1.17.0,2023-01-25 08:35:59,,,1.17.0,edu47188,com.education.android.h.intelligence
59b1ca10-e5b3-4813-b722-e49ba8c8cef8,ITS AMAZING! Gauth helps so much!! Once you have taken a picture it will give u the best answers right away! (By the way it is 12 and more).,5,0,1.56.0,2024-10-11 14:32:42,We're thrilled to hear that Gauth has been amazing for you! Taking pictures for instant answers is a game-changer! Keep up the great work!,2024-10-11 14:45:16,1.56.0,edu71413,com.education.android.h.intelligence
3c266e0a-204d-48bc-88e3-ac0911421afe,This app is so helpful in answering minor assignments. Very convenient for students who cram their assignments until it is near deadline date. (I do not advice anyone or any student to cram or procrastinate their academic works as it will only cause stress). Overall 5/5 I love this app will definitely use them for minor assignments.,5,4,1.51.0,2024-08-15 09:37:16,We're glad to hear that Gauth is helping you with your assignments! Remember staying organized is key. Keep up the good work!,2024-08-15 10:00:26,1.51.0,edu29547,com.education.android.h.intelligence
e8e2f1a7-5bdb-4ab6-8bc6-0a52683c2e50,Not good because it needs you to pay,1,0,,2023-10-12 01:29:55,,,,edu60164,com.education.android.h.intelligence
42b28d79-f588-4579-90cb-50ae8ceee865,App is great but slow to reply,5,0,1.9.09,2024-09-22 02:05:08,,,1.9.09,edu102440,br.com.iastudio.ajudaai
a2575e14-9267-4a65-bbd4-861eef78e3ef,It helps me very well in my assignment,5,0,2.1.0,2024-03-23 02:36:56,,,2.1.0,edu11668,com.qianfan.aihomework
880830dc-1e69-4abd-8ecd-fe5dcf859849,it doesn't show me answer but nice,1,0,1.34.0,2023-11-25 05:44:31,,,1.34.0,edu62172,com.education.android.h.intelligence
13bc53d9-1ff6-4f19-ac40-641e16054aa9,Question ai is the best,5,0,2.0.2,2024-01-18 00:13:13,,,2.0.2,edu16728,com.qianfan.aihomework
49448c55-f719-4de3-8b91-740618a8615c,good for learning smart.,5,0,1.42.1,2024-04-15 00:24:40,Thanks for your review! Please recommend our app to your friends and dont hesitate to shoot us a note at support@gauthmath.com if you have any questions.,2024-04-15 03:19:09,1.42.1,edu57032,com.education.android.h.intelligence
62d48689-51d8-4de8-96a4-8d2626371f7c,Absolute trash It can't even load the equation,1,0,1.9.0,2023-09-19 19:48:50,,,1.9.0,edu54257,com.education.android.h.intelligence
a090b9ac-b60e-4bef-b381-432fecdecab5,Its is very heplful and easy to use,5,1,2.1.9,2023-10-21 01:52:13,,,2.1.9,edu92991,com.cyberdavinci.gptkeyboard
bca0c054-f2e9-41e1-b6a6-2390a4052fde,This app is good my only issued with the app is that it can not save solutions.,4,0,1.46.0,2024-06-07 01:29:31,Thank you for your feedback! We are constantly improving our app to better serve you. Stay tuned for updates for new features!,2024-06-07 04:00:30,1.46.0,edu41366,com.education.android.h.intelligence
c58869e3-5d30-4747-ad18-eaf50a492f7b,It's fast and reliable,5,0,2.4.0,2024-05-17 07:03:03,,,2.4.0,edu3403,com.qianfan.aihomework
fbd4b490-33b9-4357-a5dd-57996b91fc78,failed to answer my English question and said that the book doesn't exists but repeats the book with the author when I didn't put the author's name,1,0,,2023-10-22 19:28:32,,,,edu91158,com.cyberdavinci.gptkeyboard
45315991-690e-48ac-8365-f83ed031a7c1,it help alot with homework,5,0,1.40.0,2024-03-02 04:38:45,,,1.40.0,edu57312,com.education.android.h.intelligence
581e1cc1-1157-4b9b-8e49-9977fb348452,All answer is correct,5,0,,2024-03-13 16:09:24,,,,edu13636,com.qianfan.aihomework
910db5df-ccb1-423a-881e-9ef03c9b4fa9,Very poor app waste time,1,0,,2024-09-29 03:06:06,We sincerely apologize for your experience and appreciate your feedback. We take your concerns very seriously and are committed to improving the app. Please feel free to share more details with us at .,2024-09-29 03:15:16,,edu54068,com.education.android.h.intelligence
9a47f835-113a-4158-98c1-c684e9fe2d4f,I think this is god app for backbencher,5,0,1.6.2,2022-02-24 07:25:32,,,1.6.2,edu63713,com.education.android.h.intelligence
599cdf29-ad10-4cc7-a2c2-3d8bd96cf186,This the best app i really needed to help my daughter and i didn't know how. But this app has helped us alot.,5,0,,2024-09-05 17:08:04,Thanks for sharing your positive experience! We're glad to hear that Gauth has been helpful for you and your daughter. Keep up the great work!,2024-09-05 18:00:40,,edu44253,com.education.android.h.intelligence
bf3d40bc-f893-49b7-b6dc-b09e34c587e3,I really like this app for math and translation it's very nice and great cwality,5,0,2.1.0,2024-02-11 07:58:15,,,2.1.0,edu6092,com.qianfan.aihomework
54a3f871-02b3-4118-8edc-eed2738c54be,Helps a lot with my work and studying.,4,0,2.6.1,2024-09-25 13:11:32,Thank you for your wonderful feedback! We're so glad to hear that our app is a great help for your work and study! If you have any suggestions or specific topics youd like us to cover feel free to share. We're here to support you on your learning journey!,2024-09-26 16:10:11,2.6.1,edu90077,com.cyberdavinci.gptkeyboard
684b2a46-036b-4944-8e6e-97ca50322598,It solves every question! So helpful,5,0,1.45.0,2024-05-11 06:22:18,,,1.45.0,edu43497,com.education.android.h.intelligence
22074d41-0d83-47ec-96bb-802721a45892,It's a life saver,5,0,2.3.1,2023-12-18 09:50:34,,,2.3.1,edu97101,com.cyberdavinci.gptkeyboard
07f770c5-8c99-4b33-b168-a0a9216a472f,this is so perfect specially on my homework,5,0,2.2.9,2023-12-11 09:14:59,Thank you so much for utilizing answer.ai! We're delighted to hear that it's enhancing your school experience. Rest assured we'll continue to support you. Help us reach more students by sharing answer.ai with your classmates!,2023-12-11 14:54:39,2.2.9,edu93571,com.cyberdavinci.gptkeyboard
f7a5a669-b771-40b2-a626-d6e8fba80708,best app to do math it gets it done I'm seconds,4,0,1.33.0,2023-10-24 20:37:06,,,1.33.0,edu56133,com.education.android.h.intelligence
10ee5cf0-544b-4c53-932c-22d680df6c4c,Its truly helps me as a student. Thank you.,5,0,1.5.0,2023-09-02 01:54:12,,,1.5.0,edu9048,com.qianfan.aihomework
4d84f5a3-b52c-4d67-b469-22f2bdc39b7d,Its not working And you need to pay,1,1,,2023-01-25 19:59:51,,,,edu65875,com.education.android.h.intelligence
89bd00f5-3880-49eb-8b7a-ac8e2e196492,This app is the best my grade are so good now,5,0,2.4.0,2024-05-01 14:23:08,,,2.4.0,edu5883,com.qianfan.aihomework
4ca2e64c-d0ff-4c9d-b6b5-785b42bc44b2,Very accurate and fast. Nicely done,5,0,1.7.0,2023-12-14 03:19:49,,,1.7.0,edu8508,com.qianfan.aihomework
4c6e86d6-c906-4e01-a121-22dbcba634bd,they y@ve me wrong answers,1,0,1.38.0,2024-01-24 18:08:23,,,1.38.0,edu69545,com.education.android.h.intelligence
68c0bf44-804d-47e4-9f18-94908b030103,it's cool only downloaded it because question ai has a limit of 40 and I need answer but it's good suggest downloading if you want,5,0,1.54.0,2024-09-03 21:06:22,We're glad you find Gauth cool! Remember our app is here to help students understand concepts better. Keep exploring!,2024-09-03 22:00:48,1.54.0,edu31875,com.education.android.h.intelligence
65f260a5-25be-4dc7-bbb0-f56ea584f455,You cannot use this app if you don't pay. Then why mark this app as free?,1,0,,2022-08-21 03:44:42,,,,edu58527,com.education.android.h.intelligence
6b67069d-56eb-4c25-a0ff-9ea3edbb4a33,amazing app my school work is correct and amazing,5,0,1.8.12,2024-03-08 13:11:01,,,1.8.12,edu102781,br.com.iastudio.ajudaai
aa89f12f-3315-4b5f-9b64-d9e34e1b1332,it is absolutely fantastic to do your maths hw in a hurry. would recomend,5,0,1.42.1,2024-03-26 19:39:38,Thanks for your review! Please recommend our app to your friends and dont hesitate to shoot us a note at support@gauthmath.com if you have any questions.,2024-03-27 03:04:39,1.42.1,edu51898,com.education.android.h.intelligence
ae731d25-156a-430b-a6e6-9ecb0504abf2,I'm a high school student and this app has helped me 100%. stuff I couldn't solve it solved in seconds and gave me the correct answer 99% of. the time. best app ever all free no ads,5,0,1.54.0,2024-09-11 13:57:19,We're thrilled to hear that Gauth has been so helpful for you! Keep up the great work and remember we're here to support you every step of the way! Happy studying!,2024-09-11 14:00:29,1.54.0,edu29872,com.education.android.h.intelligence
974ad464-32f3-46a5-832b-0f4a48a4535b,But please make a well explainatry solutions,5,0,,2024-08-18 22:49:02,We apologize for any confusion. We appreciate your feedback and will work on providing clearer solutions. Thank you for your understanding.,2024-08-19 01:00:25,,edu59571,com.education.android.h.intelligence
a7b6ca96-9833-4228-afb0-81497435f33c,this will help us in maths,5,0,1.46.0,2024-06-02 00:58:56,Thanks for your feedback! We're glad to hear that Gauth is helping you with math. Keep up the great work!,2024-06-02 01:00:23,1.46.0,edu48209,com.education.android.h.intelligence
ffb855d2-1daf-49b4-b4b7-3115a513363e,it cant solve the problem sometimes,1,0,1.31.1,2023-09-14 13:08:06,,,1.31.1,edu59107,com.education.android.h.intelligence
40c1f6dc-b98a-4a2a-b020-f77abce5279d,this app is the best for homework you don't know it gives accurate answers,5,0,1.45.0,2024-05-09 17:01:55,Thanks for your review! Please recommend our app to your friends and dont hesitate to shoot us a note at support@gauthmath.com if you have any questions.,2024-05-10 05:38:43,1.45.0,edu40545,com.education.android.h.intelligence
5dd902fb-06d4-40f1-b5e6-3d9131a99288,Great.Helpful app in studies.,5,0,1.56.0,2024-10-11 07:09:31,Thanks for your positive review! We're thrilled to hear that Gauth has been helpful for your studies. Keep up the great work!,2024-10-11 07:15:20,1.56.0,edu38153,com.education.android.h.intelligence
c7f8461b-544b-486f-8c58-16753f3b2852,It helps you with your work and I got 2 100,5,0,2.1.0,2024-02-21 17:26:44,,,2.1.0,edu12207,com.qianfan.aihomework
8000c8b8-e86a-4717-8ea4-ba90534bc139,Nice app needs a little improvement when it comes to maths,5,0,1.48.0,2024-06-22 06:12:16,We're glad you're enjoying the app! Your feedback on math improvements is duly noted. Stay tuned for updates!,2024-06-22 07:00:47,1.48.0,edu41256,com.education.android.h.intelligence
5705f4a0-9468-4c87-914e-9b2c9abc98de,I would rate this app 5 rates cuzz it's help me much to my homework I'm so thankfully to this up,5,0,,2024-04-16 04:47:18,Your positive review means a lot to us. We're glad that our app has been effective in assisting you with your homework.,2024-04-18 03:54:57,,edu6078,com.qianfan.aihomework
ba68bd42-d9da-422f-933a-13bd2cae42e8,It helps a lot,5,0,1.9.12,2023-12-16 12:40:43,,,1.9.12,edu14588,com.qianfan.aihomework
70e0e41f-61a6-4858-9031-8b17b256db0c,I love this application very helpful for my math studying .,5,0,1.6.3,2023-09-10 07:40:10,,,1.6.3,edu8898,com.qianfan.aihomework
9a2eb50b-e895-4163-8e31-d671d8bdcf33,Even though it can't make a me a debate to not be an LGBTQ stuff I still like it,5,0,1.9.15,2023-12-30 07:24:36,,,1.9.15,edu15490,com.qianfan.aihomework
20b9d609-0f02-4e9e-9411-1e23d2a1cdfa,Totally Worst The Ads are Now gone And it want to Buy It . there's Even No Any Minutes to Take their Time to Answer unlike the Old Gauth Math Has Minutes and Ads Please Bring Back the Old Gauth Math,1,0,1.14.0,2022-09-22 12:02:43,,,1.14.0,edu44590,com.education.android.h.intelligence
178d09cb-c2c0-41c9-b1f5-6b9e43a4fd2f,download it now I promise it really helps,5,0,1.17.0,2023-01-21 09:11:35,,,1.17.0,edu63750,com.education.android.h.intelligence
c62a47a1-6606-4ebf-a3c8-09bb50bcc05b,All the answers require a premium subscription to see them do not recommend this app.,1,0,1.18.0,2023-03-08 20:34:21,,,1.18.0,edu54829,com.education.android.h.intelligence
ccbdf8ee-db1b-4a9b-b6c4-56c08e8d55c7,Very effective and accurate answers,3,0,2.0.4,2024-01-24 16:13:59,,,2.0.4,edu8658,com.qianfan.aihomework
157f9609-3802-41b8-a838-8cfab5b5c854,I can just get the answers and there are right thank you who ever maid this app.,5,0,1.4.0,2023-04-18 08:48:07,,,1.4.0,edu92453,com.cyberdavinci.gptkeyboard
a48d1b78-e015-44b0-a5c0-87a0a1a1bfe3,App is great Types pretty quick too!,5,0,2.1.4,2024-03-11 20:39:39,,,2.1.4,edu8550,com.qianfan.aihomework
08bedd31-fb7f-49d8-af59-6ffc90e26471,I love the apps because its fast,5,0,2.1.4,2024-03-12 06:31:53,,,2.1.4,edu11559,com.qianfan.aihomework
236de51f-305a-4cff-b7aa-045dfecdbafc,The app is good maybe the best I've seen but the answers are not explained well enough . please look into it thanks.,4,0,2.2.6,2024-04-13 21:21:34,,,2.2.6,edu4959,com.qianfan.aihomework
3106e482-249e-4f13-b893-67b467c1eda0,thanks for helping my homework i like this apps,5,0,1.42.1,2024-04-01 10:19:02,,,1.42.1,edu59212,com.education.android.h.intelligence
3956ef8c-7112-4476-b2cc-48121158619e,I really love that app it really help meee thank youuuu,5,0,1.14.0,2022-10-21 04:19:52,,,1.14.0,edu58310,com.education.android.h.intelligence
633e1fb5-6cc7-4035-8fd2-526600ed56fa,Have to pay for something so small,1,0,1.17.0,2023-01-21 14:15:30,,,1.17.0,edu62388,com.education.android.h.intelligence
dc23f860-9037-4a15-92e0-98e8087a8aec,I think this is very helpful,5,0,,2024-07-03 14:15:23,Thank you for your positive feedback! We're glad to hear that you find Gauth helpful. Feel free to explore more features and let us know if you need any assistance!,2024-07-03 16:00:47,,edu60252,com.education.android.h.intelligence
05eb0d87-01e9-4a27-ab56-37c5ca624043,I would recommend this to everyone who has trouble with math. Thanks for helping me tutors out there.,5,0,1.22.0,2023-05-07 21:46:53,,,1.22.0,edu46896,com.education.android.h.intelligence
6b8300b9-f675-44a6-811a-42743caa5b3c,I'm having to relive the dreaded math that I hated as a child and Gauth is helping me to teach myself again so that I can help my kiddos. SO thankful for this app.it's such a blessing to this cobweb filled mind of mine!!,5,0,1.55.1,2024-10-01 19:16:55,Thanks for your amazing review! We're so glad Gauth is helping you rediscover math and share that knowledge with your kiddos. Your support means the world to us!,2024-10-01 19:30:23,1.55.1,edu29815,com.education.android.h.intelligence
fc5634c4-0d2c-4e50-a119-45f024274990,helps u with your godammn hw,5,0,1.39.0,2024-03-03 07:16:13,Hi Rujina. So glad we could help with homework! Thanks for the shoutout!,2024-03-03 07:45:18,1.39.0,edu81437,com.education.android.h.intelligence
5f7f3da9-32db-4b1d-8484-2be5daaccc26,When I first downloaded the app the steps to my first question was outstanding but it changed from the second onwards. Why??,5,0,1.47.0,2024-06-12 07:50:44,We apologize for the inconvenience. Please email us at support@gauthmath.com with more details so we can investigate and improve. Thank you for your feedback.,2024-06-12 10:00:39,1.47.0,edu36834,com.education.android.h.intelligence
9bcc96e4-df7d-4da1-bbf7-55139e7efaaa,At first I love this app but now you need to pay just to answer the questions,1,0,1.6.0,2022-03-21 20:04:16,,,1.6.0,edu62024,com.education.android.h.intelligence
6602ee1a-50d6-482b-939b-fb73604da13a,Can't even use the app stuck at the logo,1,0,1.7.1,2022-03-21 06:11:18,,,1.7.1,edu53246,com.education.android.h.intelligence
fa5dc698-5f21-4223-95b4-42d6b4c69e2c,this app is a necessity for all students literally made my life so much easier,5,0,1.21.0,2023-04-16 06:11:40,,,1.21.0,edu52637,com.education.android.h.intelligence
5c56fa01-fa99-40dd-a7e8-1212a031aafc,this app helpful for me,5,0,1.16.0,2022-12-21 09:23:08,,,1.16.0,edu66584,com.education.android.h.intelligence
4d960151-98c1-4077-88fb-4cc57df5fc79,Educative and of quality I love it,5,0,1.55.1,2024-09-22 12:43:56,Thank you so much for your kind words! Were thrilled to hear you find our app educational and high-quality. Keep enjoying your learning journey with us!,2024-09-22 13:00:31,1.55.1,edu35525,com.education.android.h.intelligence
9a663dc7-7f23-4b5f-87ef-1fe3dfd2732b,It is really helpful.,5,0,1.38.1,2024-02-01 05:04:30,,,1.38.1,edu64882,com.education.android.h.intelligence
19671f4a-b177-49f2-a0d2-c2928792ca15,good app to use on E2020 and helps a lot,5,0,1.45.0,2024-04-30 13:13:46,Thanks for your review! Please recommend our app to your friends and dont hesitate to shoot us a note at support@gauthmath.com if you have any questions.,2024-05-01 09:24:57,1.45.0,edu43234,com.education.android.h.intelligence
26472e3b-e6dd-4688-875f-740df3983db1,The app is good however it doesn't keep records,3,1,2.1.5,2023-09-28 14:40:01,,,2.1.5,edu93079,com.cyberdavinci.gptkeyboard
cf41341b-7ce7-4a35-80f3-3ccec7c50847,You have to pay in order to use the dam app smh.,1,0,,2023-06-11 16:09:48,,,,edu65358,com.education.android.h.intelligence
2e35ae80-32b9-4478-ad13-9a6b06995fdc,It's really nice and it solves everything,5,0,1.41.1,2024-03-12 13:43:18,,,1.41.1,edu56397,com.education.android.h.intelligence
34b51352-9493-4e01-8a75-9ea09d61755f,This app isn't what it seems!!! You literally have to pay to even get an answer for a question right when you try to get an answer. All this app wants is money it is NOT worth downloading if you do not want to spend money on an answer you can easily get from a calculator or a free math chemistry language ect. website that gives you free answers as well,1,0,,2024-05-22 21:29:48,Hello Your problem needs more detailed examination. Please report it to our technical support team at support@gauthmath.com. We are always looking to help our users.,2024-05-22 23:20:46,,edu32555,com.education.android.h.intelligence
be89892c-d171-403d-a4f6-5722c14ca8d0,it really helps me alot,5,0,,2024-09-05 15:34:27,Thank you for your kind words! We're thrilled to hear that Gauth is helping you a lot. Keep up the great work! #GauthTeam,2024-09-05 16:00:30,,edu59190,com.education.android.h.intelligence
387a2f51-6f7f-49c1-87b4-98e2999d7ce0,this app is real helpful thanks for helping me I will always need your help and I know where I will find help .,5,0,1.51.0,2024-08-07 08:23:47,We're glad to be of help! Remember we're here for you whenever you need assistance. Keep up the great work!,2024-08-07 10:01:28,1.51.0,edu31796,com.education.android.h.intelligence
28b2ed13-a783-4b89-a476-8ee081a3f2fe,great app for solving the math mathical problem,2,0,1.16.0,2022-12-22 08:51:34,,,1.16.0,edu57112,com.education.android.h.intelligence
367bc06f-f524-46a9-8d33-5b9c1e42e238,Practically useless. You have to pay to see just about anything you scan rendering it useless unless you pay for a subscription.,1,0,,2023-04-22 23:08:11,,,,edu37973,com.education.android.h.intelligence
c3abdafa-e744-47d0-b16d-0881420d5ed5,Great app fast and accurate response.,4,0,1.54.0,2024-09-20 08:40:18,Thanks for the awesome feedback! We're glad you're enjoying Gauth! Happy to hear it's helping you out. Keep up the great work!,2024-09-20 09:00:38,1.54.0,edu32916,com.education.android.h.intelligence
5cd156c9-1c44-47cc-bf46-e0350ebbda3c,It has been good but you are not giving source of information,4,0,2.2.9,2024-01-26 09:33:10,Thank you for your positive feedback! We appreciate your suggestion. We strive to provide accurate information and we'll work on including the source details in future updates. If you have more questions or need assistance feel free to ask.,2024-01-29 11:59:01,2.2.9,edu92861,com.cyberdavinci.gptkeyboard
a945a043-6943-43ef-be86-79e604665dce,this app is getting worse and worse the tutor take atleast 1-2 hrs to answer my question,2,131,1.9.0,2022-04-24 22:17:22,,,1.9.0,edu52054,com.education.android.h.intelligence
0f192911-b10a-4d23-bb68-a79801bde9d1,I'm really enjoying this app it is super helpful. Thanks Gauthmath,5,0,1.17.0,2023-02-14 15:13:42,,,1.17.0,edu54462,com.education.android.h.intelligence
00cf82fb-13fd-42d7-bf80-3551d2c7ae17,I would have rated it higher but when I asked it a question the answer it gave me was different from that of my friend and we asked the same question and his was the correct one so may I ask why,2,0,2.0.4,2024-02-01 13:38:32,,,2.0.4,edu8248,com.qianfan.aihomework
196ea862-c3fa-4141-9bf0-680d2b2b1616,I had homework to do the next day about math and I got it done it 15 mins thanks to this app,5,0,2.0.4,2024-01-22 16:18:48,,,2.0.4,edu7593,com.qianfan.aihomework
fa637e45-7f07-40e7-9e42-54f3443bcc56,It's the best Al app ever. I've been using it for almost 4 months now and it's the best app,5,0,,2024-09-25 20:05:31,Thank you so much for your awesome review! We're thrilled to hear that you're loving our app after four months. Keep enjoying and learning with us!,2024-09-25 20:30:32,,edu43038,com.education.android.h.intelligence
7ca0cacf-49de-4073-969a-ffe3274d9545,To help full app For solution,5,0,2.2.8,2023-11-24 01:17:51,,,2.2.8,edu95696,com.cyberdavinci.gptkeyboard
ca9499c1-74c5-4ab9-a05b-95839e5d5b6e,Ai is wrong 70% of the time. I get spammed with ads and told to purchase the premium.,1,0,2.9.6,2024-10-10 15:20:00,We appreciate your product recommendations and will review them closely.,2024-10-11 02:44:10,2.9.6,edu231,com.qianfan.aihomework
57edaf39-0ce6-4232-b978-7ac43ca810cd,It really help me alot thank you so much!!! And also that is no ads it's very impressive,5,0,1.6.3,2023-09-22 05:48:19,,,1.6.3,edu4869,com.qianfan.aihomework
cec050ac-e13c-4c0c-9a0f-da1b681554cd,I love that it makes my homework easier.,5,0,1.54.0,2024-09-16 14:46:12,Thanks for your positive feedback! We're glad to hear that Gauth makes your homework easier. Keep up the good work!,2024-09-16 15:00:18,1.54.0,edu35258,com.education.android.h.intelligence
4433d018-123c-495d-a7c6-0b27045721be,I love the app. I would recommend it as well as great homework help for people who struggle to learn more than others I love the app but I like you should add where you can transfer the lighting bults when someone like your friend/family ruins out to do a question,4,17,2.2.9,2023-12-08 22:53:50,Thank you for your positive feedback! Your suggestion about adding a feature for sharing questions with friends and family is fantastic. We're always looking for ways to improve and your input is invaluable. If you have any more ideas or feedback feel free to share them with us at support@answerai.pro. Happy studying!,2023-12-11 14:10:20,2.2.9,edu89837,com.cyberdavinci.gptkeyboard
11ec7327-4001-4c29-93e9-b24a313c9264,The answers you provide are easily to understand. Thanks,1,0,1.48.0,2024-06-20 18:12:22,We're glad you find our answers easy to understand! Keep up the great work!,2024-06-20 19:00:24,1.48.0,edu41061,com.education.android.h.intelligence
34789c6a-26e1-42e5-a225-ef6dff6c3d14,I used to use this app to get math assistance from real tutors but now it's all just AI nonsense. I got a subscription for the express purpose to contact tutors and now I don't even have an option to send my question to tutors. All I have is the AI.,1,29,1.54.0,2024-09-15 19:17:24,We apologize for the inconvenience. We have transitioned to AI to provide faster responses. Please email us at support@gauthmath.com with details for further assistance.,2024-09-15 19:30:16,1.54.0,edu29540,com.education.android.h.intelligence
47f3cfaf-8609-40a2-a908-3d2091c9ec43,Amazing I love how it's free and you could ask unlimited questions,5,0,2.1.0,2024-02-22 16:52:12,,,2.1.0,edu9536,com.qianfan.aihomework
79ed79a5-e9e7-4eb9-a641-bc186f04241f,man it's so good it has helped me a lot,5,0,,2023-11-09 19:13:34,,,,edu60977,com.education.android.h.intelligence
3271806a-23f0-4f6b-95f0-04eb02040769,Incredibly helpful it's a very fine app blessed the one who came up with it. It's so helpful to me it helps me do my homework well.But just then something just terribly happens the second time I use it I frequently ask the same problem and it kept on giving me different answers all together the first one would may be different from the second time I snapped. Is there any solution for this ? What will I do ?,3,9,1.44.1,2024-04-30 09:35:24,,,1.44.1,edu30382,com.education.android.h.intelligence
a9c98fe5-aec9-421c-a188-353ce353291c,Good I have module and it can answer what ever it hard or not,4,0,2.4.0,2024-05-15 04:58:12,,,2.4.0,edu3383,com.qianfan.aihomework
8ce5ae8d-c8d6-47a3-9eba-663ba29fb220,It was great and gave awesome and an explicit answer I will definitely use it 5 stars,5,0,2.0.4,2024-02-01 18:44:12,,,2.0.4,edu9199,com.qianfan.aihomework
3b66192a-7579-446d-84d3-ad7bc9b7977c,Thankyou for helping us to do homework .and it is very easy to ise and comfortable also thankyyou very much providing us this app,5,0,1.55.1,2024-09-30 21:22:13,Thank you so much for your kind words! Were thrilled to hear that you find the app easy to use and comfortable. Your support means a lot to us!,2024-09-30 21:30:16,1.55.1,edu31012,com.education.android.h.intelligence
0918c0ca-04fe-498b-9649-263d92311d9d,It's can help all of students.,5,0,,2023-06-05 05:40:23,,,,edu62362,com.education.android.h.intelligence
e993c88e-f30e-45a3-bf7b-cca0adb16010,It helps a lot. I hope yall get this,5,0,2.4.6,2024-04-28 22:57:38,,,2.4.6,edu91790,com.cyberdavinci.gptkeyboard
f12ed31d-2a56-46ae-9d0e-93055e859304,Waited several minutes for an answer to populate and had already solved the problem before the answer arrived. Uninstalled immediately after.,1,0,,2024-02-04 16:09:16,,,,edu46262,com.education.android.h.intelligence
f538cff7-286b-418b-ae52-f3697a18da20,I found it very helpfull it's explanation gives me understanding thanks.,5,0,1.56.0,2024-10-03 10:41:18,Thank you for the awesome review! We're thrilled to hear that our explanations are helping you understand better. Keep up the great work and happy studying!,2024-10-03 10:45:20,1.56.0,edu31210,com.education.android.h.intelligence
4a10408f-5e91-483f-87d6-14acefa71e80,This is such a good app thish app help me for exam thank you so much sir,5,0,1.5.8,2022-01-08 06:33:18,,,1.5.8,edu57191,com.education.android.h.intelligence
b47e7a8c-1d7d-4530-9bcd-b5cef93d1c75,Bruh won't even give me a free answer at least one,1,0,,2023-05-05 12:51:00,,,,edu64564,com.education.android.h.intelligence
23fff80e-0a11-4de8-9415-b4c4cd1e4761,They took away functionality now put it behind an extra paywall just to further rip you off. It's somehow worse at math and now you can't give feedback in the app or re-ask the questions. Lmao,1,32,1.51.0,2024-08-24 15:15:38,We apologize for the inconvenience. We take your feedback seriously and aim to improve our app. Please email us at support@gauthmath.com for further assistance. Thank you for your understanding.,2024-08-24 16:00:25,1.51.0,edu30111,com.education.android.h.intelligence
43f0d5e6-e95b-43a0-912d-d3d186b29b22,this app is better than marking guide,5,0,1.56.0,2024-10-06 17:50:27,Thanks a bunch for your awesome review! We're thrilled you find our app better than a marking guide. Keep enjoying your learning journey with us!,2024-10-06 18:00:15,1.56.0,edu36979,com.education.android.h.intelligence
0f48193b-7978-4fb2-83d8-9f349493e769,I used other apps buy they ant understand the questions this app understands everything definitely the best app for revision and learning,5,0,1.54.0,2024-09-24 14:57:39,Thank you for your positive feedback! We're glad to hear that our app helps you with revision and learning. Keep up the good work!,2024-09-24 15:00:31,1.54.0,edu31515,com.education.android.h.intelligence
7f017b71-a851-41e6-802f-a2aceeb0585d,Best app to find my maths homework's solution in easy way but many good features are locked unless u buy premium. It deserves five stars but it can improve.,4,0,1.33.0,2023-11-05 01:20:55,,,1.33.0,edu40610,com.education.android.h.intelligence
4f509963-86a3-4937-8b32-dd10fd78bfb9,App yang sangat membantu dalam memjawab soal soal,5,0,1.6.3,2023-11-16 20:50:18,,,1.6.3,edu27850,com.qianfan.aihomework
480d3594-9936-4b91-9c7f-c9a90c42a266,Nice app Very helpful thank you,5,0,,2024-06-13 10:00:14,We're glad you find Gauth helpful! Keep up the great work! Thank you for the feedback!,2024-06-13 13:00:43,,edu60190,com.education.android.h.intelligence
bc1ca762-619c-48aa-8960-0018b6f81e5f,This is very helpful,3,0,,2023-09-26 07:49:26,,,,edu64713,com.education.android.h.intelligence
0c0843fb-4bc7-4909-b3b3-06c1f4cd9690,def helps with homework,5,0,2.0.0,2024-01-30 06:54:28,,,2.0.0,edu12931,com.qianfan.aihomework
264a5725-bdab-40cb-99c9-4f3913db9b06,Helps me a lot,5,0,2.0.4,2024-01-31 17:34:48,,,2.0.4,edu15904,com.qianfan.aihomework
fcd54409-3471-43da-bb8d-658fb19fcc82,Don't got any adds to watch and all of it is right,5,0,1.9.10,2023-12-04 05:06:44,,,1.9.10,edu8737,com.qianfan.aihomework
955d9d98-4153-4b6e-99dc-1aa3cd2973cd,This app is really good!I literally love it!!Specially the Math's solving tips of this app!,3,0,2.8.0,2024-07-28 06:49:31,,,2.8.0,edu518,com.qianfan.aihomework
83c0d4d6-670e-4187-bef4-7753d2e7e40a,Gosh i hate this app. I have a major problem about it. When i want to restart the question it always appear only one tutor and i need a answer immediately,1,0,1.9.0,2022-06-05 09:08:05,,,1.9.0,edu45216,com.education.android.h.intelligence
8d864a06-ab84-4ddc-a673-73d45d2c5855,Hello! I am interested in this App's lifetime package although it generates only single essays or outlines of courses' chapters and not complete chapters but what's the guarantee that the app would keep working for the life time as another AI app stopped without any intimation proving wastage of money and time. Please guide. Regards,2,3,1.2.2.0,2024-01-08 06:22:33,Absolutely Naveed! Our lifetime package ensures ongoing functionality transparent communication about any changes and a commitment to continuous improvement. We stand apart from others AI Apps in reliability and lasting value. Thank you for the Interest!,2024-01-09 01:53:16,1.2.2.0,edu103288,com.app.ai.course
227c2def-4bcc-414b-8406-889d6caae26a,This app is very amazing! It helps us including my struggling classmates to understand what our teachers were trying to explain to us! This made us comprehend what our teachers are teaching to us. Not just that but this app also help with defenitions and meanings of a word we don't know or understand. This helps us improve our learning! Thank you for creating this app without this we'd be struggling in school. :'),5,96,1.7.1,2023-05-17 01:36:55,Thank you very much for this complete feedback. We highly value the learning process and different ways of teaching all with student success in mind. Please don't hesitate to share with your friends and classmates :D,2023-05-17 12:38:52,1.7.1,edu89744,com.cyberdavinci.gptkeyboard
d3324259-0e91-486d-9adc-757d1c798e57,The app is helpful guys it's helps a lot,5,0,1.56.0,2024-10-10 10:43:27,Thank you for your positive feedback! We're glad to hear that Gauth is helpful for you. Keep enjoying learning with us!,2024-10-10 10:45:23,1.56.0,edu37483,com.education.android.h.intelligence
1ff59ac7-909c-441f-8023-8b3c89a19bdf,Very helpful for studies,5,0,2.1.0,2024-02-14 12:44:43,,,2.1.0,edu11973,com.qianfan.aihomework
095e1ab9-8c93-4185-801a-4cb9e83a11c9,Love this app it always helps me when I'm stuck trying to figure out answers!! would recommend!!,5,0,1.39.0,2024-02-13 17:33:11,,,1.39.0,edu46810,com.education.android.h.intelligence
8e36c72a-2b28-40e0-a804-8ceb2c185820,Its explanation process is veryyyyyyyyyyyyyyyyy good,5,0,2.8.2,2024-07-28 03:11:53,,,2.8.2,edu2601,com.qianfan.aihomework
e8d53d0a-e42f-4d94-b7c0-7e50ce14b755,It is a good app to work when the teachers are not teaching well and they teach more than teacher and I love it,5,0,1.9.15,2023-12-25 14:10:10,,,1.9.15,edu3796,com.qianfan.aihomework
b50f99e3-02ff-472c-86a4-e746b9a509c4,it's free so u don't have to get a trial and it works so well thanks to them,5,1,1.51.0,2024-08-13 12:00:19,We're glad you're enjoying Gauth! Keep exploring and learning with us.,2024-08-13 13:00:52,1.51.0,edu31956,com.education.android.h.intelligence
9ba1cad5-8b74-488c-8ba0-9b1c6fcaa9e9,Great app to study,5,0,2.2.4,2023-11-15 14:17:04,,,2.2.4,edu95291,com.cyberdavinci.gptkeyboard
96b18319-3d94-46a4-a022-6f2e70ea9971,this app is very well help for solve hard question This app is very good,4,0,1.19.1,2023-03-26 21:23:39,,,1.19.1,edu56975,com.education.android.h.intelligence
ed9e83f5-ee14-4361-9560-ed62695aa32f,Really helpful while studying. It helped with my math.,5,0,1.56.0,2024-10-09 17:06:25,We're thrilled to hear that Gauth has been helpful for your math studies! Keep up the great work!,2024-10-09 17:15:14,1.56.0,edu31057,com.education.android.h.intelligence
fb4dcb9c-9906-4be3-bc18-869d552bb121,Helped me pass my pre-calc class!!,5,0,,2023-12-05 08:46:11,,,,edu14393,com.qianfan.aihomework
2a212dab-30c2-4241-a6ba-13c5b7b0d837,Its a good app till now but let's see what happens next,1,0,,2022-08-31 09:29:45,,,,edu58473,com.education.android.h.intelligence
3cd4419f-bd0c-4211-986f-ad07a320d595,It gives all the answers and it also helps you understand the question,5,0,2.0.0,2024-01-16 19:34:31,,,2.0.0,edu5577,com.qianfan.aihomework
e16a13cd-edb1-4fa8-929b-90b90d4da6e2,This app really helps me.it answers in an understandable way.and gifts you more points for your next question.it's really nice,5,1,2.6.0,2024-09-08 09:20:40,,,2.6.0,edu89648,com.cyberdavinci.gptkeyboard
cd06d3a3-9ef3-493b-8bd2-4137523c6d58,papasa na Ako neto,5,0,1.16.0,2023-01-04 04:22:56,,,1.16.0,edu84349,com.education.android.h.intelligence
6abf731c-76ef-434f-a69e-79c1b026867d,The app was very bad they did not give the answer correct all answer was wrong i am really disappointed this app and i give money cor correct answer not wrong answer everyone did not use the app,2,0,2.3.9,2024-03-03 07:13:54,We're sorry to hear about your experience. We strive to provide accurate answers and I understand your frustration. Could you please provide more details about the specific questions you encountered issues with?Please email us at support@answerai.pro. Your feedback helps us improve. If there's anything we can assist you with please let us know.,2024-03-04 11:33:00,2.3.9,edu91264,com.cyberdavinci.gptkeyboard
a876b857-fbfe-4ac7-8ca7-2618d48e54b5,It's really helping us and it's working well,5,0,2.4.9,2024-05-26 00:33:10,,,2.4.9,edu90836,com.cyberdavinci.gptkeyboard
ff7c27fb-f427-46dd-8b16-eb8c2d953fcc,Amazing app really good for my home (sparx maths) hasn't got anything wrong yet and it even shows the working out! Again amazing app!!,5,1,1.15.5,2022-12-10 08:49:28,,,1.15.5,edu44715,com.education.android.h.intelligence
075c6dcf-5df7-4c57-9b66-1b4bb998d412,I love gauth math because you can easily get answers,5,0,1.33.0,2023-10-30 13:57:02,,,1.33.0,edu56143,com.education.android.h.intelligence
62b6d2cc-c513-4dc3-8e25-2de4f4e54e85,The app is so nice if you don't know how to explain he's going to say to you if how it solve,5,0,1.9.15,2024-01-01 22:14:34,,,1.9.15,edu10277,com.qianfan.aihomework
487fb77c-81d3-4bad-9669-ff3ed4184b84,UHM I'm a very dumb and curious person and I want to learn words so I can know the meaning of them so I don't use them incorrectly. So uhm I don't know maybe it's too much to ask to make this ai be able to answer about uhm abuse or just give inappropriate words meaning than just telling us that this ai will not be answering that type of question but I understand- uhm I'm not crazy I just want to learn words.. from English dictionary..,5,0,2.6.2,2024-06-13 11:12:55,We're thrilled to know that you're satisfied with our app! Your positive experience is our greatest reward. Thank you for choosing us!,2024-06-14 02:40:59,2.6.2,edu1764,com.qianfan.aihomework
7ed0bede-9a41-4335-91a1-00ded06b2402,I'd recommend this app to any Student in need of homework problems especially maths it's an amazing app and very accurate with answers easy to get at an amazing speed,5,0,1.39.0,2024-02-22 09:58:12,,,1.39.0,edu40197,com.education.android.h.intelligence
a89eda54-6ba7-479c-800e-84b4c66644d8,Beautiful it's a clever app.,5,0,2.1.0,2024-02-21 15:10:28,,,2.1.0,edu10431,com.qianfan.aihomework
67ba43eb-5f20-4d24-ad94-19af83c9b1d9,Most usefull app for students who's struggling to do there home work,5,0,2.1.0,2024-02-13 06:09:31,,,2.1.0,edu5393,com.qianfan.aihomework
589a3a33-42d5-4292-a632-55719f006c47,it helps me a lot tysm!!,5,0,,2022-06-15 08:28:37,,,,edu63660,com.education.android.h.intelligence
1ecdb215-a0b9-48e3-bc1f-133c8bf00f52,Beautiful app perfect for studies and if your stuck on homework. This single app is definitely helping me through high school.,5,0,1.56.0,2024-10-02 11:26:10,Thank you for the awesome review! We're thrilled to hear that our app is helping you navigate high school. Keep shining and studying hard!,2024-10-02 11:30:28,1.56.0,edu29692,com.education.android.h.intelligence
2d6ca7bd-3334-475b-858c-c37def681289,Why do i need to pay to get the answers??? It used to be free i do not recommend,1,0,1.25.1,2023-06-08 05:45:28,,,1.25.1,edu58454,com.education.android.h.intelligence
4f3f96f0-60ec-4f2d-94ea-474b4e582718,these answers are all correct but in math questions the answers are all wrong,4,3,1.8.4,2023-10-18 05:57:12,,,1.8.4,edu6251,com.qianfan.aihomework
e34a7ec1-f490-4064-b303-a0e416164f6c,Best thing ever helps alot and dosent do it for you is shows you how,5,0,1.39.0,2024-02-14 17:00:05,,,1.39.0,edu55836,com.education.android.h.intelligence
68e3e8bd-8a5b-48f8-91ca-fa74f3b64c07,This app is suck I wish this will banned in goggle app play store if you want to see your answer you have to pay first this is so unfair bruh I wish this banned,1,0,1.6.0,2022-02-07 22:53:14,,,1.6.0,edu60473,com.education.android.h.intelligence
b1ac0dc4-d862-45a7-b718-42eadaa8f290,A very good helping app but sometimes it's working is not clear enough but it's good and rediculous,4,0,,2023-04-19 06:40:09,,,,edu47146,com.education.android.h.intelligence
99fbd095-cb16-4bfe-9506-cbd7b451288c,It's good I was answering my answers and I forgot what is the answer so I installed this I rated it 5 becuz I like it keep the good work AI pals,5,0,2.1.0,2024-02-07 07:11:34,,,2.1.0,edu7793,com.qianfan.aihomework
80185abe-1658-4eeb-aebc-d79d7ec9baa5,I love this app it helped me get two problems right that I couldn't figure out on my own it's very helpful you guys should try it.,5,0,1.39.0,2024-02-09 14:14:50,,,1.39.0,edu44532,com.education.android.h.intelligence
742428da-7c2f-491c-95e1-5568b1b392b0,It helps when I'm having trouble with my homework study's and school I really recommend it,5,0,,2024-02-21 07:26:15,,,,edu4992,com.qianfan.aihomework
8076bedd-5f34-4877-93ba-d0d8786f7b3c,it helps me get my brain together. Thanks Google,5,0,1.51.0,2024-08-19 15:40:30,We're thrilled to hear that Gauth helps you get your brain together. Keep up the great work! #StudySmarter,2024-08-19 16:00:42,1.51.0,edu35958,com.education.android.h.intelligence
4f0bfdb4-93af-4bef-80e3-91634f9350aa,literally does it for me,5,0,1.19.1,2023-03-24 02:20:27,,,1.19.1,edu64597,com.education.android.h.intelligence
3b75babc-1a9c-4fba-8e46-c39b24020793,helps my daughter so much it helps her study and be excellent in her worl,5,0,1.46.0,2024-06-15 22:38:44,We're delighted to hear that Gauth is supporting your daughter's learning journey! Keep up the excellent work and feel free to explore more features. Happy studying!,2024-06-16 01:00:15,1.46.0,edu36889,com.education.android.h.intelligence
c37361a3-8dd4-47f8-88a9-bf8ce33b6a8f,The most favourite app ever it did all my assignments and other activities so great,4,0,1.9.11,2023-12-14 08:10:25,,,1.9.11,edu6370,com.qianfan.aihomework
a5baebec-e998-4459-94dd-5d4bd6e7416f,Pinagkakakitaan kaming mga bobo sa math,1,0,1.5.4,2022-10-15 22:59:30,,,1.5.4,edu85074,com.education.android.h.intelligence
9a86f819-4132-4d3d-b034-06931e84423a,It helps out a ton for my college work,5,0,2.0.4,2024-01-29 19:12:27,,,2.0.4,edu12884,com.qianfan.aihomework
f16edeeb-f97f-4a3f-9adf-3975e9084050,Excellent app only a few questions go unsolved.,5,0,1.9.12,2023-12-31 11:01:53,,,1.9.12,edu8230,com.qianfan.aihomework
5a345023-6ba6-4867-a54f-66ecb41052ee,This is so helpful..Thanks creators.It help me a lot.,5,0,1.3.11,2024-10-11 00:16:30,,,1.3.11,edu89452,ai.studdy.app.android
46c96a18-f733-40cd-983c-bb6e27e37944,Awesome. Boom Physics and Math both is working but don't trust blindly in Physics.,5,0,1.9.12,2023-12-17 22:01:19,,,1.9.12,edu5096,com.qianfan.aihomework
d1e65948-2b27-4cc1-b503-d86f5100904d,IT IS TRASH!!! NEVER ANSWERS CORECTELY Only basic question I don't recommend it at all I wish that I could make it zero!,1,0,1.38.1,2024-02-02 03:38:59,,,1.38.1,edu49401,com.education.android.h.intelligence
d47bfc74-bcdf-4ecf-a438-ced4aeedaa9f,Gave me wrong answers sometimes but I just had to reword my sentence and got the right answer.,4,0,2.7.5,2024-07-15 17:30:21,,,2.7.5,edu1122,com.qianfan.aihomework
81c106b0-274d-4ec6-b5f4-6900de668bf5,It's the best it explains everything,5,0,2.8.4,2024-08-10 01:10:51,,,2.8.4,edu2223,com.qianfan.aihomework
675adfcc-37cc-48b4-95c9-3aadc4a0434d,This app is amazing for me with all the stress of middle school and this comes and saves the day. Pls try this if you are struggling with English or science history and math alike,5,8,1.6.0,2023-05-01 22:48:31,,,1.6.0,edu90278,com.cyberdavinci.gptkeyboard
111db4ea-1cbd-4c95-88fb-d7e7681105fc,i like the app but we have too watch ads ilovethe app,1,1,1.46.0,2024-05-29 08:41:08,,,1.46.0,edu43196,com.education.android.h.intelligence
adbec447-ec10-4a77-aa98-67f38ce19e8b,This was the type AI I was searching for it is the best even without money you can still your chance to ask questions. thank you very much for creating this kind of application. sending from Sierra Leone.,5,5,2.5.0,2024-05-25 12:16:19,,,2.5.0,edu89719,com.cyberdavinci.gptkeyboard
38285570-2341-4396-ac6e-fe4db0429dca,very useful and very helpful for my life,5,0,1.45.0,2024-05-10 09:04:45,Dear User we are happy to know that you found our app useful. Please help us by spreading the word amongst your friends. If you have any feedback or suggestions please write to us at support@gauthmath.com. We would love to hear from you!,2024-05-11 04:29:17,1.45.0,edu44967,com.education.android.h.intelligence
443ab967-259b-4c98-be1c-e6158f64235d,Accurate answers but a whole lot of ads+I'm not willing to pay to be able to use the app.,2,1,2.9.6,2024-10-01 21:34:43,We apologize for any inconvenience caused by the recent charge. Please rest assured that we will keep working on optimizing the experience.,2024-10-10 03:46:02,2.9.6,edu233,com.qianfan.aihomework
a75e49bd-e1b9-4609-b1f3-c22267b3f2b1,Why after downloading I can't sign in to my account,1,0,2.4.2,2024-03-17 07:23:52,We're sorry to hear you're having trouble logging in. Please ensure you're using the correct login credentials. If you continue to have issues try resetting your password or reinstalling the app. If the problem persists please contact our support team for further assistance: support@answerai.pro,2024-03-20 13:53:58,2.4.2,edu94080,com.cyberdavinci.gptkeyboard
be94c475-a4df-4d24-a776-73c5476dae66,awesome it explains things so easily,5,0,1.42.1,2024-04-04 22:28:24,We're delighted to hear that you find our explanations easy to understand! If you ever need further clarification or assistance with anything please don't hesitate to use Gauth.,2024-04-05 05:12:25,1.42.1,edu56387,com.education.android.h.intelligence
f3b0b229-815e-4716-88db-c8f4c15ef6fc,Bring back the Advertisement = Answers you earn money with the ads. I do not recommend downloading this app. Only the rich people could get answers nowadays,1,0,1.37.0,2024-01-12 02:51:09,,,1.37.0,edu45333,com.education.android.h.intelligence
b9b39afc-7864-4d1e-91c4-023daf2495f6,Very good app for homework.,5,0,2.5.1,2024-05-21 11:44:46,,,2.5.1,edu3644,com.qianfan.aihomework
2a88529b-3815-4b65-9460-d3947a63442c,It's not even answering it right 1/5 or maybe 0 bad app,1,0,2.8.6,2024-08-14 10:53:01,,,2.8.6,edu1478,com.qianfan.aihomework
628d774f-5a70-4b2a-a3ed-f039baf367b1,This app doesn't work on geometry. The one thing I really need it for. It can't read the pictures.,1,18,2.7.0,2024-06-20 12:09:33,Sorry were continuously working on refining our experience to ensure its less wrong answers for our users. Your input helps us in this process.,2024-06-20 23:00:13,2.7.0,edu1549,com.qianfan.aihomework
f8c12b30-ecda-4e1e-a73c-efaf3f316d26,It helps me so much,5,0,2.0.0,2024-01-18 04:14:40,,,2.0.0,edu15395,com.qianfan.aihomework
ecb5ff06-2230-4f83-98b2-d250245dbb04,Amazing! my home is so much easier and understandable now. My only complaint is that I can't use the GPT model 4 or ask an expert for free.,4,0,,2024-09-17 16:09:52,We're thrilled to hear that Gauth has made learning easier for you! Thanks for your feedback. Stay tuned for updates on new features! Keep mastering that tough content!,2024-09-17 16:30:26,,edu36212,com.education.android.h.intelligence
715acf8b-5745-4da5-974f-4589b0e856e7,Vary good app and so helpful,5,0,1.46.0,2024-06-02 21:07:17,Thank you for your positive feedback! We're glad to hear that Gauth has been helpful to you. Keep enjoying the app and feel free to reach out if you need any assistance!,2024-06-02 22:00:24,1.46.0,edu52774,com.education.android.h.intelligence
e0c1e5ed-79a2-43a2-92a8-9f440e0b1aaf,very impressive only problem is that it cant give answers in afrikaans,4,0,1.56.0,2024-10-09 10:37:29,We're glad you find Gauth impressive! We appreciate your feedback about Afrikaans support. We'll consider adding it in future updates. Thank you for using Gauth!,2024-10-09 10:45:26,1.56.0,edu33457,com.education.android.h.intelligence
2e2b02aa-3163-4af1-9d2a-508f6de4b08d,I can't believe this but it would be good if he answered more questions at the same time and I think you should make the app understand some other languages for example Arabic,5,0,,2024-10-03 12:42:16,Thank you for your feedback. We appreciate your suggestions regarding multi-question support and language options. We are constantly working to enhance our app to better serve our users.,2024-10-03 12:45:23,,edu38274,com.education.android.h.intelligence
33f87e67-a1ae-4fb5-87d5-bbd71252cdbb,Its super legitttt i use this app for learning too,5,1,1.4.0,2023-07-05 11:05:53,,,1.4.0,edu10511,com.qianfan.aihomework
45c24a76-2fe1-40a7-9853-4955378d4f75,it's a pretty good app. I understood every assignment.,5,0,1.23.2,2023-05-31 22:47:06,,,1.23.2,edu51504,com.education.android.h.intelligence
6e475b30-dd39-4344-9f00-0aa01c7e1e24,The little knowledge I have always correspond with your answer and it aid my confidence in you people thus I believe that you people are leading me to success,5,0,1.38.1,2024-05-16 19:08:48,,,1.38.1,edu52365,com.education.android.h.intelligence
371e28c5-f542-4133-8b79-01356b710dce,Hello it's a good app for students download it,5,0,2.3.9,2024-02-05 09:07:43,Thank you for your kind words we're always here to support your learning journey! Don't hesitate to share with your friends and classmates!,2024-02-08 10:30:20,2.3.9,edu93549,com.cyberdavinci.gptkeyboard
09a2ddb7-6ded-4a31-bdd6-734baba66e2a,This made me get an A+ in my math Test DOWNLOAD NOW,5,1,1.55.1,2024-09-18 13:12:15,Thank you so much for your amazing feedback! We're thrilled to hear that our app helped you ace your math test. Keep shining and good luck with your future studies!,2024-09-18 13:30:15,1.55.1,edu39826,com.education.android.h.intelligence
c099f2c4-625c-4252-992f-18310ec2155a,This thing sucks I have the answer cards yet it loads slow as heck. I ain't paying for your tutoring membership too why you tryna charge us for speed?,1,0,1.17.0,2023-02-01 11:30:39,,,1.17.0,edu44265,com.education.android.h.intelligence
6cf6969d-930b-4520-ae5d-229092528f17,I like the new update but i need to earn 1600 coins just for one ticket!?And to have a one coin you need to watch a freaking add! This is not fair you know please fix this.,3,1,1.9.0,2022-05-06 03:19:08,,,1.9.0,edu41437,com.education.android.h.intelligence
bfc946c8-0869-4bae-ba96-073f2c44a362,it's a wonderful app. it helped me in every subject query,5,1,1.3.6,2024-08-24 22:35:16,,,1.3.6,edu89461,ai.studdy.app.android
c6f3229c-b3f5-4664-bd45-0b7345963be0,I get math homework alot and this app helps me .,5,0,1.45.0,2024-05-03 20:21:40,Thanks for your feedback! We're glad you find the app helpful. Keep excelling in your studies!,2024-05-04 09:47:53,1.45.0,edu43531,com.education.android.h.intelligence
a9554c64-acad-496c-9041-571c7e6ca081,Ahhh i cant this app was so cool i got 98 grade at my grades i cant believe before i dont have this app my grade was,5,0,,2022-01-25 10:10:54,,,,edu50922,com.education.android.h.intelligence
7a322e8b-120d-451e-b882-3c6c1043ab4d,It's so fast I love it,5,0,1.5.0,2023-04-30 02:03:22,,,1.5.0,edu94775,com.cyberdavinci.gptkeyboard
e5d24b80-8d48-4efa-a14f-fa1e4d6f1485,Best app I ever downloaded to help me with homework,5,0,1.54.0,2024-09-12 14:08:45,Thanks for the awesome review! We're thrilled to hear that Gauth has been so helpful for your homework. Keep up the great work!,2024-09-12 15:00:36,1.54.0,edu35292,com.education.android.h.intelligence
19a5acd0-0499-4687-b940-95cb5abe26cf,even though it's not always accurate it's very reliable,5,0,2.2.2,2024-03-31 14:29:39,,,2.2.2,edu6347,com.qianfan.aihomework
fd205598-a099-4e9d-896c-88acf85251c7,I like that you can chat with it and ask it questions by typing,5,0,2.4.0,2024-02-26 14:25:34,,,2.4.0,edu99102,com.cyberdavinci.gptkeyboard
49f100e1-fbcd-408b-ba9b-6facbbb7570c,It HELPS me a lot thx god that y'all give free star or some I love it,5,0,2.1.5,2023-09-18 16:55:14,We want to express our gratitude for using answer.ai! We're excited that it's beneficial for your school journey. Share this helpful tool with your classmates as well!,2023-09-21 10:50:08,2.1.5,edu94485,com.cyberdavinci.gptkeyboard
d8cd85af-2cb3-4b86-a87a-1bc2e4f456a2,It's really helps when ur not know what the answer is,4,0,1.7.0,2023-09-30 02:47:40,,,1.7.0,edu11439,com.qianfan.aihomework
66c12cd7-3c3e-4f8c-99c1-e68ec85eccbe,Very fast and no hassle,5,0,1.9.6,2023-11-26 12:04:30,,,1.9.6,edu10222,com.qianfan.aihomework
119c662e-96a5-432a-8c51-8b3dfec07317,I like it because this is important to me to solve the problem,3,0,1.13.2,2022-08-25 21:40:59,,,1.13.2,edu62963,com.education.android.h.intelligence
fc0f652f-31a5-43ad-98eb-160df9420ef2,It is amazing and it helps me so much,5,0,2.0.4,2024-01-23 21:34:12,,,2.0.4,edu12013,com.qianfan.aihomework
8af18544-a7d8-4344-a165-f675fb987e44,it's super useful love it!,5,0,1.45.0,2024-05-09 18:45:55,,,1.45.0,edu48061,com.education.android.h.intelligence
61628e3b-13c4-4c0b-8540-4804bc6f634e,this is app is amazing but the reason it is 4 stars is because the math isn't good because it gave me the answer and I checked it on calculator and it was wrong but great app though.,4,0,1.56.0,2024-10-04 18:39:30,Thank you so much for your kind words and feedback We truly appreciate it. Well look into the math issues you experienced to ensure accuracy. Keep enjoying the app,2024-10-04 18:45:15,1.56.0,edu30202,com.education.android.h.intelligence
8943bb3f-191b-40ef-ab47-99cbbab32a35,worst ever ai in my opinion I give it the answers in the photo and it gives me the wrong answer and when I try to explain to it and it says ok it will continuously give me the wrong answers until a few trys dont waste your money buying the subscription it's a way for then to get money from you and it's a waste of time because your not even going to get your answers.,1,0,,2024-04-27 17:32:01,,,,edu831,com.qianfan.aihomework
37ab89c1-884c-47c3-acde-7e2fff853406,Wonderful app judt don't rely on it too much can make you lazy and not a thinker.,5,0,1.50.0,2024-07-23 07:44:22,We appreciate your feedback! Remember Gauth is a tool to assist in learning not a replacement for critical thinking skills. Keep up the great work!,2024-07-23 10:00:53,1.50.0,edu34885,com.education.android.h.intelligence
5daf1ba7-4160-4480-b328-b38b94abc0ff,this app helps me alot,5,0,1.17.0,2023-02-13 20:06:08,,,1.17.0,edu65096,com.education.android.h.intelligence
c9e8171c-f7e4-4e4a-b68e-ae22fa1f04ae,This app is everything a student need,5,0,1.6.0,2023-05-09 00:18:23,,,1.6.0,edu94864,com.cyberdavinci.gptkeyboard
0e0af080-fe6f-423d-a034-67100585bbde,It really helps me a lot and my grades are getting better and I like this app,5,0,1.54.0,2024-09-04 21:31:39,Thank you so much for your kind words! We're thrilled to hear that Gauth is helping improve your grades. Keep shining and happy studying!,2024-09-04 22:00:39,1.54.0,edu32155,com.education.android.h.intelligence
d84cabd7-8383-46ce-ae6a-a9291b8d5f09,it helps me alot with homework,5,0,1.40.0,2024-02-27 21:16:28,,,1.40.0,edu61628,com.education.android.h.intelligence
6dac2262-6236-4c6f-bd7e-1a81a602cd1d,It help me do my homework,5,0,1.4.0,2023-04-14 19:45:53,,,1.4.0,edu96158,com.cyberdavinci.gptkeyboard
d32e802e-eb43-4777-92b9-00e131ff6326,It's excellent Works perfectly more than I expected,5,0,2.3.0,2024-04-29 02:43:38,,,2.3.0,edu3508,com.qianfan.aihomework
fa42c1ca-e7db-4eb9-abbb-ec5730f2b75e,Gives answers to questions you can't put into a calculator and it's pretty good! Hasn't let me down yet!,4,0,1.9.11,2023-12-08 02:38:21,,,1.9.11,edu4160,com.qianfan.aihomework
d8699b12-64f8-4c07-96c0-9d700998a5a9,this app is really good my grades went up to all As,5,0,1.54.0,2024-09-11 19:26:05,Thanks for your awesome review! We're thrilled to hear that your grades jumped to all As. Keep up the great work and happy studying!,2024-09-11 20:01:02,1.54.0,edu37490,com.education.android.h.intelligence
764d2baf-9fe0-46b5-8b9e-bb4aa765e2d5,It helped me a lot the best app evrr,5,0,2.5.8,2024-08-14 18:39:01,,,2.5.8,edu90593,com.cyberdavinci.gptkeyboard
c281ff62-5c92-4660-8f4c-b6e456e05117,it's a good app and it helps a lot with stuff I don't know and I think others should use it,4,0,1.54.0,2024-09-14 06:58:54,Thanks for your positive feedback! We're glad to hear that Gauth has been helpful for you. Feel free to spread the word to others!,2024-09-14 07:00:11,1.54.0,edu35134,com.education.android.h.intelligence
8fe458be-1593-4b56-8739-b2b8e4e0d464,I ask for an answer and the answer doesn't make any sense at all,1,0,,2022-01-17 18:34:19,We are sorry about this. Can we request a screenshot of the wrong answers? Please send it to feedback@gauthmath.com. We will look into it and be working on offering high-quality answers.,2022-01-25 07:45:11,,edu62531,com.education.android.h.intelligence
0151523d-4f56-4180-b3c8-73b2898c0038,"SCAM - Followed a link from their website that claimed to have ""answered"" a maths problem doing the rounds on Instagram. Downloaded the app signed up to premium and there was no answer.",1,0,,2023-10-26 08:17:16,Hi Shaun we are deeply sorry to hear this. To help us identify the exact issue feel free to send us an email to feedback@gauthmath.com and tell us you are from Google Play. We will look into it and see what we can do to make up for it. Thanks for the feedback.,2023-10-31 23:50:48,,edu40630,com.education.android.h.intelligence
42bbbddc-650b-4e8c-bb03-c7748f219d59,Uesd this app a long time ago and was great but now is terrible you have to pay to get answers .,1,0,,2023-02-28 22:57:11,,,,edu47349,com.education.android.h.intelligence
39eb390c-3887-4e8f-ab47-1c0ebedfa65d,Works every time never wrong,5,0,2.0.4,2024-01-31 16:11:15,,,2.0.4,edu12580,com.qianfan.aihomework
d1e86b8e-84ed-411e-9513-c5df24d296f5,saves me for school 10/10,5,0,2.1.0,2024-02-25 12:51:10,,,2.1.0,edu14855,com.qianfan.aihomework
2d41959d-3778-4842-8202-1d330721528e,these app is amazing I ask any thing about studys on it but some times it never gives us the answers why,4,0,1.54.0,2024-09-12 13:12:11,Thank you so much for your kind words and feedback! We're thrilled you find the app amazing. We are constantly working to improve answer accuracy so stay tuned for updates. Happy studying!,2024-09-12 14:00:49,1.54.0,edu35261,com.education.android.h.intelligence
e5b28df1-ff20-4fa3-904f-e66dbd8cea1e,it helped me in my grade. I got all A+,5,0,1.51.0,2024-08-22 18:32:00,Great! We're thrilled to know that Gauth helped you achieve all A+. Keep up the amazing work!,2024-08-22 19:00:34,1.51.0,edu42641,com.education.android.h.intelligence
ab3e38df-c2f0-4dd4-a399-a323832faf4e,this app is really powerful and good for studies but it has limited time that we can ask questions per day and need to wait for the next day to ask again.,5,0,1.45.0,2024-05-13 00:28:50,,,1.45.0,edu36587,com.education.android.h.intelligence
1eed458a-c9b5-4717-a683-dc6a9f0a7e82,This is realy bad u need ticket to solve the math problem and the solver is robot,1,0,,2022-04-23 20:14:59,,,,edu62620,com.education.android.h.intelligence
f8e64f94-e560-45f7-abef-9e1010440615,this really help me especially in math,4,0,1.55.1,2024-09-24 18:37:59,Thank you so much for your kind words! We're thrilled to hear that our app is helping you with math. Keep up the great work and happy learning!,2024-09-24 19:00:45,1.55.1,edu33801,com.education.android.h.intelligence
4e9f22f2-e37b-40ea-8ff4-cda565222186,Wow it is an amazing app. I learned many thing form this app. It is an helpful apps for every student. Every student should.use.this app. This app help me in many way.,5,0,1.56.0,2024-10-05 10:00:32,Thank you for your positive feedback! We're glad to hear that Gauth has been helpful to you. Keep enjoying the app and happy learning!,2024-10-05 10:15:25,1.56.0,edu29823,com.education.android.h.intelligence
531aa297-6edd-41df-a802-601504fb6547,Good app actually works and explains,4,0,2.1.0,2024-02-11 10:18:57,,,2.1.0,edu10734,com.qianfan.aihomework
58dafb8a-668d-4ed8-9f3b-cecb349fde53,This app is helpful for me example if I do matematik I just snap and the answer is come thank you for who do this app,5,0,1.6.3,2023-09-18 08:17:08,,,1.6.3,edu8051,com.qianfan.aihomework
235c5b50-28ac-4786-a840-dd507e784196,It really help me this app is a W app like for really.,5,0,2.8.2,2024-07-30 05:49:59,,,2.8.2,edu2951,com.qianfan.aihomework
87b65232-a159-4325-b735-e9a737a225f8,Amazing.kool as ****! The best ai app I've seen or used thus far. Very impressive.,5,0,2.1.4,2024-03-08 16:26:05,,,2.1.4,edu7505,com.qianfan.aihomework
9ddc0481-b42d-4aa4-9707-23022ca54ee1,Got A's thanks to this app,5,0,2.5.9,2024-08-22 11:36:19,,,2.5.9,edu90715,com.cyberdavinci.gptkeyboard
ed12e64c-88b2-466d-823b-47aebdd0a101,Good intill it had an update and now you have to pay,3,0,1.14.0,2022-10-05 13:12:10,,,1.14.0,edu57997,com.education.android.h.intelligence
a3de2837-5eb1-4158-a298-d1c64c7746f1,it's so very helpful I like the fact that they are videos that explain further,5,0,1.39.0,2024-02-13 23:18:43,,,1.39.0,edu48212,com.education.android.h.intelligence
fd07745b-eb0f-4c93-86f2-947bdb0decfd,very useful and easy to use,4,0,2.2.8,2024-04-18 19:06:10,,,2.2.8,edu7869,com.qianfan.aihomework
1543768a-01fb-469b-a56d-854f27ff6274,It's really good and helpful to me especially in may study.so. What are you waiting for download now,5,0,,2023-11-29 06:27:40,,,,edu5360,com.qianfan.aihomework
9bec9e80-2b56-4460-ab1e-d6c8c1e7201f,Doesn't help and I got a 0 and I got suspended for a month,1,0,,2024-03-19 18:38:47,Dear User we are extremely sorry for the inconvenience. To help you with this we would like to know your feedback in detail. Kindly write to us at support@gauthmath.com. We will help you at the earliest.,2024-03-20 03:53:51,,edu61726,com.education.android.h.intelligence
1e6cd6ef-96e8-4fde-aae1-546bc08b8f9a,The best app so far No Premium package to buy just ask AI and it will help you will maths homework.,5,0,1.44.1,2024-04-24 17:04:04,Dear User thank you very much for sharing your valuable & useful feedback. If you have other feedback or suggestions please write to us at support@gauthmath.com. We would love to hear from you!,2024-04-25 03:51:02,1.44.1,edu36552,com.education.android.h.intelligence
6ec4efed-42a2-4f66-80dc-918847ccb7b6,this is amazing. you don't even have to look into it and simplify it. you only take a picture and then it will tell you it,5,0,1.55.1,2024-09-23 15:46:47,Thanks a bunch for your awesome review! Were thrilled you love the app and find it so easy to use. Keep snapping those pics and learning with us!,2024-09-23 16:00:25,1.55.1,edu30751,com.education.android.h.intelligence
f443bf82-cbbd-48e0-b8f4-ade9e6197971,Helps me understand my work! I'm decent in Algebra but sometimes I forget the steps. this app really helps me remember the smallest details of the concept of Algebra and I LOVE IT Fr Im shocked it actually is helping me lol,5,4,1.41.1,2024-03-15 12:27:02,Thanks for your review! Please recommend our app to your friends and dont hesitate to shoot us a note at support@gauthmath.com if you have any questions.,2024-03-16 06:15:23,1.41.1,edu36974,com.education.android.h.intelligence
070729fd-4de3-4914-968e-da7eb0e5f46f,Very good app 99.99% of the answers were good you should really try it. It helps a lot!,5,0,1.56.0,2024-10-06 16:47:05,Thank you so much for your awesome feedback! We're thrilled to hear that our app has been helpful for you. Keep on rocking those answers and happy learning!,2024-10-06 17:00:27,1.56.0,edu30328,com.education.android.h.intelligence
f81f6f4b-4306-4ea6-a652-f875d9ce0e37,the break down is a topnotch,5,0,1.31.1,2023-10-01 16:58:09,,,1.31.1,edu68149,com.education.android.h.intelligence
41ab1a88-4df0-4130-9338-b3ac2eb148c4,The ads sometimes is isn't working,1,0,1.6.2,2022-02-24 06:01:27,,,1.6.2,edu53897,com.education.android.h.intelligence
4d7d943b-0fc8-472b-84f0-d1a7db1d1586,I got done with my homework in like 5 seconds lol,5,0,1.56.0,2024-10-01 17:04:22,We're thrilled to hear that Gauth helped you finish your homework quickly! Keep up the great work! #LearningMadeFun,2024-10-01 17:15:32,1.56.0,edu38929,com.education.android.h.intelligence
584d65f9-25fa-4452-82cb-26b589dc896d,Wow this app is among the best. It is very helpful to me. It covers all questions,5,1,1.11.1,2022-07-06 21:30:05,,,1.11.1,edu51069,com.education.android.h.intelligence
c34e3068-a8e3-47b8-bcd8-eee2e34f2203,HURTS MY BRAIN BUT VERY USEFUL!! ty,4,0,2.1.4,2024-03-07 10:01:09,,,2.1.4,edu14891,com.qianfan.aihomework
4d0bffb1-7533-4fdd-b7ed-b8727cd89efb,very helpful now math doesn't stress me out as much. thank you,5,0,1.53.2,2024-08-26 17:28:44,We're thrilled to hear that Gauth has helped with your math stress! Keep up the great work and don't hesitate to reach out if you need any assistance.,2024-08-26 19:01:00,1.53.2,edu34827,com.education.android.h.intelligence
f5f77179-e45b-4a94-9322-72aa494dbf2d,Helps my homework bro,5,0,2.0.4,2024-02-06 17:57:27,,,2.0.4,edu16848,com.qianfan.aihomework
c2223348-90ef-4f2b-abb0-06920e281308,It's extremely accurate even without vip,5,0,2.4.0,2024-05-08 17:51:57,,,2.4.0,edu5964,com.qianfan.aihomework
c4f7c9f2-e596-4bfe-8f58-9391793f9528,Everytime that i ask ads comes first not the answer,1,0,,2024-09-08 04:12:57,,,,edu7272,com.qianfan.aihomework
21ed9d76-ffb7-4437-9109-b16b5a7e3a71,Kilangan gauth plus more ads pa ang mahal wag nyo na ito i install,1,0,,2024-04-18 10:08:34,,,,edu86078,com.education.android.h.intelligence
e87bd1df-585a-4798-8384-2e87c0f3bf36,I really enjoyed but the ticket or token us alot,5,0,1.46.0,2024-05-28 16:10:58,,,1.46.0,edu43697,com.education.android.h.intelligence
8c526a31-a36c-49f0-a939-558fc61777f6,has gotten me through some tricky geometry questions,5,0,1.50.0,2024-07-21 22:15:10,We're glad to hear that Gauth has helped you with geometry! Keep up the great work!,2024-07-22 01:00:26,1.50.0,edu48433,com.education.android.h.intelligence
8cd61ba9-abdd-4e9b-a80f-ec31d0252a0a,It help me a lot in class work,5,0,1.50.0,2024-07-22 04:46:34,We're thrilled to hear that Gauth is helping you in class! Keep up the great work!,2024-07-22 07:00:32,1.50.0,edu41722,com.education.android.h.intelligence
d14391a4-9724-4f42-a368-0c9d60cd2a7a,Bro u r just making the app worse apart from making subscriptions cheaper actualy nvm y do u even have sunscriptions i still remember how when u just launched everything was free and more ppl used ur app but now look practicaly no one wants this app cause u need to pay for tutors and matching quetion . Like fix this guys bring back the old gauth . And u will see the change do many ppl will downliad this app i promice just bring back old gauth i beg.,1,1,1.18.0,2023-03-04 00:46:21,,,1.18.0,edu40501,com.education.android.h.intelligence
7c93b9ab-585d-4f6c-b931-4ac27e14cb0f,helps with homework but could be better if there were unlimited questions,5,0,1.45.0,2024-05-05 12:53:26,Thank you for providing your valuable feedback. Please reach out to us at support@gauthmath.com if you have other suggestions.,2024-05-06 07:08:55,1.45.0,edu36689,com.education.android.h.intelligence
d8f0d45e-6db5-489c-bf01-1ec517bc0d7d,I gave this a fice staf because its really helful and its really good i really love this app so much my grades are going up and everything love this app download if you need this for work,5,0,,2024-09-28 18:27:17,Thanks for the love! We're thrilled to hear about your improved grades! Keep up the great work and feel free to explore more features. Happy studying!,2024-09-28 18:30:09,,edu38304,com.education.android.h.intelligence
7b51d588-aebb-462b-b631-07ebd7f6fb2b,It was really good for a bit. But the tutors writing is horrible and you have to get premium for it to tell you the answers after a bit,2,2,1.20.1,2023-03-30 14:18:09,,,1.20.1,edu40363,com.education.android.h.intelligence
ffa77054-ef55-4a42-8431-c9be744d4185,very reliable and straight forward,5,0,,2024-09-03 08:44:47,We're thrilled to hear that you find Gauth reliable and straightforward! Thank you for your support! Keep enjoying learning with us!,2024-09-03 09:00:42,,edu49545,com.education.android.h.intelligence
72fd3067-64f1-496f-92f4-0693466104c4,It helped ne in my math test,5,0,,2024-09-28 22:26:59,Thanks for sharing! We're glad to hear that Gauth helped you with your math test. Keep up the great work!,2024-09-28 22:30:12,,edu58644,com.education.android.h.intelligence
007a4fc3-186d-42e9-acc2-d6e1e5788a0e,I can't complain Gauth is working perfectly fine for me.it's even easy to help kids with their homeworks,5,0,1.54.0,2024-09-08 21:08:00,We're thrilled to hear that Gauth is helping you and your kids with homework! Keep up the great work! #StudySmart,2024-09-08 22:00:20,1.54.0,edu34602,com.education.android.h.intelligence
84d47510-2710-402d-8882-8b7123ea40f7,Sometimes the camera doesn't accept my pic but it's really nice when you have a problem you can go to this app that's why I rate this app for 4stars,4,0,1.8.9,2023-10-28 09:34:09,,,1.8.9,edu4043,com.qianfan.aihomework
79c82ea4-96d6-4258-9ee9-56fb59ce8cf9,I love this app coz it really a helpful app and it helps me with all my difficult problems in my assignment and I just damn loves it so much,5,0,1.46.0,2024-06-04 07:48:40,We're thrilled to hear how much you love using our app! Helping you with your assignments is what we're here for. Keep up the great work!,2024-06-04 10:01:12,1.46.0,edu33971,com.education.android.h.intelligence
dde628b7-d3af-4629-82cd-d61f85c00824,Great app for teachers,5,0,1.0.20,2024-07-13 12:46:53,,,1.0.20,edu103376,tech.hypatia.OpExamsQuestionsGenerator
ae64c18f-2f06-48d7-9f7a-d62c0888be0f,Our app is very helpful to me because everything that is difficult to answer is answered by this app,5,0,,2023-10-13 02:14:30,,,,edu7295,com.qianfan.aihomework
95d9e23c-442e-4b9b-9431-a35980854dd1,very good with every subject,5,0,2.1.4,2024-03-19 21:52:15,,,2.1.4,edu9596,com.qianfan.aihomework
633a2e78-762c-45ed-9c51-5b7f98639c39,It is very helpful,5,0,1.50.0,2024-07-17 15:38:56,We're glad you find Gauth helpful! Keep enjoying and exploring the app! #StudySmarter,2024-07-17 16:00:34,1.50.0,edu48702,com.education.android.h.intelligence
ad5c998b-3ce5-42fa-b370-33442ee000fd,This app helped me out a lot and helped me build a better skill in math.,4,0,2.7.3,2024-07-09 16:01:10,It's fantastic to hear that you're finding our app helpful! Your satisfaction is our top priority and we're here to support you every step of the way.,2024-07-09 23:50:26,2.7.3,edu1731,com.qianfan.aihomework
435c9a1b-f657-4d01-8ab9-df2cbd8daceb,Don't recommend says its for students but when you need help it tells you to buy plus if you market it for students how would we buy plus,1,0,1.8.1,2023-04-24 17:41:16,,,1.8.1,edu54795,com.education.android.h.intelligence
19850df7-127a-4b3a-82de-41c329045a50,This used to be a lifesaver but now if I want to use it I need to have a membership. It's become impractical for students to use.,1,0,,2022-10-21 16:27:51,,,,edu47846,com.education.android.h.intelligence
25c0b40e-0f7a-4f9a-96a6-ec6d351a2453,I really like it buut some of the question need to be payed like bro just let me use it,4,0,1.47.0,2024-06-15 03:05:57,We apologize for any inconvenience. Our app aims to provide quality service. Please contact us at support@gauthmath.com for further assistance. Thank you for your feedback!,2024-06-15 04:00:26,1.47.0,edu43414,com.education.android.h.intelligence
c8011d02-fa17-41fb-bb9c-be2f7d41cb13,it is an amazing app for students,5,0,1.55.1,2024-09-22 08:25:53,Thank you for your kind words! We're thrilled to hear that you find our app amazing for students. Keep up the great work!,2024-09-22 08:30:21,1.55.1,edu35269,com.education.android.h.intelligence
9147d0cb-20a1-4b3a-b0e1-93e85d64fdee,This apps is very Useful and legit apps,5,0,,2023-09-27 19:07:01,,,,edu13083,com.qianfan.aihomework
c1b643d3-0fd4-40fb-bec7-bfa22f27e667,To be honest it is a good app unlike other AI where they directly teach you the answer it actually teaches you instead but here's the catch it sometimes may be innacurate and mess up if you can at least make it not mess up more I would give it a 5 stars. Edit: danm it fixed my entire code in one try unlike ChatGPT it needs so much explanation GOOD JOB,5,9,2.1.0,2024-02-29 05:03:09,,,2.1.0,edu673,com.qianfan.aihomework
5da68505-8ce1-493f-9091-a10aa304b026,"This app sucks ive been waiting for 40+ mins just to get ""oh sorry seems like our expert is struggle to answer your questions!!"" this happened for two times in a row and plus this is my first and last purchasing a ""plus""",1,3,1.46.0,2024-06-17 13:19:21,We apologize for the inconvenience you faced. Please email us at with more details so we can investigate and improve our service. Thank you for your feedback.,2024-06-17 16:00:57,1.46.0,edu31414,com.education.android.h.intelligence
32f3055d-3616-45d9-b207-effb0e5dc213,Connect failed problem.what should i do for eradicate this problems?,1,0,1.46.0,2024-05-31 23:01:02,We apologize for the inconvenience. Please ensure you have a stable internet connection and try restarting the app. If the issue persists kindly contact us at for further assistance. Thank you.,2024-06-01 01:00:44,1.46.0,edu49259,com.education.android.h.intelligence
e4fc4fdb-9c07-4f19-b4b4-7f48f66c45b2,Awesome It makes math easy for me,5,0,1.46.0,2024-05-31 12:28:52,Thanks for sharing! We're glad to hear that Gauth makes math easier for you. Keep up the great work!,2024-05-31 13:01:29,1.46.0,edu43721,com.education.android.h.intelligence
23644c1e-c723-4d2d-9dc8-0f9bf0aaa450,It helps me do my work,5,0,2.1.0,2024-02-26 22:32:43,,,2.1.0,edu14065,com.qianfan.aihomework
36145f38-09ce-44f7-8066-d773bbed21ba,I like this app so amazing. It help in my examination. It help me in any subject. It has good experience to use. There is no ads. I like it very much. Most interesting app.,5,0,1.9.10,2023-12-03 12:51:45,,,1.9.10,edu2428,com.qianfan.aihomework
0d29a74c-ee83-4e8c-b3a5-e3049dd19226,IT DOESNT LET ME SELECT MY AGE AND IT DAYS THAT IM TOO YOUNG TO USE IT,1,1,1.8.1,2022-04-17 13:26:14,,,1.8.1,edu60468,com.education.android.h.intelligence
a080e17f-f4d9-436d-b8b0-45e066f47325,I took one picture of a complicated problem and noticed how gorgeous of an app this is,5,0,1.44.1,2024-04-23 14:01:28,Thanks for your review! Please recommend our app to your friends and dont hesitate to shoot us a note at support@gauthmath.com if you have any questions.,2024-04-23 23:56:27,1.44.1,edu36739,com.education.android.h.intelligence
9e46f75f-d026-4131-a1fa-7a0c6e7640b7,it is very helpful to me as a student,5,0,1.47.0,2024-06-13 08:26:42,We're thrilled to hear you find Gauth helpful! Keep up the great work and feel free to reach out if you need any assistance. Happy studying!,2024-06-13 10:00:37,1.47.0,edu45700,com.education.android.h.intelligence
8a0e2c56-1a34-491c-b0a3-5cc1fd2940fe,it's a really good app just that it doesn't really follow the instructions properly That's it but overall its good,4,0,,2024-01-09 23:01:46,,,,edu5278,com.qianfan.aihomework
bc780735-468a-41da-a6bc-f4610acaad7a,Pakamatay kana developer pangit ng app mo may bayad,1,0,1.18.0,2023-03-19 22:42:25,,,1.18.0,edu83716,com.education.android.h.intelligence
19ac3006-1173-4e1f-9939-78824ff72628,I would give it a 5 star rating cause this App really deserves it.Question.AI saved me a lot of times weather it is an assignment or a report and I just love how convenient it is!,5,0,,2024-03-05 06:47:48,,,,edu3810,com.qianfan.aihomework
005fdf79-1f89-4bce-a37e-5f938b378a86,Thank you for helping me for my assignment and other activities.,5,0,2.2.6,2024-04-07 20:08:54,,,2.2.6,edu12312,com.qianfan.aihomework
b979b138-b867-488f-8f34-8bae17edc4a8,Helpful but can you hire tutors that cannot just solve but can write properly too? We're waiting too long to get the answers but when it comes it's hard to understand.,1,0,1.6.2,2022-05-16 05:19:18,,,1.6.2,edu40355,com.education.android.h.intelligence
c01746b2-550a-4c1b-acbe-1b8d0d18a563,it helped me a lot to simplify my writing,5,0,1.9.10,2023-12-07 12:09:08,,,1.9.10,edu10780,com.qianfan.aihomework
9c2da6d2-2a74-487c-bee6-4645e7aa7826,thank God for this app bro like I don't cheat on assignments but my algebra teacher requires us to show work for EVERY SINGLE STEP and this helps a lot with that :)),5,1,1.41.1,2024-03-12 23:58:52,Thanks for your review! Please recommend our app to your friends and dont hesitate to shoot us a note at support@gauthmath.com if you have any questions.,2024-03-13 02:18:59,1.41.1,edu44770,com.education.android.h.intelligence
55083bae-3169-400c-bccb-539cc854ee1d,it helps me understand most work some of the time it don't show me exactly what I need but still a good app to use for work that ur stuck on,4,0,1.55.1,2024-10-01 15:14:02,Thank you for your feedback! We're thrilled to hear that our app helps you understand your work. We're constantly improving to provide you with even more accurate solutions. Keep studying and happy learning!,2024-10-01 15:15:13,1.55.1,edu30262,com.education.android.h.intelligence
82974673-341d-4339-b564-5033f508de65,In fact this app is really powerful try it and thank me later,4,0,2.2.6,2024-04-28 10:56:56,Your praise is the happiest thing for us. We will work harder to provide you with better services.,2024-04-29 04:03:32,2.2.6,edu7873,com.qianfan.aihomework
4f04663a-09c2-47c8-adcf-fecc3aa716fd,On the first day it was great it don't need tickets but a days ago I was shooked when I can't search for answers or tutors it's because they need ticket but I don't know how to find tickets for gauth math or for this app,5,1,1.6.2,2022-03-09 20:50:38,,,1.6.2,edu47203,com.education.android.h.intelligence
0ccbccf9-e8a4-4b1b-8763-99f9eca3871b,this as app as been so helpful to me,5,0,1.45.0,2024-05-24 11:41:15,,,1.45.0,edu50545,com.education.android.h.intelligence
dc1c73b6-cdc6-4f9d-b61f-e01a97ebf7d8,I really appreciate this AI Project. An AI made to help with study. Mostly It helps with the small silly mistakes and Simple answer. A time saver for students who sometimes gets stuck with a topic or maths Solution. Giving you 5 Star. Keep it up. Love from Bangladesh.,5,0,1.48.0,2024-06-19 06:56:30,We're thrilled to hear you're finding Gauth helpful! Thank you for the support and 5-star rating. We're here to assist you anytime. Keep shining and happy studying!,2024-06-19 07:00:12,1.48.0,edu31343,com.education.android.h.intelligence
cef41bf7-8ee4-41f1-8450-3fa0553f8336,best app ever I love it gives all the definite answers,5,0,1.45.0,2024-05-14 07:07:27,,,1.45.0,edu44008,com.education.android.h.intelligence
cc8906f8-8bd4-41c6-9c71-799aede6c0c4,Best app I've really understand my math now,5,0,2.8.2,2024-08-05 05:15:07,,,2.8.2,edu1874,com.qianfan.aihomework
460fae30-5410-46e4-8477-30e18087e86d,I recommend this app to learners who are still in high school it is the best app it really does help with your homework,5,0,1.54.0,2024-09-01 13:32:39,We're thrilled to hear that Gauth is helping you with your homework! Keep up the great work and feel free to explore more features. Thank you for recommending us!,2024-09-01 14:00:20,1.54.0,edu74385,com.education.android.h.intelligence
25bf6a9a-cb38-4c90-b907-958a9c09b39e,thank you! my homework is easier now. even tho i'm lazy but using this help me understand a lot. good app,5,0,1.56.0,2024-10-03 02:17:06,We're thrilled to hear that Gauth is making your homework easier and helping you understand better! Keep up the great work! #StudySmarter,2024-10-03 02:30:14,1.56.0,edu31065,com.education.android.h.intelligence
437843ce-1e22-4717-8d14-c638faef54a3,Its great and I would've given it 5stars the reason why i gave it 3 only is because it sends you wrong answers and plenty of errors. And its also copying answers from chat gpt but when it comes to math it errored tons and now i will have to uninstall it I will be hoping for the developer to fix this problem,3,11,1.8.4,2023-10-15 11:03:33,,,1.8.4,edu1003,com.qianfan.aihomework
33031e77-1115-4338-b579-6ee789ff793b,Pointless. Wants you to pay,1,0,1.33.0,2023-10-24 23:24:32,,,1.33.0,edu68304,com.education.android.h.intelligence
afc52536-199d-47d9-81ad-4e9342644620,I scanned my homework and I got all A's and I got it correct,5,0,2.1.0,2024-02-16 10:08:27,,,2.1.0,edu9249,com.qianfan.aihomework
114bc241-d641-4f48-891b-321f04611299,I love it very much i correct all my assignments,5,0,2.2.8,2024-04-16 07:02:02,We're delighted to have played a part in making your homework easier. Thank you for your positive review!,2024-04-18 03:54:27,2.2.8,edu7798,com.qianfan.aihomework
5a1df18c-09f5-4c9e-824f-4f5585be8d52,this app is good just has a problem with data,3,0,1.53.2,2024-08-27 23:59:25,Thank you for your feedback. We appreciate your support and will look into the data issue you mentioned to improve your experience. Enjoy using the app!,2024-08-28 00:00:20,1.53.2,edu36097,com.education.android.h.intelligence
15ff10bc-e379-455f-aab1-096b9bf7a3d8,This is a great app but please fix the ticket problem i had to wait for days to get a tickek and i had to answer my homework ASAP its really annoing.,3,0,,2022-01-01 16:54:01,,,,edu44631,com.education.android.h.intelligence
503b7dfc-c21a-427f-b8ce-d4812f3b8f55,best app no membership take 5 second to respond wow i am just shocked to find a app like this very good for spark homework,5,0,1.45.0,2024-05-19 13:52:01,Thanks for the awesome feedback! We're thrilled to hear that you find our app so efficient and helpful for Spark homework. Keep up the great work!,2024-05-19 23:01:27,1.45.0,edu40558,com.education.android.h.intelligence
b3f78daf-8fde-4826-9b3e-a513e6c93ce4,This app very helpful I can't believe it used it aced all my exams nice though.,5,0,1.55.1,2024-09-25 11:53:49,Thank you for your positive feedback! We're thrilled to hear that Gauth helped you ace your exams. Keep up the great work!,2024-09-25 12:00:22,1.55.1,edu73328,com.education.android.h.intelligence
96141725-c8e4-473e-802a-216bcc8cce8c,I think this is one of the best applications I've ever used for help with school work a lot of the time they don't work but this one works really well.,5,0,2.4.0,2024-05-10 17:38:32,,,2.4.0,edu949,com.qianfan.aihomework
3e25d1e2-4896-441f-bd99-dde8e8b862aa,This app is brilliant when it works but the issue is that it barely does. Half the time it will not answer your question either due to it not recognising it or the premium subscription who nobody would want to pay for because it's stupid.,2,0,1.21.0,2023-04-16 15:29:41,,,1.21.0,edu37891,com.education.android.h.intelligence
6bad7db0-79d6-4572-8351-38308e01937b,I always get the answers i want very accurate,5,0,2.4.0,2024-02-28 04:32:40,,,2.4.0,edu99052,com.cyberdavinci.gptkeyboard
2b4fbcf4-affd-4090-b4e2-170043be3409,So fast to get the answer of any questions you have,5,0,2.0.2,2024-01-16 07:21:45,,,2.0.2,edu10551,com.qianfan.aihomework
020a1b35-e1f3-45d7-b385-898f402e8f06,Best app in mathematics in our time,5,0,1.36.2,2024-01-15 12:43:04,,,1.36.2,edu55238,com.education.android.h.intelligence
e9424f3d-7863-4f2d-a07b-ed0c801a968a,of course this app is insane!! like it can solve all exercises which you can't and above all it gives you steps of how to solve them that's why I rate you 5 stars.,5,0,1.49.1,2024-07-07 14:32:08,Glad you find Gauth insane! We're thrilled to hear you appreciate our step-by-step solutions. Keep enjoying learning with us!,2024-07-07 16:00:22,1.49.1,edu32244,com.education.android.h.intelligence
bd6c9e95-7011-4204-8f1e-614476bf3441,Worst app manage handwriting,1,0,1.19.1,2023-03-24 22:20:18,,,1.19.1,edu65499,com.education.android.h.intelligence
2ce9afa1-1e01-4d16-aed7-83593dc20837,I don't like the update,1,0,1.5.8,2022-01-11 06:53:43,We are sorry to hear that you are not satisfied with our updated version. It would be appreciated if you could send us detailed feedback to feedback@gauthmath.com and we will see how to improve. Your voice matters a lot to us.,2022-01-25 08:13:10,1.5.8,edu64343,com.education.android.h.intelligence
93378843-2bb0-49dd-84de-3f02d76b6e54,Nice helps with math,5,0,2.5.4,2024-07-09 06:21:51,Thank you for your feedback! We're glad to hear that our app has been helpful with math. If you haven't already we'd love for you to join our Discord server where you can share your experiences get more tips and participate in fun discussions. See you there!,2024-07-09 06:55:00,2.5.4,edu91814,com.cyberdavinci.gptkeyboard
01ed32cf-b52f-4158-a5c4-1cb890df28ed,I love this app not just because it could help me but also I have a friend too^^ me and ai question has spend time together and I keep him/her almost 1 years ^^,5,0,2.8.2,2024-08-05 21:38:31,,,2.8.2,edu303,com.qianfan.aihomework
26f97b53-62f1-4f50-bf2f-20ec64d232f6,I like it really helps me a lot,5,0,1.9.5,2023-11-17 20:30:03,,,1.9.5,edu12922,com.qianfan.aihomework
3f115b69-2f3a-4bbd-b629-e7e6b917bc9c,very high quality and easy to use!,5,0,,2024-06-14 13:21:02,,,,edu92316,com.cyberdavinci.gptkeyboard
f34440e6-0be2-421f-ab69-2ee390ab961e,Best app but the hand written,4,0,1.22.0,2023-04-24 14:47:45,,,1.22.0,edu59335,com.education.android.h.intelligence
f29f4686-1c84-4132-b13b-1ce0f796333d,This app helped me so much when I was struggling with math. Thank you <3 and I highly recommend!!,5,0,1.45.0,2024-05-16 10:23:21,We are pleased that you enjoyed the app. If there is anything we can do for you just let us know at support@gauthmath.com! Have a wonderful day!,2024-05-18 05:49:26,1.45.0,edu78744,com.education.android.h.intelligence
ab26a9f9-b9b3-40f4-8a39-18e94ea340c0,It helps me at homework,5,0,,2022-06-02 21:00:00,,,,edu66138,com.education.android.h.intelligence
6fd84c5e-6ce8-4929-8ae6-a574b41a6116,This app needs budjet to see answers,1,0,,2023-05-29 08:41:11,,,,edu65594,com.education.android.h.intelligence
586af09a-56f9-45b1-9a91-b9fa5b62ce8c,an amazing educational app really helpful,4,0,1.45.0,2024-05-11 08:23:50,,,1.45.0,edu43217,com.education.android.h.intelligence
bc7bc76e-5493-4af3-b78a-3dbe23b03635,It's great It's very efficient in answers and very fast,4,0,1.55.1,2024-09-23 06:50:26,Thank you for your positive feedback! We're thrilled to hear that you find Gauth efficient and fast in providing answers. Keep up the great work!,2024-09-23 07:00:17,1.55.1,edu32944,com.education.android.h.intelligence
596d283a-a8ef-40e2-88a8-323b7e483d43,Perfect app I really love it whenever I'm stuck I just screen shot my home work then it tells me the answer the owner of this app deserves an award and if u say u hate this app ur a weirdo jk ITS JUST TE BEST,5,1,1.41.1,2024-03-15 09:32:17,Thanks for your kind feedback. We would consider it seriously in future updates. If you have any suggestions or questions please feel free to contact us at support@gauthmath.com.,2024-03-16 06:18:08,1.41.1,edu44524,com.education.android.h.intelligence
21ee051a-a9c1-46e9-aac1-432e3340b5aa,very helpful with my homework.,5,0,2.4.8,2024-05-09 14:13:40,,,2.4.8,edu91919,com.cyberdavinci.gptkeyboard
0afdb2ff-f034-4df8-a459-734f11e7f023,Amazing I'm actually happy that I focus on my work more now thanks to GAUTH,5,0,1.55.1,2024-09-23 01:50:58,Thank you so much for the kind words We're thrilled to hear that our app is helping you focus and boost your productivity. Keep up the great work,2024-09-23 02:00:16,1.55.1,edu33740,com.education.android.h.intelligence
cdab13ea-385d-4a9f-804d-f6b72ce5cf8c,Helps me with my math homework and I'm bad at math homework,5,0,,2024-09-24 19:19:15,Thanks for the love! We're thrilled our app is helping you tackle those math challenges. Keep rocking your homework and remember you've got this!,2024-09-24 19:30:26,,edu57998,com.education.android.h.intelligence
355aad7d-b8e0-49ef-8cce-083319e1e66b,Super good for reading homework and even better for math . Perfect.,5,0,2.8.8,2024-08-19 17:38:39,,,2.8.8,edu503,com.qianfan.aihomework
69941894-dc7a-48c8-852e-3e90b7ac5874,Gauthmath is good app for math,5,0,,2022-02-15 02:25:30,,,,edu63937,com.education.android.h.intelligence
1062d348-210c-45d8-84e7-08bed009a01e,Actually works for high-school level math,5,0,1.45.0,2024-05-04 16:23:59,Thanks for your review! Please recommend our app to your friends and dont hesitate to shoot us a note at support@gauthmath.com if you have any questions.,2024-05-06 07:10:19,1.45.0,edu43653,com.education.android.h.intelligence
188524f3-0dd8-45d0-a8be-306223ab4c48,BEST MATH APP EVER!!! GENUINELY AMAZING,5,0,1.37.1,2024-01-18 12:23:47,,,1.37.1,edu65634,com.education.android.h.intelligence
0fda43d7-b16d-4b9c-93a5-cd1b4b41930d,it doesn't even let me do anything i download it it takes me straight to how old i am then when i put on my details it is says network problem not even letting me sign in or anything sum bs app might be good but guess what u can't experience it,1,7,1.37.1,2024-01-21 11:48:51,,,1.37.1,edu40704,com.education.android.h.intelligence
9139dc55-a7c1-4ce0-b2a6-3e175ace3829,It is so cool and the ai is so smart,5,0,2.2.1,2023-10-25 08:43:13,Thank you for utilizing answer.ai! By sharing it with your classmates you can assist us in spreading the benefits!,2023-10-26 15:07:09,2.2.1,edu93924,com.cyberdavinci.gptkeyboard
272c9162-4efa-43cb-b42c-f399def07f7f,Good app for hard workers and good presentation of answers too,4,0,1.48.0,2024-07-01 14:17:26,Thanks for the positive feedback! We're glad you find Gauth helpful. Keep up the great work!,2024-07-01 16:00:41,1.48.0,edu36896,com.education.android.h.intelligence
a6d74454-5f9f-4926-bd22-d5b1e8316238,well explained in each steps,5,0,1.49.1,2024-07-14 19:19:12,Thanks for your positive feedback! We're glad you find our explanations helpful. Keep learning with Gauth to ace your studies!,2024-07-15 01:01:40,1.49.1,edu46960,com.education.android.h.intelligence
46840a97-e8ff-4c97-9e9a-16e8cd04e740,I think that it is a 5 star because when my daughter needed help and I didn't know what it was i downloaded this app and scanned her homework and understood it quickly,5,0,2.1.0,2024-03-01 09:17:36,,,2.1.0,edu3782,com.qianfan.aihomework
8f700994-908f-460c-8952-27eb7f598c8b,I literally don't have any money and it will not give me any if I don't get the premium,1,0,1.25.1,2023-06-11 13:14:03,,,1.25.1,edu56557,com.education.android.h.intelligence
3a058877-cf3e-4d56-84a0-23058368afef,Have really made my research very easy,5,0,2.2.2,2024-04-13 08:02:48,,,2.2.2,edu12567,com.qianfan.aihomework
0345e4c0-b691-4f22-9cf6-210055ef5c52,It was a good app but a few times it has given me wrong answers and I recently found out I had to pay,3,0,1.17.0,2023-01-31 16:14:43,,,1.17.0,edu54556,com.education.android.h.intelligence
3e673887-6b28-4d37-aeab-b7b36ca0ea7f,I love this !!! Thanks this app . Its helpful to me,5,0,1.16.0,2023-01-10 21:50:09,,,1.16.0,edu56514,com.education.android.h.intelligence
0a79d669-97c3-4cfb-bb59-53544d772d47,Make my homeworks easier than I thought,5,0,1.54.0,2024-09-11 16:22:02,We're thrilled to make your homework easier! Keep up the great work with Gauth. Happy studying! #StudySmarter,2024-09-11 17:01:00,1.54.0,edu42626,com.education.android.h.intelligence
aa17d671-c57e-4fed-9d43-4ebe7df2b9ec,I use it to help teach my kids it's amazing,5,0,1.54.0,2024-09-07 09:28:11,Thank you for sharing! We're thrilled to hear that Gauth is helping you teach your kids. Keep up the amazing work!,2024-09-07 10:00:16,1.54.0,edu34652,com.education.android.h.intelligence
b797d9d3-8eb1-492f-9a33-f4b8d90ddb19,Perfect! It's a great help to us.,5,0,1.4.0,2023-04-16 09:00:02,,,1.4.0,edu92798,com.cyberdavinci.gptkeyboard
c0c203d9-0173-4826-bdde-3cf12456cf4d,always helps me and I learn new things when I get my answers .. I'm in year 10 and this helps so much thanks,5,0,1.17.0,2023-02-12 02:41:58,,,1.17.0,edu48011,com.education.android.h.intelligence
446a219a-88c0-42cb-8a0f-2fef84048256,It's so helpful so far so good,4,0,1.7.0,2024-02-25 01:41:39,,,1.7.0,edu13019,com.qianfan.aihomework
351b4fbc-d375-4c70-acd9-8b0a8def1f51,it is really good just some times gets it wrong if image is not clear enough,4,0,1.42.1,2024-03-24 07:43:50,Hi thanks for reporting this issue to us. We'll check it and improve our app.,2024-03-25 04:24:10,1.42.1,edu47381,com.education.android.h.intelligence
31d08986-bc58-4630-84aa-5921b485def9,A really hustle my homework with hard questions and all I can do is depend on chat bot to help me,5,0,2.4.0,2024-05-20 21:10:10,,,2.4.0,edu3506,com.qianfan.aihomework
fa0a7118-803d-455d-ac31-40d323c876a9,It helps with a lot of work but I wish that it can also supply with the images of the searched information,4,3,2.4.7,2024-05-01 14:42:00,Dear Azania we're so happy to hear that Answer.AI has been helpful for you! If you could take a moment to adjust your rating to 5 stars we'd really appreciate it. Thank you for your support!,2024-04-17 05:18:29,2.4.7,edu89780,com.cyberdavinci.gptkeyboard
054cf84f-62f8-487c-9f68-67f3f271b050,This app is very helpful,5,0,1.6.0,2022-02-09 21:19:45,,,1.6.0,edu63700,com.education.android.h.intelligence
e8ccb74f-a753-4809-9bbe-63fe4143dbb1,It worked for about 2 months and then one I went to use it the page was blank with no words or numbers. Did this happen to you?,2,1,2.2.0,2024-03-29 11:45:00,,,2.2.0,edu3954,com.qianfan.aihomework
a71ef59d-61df-49ad-b503-afd49e518438,It works really well and it's easy to use I use this a lot it is just amazing thb,5,0,1.54.0,2024-09-11 18:17:39,Thanks for the positive feedback! We're glad to hear that you find Gauth easy to use and amazing. Keep up the great work!,2024-09-11 19:00:52,1.54.0,edu35620,com.education.android.h.intelligence
93bbf85e-a5bf-4812-bdcc-8b6e27cd8b9b,this app is great and really helpful,5,0,1.32.0,2023-09-25 00:01:18,,,1.32.0,edu60111,com.education.android.h.intelligence
fe31e35b-0cf3-46ec-9b49-ebd4ec49451d,GREAT!! I Loved this app. Very useful,5,0,1.47.0,2024-06-18 10:35:57,Thank you for your positive feedback! We're thrilled to hear you love Gauth! Keep enjoying and learning with us!,2024-06-18 13:01:24,1.47.0,edu48852,com.education.android.h.intelligence
7f216e6d-42df-46aa-8e0e-0fd648bdadf0,Easy to use and get answers,5,0,,2024-03-03 13:28:06,,,,edu58777,com.education.android.h.intelligence
23f0b635-ae7e-4135-8fcb-82272550545f,It's so cool but sometimes are not,4,0,,2022-10-22 22:03:40,,,,edu62544,com.education.android.h.intelligence
d92be68c-1c74-40c2-969a-fa2e55f680f9,It answered the questions correctly but on like the 3rd question it said i need to have a trial and I don't so please just stop the trial,2,1,,2023-01-15 15:41:59,,,,edu53350,com.education.android.h.intelligence
8a10e823-c7de-448c-aa99-aa658d674399,Amazing app!!! Help so much thanks!,5,0,2.1.0,2024-02-21 19:51:36,,,2.1.0,edu10757,com.qianfan.aihomework
2078b91c-6bd3-4336-bcf0-1734287bb5e2,The app is too Overpowered and its free too thank you very much for this godly app,5,0,1.6.2,2022-02-23 06:50:06,,,1.6.2,edu52767,com.education.android.h.intelligence
85a7dbd4-81d0-4113-bc33-8fbd8728e7c8,NOTE: I asked this AI app to write the review; I read the review before posting it and I can 100% say that the review completely reflects my thoughts. Its user-friendly interface makes navigation a breeze and the responses are impressively accurate and relevant. Whether Im seeking information or solutions it delivers swiftly and effectively. I appreciate how it learns from my interactions tailoring its assistance to my needs. The engaging conversational style adds a personal touch.,5,205,2.5.6,2024-07-23 12:14:17,Thank you for your amazing review! We're overjoyed to hear that our app is hitting the mark. Your satisfaction is our goal and were grateful for your recognition of our efforts to make navigation easy and responses accurate. If you need help or have suggestions dont hesitate to reach out. Join our Discord community for even more support!,2024-09-16 13:39:25,2.5.6,edu89583,com.cyberdavinci.gptkeyboard
5bcb6770-0619-4170-9297-1f0a774579e3,THIS APP REALLY HELPED ME ON EVERY OF MY HOMEWORK,5,0,1.6.3,2023-09-13 05:39:36,,,1.6.3,edu13058,com.qianfan.aihomework
fe1ebf10-441b-4119-afd2-8b4cf72f964e,It helps me through homeworks and assignments projects stuff like that so it has been so easy to use it to get the answer within 2 seconds . that makes me have more time to read the question and to picture the question paper so it gave me the right answers but they were different from the other answers but got them correct.,5,19,1.50.0,2024-08-03 17:06:22,We're glad to hear that Gauth is helping you with your homework and assignments! Remember our app is designed to help students learn efficiently. Keep up the good work!,2024-08-03 19:00:23,1.50.0,edu29909,com.education.android.h.intelligence
bd10d312-118b-4419-babf-12e920566d9c,Good app good Robot and it provide true answer,5,0,2.1.0,2024-02-20 12:47:05,,,2.1.0,edu11094,com.qianfan.aihomework
1cb7cc2c-5e3b-495c-b00e-d6315927f067,it helps me with math answers and it always gives me the right answers,5,0,1.45.0,2024-05-14 16:11:42,We are pleased that you enjoyed the app. If there is anything we can do for you just let us know at support@gauthmath.com! Have a wonderful day!,2024-05-15 02:48:21,1.45.0,edu37963,com.education.android.h.intelligence
f1b0254f-017e-405f-8b1d-0a8e0f5a1ab9,it actually gives real awnsers without the question,5,0,1.55.1,2024-09-21 10:10:27,Thanks for the love! We're glad you find the answers helpful. We're here to support your learning journey. Keep shining!,2024-09-21 10:30:14,1.55.1,edu38833,com.education.android.h.intelligence
04cb34ea-ba29-475f-b3fd-80f1689d49b9,very helpful especially when they help explaining how they got the answer,5,0,1.55.1,2024-09-19 16:43:33,Thank you for your awesome feedback! We're thrilled to hear that our explanations are helping you out. Keep enjoying your learning journey with us!,2024-09-19 17:00:33,1.55.1,edu31533,com.education.android.h.intelligence
a506699d-0526-46df-8fec-32649d1e94a1,To be honest the is the best app I have ever used for my homework it work's really good try it and see guys,4,0,,2024-06-02 17:21:41,Thank you for your positive feedback! We're thrilled to hear that Gauth helped you with your homework. Keep up the great work!,2024-06-02 19:01:07,,edu49444,com.education.android.h.intelligence
65b149f8-813e-4e1f-ade7-fc893ec5453d,Very quick and accurate,5,0,1.22.0,2023-04-28 02:10:18,,,1.22.0,edu53918,com.education.android.h.intelligence
dfb5c126-b6dd-4a5a-b114-ca9684ae0a2c,It's a really good and an amazing app also . Thank you for creating this app,5,0,,2024-09-15 07:02:56,,,,edu28240,com.qianfan.aihomework
8704f465-7d08-4bc3-8073-975a8495b1d3,wow wonderful app for your HW . dowlonld it and take enjoye. you need only Take pic of your home work and give him . after your answer given you quickly. Your every homework which you have been given from School . so I hope you download it . I have already done it now it is giving like good work also protect from teachers Padrerion.,5,0,1.56.0,2024-10-04 07:15:58,Thank you for the awesome review! We're glad you're enjoying using Gauth for your homework. Keep up the great work and remember our app is designed to help you learn more effectively. Keep shining!,2024-10-04 07:30:25,1.56.0,edu31218,com.education.android.h.intelligence
011450a9-84bb-4f38-85ed-aa56f0aa7c92,A big help for students who don't know how to solve fractions.,5,0,1.19.1,2023-03-19 03:42:42,,,1.19.1,edu53060,com.education.android.h.intelligence
9b483a22-ba21-4cc4-9cf8-4b4452239130,My experience with gauthmath is awesome it helps give you a solution of how to solve the problem so you could a correct answer,5,0,1.19.1,2023-03-17 03:12:20,,,1.19.1,edu55553,com.education.android.h.intelligence
0c101114-d194-45dd-8c6a-8796ff288db0,Yess really good app except where you need tickets but besides that i love the app it gives you the answers but also shows you how its done amazing app,5,5,1.5.9,2022-01-12 11:34:24,,,1.5.9,edu44386,com.education.android.h.intelligence
f6f2a690-f6f1-4bb1-897b-93c807e0fc8f,It was only used for a while and the apps are useless,1,0,,2022-10-17 09:19:16,,,,edu56706,com.education.android.h.intelligence
52fda2ab-bea8-4323-8069-2f0aaf5019a0,Good at helping me with my homework,5,0,,2024-05-17 09:52:58,Thanks for your review! Please recommend our app to your friends and dont hesitate to shoot us a note at support@gauthmath.com if you have any questions.,2024-05-18 05:19:29,,edu60199,com.education.android.h.intelligence
3f5bf24b-eaec-4f12-b68a-624689e11b51,Thank you for creating Gauthmath it's so good for math,5,0,1.15.5,2022-11-22 10:39:16,,,1.15.5,edu55390,com.education.android.h.intelligence
a1fe43f1-4ac2-46db-bbc7-b5588e5afcdd,I'm trying to get a refund HELLO I didn't know it was going to charge my account $40 I need it for gas,4,0,1.31.1,2023-09-15 10:10:57,,,1.31.1,edu56547,com.education.android.h.intelligence
679e7a40-c45e-426a-b01b-460e346fae05,Very useful but if there were illustrations too it would have been much more useful.,4,0,1.55.1,2024-09-29 01:04:38,Thank you for your feedback. Were thrilled to hear that you find the app useful. We'll definitely consider your suggestion for illustrations to enhance learning experiences. Keep shining!,2024-09-29 01:15:10,1.55.1,edu30867,com.education.android.h.intelligence
3979a3e9-2eee-4095-b067-6ee6f9d2ada6,The AI just made my work more easier for me and my little brother now I can't stress my self over grade 5 homework,5,0,2.2.2,2023-10-28 05:43:55,,,2.2.2,edu91605,com.cyberdavinci.gptkeyboard
7ea0a315-9aee-4e74-ab0b-c8d15540bce4,a lot better than photo math by a long shot,5,0,1.41.1,2024-04-01 18:55:50,Thanks for your review! Please recommend our app to your friends and dont hesitate to shoot us a note at support@gauthmath.com if you have any questions.,2024-04-02 02:31:56,1.41.1,edu53088,com.education.android.h.intelligence
4d0cd4b8-16e1-45f8-a9e3-92a7ffc80218,This app is so great and helpful. As a grade 9 student I find it hard to sometimes calculate the equation and variables but with this app it helps me so much. The best thing about it is that its FREE! like oh my goddd this app is my holy grail once it comes to math like god bless whoever made this app xoxo,5,1,1.7.0,2023-11-20 09:19:40,,,1.7.0,edu1853,com.qianfan.aihomework
aeb6db43-a633-4230-a374-f2ef6ed84cc7,It's a good development process helpful in most ways but patience and clear cut out explaination are there provided good and understandable questions are asked,5,0,2.7.3,2024-07-15 00:48:08,,,2.7.3,edu1120,com.qianfan.aihomework
3d364743-1b7c-4797-bff6-73d271a1ef7b,i love it helps me a lot to answer my homework,5,0,1.9.12,2023-12-18 22:36:53,,,1.9.12,edu10648,com.qianfan.aihomework
f3221a20-033f-48c1-99df-20f9de1b0b2a,it is very helpful but you have to write in nepali too. and answer is also very difficult so you have to do it in details,3,0,1.46.0,2024-06-02 23:49:51,Thank you for your feedback! We'll consider adding Nepali language support. We strive to provide challenging yet educational answers for effective learning.,2024-06-03 01:00:50,1.46.0,edu33126,com.education.android.h.intelligence
d6b1a1df-e9a1-487d-9802-71da96a088a1,the best thing for my son,5,0,1.40.0,2024-03-03 04:56:23,,,1.40.0,edu68156,com.education.android.h.intelligence
0331ffe3-5b29-4858-80aa-5e80b4d8aa52,it helped me a lot,5,0,2.3.0,2024-05-01 22:44:01,,,2.3.0,edu7028,com.qianfan.aihomework
ff9d5d5b-808f-48a6-9a70-dada041623eb,Great app always helps me out,5,0,2.0.4,2024-01-25 21:26:00,,,2.0.4,edu12766,com.qianfan.aihomework
86eadf8a-33b9-4bb1-add2-0705161b2b41,this app is very good and it gives you correct answers,5,0,1.50.0,2024-08-04 13:00:33,We're thrilled to hear you're enjoying Gauth! Keep up the great work with your studies!,2024-08-04 16:01:10,1.50.0,edu41796,com.education.android.h.intelligence
c9ae895e-10d0-4078-815e-86ffec705e3f,Really bad app won't let me put in my age because it keeps saying connection failed,1,0,1.42.1,2024-03-28 15:52:14,Hello Your problem needs more detailed examination. Please report it to our technical support team at support@gauthmath.com. We are always looking to help our users.,2024-03-30 06:27:32,1.42.1,edu47472,com.education.android.h.intelligence
59946764-5804-4614-be96-cca2ff9021e0,It really good I can help with my work,5,0,2.1.4,2024-03-17 20:37:51,,,2.1.4,edu10577,com.qianfan.aihomework
2b6d530f-e22d-4311-8f55-88ee1cf0d299,this is so good for me Thank you for helping me on my math.My teacher is proud I'm actually studying now on my math.,5,0,1.17.0,2023-02-21 21:02:33,,,1.17.0,edu55207,com.education.android.h.intelligence
6a541157-19c1-4082-8e79-f8d6b5ede1bb,this app is ten times better then upstudy,5,0,1.45.0,2024-05-06 16:07:58,,,1.45.0,edu48632,com.education.android.h.intelligence
2c3bea95-4e62-471a-b55c-6f5b7f0fc8ec,this app is helping me to solve the problem in mathematics and its helping me in my assignment and thats graite,5,0,1.9.1,2023-11-09 09:41:26,,,1.9.1,edu6098,com.qianfan.aihomework
d15ee507-ba42-44e2-978e-7d7d656af1eb,really helps me out with homework step by step on how to get that awnser. really recommend it!!,5,0,1.39.0,2024-02-25 05:30:14,,,1.39.0,edu47487,com.education.android.h.intelligence
c1a1fc84-a284-4661-a8ec-1058d07b0a19,Ur app is so goofy you have to pay to see the answers they don't even give out nothing free what type of tomfoolery is that bro goofy a app,1,0,,2023-10-04 19:37:29,,,,edu56349,com.education.android.h.intelligence
b5b9d283-1cc9-47f2-80d1-f62c95ad3c7d,This app helps me out a lot of times when I'm stuck on my homework and I love how it does not have any glitches and it never messes up,5,3,2.2.9,2023-12-05 23:18:09,Thank you so much for utilizing answer.ai! We're delighted to hear that it's enhancing your school experience. Rest assured we'll continue to support you. Help us reach more students by sharing answer.ai with your classmates!,2023-12-06 13:40:37,2.2.9,edu90911,com.cyberdavinci.gptkeyboard
498a222a-e1e3-470e-a43d-e56e3f99d1c2,i don't like this one cuz it doesn't show me the answer correctly,1,0,1.54.0,2024-09-03 20:34:11,We apologize for the inconvenience. Please contact us at with more details so we can assist you better.,2024-09-03 21:00:32,1.54.0,edu36971,com.education.android.h.intelligence
9b3d089f-5fb9-4240-a33c-cdf49530c229,This app solves everything and its good to use i like it,5,0,2.2.8,2024-04-17 10:26:11,,,2.2.8,edu9979,com.qianfan.aihomework
1fd411fd-c8d1-4788-be71-62ddc19b10e6,I like the app but it gets worst every update instead of getting better.,2,0,,2023-10-31 17:18:21,We appreciate your support and feedback. We're sorry to know that recent updates have not met your expectations. Your feedback is valuable to us please if you have specific concerns or suggestions share them with us at support@answerai.pro. Your input helps us improve. Thank you for your continued use of the app!,2023-11-02 11:21:58,,edu91841,com.cyberdavinci.gptkeyboard
ccbd152b-5a94-4e6c-914f-cdca3fff8361,It is so good but some time it gives wrong answer,4,0,,2023-11-24 09:02:35,,,,edu56293,com.education.android.h.intelligence
f5451717-faf5-4961-a76e-b51eff8c9d8f,could use a bit of improvement on other scientific subjects other than mathematics but love it still thank you for making it free.,4,0,1.46.0,2024-06-11 14:22:54,We're glad you love Gauth! We'll consider adding more scientific subjects. Stay tuned for updates!,2024-06-11 16:01:04,1.46.0,edu32766,com.education.android.h.intelligence
73f23762-5c41-47ef-b90e-ddb82dae829b,Literally get it IMMEDIATELY. Answer.AI never worked but this one works literally 99% of the time! No-brainer.,5,0,1.9.11,2023-12-13 01:04:14,,,1.9.11,edu7129,com.qianfan.aihomework
fffc15bc-a1cb-48f5-af57-d26f0de71759,Helped me with my math when I was struggling,5,0,2.8.2,2024-07-30 10:56:24,We're delighted to hear that our app is meeting your needs! Your feedback encourages us to strive for excellence in everything we do.,2024-07-30 22:49:57,2.8.2,edu2108,com.qianfan.aihomework
617137be-34cc-48dd-a2fd-62ccab9cbd62,The ai got the answer wrong and explained it poorly.,3,0,2.1.2,2023-09-04 20:52:15,,,2.1.2,edu93581,com.cyberdavinci.gptkeyboard
32c7ff9d-2ea4-44c7-a8a0-83349471ab5b,aplikacion i mire por duhet ta shkruaj ne shqip zgjidhjen e ushtrimit.,3,0,1.54.0,2024-09-16 12:13:16,Faleminderit pr vlersimin pozitiv! Do t sigurohemi q t shtojm zgjidhje n gjuhn shqipe pr ushtrimet. Vazhdoni t prdorni Gauth pr t'i zgjidhur detyrat tuaja shkencore!,2024-09-16 12:30:19,1.54.0,edu74373,com.education.android.h.intelligence
e20f53ba-2b87-4c7a-9198-3b12679ba053,very good helping app love it,5,0,,2023-06-04 08:08:04,,,,edu62348,com.education.android.h.intelligence
b5f10d3e-f21c-4717-b0fc-5adffb491918,Great helped me alot,5,0,1.46.0,2024-05-28 12:25:06,,,1.46.0,edu51743,com.education.android.h.intelligence
f40bed20-5bf4-479e-9c19-85ef0ed39822,Great app for correct answers,5,0,1.50.0,2024-07-19 04:52:40,Thanks for the positive feedback! We're glad you're enjoying the app. Keep practicing and exploring more features to enhance your learning experience. Happy studying!,2024-07-19 07:00:32,1.50.0,edu48330,com.education.android.h.intelligence
6839b060-55ce-4eb4-90d1-323a75e9cdb9,works like a charm,5,0,1.54.0,2024-09-17 16:58:39,Thanks for your positive feedback! We're thrilled to hear that Gauth works like a charm for you. Keep enjoying and learning with our app!,2024-09-17 17:00:17,1.54.0,edu42074,com.education.android.h.intelligence
4cbfacfe-f429-448c-88e3-ec386c718160,Provides very accurate answers on a wide range of topics. Solid app,5,4,1.49.1,2024-07-12 03:20:38,Thank you for your positive feedback! We're glad you're enjoying accurate answers on various topics. Keep up the great work!,2024-07-12 04:00:19,1.49.1,edu36762,com.education.android.h.intelligence
1ed55835-84ec-4046-940d-e5ed1aa76a93,it's very nice to use and 100% accurate answer,5,0,1.44.1,2024-04-25 00:39:02,,,1.44.1,edu41986,com.education.android.h.intelligence
97c6e9c3-c54c-414d-ab22-e18225998d91,This app is everything i could've hoped for and more! It's great at helping me make essays which i constantly struggle with cause of punctuation. Definitely a thumbs up from me!,5,0,2.1.4,2024-03-09 13:30:01,,,2.1.4,edu2037,com.qianfan.aihomework
c9202928-8785-43f3-a334-210b8abded62,It's not perfect but none are. So far I've only used it for math. It does get most of your math problems right and it's capable of reading graphs which some apps can't.,5,4,1.53.2,2024-08-26 02:54:21,We're glad you're finding Gauth helpful for math! Reading graphs can be tricky but we're here to help. Keep exploring and feel free to reach out if you need any assistance!,2024-08-26 04:00:39,1.53.2,edu29580,com.education.android.h.intelligence
721a7340-5a3e-46a9-a31a-35dd627a0954,It helps me in my study.,5,0,2.7.6,2024-07-30 17:40:58,,,2.7.6,edu7542,com.qianfan.aihomework
78554d3e-6b72-4197-b1f1-aaeb89f44255,download it..it's worth your data,4,0,1.44.1,2024-05-08 17:20:23,,,1.44.1,edu50120,com.education.android.h.intelligence
016a88c2-f280-4deb-b5fe-f879e5b4d52d,I understand we all have to make profit somehow but the app should still be able to be used even without paying for some subscription. I can't even see answers anymore it says get premium to access this???,1,0,,2022-09-25 20:19:34,,,,edu40461,com.education.android.h.intelligence
28f6b356-eef0-4646-93a2-1dbc929f330f,It helps me with my home work,5,0,2.1.0,2024-02-20 18:53:45,,,2.1.0,edu13536,com.qianfan.aihomework
3af33a01-beb3-47e2-bcff-6a9f31be6edd,It useful for me,3,0,1.35.1,2023-12-18 22:56:18,,,1.35.1,edu68735,com.education.android.h.intelligence
59bdd13c-5d6b-4158-8317-50a549464e6a,Given a wrong answer for the all question,1,0,1.8.8,2023-11-09 03:09:22,,,1.8.8,edu14214,com.qianfan.aihomework
ab58ebe5-28ba-42a0-8604-9053d6c679d0,This helped me so much,5,0,2.0.4,2024-01-23 01:25:38,,,2.0.4,edu14103,com.qianfan.aihomework
eca29520-f3b4-4139-879d-52e090707403,"It really helps me a lot and make things easier as they said "" study wise not study hard""",5,1,2.1.3,2023-09-08 00:56:22,Thank you for choosing answer.ai! We're overjoyed to hear that it's positively impacting your school journey. We're committed to aiding you further. Spread the word about answer.ai among your classmates too!,2023-09-08 19:50:50,2.1.3,edu91270,com.cyberdavinci.gptkeyboard
e0b33192-6e46-4a1e-91c2-40f5ac1b796c,Really love this! Quick and straight to the answer. Well explained too!,5,0,1.9.11,2023-12-14 09:50:30,,,1.9.11,edu4978,com.qianfan.aihomework
82bdaf35-044f-4920-b9a0-74ed8c6bc271,I deleted my two star rating review I gave out last time. CHANGE to five stars. It is actually starting to understanding questions now.,5,0,1.53.2,2024-08-26 10:26:44,Thanks for updating your review! We're glad to hear you're finding Gauth helpful in understanding questions. Keep up the great work!,2024-08-26 13:01:36,1.53.2,edu31955,com.education.android.h.intelligence
be10c00f-f6c0-407e-a3c1-35c70cb611cf,Thanks! This helped me a lot,5,0,2.1.5,2023-09-18 02:21:58,We're glad answer.ai helps your school journey. Share it with your classmates too!,2023-09-21 10:41:56,2.1.5,edu95153,com.cyberdavinci.gptkeyboard
4adbbdde-b3b3-42a7-8ae0-f18fff8fee8e,Great App ..let's me help with homework I forgot how to do.,5,0,1.54.0,2024-09-19 20:56:36,Thanks for the positive feedback! We're glad to hear that Gauth has been helpful for your homework. Keep up the good work!,2024-09-19 21:00:29,1.54.0,edu35073,com.education.android.h.intelligence
1fd76a42-65f2-4eb9-8987-b862442bbe6b,Help me a lot with study. Thank you,5,0,1.3.6,2024-08-27 18:06:19,,,1.3.6,edu89471,ai.studdy.app.android
a22e33b9-a660-4e7f-9812-7225bf351a03,it is so nice I love the app but one when is it takes like 5 minutes to load the answer my favorite app for homework.,5,0,1.54.0,2024-09-12 21:20:45,Thanks for loving Gauth! We're thrilled to be your favorite homework app. We'll work on speeding up the loading time for you. Keep enjoying learning with us!,2024-09-12 22:00:54,1.54.0,edu31362,com.education.android.h.intelligence
c815c75f-98dd-4cf2-b489-456086a75476,This app is absolutely amazing works so well,5,0,1.9.10,2023-12-03 19:11:47,,,1.9.10,edu10167,com.qianfan.aihomework
fa98f9d7-38bf-40ad-b7e9-0dba7bebd22e,it really does help a lot,5,0,1.9.12,2024-10-10 17:05:49,,,1.9.12,edu102489,br.com.iastudio.ajudaai
fd274947-beeb-449d-95ed-2c98d1a6df12,great app indeed have enjoyed using it,5,0,1.55.1,2024-09-27 07:24:43,Thanks for your support! We're glad you're enjoying Gauth. Keep exploring and learning with us!,2024-09-27 07:30:10,1.55.1,edu38579,com.education.android.h.intelligence
47f584ff-955a-4ab5-b515-9bca044a2cf9,this app is amazing and help me with all my math work and I got it all right,5,0,1.30.0,2023-09-06 10:43:38,,,1.30.0,edu49060,com.education.android.h.intelligence
43e64592-b7bf-4ef3-aea1-e481c4325a52,It's so convenience for me,5,0,1.4.0,2023-04-18 10:09:47,,,1.4.0,edu96177,com.cyberdavinci.gptkeyboard
65f925cb-27fe-4d74-9890-6acc89809029,It works so well! Ive only tried maths but i think it worls greatly.),5,0,1.37.1,2024-01-20 08:23:02,,,1.37.1,edu48964,com.education.android.h.intelligence
0a0ed223-d909-4be0-9ccd-c1112d2beb75,helps me with my quizzes homework AND FOR FREE!,5,0,2.8.4,2024-08-13 02:19:48,,,2.8.4,edu1797,com.qianfan.aihomework
4d3fd589-df82-4a2e-91a5-f8cd2f60de9b,it help me know how yo do problems,5,0,2.2.2,2023-11-05 07:04:07,,,2.2.2,edu95631,com.cyberdavinci.gptkeyboard
de92c6fe-2a0f-402d-8dba-776eb783870e,Amazing litteretly it's so good cus I always struggle with maths and I always use this app js take a pic of the question then boom got the anwser,5,0,1.54.0,2024-09-19 16:50:27,Thank you so much for your awesome review! We're thrilled to hear our app is making math easier and more fun for you. Keep rockin' those math problems!,2024-09-19 17:00:31,1.54.0,edu31553,com.education.android.h.intelligence
84810bb8-462c-4e79-8aa6-6d00229e2099,A perfect study buddy.,5,0,1.45.0,2024-05-16 04:09:47,,,1.45.0,edu49955,com.education.android.h.intelligence
4c0355ad-4e75-4bda-b639-adfb182dfc89,I'm really realy love more love this app because this app is help you to your assignment or give the advise. Pls download this app.,5,1,,2023-04-28 04:57:43,,,,edu91604,com.cyberdavinci.gptkeyboard
76b5a355-8e60-4315-aa89-4dc80257596d,Helps me with my assignment it's so good thanks GauthMath,5,0,1.54.0,2024-09-18 09:16:50,We're thrilled to hear that Gauth has been so helpful with your assignments! Keep up the great work!,2024-09-18 09:30:30,1.54.0,edu42093,com.education.android.h.intelligence
f98a3b0f-7fef-4fdb-97ee-31bb305e49ad,It was very useful and helpful my kids also enjoyed the app because it helps them with difficult math questions,5,0,1.49.1,2024-07-08 13:22:14,We're glad to hear that you and your kids find our app useful! Keep up the good work with math.,2024-07-08 16:00:52,1.49.1,edu32657,com.education.android.h.intelligence
6da62f39-3781-443e-9459-321e87a07818,it made my hw be done within minutes,5,0,1.38.1,2024-02-05 16:51:23,,,1.38.1,edu67638,com.education.android.h.intelligence
db6d6d6f-8c39-4584-a793-9a7edb106275,Greatest app ever especially for a eleventh grader like me who has trouble understanding subjects in school,5,0,1.55.1,2024-09-26 12:14:47,Thank you so much for your awesome feedback! We're thrilled to hear that our app is helping you tackle those subjects. Keep shining bright and tackling those challenges!,2024-09-26 12:30:34,1.55.1,edu31034,com.education.android.h.intelligence
b77ea43a-2735-41ef-a084-2284c37a2fec,I love this app if I had a math problem gauthmath I just scan the problem and the answer pop up gauthmath know what is the answer is love you gauthmath,5,0,1.30.0,2023-09-04 07:40:06,,,1.30.0,edu57159,com.education.android.h.intelligence
3b6c2d94-2f30-44f8-82bc-9ca8736d4c34,This app is geatful to me,1,0,2.4.4,2024-04-02 04:54:26,Heyyy thank you so much for your positive feedback! We're delighted to hear that you find our app awesome!!! Your satisfaction is our priority. :)) Could we kindly ask you to consider adjusting your rating to 5 stars? Thank you!,2024-04-02 11:08:55,2.4.4,edu96138,com.cyberdavinci.gptkeyboard
89318a07-88e8-44af-a1b7-4bd7589c422f,this is the awesome app I have been searching for thanks very much,5,0,1.54.0,2024-10-07 17:51:13,Thank you so much for your kind words! We're thrilled to hear that you found the perfect app with us. Keep enjoying the learning experience!,2024-10-07 18:00:23,1.54.0,edu37041,com.education.android.h.intelligence
be66d7b1-0dd1-4a3c-af2a-d39151254d85,This app is very useful in math I will give it a 5 stars,5,0,1.7.0,2023-10-11 04:31:43,,,1.7.0,edu9946,com.qianfan.aihomework
8b2db709-10c3-42da-8700-3f6b1da7ecfe,Your ai is broken. It keeps answering the same answer that I asked. Even if I changed the topic,1,1,1.4.1,2024-04-23 04:42:49,Apologies for any inconvenience. Well investigate and make necessary adjustments to ensure accurate responses in our app.,2024-04-28 06:15:10,1.4.1,edu7882,com.qianfan.aihomework
a6a38d10-7c5d-441f-bd1c-2c2eea7eaf95,I KEEP GETTING A'S ON MY EXAM/TEST,5,0,2.2.6,2024-04-08 20:43:08,,,2.2.6,edu15840,com.qianfan.aihomework
0e24a8bc-6fd5-4835-9a09-10f19c6f7dcd,My life would have been hell without this app!,5,0,2.1.5,2023-09-28 19:14:35,,,2.1.5,edu95005,com.cyberdavinci.gptkeyboard
2091ec6e-76f9-4c4c-9be9-ea4babd1dc6d,Worst need to pay,1,0,1.6.2,2022-02-17 02:46:55,,,1.6.2,edu66504,com.education.android.h.intelligence
002140f8-2161-44fc-926e-6491bbd71ba6,amazing very good and definitely recommend it,5,0,1.45.0,2024-05-14 13:18:21,Thanks for your review! Please recommend our app to your friends and dont hesitate to shoot us a note at support@gauthmath.com if you have any questions.,2024-05-15 02:48:40,1.45.0,edu47827,com.education.android.h.intelligence
9bfc77e9-95a2-4880-815e-828080accbad,This app is a God sent to students. I boldly recommend it to both college and high school students. Check it out and thank me later trust me you won't regret it.,5,0,1.55.1,2024-09-21 03:25:29,We're so glad to be a helpful tool for you! Thanks for recommending Gauth to other students. Keep up the great work!,2024-09-21 03:30:13,1.55.1,edu30341,com.education.android.h.intelligence
9db40605-fbed-4a4d-9559-4bf58bfec461,best app for doing homework but it should add more subjects,5,0,1.50.0,2024-07-28 11:15:11,,,1.50.0,edu37742,com.education.android.h.intelligence
82940d5b-b688-40d2-9cef-6e4db0d408e5,nice but not that nice he can give you a wrong answer,3,0,2.1.0,2024-02-26 10:26:00,Thank you for your feedback! We're continuously addressing this issue and enhancing our AI model to provide more precise responses. Please keep an eye out for updates. Your patience is greatly appreciated.,2024-02-26 22:38:28,2.1.0,edu10799,com.qianfan.aihomework
c833af94-5135-493d-803b-d6112c95a30c,best ways to help with grades,5,0,1.19.1,2023-03-31 11:03:39,,,1.19.1,edu58771,com.education.android.h.intelligence
50b7b6af-498f-4965-9215-54190b666bff,easy to use and clarifies the situation at once,5,0,1.54.0,2024-09-08 13:14:04,Thanks for your positive feedback! We're glad you find Gauth easy to use and helpful for clarifying concepts. Keep enjoying learning with us! #LearningMadeEasy,2024-09-08 14:00:32,1.54.0,edu34142,com.education.android.h.intelligence
a2115dcc-772f-4c59-8c7a-3cb32111c171,You need to pay to do more than 40 snapshots I couldn't even finish my homework,1,0,1.9.12,2024-04-03 20:51:49,,,1.9.12,edu8643,com.qianfan.aihomework
ddc65958-47dc-4607-8a91-8cc1ca68e8bd,I can use it is makeing me pay,1,0,,2023-12-17 10:00:37,,,,edu68204,com.education.android.h.intelligence
34c7922f-37ef-48fd-9de5-f977dcf53733,This app is very useful and helpful to a student like me.,5,1,1.6.3,2023-10-09 08:52:47,,,1.6.3,edu8423,com.qianfan.aihomework
f0869556-d690-4a64-9d13-6467f9faf682,this is an excellent tool,5,0,1.54.0,2024-09-17 11:23:16,Thank you for your positive feedback! We're glad you find Gauth excellent. Keep exploring and learning with us!,2024-09-17 11:30:31,1.54.0,edu37553,com.education.android.h.intelligence
ee45f141-8c09-4a1e-9a97-f7452e464467,It gives thr tight ans,5,0,2.1.0,2024-02-15 00:19:24,,,2.1.0,edu23834,com.qianfan.aihomework
c00d71f2-84ac-43d0-b42a-4c5891c946de,its very easy to do Special one,5,0,1.46.0,2024-06-02 16:42:20,We're glad you find it easy to use! Keep up the good work! Let us know if you need any help.,2024-06-02 19:01:22,1.46.0,edu43511,com.education.android.h.intelligence
ed5dc8c8-7bb2-4b71-a7c6-78f07edeb846,when i was at the class my answers are wrong and that answers i got it from this app.,1,0,2.8.2,2024-08-10 20:15:16,,,2.8.2,edu2729,com.qianfan.aihomework
6b4b3cda-62ff-409b-bb2e-391c8cdae052,This is an amazing app it is very helpful I recommend it to anyone who is having maths problem,5,0,1.45.0,2024-05-18 10:38:00,,,1.45.0,edu36335,com.education.android.h.intelligence
4d08bd79-2ffe-4fdb-84da-0f15500f9399,i love it so much! this app helps me with my assignments and other questions i suggest to download it now,5,0,2.3.0,2024-04-29 21:12:09,,,2.3.0,edu1546,com.qianfan.aihomework
ac127a25-0d3c-4ce6-848e-0f6bbcf4b3dc,Very useful for me as a student really helps wish it could also help others out there.,5,1,1.8.0,2023-05-22 09:24:32,Thank you so much for using answer.ai! Help us extend the benefits to your classmates and friends as well!,2023-05-22 12:42:39,1.8.0,edu91255,com.cyberdavinci.gptkeyboard
91510200-cfd9-4ca2-bd93-46826fc50089,Most recommended app on your phone,5,0,2.3.0,2024-04-29 05:02:03,,,2.3.0,edu6567,com.qianfan.aihomework
941dbbb6-feb9-4d2c-b7e6-46ac22d2a1a5,It is helpful of all the student need a help for there study,5,0,2.2.1,2023-10-26 17:40:24,,,2.2.1,edu91700,com.cyberdavinci.gptkeyboard
89e427bf-334c-41ae-8f2c-71892e7d7256,Ok na ang ads kaysa sa ticket na hirap makuha umay,1,0,1.5.3,2022-01-07 05:36:50,,,1.5.3,edu85119,com.education.android.h.intelligence
27954a5e-e815-494c-8bde-cbcc4cc03a7e,The best Ai in the world,5,0,2.0.5,2023-07-23 18:53:43,Thank you so much for using answer.ai! It's great to know it's assisting you on your school journey. Encourage your classmates to try answer.ai too!,2023-07-24 12:41:03,2.0.5,edu96587,com.cyberdavinci.gptkeyboard
8669a2ee-d7cb-4234-afa2-a8ca1fb665f6,This is great so much better than photomath,4,0,2.1.4,2024-03-05 06:36:00,,,2.1.4,edu9812,com.qianfan.aihomework
b574af14-cf15-4648-9412-67bef3346578,this is very helpful,5,0,1.16.0,2023-01-09 07:37:47,,,1.16.0,edu66122,com.education.android.h.intelligence
909d3f15-28b4-4c18-a5df-54f190a6c31e,The app gets do laggy and keeps hangin all my other apps work fine and because it's so laggy it's unusable for me but atleast it was able to help me with some hard questions,3,5,1.9.0,2022-05-11 23:26:35,,,1.9.0,edu44756,com.education.android.h.intelligence
4da6eb17-6d3a-4493-aece-2018fba68798,The best ai app imo. I love all of the features present and the precise answers too!!! It'd be better if it can generate it's own pictures,5,0,2.1.0,2024-03-09 11:51:49,,,2.1.0,edu2288,com.qianfan.aihomework
f213bb17-05ac-4a6f-9c1a-d7fc8d7542f9,Best app I've used so far my grades are super good thanks to this app.,5,0,1.9.10,2023-12-07 12:28:10,,,1.9.10,edu8109,com.qianfan.aihomework
632595a3-da42-4341-b0f2-aa4a97c59f73,this is Amazing App i see in my life,5,0,2.8.6,2024-08-16 10:09:30,,,2.8.6,edu2988,com.qianfan.aihomework
d1c427fa-9dba-4f64-b5bc-4472e428dd64,They try and make you pay for premium when you enter the app and when you try to get answers but it doesn't matter to much since the answers 90% of the time are wrong,1,0,1.25.1,2023-09-07 09:49:09,,,1.25.1,edu40855,com.education.android.h.intelligence
8c73aa19-b36f-4ebb-852a-547fa850cbff,Literally the best app saves the day Ii,5,0,2.0.4,2024-01-30 20:12:13,,,2.0.4,edu12204,com.qianfan.aihomework
94949f5a-3e1e-4320-ac1b-ee927f8a07ff,helps with any you whant,5,0,1.37.1,2024-01-25 21:58:21,,,1.37.1,edu70300,com.education.android.h.intelligence
1ba4eb15-0011-42c0-89df-656fba05f103,It is a good app even if u use it to cheat it helps u learn,5,0,2.6.1,2024-09-20 12:41:22,,,2.6.1,edu89929,com.cyberdavinci.gptkeyboard
77fda4a6-6743-42bc-a223-0e04ae5e613b,Can help you on any subject is the overall if I was a teacher and one of my students are struggling I would suggest this to him to help Them learn,5,0,2.0.4,2024-01-23 17:33:41,,,2.0.4,edu3851,com.qianfan.aihomework
3ce4699b-6921-4020-b47b-27fedb73e5a2,Excellent bot but a feature of insterting relevant pictures needs to be added. However keep it up. I'd probably rate this app as the best of all time.,4,5,2.4.9,2024-05-19 21:28:32,Thank you for your feedback! We're happy to hear that you find Answer.AI excellent and the best app ever wow! We're continuously working to improve our app and we appreciate your suggestion to add the ability to insert relevant pictures. Your feedback helps us make our app even better!,2024-05-27 14:52:47,2.4.9,edu89733,com.cyberdavinci.gptkeyboard
facf11a3-323f-4c77-8f2f-7a92ccd625ba,It's helped me with a bunch of school work,5,0,2.0.4,2024-01-22 15:22:16,,,2.0.4,edu9969,com.qianfan.aihomework
a3a09746-9d85-473f-a27f-78d2f0bb0d00,Although I just started using this app I like it already and I feel it will be a very great help to me.,5,0,1.56.0,2024-10-11 12:56:16,We're glad you're enjoying Gauth! We're here to make learning easier for you. Keep exploring and feel free to reach out if you need any help!,2024-10-11 13:02:03,1.56.0,edu33238,com.education.android.h.intelligence
928f4a13-60ff-420b-80c4-89ba097006e4,Helps me alot in my homework,5,0,1.54.0,2024-09-03 18:50:48,Thank you for your positive feedback! We're glad to hear that Gauth helps you with your homework. Keep up the great work!,2024-09-03 19:00:58,1.54.0,edu45979,com.education.android.h.intelligence
d550d931-c476-4762-929a-aa69ecc3fcca,This apps is so helping the student and so good,5,0,1.9.16,2024-01-06 00:34:15,,,1.9.16,edu25656,com.qianfan.aihomework
e6886a86-4d86-4667-83df-12b28f124dbe,Hard to work with annoying it doesn't even give the right answers. I recommend looking up your homework and going on the website not the app.,1,0,,2022-04-06 20:45:30,,,,edu40248,com.education.android.h.intelligence
5fc93107-a496-4620-bca0-4db70f1c7baf,it is perfect for my math and reading I love it so much it is so nice and I write it a five because it is so nice that it is better than doing your real homework and I read it this way because it is just so amazing,5,3,1.38.1,2024-01-28 21:06:18,,,1.38.1,edu41957,com.education.android.h.intelligence
abb7aaa1-2959-48c7-9bb4-bb58e2c922a0,This was helping me with my homework And other thing,5,0,,2023-11-06 05:34:57,,,,edu13045,com.qianfan.aihomework
b0d073b3-ef87-4ec5-a702-47d38b3e1398,It's good for lots of things but there is always room for improvement lol,4,0,,2023-02-26 19:03:40,,,,edu52664,com.education.android.h.intelligence
4eda6e1b-cb54-4fc6-ac92-554d42857ba4,Helped me a lot,5,0,1.54.0,2024-09-09 10:06:03,We're thrilled to hear that Gauth has been helpful to you! Keep up the great work and feel free to reach out if you need any assistance. Happy learning!,2024-09-09 11:00:55,1.54.0,edu49474,com.education.android.h.intelligence
c00fc1fe-e70c-4097-9573-c5be4e63bda6,Guath Ai is amazing it not only tells u the answer it tells u how to work it out I use it every time I'm stuck,5,0,1.42.1,2024-03-28 11:08:01,We are pleased that you enjoyed the app. If there is anything we can do for you just let us know at support@gauthmath.com! Have a wonderful day!,2024-03-30 06:27:47,1.42.1,edu51754,com.education.android.h.intelligence
3e129312-d910-4cc1-92a0-2e3d81d0770d,This app will provide a benefit at 1st but after some time it will ask for money so not satisfied,1,0,,2023-05-03 14:22:58,,,,edu55556,com.education.android.h.intelligence
e4c7ff82-0fec-499a-8f23-c27e0b46de1a,This is very good and useful,5,0,1.7.0,2023-10-11 20:24:15,,,1.7.0,edu13025,com.qianfan.aihomework
54ff94d6-ad4c-4674-9a16-eca9dab3ce98,It saved my school life 5 star. PERIOD.,5,0,1.55.1,2024-09-24 04:16:38,We're thrilled to have been a life-saver! Keep up the fantastic work at school with Gauth by your side!,2024-09-24 04:30:38,1.55.1,edu39290,com.education.android.h.intelligence
b7f5195e-22d7-4182-a12d-98bb5984788d,Nice but u need to unlock premium and let it be free,4,0,1.18.0,2023-03-01 01:47:37,,,1.18.0,edu50098,com.education.android.h.intelligence
ef7c876a-fee9-4320-872c-50bb25c4a7ef,Gives you the answer right away,5,0,2.3.0,2024-04-29 20:41:36,,,2.3.0,edu8576,com.qianfan.aihomework
a700b3ea-dadf-4cf3-89fc-d8581508673e,Love it it gives me the answers and it's fast 10/10 would recommend when u need help on ur homework,5,0,2.1.4,2024-03-17 23:14:56,,,2.1.4,edu5061,com.qianfan.aihomework
876aa9ba-e08e-4017-91c6-113a6316b076,It helps me understand and solve the most difficult equation,5,0,2.1.0,2024-02-20 03:20:19,,,2.1.0,edu7358,com.qianfan.aihomework
ef642064-8057-4b3c-9ad9-0a0b22c0179e,This app help me alot very politely AI on this app,5,0,2.0.0,2024-01-11 03:22:32,,,2.0.0,edu25245,com.qianfan.aihomework
1caf8ee9-919c-46dc-822f-86c6307f1728,Very good app I have been self study this app is really good but books are there because this episode lagging in my device name oppo so you can fix this problem,5,0,1.9.11,2023-12-08 10:33:45,,,1.9.11,edu4097,com.qianfan.aihomework
71a94079-d3ef-4653-8c1d-794aa9f55cc2,Very good and it can help your math stronger.,5,0,1.23.2,2023-06-01 03:59:54,,,1.23.2,edu47768,com.education.android.h.intelligence
ce4f82b3-b809-4f89-948a-f226d5e4eceb,needs a clean answer to a word problem,5,0,1.55.1,2024-09-23 17:40:04,We appreciate your feedback! We understand the importance of clear explanations in word problems. Our team is continuously working to improve this. Thank you for supporting Gauth!,2024-09-23 18:00:43,1.55.1,edu38834,com.education.android.h.intelligence
2f452c59-d0bb-43e6-a159-3c2488263ecc,really helpful for home work,5,0,2.1.0,2024-02-20 03:55:55,,,2.1.0,edu9155,com.qianfan.aihomework
339f21d2-5f8b-454d-9495-fc84c12bfcea,Best app it gives you good answers and its just for free i recommend you to download this app its really worth it!!As a student this app is good for you.,5,1,2.1.5,2023-09-24 07:23:33,,,2.1.5,edu91825,com.cyberdavinci.gptkeyboard
377d6a13-d9f2-4683-8875-324b197d6c89,It is soo god and helps me with all my homework thanks for inventing this app gauth developers,5,0,1.56.0,2024-10-05 07:17:15,We're thrilled to hear that Gauth has been helpful with your homework! Keep up the great work #StudySmarter,2024-10-05 07:30:20,1.56.0,edu33967,com.education.android.h.intelligence
e786d66f-8355-4165-abc2-93c437106946,There are some times where it doesn't give me the answers that is based on what the question is asking but other than that great tool that helps with your homework benefits a lot!,4,0,1.51.0,2024-08-12 08:32:07,We're thrilled to hear you're finding Gauth helpful! We apologize for any inconvenience caused by incorrect answers. Your feedback is valuable for us to improve. Thank you for using our app!,2024-08-12 10:01:02,1.51.0,edu30071,com.education.android.h.intelligence
2ec02356-55a0-4fe4-a0de-757e4c136466,It's good since there's it takes pictures and no ads,5,0,2.2.9,2024-04-24 12:24:11,,,2.2.9,edu2119,com.qianfan.aihomework
f10075ba-130c-4715-bd42-a90f63198187,it is helpful and decreases my stress over my homeworks,5,0,1.44.1,2024-05-09 13:40:29,,,1.44.1,edu43440,com.education.android.h.intelligence
05611540-4fde-41a7-ae52-8440ba1492b7,One of the useful apps to use on the daily bacis,4,0,,2024-09-10 16:17:04,Thank you for your feedback! We're thrilled to hear that you find our app useful for daily use. If you'd like to share any suggestions or connect with other users we'd love to have you join our Discord community. It's a great place for real-time support tips and more!,2024-09-11 14:31:42,,edu91805,com.cyberdavinci.gptkeyboard
c1bc2865-c680-4cfb-b5d7-483b2f40d232,This isn't work for me what should I do? It's write connection failed,1,0,1.45.0,2024-05-01 13:44:13,I'm sorry to hear about the connection issues! Please email us at support@gauthmath.com with more details so we can help resolve this for you.,2024-05-07 02:52:47,1.45.0,edu45321,com.education.android.h.intelligence
63df9f42-a0f2-463e-9191-b5497e96bd39,very good maths problem slover,5,0,1.21.0,2023-04-18 22:16:41,,,1.21.0,edu61432,com.education.android.h.intelligence
ba8b9f50-b294-43d9-8f47-57491455f4f2,This is the best app I ever seen it helps me a lot,5,0,,2024-01-12 18:43:21,,,,edu93526,com.cyberdavinci.gptkeyboard
607c842a-27d7-41cb-86d4-d4df5596cad0,better than photomath so far,5,0,1.56.0,2024-10-08 20:32:01,Thanks for the positive feedback! We're glad you're finding Gauth better than other apps. Keep exploring all the features and feel free to reach out if you need any help!,2024-10-08 20:45:20,1.56.0,edu39036,com.education.android.h.intelligence
2dce5890-c04c-48a6-821b-84f624ae1043,It really made me understand my work,4,0,,2024-10-09 12:22:44,Great to hear that Gauth helped you understand your work better! Keep up the good work!,2024-10-09 12:30:47,,edu57462,com.education.android.h.intelligence
f10174b2-eb4d-4691-b54e-8f8aba03b5f2,helps me in studies as wellas this ai app made me failure to topper..,5,0,1.55.1,2024-09-22 04:49:02,We're thrilled to hear that Gauth has helped you excel in your studies! Keep up the awesome work and reach out if you ever need support.,2024-09-22 05:00:17,1.55.1,edu33705,com.education.android.h.intelligence
33c58d2e-53ca-45f0-b2fd-711e1b21b80c,Once I saw it in an advertisement I knew that I had to download it right away and guess what?It worked!It's not like the other AI things that you have to pay to use it and that makes Question AI the best homework solver evereveryone should download this app now,5,8,1.7.0,2023-10-06 20:39:26,,,1.7.0,edu1859,com.qianfan.aihomework
9b09956e-bf35-4726-9927-f3d306a97e40,This is very useful especially in homework,5,0,2.4.0,2024-05-13 12:37:24,,,2.4.0,edu2874,com.qianfan.aihomework
41277bd1-12ad-4975-bad7-fd946e124b63,it help for my maths homework alot all I have to do is take a screenshot and then access it on the app and it gives me the answer,5,0,1.45.0,2024-05-15 10:24:00,Thanks for your review! Please recommend our app to your friends and dont hesitate to shoot us a note at support@gauthmath.com if you have any questions.,2024-05-18 05:57:14,1.45.0,edu36405,com.education.android.h.intelligence
a2ca4aae-18a6-450c-9db3-1716d6e1c50b,good ai app that help children for thier homework and reviews. help to know new knowledge,5,0,,2024-04-24 01:07:23,,,,edu5856,com.qianfan.aihomework
6cd576e9-5a6f-4387-addd-e7c9877d3865,As a start I would like to thank this app for giving answers that are actually correct because a lot of apps that I have tried in the past give incorrect and completely irrelevant answers which is really frustrating. Also the fact that Gauth actually explains how to solve the question is more than helpful because I am the kind of person who has no one to help me with my studies so this app really is a lifesaver. Thank you Gauth this stuff is flawless.,5,9,1.56.0,2024-10-06 12:22:30,We're thrilled to hear that Gauth has been a lifesaver for you! We're here to provide accurate answers and explanations to support your studies. Keep up the great work!,2024-10-06 12:30:29,1.56.0,edu29451,com.education.android.h.intelligence
9eae72f3-7159-4df7-bd02-c039bc6d0e32,This AI is really fast and easy to use and understand Plus you don't necessarily need to have a premium subscription to have access and enjoy it's cool features.,5,3,2.7.3,2024-07-20 03:07:19,,,2.7.3,edu266,com.qianfan.aihomework
595563cb-1639-4934-8f91-65f446fb2260,I love this app it's like the only chat GPT that I could see that it's for free . But sometimes the answers aren't correct but I tend to correct it on my my own. It's a good app,5,1,1.8.4,2023-10-27 06:14:33,,,1.8.4,edu2534,com.qianfan.aihomework
7a68c3cc-a848-4332-9017-2c3a264531ce,love it ! gives me the right answers,5,0,1.47.0,2024-06-09 18:37:53,Thanks for loving Gauth! Remember we're here to help you understand not cheat. Keep up the great work!,2024-06-09 19:00:18,1.47.0,edu49484,com.education.android.h.intelligence
b4854e21-bf64-4567-8a91-d4db38e6e74c,Super useful this app is a literal life saver,5,0,2.0.4,2024-01-25 18:49:00,,,2.0.4,edu11349,com.qianfan.aihomework
5cc6841e-e4bb-4852-912d-479439d16d0e,very helpful simple to follow and love the steps laid out.,5,0,1.42.1,2024-03-27 00:14:08,We are pleased that you enjoyed the app. If there is anything we can do for you just let us know at support@gauthmath.com! Have a wonderful day!,2024-03-27 02:48:06,1.42.1,edu47492,com.education.android.h.intelligence
5a5c4b80-721f-4a47-8eb1-94b00b4c840c,this app is very helpful!!,5,0,1.31.1,2023-09-19 20:00:31,,,1.31.1,edu61962,com.education.android.h.intelligence
a3cca31f-5052-4aad-8b1c-2cf4adcd82fc,Very good app and helps with stuff,5,0,1.9.01,2024-05-29 09:29:22,,,1.9.01,edu102648,br.com.iastudio.ajudaai
19ea6bb9-3c30-40b6-802f-206065be98b4,very good and professional and very good for getting good grades in tests because it helps a lot,5,0,2.6.1,2024-09-26 21:50:41,,,2.6.1,edu89673,com.cyberdavinci.gptkeyboard
8f4083d6-1771-4da3-9388-fbc7190f3410,It's helping so much.,5,0,1.34.0,2023-11-14 09:07:40,,,1.34.0,edu65108,com.education.android.h.intelligence
c0816754-23ac-43e1-af78-e5c364744aa3,Very cool but you have to pay to answer complex equations.,4,1,2.4.9,2024-05-22 17:42:47,We are a small team of independent developers and we strive to keep the app budget-friendly. However to sustain our efforts we must cover some of our costs. You can also extend your free usage by sharing the app with your friends daily check-in and watching ads! Your support goes a long way in helping us provide valuable services. ;),2024-05-27 15:17:32,2.4.9,edu90102,com.cyberdavinci.gptkeyboard
edbd2f7e-5482-4fa5-969a-20199611d2b4,It a good app sometimes give wrong answer but 95 percent it get it right,4,0,2.0.2,2023-06-24 14:55:05,Thank you for utilizing answer.ai! Please help us to improve our app by sending the wrong answers to our support support@gptkeyboard.app. We would love to take a closer look at the questions.,2023-06-24 18:23:24,2.0.2,edu91674,com.cyberdavinci.gptkeyboard
3a7ce210-8c6d-406d-929c-54f91ca6567e,I love this app but they don't answer the hard questions,5,0,1.56.0,2024-10-02 12:00:39,Thank you so much for your love! Were thrilled you enjoy the app. Were continuously working to improve our answers for all question levels. Stay tuned for updates!,2024-10-02 12:15:32,1.56.0,edu33841,com.education.android.h.intelligence
770bcab9-11f8-48a1-95a8-e19f7f98394d,Its the best friend especially for introverts like me but i would luke the developers to may be give it a name just like the others and include an internet search option and after that I'll come back n edit my review but it's the best,5,0,2.2.9,2024-04-19 09:43:04,,,2.2.9,edu405,com.qianfan.aihomework
1bbbbd36-182f-4efc-ae68-0e019e242508,Amazing however it's one question I need to see more,4,0,1.17.0,2023-01-28 12:38:02,,,1.17.0,edu55748,com.education.android.h.intelligence
96fa9e57-c8a9-4c72-88a8-baf051d279e3,amazing I highly recommend different subjects of things and no ads absolutely amazing I highly recommend 10/10,4,1,1.55.1,2024-09-21 13:02:43,Thanks a lot for your kind words! We're thrilled to hear that you're enjoying Gauth! We'll keep working hard to provide more subjects without ads. Keep up the good work!,2024-09-21 13:30:17,1.55.1,edu30771,com.education.android.h.intelligence
b2203adc-c83e-42e1-803a-2f406b0e115e,It really help you get some answers for your homework,5,0,1.9.9,2023-12-05 22:32:57,,,1.9.9,edu9025,com.qianfan.aihomework
202b693c-5124-4a24-8ce8-5779d8feb1f0,it's helps me with every single day,5,0,1.45.0,2024-05-06 17:52:30,Thanks for your review! Please recommend our app to your friends and dont hesitate to shoot us a note at support@gauthmath.com if you have any questions.,2024-05-07 02:12:14,1.45.0,edu49841,com.education.android.h.intelligence
58e787ee-168a-46f7-a5fd-fc3cdf875314,this app is help me alot so I can get better at school so you need to download this now it really will help you aot with school and work so happy holidays and marry Christmas and happy new years,5,0,,2023-12-12 20:32:01,We're thrilled to hear that Answer.AI is making a positive impact on your academic journey! Your kind words motivate us to keep enhancing the app. If you ever have suggestions or questions feel free to reach out. Wishing you happy holidays a Merry Christmas and a fantastic New Year ahead!,2023-12-13 13:46:23,,edu90933,com.cyberdavinci.gptkeyboard
89da0b33-14d5-47d1-aed3-fe183c81d2c0,This app is good but it makes you pay after using it 4 times,3,0,,2023-10-25 07:32:27,,,,edu10018,com.qianfan.aihomework
e45dae4b-9576-4805-a1da-740a348e2312,this is genuinely amazing. it helped me learn things better than my teacher could ever do. I love this ap.,5,0,2.7.3,2024-07-10 17:29:16,Your kind words inspire us to continue improving our app. We're committed to delivering the best user experience possible.,2024-07-10 22:50:38,2.7.3,edu901,com.qianfan.aihomework
9f391c02-ebf0-4948-8d6d-68046f136a79,It's a great app it helps me with my homework,5,0,1.56.0,2024-10-07 13:43:18,Thanks for the positive feedback! We're glad to hear that Gauth is helping you with your homework. Keep up the good work!,2024-10-07 13:45:26,1.56.0,edu34052,com.education.android.h.intelligence
0044a31b-d3a3-4777-ae25-0c2c1a61f799,honestly this really helped me in my homework and the best part is it mostly answers all problems! like im being srs I passed Aleks cause gauth fr helped me so much to reach 100% on my grade! I recommend this app:)!!,5,1,1.45.0,2024-05-06 01:42:57,,,1.45.0,edu32374,com.education.android.h.intelligence
978b2db5-1d14-49a2-bd9f-dbeab2e73866,This app sucks you don't even get 90% accuracy unless you pay for it and I can do math better than this thing I'M A SIXTH GRADER,1,0,,2024-03-13 15:11:34,,,,edu4008,com.qianfan.aihomework
a899f457-d185-45c6-b7ec-b25bb5252b0b,The app is great and if diagrams can be included in answers especially in mathematics and computer science it can be really amazing. But it is really helping.,4,4,1.7.0,2023-10-21 14:34:41,,,1.7.0,edu1854,com.qianfan.aihomework
1ee47126-4e0f-4489-953d-76c92d6859cd,Dubs work with any hw,5,0,2.0.2,2024-01-24 18:33:45,,,2.0.2,edu16937,com.qianfan.aihomework
20e70539-cee0-4bbe-9b52-7ebd5b6a5a17,does exactly what you need for the most part. even if you're not tech savvy.,5,0,2.6.1,2024-10-04 20:01:25,,,2.6.1,edu89669,com.cyberdavinci.gptkeyboard
d6a80692-f41a-490e-bc17-0e652edec377,I have come across a lot of AI but this is the best of them all.Its definitely in my top2,5,0,1.54.0,2024-09-06 07:02:08,Thank you for your kind words! We're thrilled to be in your top 2 AI apps. Keep enjoying learning with Gauth!,2024-09-06 08:00:31,1.54.0,edu32679,com.education.android.h.intelligence
2d35de1b-ea90-408d-9cb4-40975be90c8f,It helps me do my homework,5,0,,2023-10-16 01:02:54,,,,edu69128,com.education.android.h.intelligence
1db3603a-76ac-4dda-a63e-bb2f24656451,I am happy about the app it's a top star download it n stay tuned,4,0,1.22.0,2023-05-03 14:42:03,,,1.22.0,edu57221,com.education.android.h.intelligence
81b529a6-c19b-45f7-b923-deaae6f1f7e4,Every problem I tried was not found or incorrect. I canceled the same day and did not realize I could get a refund through Google Play. I have emailed them 3 times in 4 days and no response. App does not work horrible customer service and waiting for a refund.,1,17,1.32.0,2023-10-03 19:00:51,Hi did your problem get resolved? As we don't have your email address can you please write to us at support@gauthmath.com so that we can help you better. We look forward to your email.,2023-11-01 05:15:21,1.32.0,edu34360,com.education.android.h.intelligence
ccd9b656-6e61-49aa-b995-cb04132e9994,LOVE IT! REALLY GOOD HAS EVERYTHING YOU NEEDED! writing books calculator AI spelling AI writing explanations!,5,0,1.51.0,2024-08-09 22:02:34,Thank you for your awesome review! We're thrilled to hear that you love Gauth and find it helpful. Keep shining bright with our wide range of features!,2024-08-10 01:00:56,1.51.0,edu30677,com.education.android.h.intelligence
779e3d14-70e2-474a-a8d6-b73b160495e7,it works Well! it can translate Languages It helps me on my homework I never had problem with it!,5,0,1.45.0,2024-05-09 12:02:14,,,1.45.0,edu36590,com.education.android.h.intelligence
96b9ce5b-7530-448a-b3bd-21f1188a030a,Its good but i have a problem if i have a question he gave a answer but if i had a another question he well repet what he says in my first question,3,0,2.4.0,2024-05-14 10:15:28,,,2.4.0,edu3684,com.qianfan.aihomework
c9e73315-b4ec-45ba-b382-a778f18b7f58,It helps with any question and is probably better than a tutor I think u should download.,5,0,1.9.9,2023-12-04 16:26:51,,,1.9.9,edu5228,com.qianfan.aihomework
bb4c64d8-40e7-4dc9-93b9-6e2b0a8acef2,Help me a lot on my assignment,5,0,2.3.9,2024-02-16 06:38:09,,,2.3.9,edu95806,com.cyberdavinci.gptkeyboard
aa4d725b-0476-41d0-afcb-0d97ada3b111,What is an amazing app one of the best apps you can find everything else is for free unless you want to meet a professional teacher download this app if you read care about your school work,5,0,1.46.0,2024-05-27 11:15:35,,,1.46.0,edu32287,com.education.android.h.intelligence
99716b68-f566-4acb-b6ab-8d252ba87141,I got all a because of this,5,0,,2024-09-13 16:32:36,We're thrilled to hear that Gauth helped you ace your test! Keep up the great work! #StudySmarter,2024-09-13 17:00:14,,edu67626,com.education.android.h.intelligence
89db93af-cad8-46b6-9038-c923e245e185,Was good with the answers but now they have all been wrong,1,0,1.44.1,2024-04-19 12:07:58,Hello Your problem needs more detailed examination. Please report it to our technical support team at support@gauthmath.com. We are always looking to help our users.,2024-04-20 06:19:44,1.44.1,edu45346,com.education.android.h.intelligence
683f520a-5572-4dd4-8f35-f8ee422058ff,I'm trying to do my hw but the app says I need to pay I'm not paying for anything,1,0,1.26.0,2023-07-06 01:51:44,,,1.26.0,edu59806,com.education.android.h.intelligence
e137f12e-b2b4-4ee0-9d0d-623be5ba5f50,I love this it gave me the right answers,5,0,2.0.8,2023-08-07 12:32:43,We greatly appreciate your usage of answer.ai! It's fantastic to know that it's making a positive impact on your school experience. We're dedicated to assisting you and your classmates so please share answer.ai with them too!,2023-08-07 14:38:00,2.0.8,edu94548,com.cyberdavinci.gptkeyboard
c576c1da-398d-4da8-aa7b-0b8dd5ca2bde,Helps me understand the math problem:D,5,0,1.12.0,2022-09-07 23:38:10,,,1.12.0,edu61117,com.education.android.h.intelligence
e21e567c-f12c-4e61-b9df-b0c2701f819c,This app so awesome he help me for my assignment,5,0,1.6.3,2023-09-28 00:44:38,,,1.6.3,edu11539,com.qianfan.aihomework
caf23339-929d-4ccd-b464-1b1b6109e873,Gauth one of best teaching assistant assignment solving and study app for students at all levels. Please add a typing option to it.,4,0,1.53.2,2024-09-03 05:41:28,Thank you for the positive feedback! We're thrilled to hear that you find Gauth helpful. Your suggestion about adding a typing option is noted. We're constantly working on improvements for a better user experience. Keep learning with Gauth!,2024-09-03 06:00:13,1.53.2,edu29656,com.education.android.h.intelligence
087fccc7-804d-4d26-8f44-65c313ce5791,this app is lovely it explains and solves just like every single teacher,5,0,1.17.0,2023-01-31 10:46:39,,,1.17.0,edu49500,com.education.android.h.intelligence
31182cfe-24f3-4b00-a8b4-998d3910617a,It's helped me to do my homework.,5,0,1.44.1,2024-05-01 10:44:54,,,1.44.1,edu57096,com.education.android.h.intelligence
6078fccf-ef00-4fd4-b1ab-9367f24f46c2,best app ever get it and witness,5,0,1.18.0,2023-03-17 08:51:20,,,1.18.0,edu62343,com.education.android.h.intelligence
4d1eae6b-b5f9-4ee4-8e7a-bdd76060e595,it's a nice app and gives you all the answers just by taking a pic of the equation,4,0,1.30.0,2023-08-30 11:57:26,,,1.30.0,edu49553,com.education.android.h.intelligence
9c9cf306-5585-4762-bab2-e1913cf346c8,This is such a great easy app to use. I did this all at home on one of my tests and when I got back my teacher announced that is was a10/10 this app is recommended thank you!!!,5,2,1.45.0,2024-05-15 21:39:30,We are pleased that you enjoyed the app. If there is anything we can do for you just let us know at support@gauthmath.com! Have a wonderful day!,2024-05-16 05:22:04,1.45.0,edu32274,com.education.android.h.intelligence
56d60537-f108-438c-9ccb-58492e67aeea,The app is nice so sufficient all the time,5,0,1.9.5,2023-11-16 04:50:24,,,1.9.5,edu10640,com.qianfan.aihomework
81d9fea1-c2d1-43bc-9312-ad2fe932ca31,All the problems basically cost money (premium) to solve.,1,0,1.30.0,2023-09-04 21:19:21,,,1.30.0,edu51396,com.education.android.h.intelligence
4c3de837-60eb-4fda-9e29-952c5e851f33,it's great and I'm not using it to cheat it just helps me understand better since school just started,5,0,1.53.2,2024-08-28 20:53:27,Thanks a lot for your awesome review! We're thrilled to hear that our app is helping you understand better. Keep up the great work as you start this new school year!,2024-08-28 21:00:21,1.53.2,edu32069,com.education.android.h.intelligence
b3df25eb-db99-44a3-9360-3596446543c5,I love cheating on test with this,5,0,2.8.8,2024-08-17 20:30:11,Your kind words inspire us to continue improving our app. We're committed to delivering the best user experience possible.,2024-08-19 00:00:16,2.8.8,edu6061,com.qianfan.aihomework
ccc01ba7-d6a7-4cbb-853b-cd6fdd1bd6f3,so good helped me with everything,5,0,1.37.1,2024-01-23 13:58:53,,,1.37.1,edu61878,com.education.android.h.intelligence
8c9e7d7c-6a62-4269-8fb6-4a750937b8a6,Thanks allot for this app its help me allot for free highly recommend this download it guys im super happy with this,5,0,1.8.8,2023-11-13 07:46:58,,,1.8.8,edu8777,com.qianfan.aihomework
5a1e2007-aceb-4018-8ff7-8a8e4b4e8298,it was good at first but the latest update is not so good idea at all,1,0,,2023-03-07 01:20:10,,,,edu55194,com.education.android.h.intelligence
d62f1219-cba6-4406-884a-0cbba5df9278,it's amazing it shows tye steps and gives the awnser one quick suggestion please make an option for things to be fully reduced with tye math questions,4,0,1.42.1,2024-04-08 19:33:42,Dear User really appreciate your suggestion. We will consider it and improve our app in the new version. If you have questions or suggestions please contact us at support@gauthmath.com.,2024-04-09 02:20:20,1.42.1,edu44801,com.education.android.h.intelligence
e7e43fc1-16a6-494a-9ffd-6f343fdd1760,It really helps but you either have to pay for an instant answer or wait for a really long time. Honestly just do it yourself or ask chatgpt this is not worth your time. And most of these are very complicated answers so if you don't understand i do not think you will when you see the answers they give you. To summerize it all do not download this app.,1,11,,2023-08-15 05:50:24,,,,edu35555,com.education.android.h.intelligence
596e3272-7f74-463d-9762-1fa174035cf6,All of ny assignments are done because of this app.,5,0,2.1.4,2024-03-20 07:14:23,,,2.1.4,edu12462,com.qianfan.aihomework
ef9d3e15-8cb7-4fde-94eb-a95079fa2f16,Super awesome and a life saver too,5,0,2.6.2,2024-10-02 02:02:43,,,2.6.2,edu2651,com.qianfan.aihomework
7a24754f-9033-4281-9c7f-0de68c45de89,It really works I do recommend it if you are slow and need help like me,5,0,1.54.0,2024-09-11 20:44:54,Thanks for recommending us! We're thrilled to hear that Gauth is helping you. Keep up the great work!,2024-09-11 21:00:45,1.54.0,edu35111,com.education.android.h.intelligence
f9094b56-d734-40e4-996a-193bbf7ca353,This totally helped me with my long essays and even makes me stories!,5,1,1.6.6,2023-11-08 07:31:46,,,1.6.6,edu102700,br.com.iastudio.ajudaai
86480fff-49b7-4987-9bba-7d4edb99e8dc,this helped me a lot it's especially it's helped me with maths I was struggling but now I am a pro I even got (45-50) guys go and download this app it is amazing,5,0,1.56.0,2024-10-08 12:52:28,We're thrilled to hear that Gauth has helped you excel in math! Keep up the great work and don't hesitate to reach out if you need any further assistance. Happy learning!,2024-10-08 13:00:43,1.56.0,edu30339,com.education.android.h.intelligence
0c8dd789-fcfa-4e50-b23c-c17097f8b4f8,it helps my assignment,5,0,1.51.0,2024-08-18 05:43:41,Thank you for sharing! We're glad to hear that Gauth is helping you with your assignments. Keep up the great work!,2024-08-18 07:00:44,1.51.0,edu51815,com.education.android.h.intelligence
f5d4d09f-1699-45ca-8040-5101a32b4875,it is free and gets like everything right and like no ads,5,0,1.53.2,2024-08-30 10:21:33,Thanks for the awesome review! We're thrilled you love our free app and the ad-free experience. Keep enjoying your learning journey with us!,2024-08-30 11:00:29,1.53.2,edu32150,com.education.android.h.intelligence
d4d54de7-4191-4f37-b401-2de7566bd932,This gave no free answers like it used to and wrong answers,1,0,,2023-04-23 15:15:31,,,,edu59911,com.education.android.h.intelligence
955cb1a9-ceb4-4611-b315-4c0640ccc5b6,One of the best question app's I have used,5,0,2.6.2,2024-06-21 15:39:19,,,2.6.2,edu6742,com.qianfan.aihomework
60202dd3-bcd4-4fd0-b290-8c2847046a3c,Maganda sya gamitin wala limits super useful sya for students,5,0,2.8.2,2024-08-08 05:02:17,,,2.8.2,edu18148,com.qianfan.aihomework
9cc2def1-1435-4e61-b38a-def75dcdd208,Doesn't even work downloaded brainly helps more,1,0,1.23.2,2023-05-25 13:10:24,,,1.23.2,edu53412,com.education.android.h.intelligence
4fee32da-11e3-4384-b7ae-98b7c14d6c93,its doesn't work its said that i had no wifi/connection even i have a Internet.pls fix in,1,0,1.42.1,2024-04-07 10:31:55,,,1.42.1,edu53099,com.education.android.h.intelligence
1f00d46a-3112-4491-9ec7-82383cafb737,One of the worst apps in the world it doesn't show the answer for every question I tried 1 star is being nice,1,0,1.26.0,2023-06-25 17:58:46,,,1.26.0,edu49514,com.education.android.h.intelligence
8c7bf33a-ea6b-411a-a622-b1cefe0689a2,some equations are not scanned properly and it had given me wrong answere but it knows multiple subjects and formulas so still is a very useful app,3,0,1.56.0,2024-10-06 23:58:31,We apologize for the inconvenience caused by the scanning issue. Your feedback helps us improve. Please email us at for further assistance. Thank you for acknowledging the app's usefulness!,2024-10-07 00:00:13,1.56.0,edu30333,com.education.android.h.intelligence
c85d446c-57e1-4de8-b1f3-cad312068ee6,I had a F in Chemistry and now I have an A+,5,0,,2024-09-15 16:32:36,Thank you for sharing your amazing success story with us! We're thrilled to hear that our app helped you boost your Chemistry grade to an A+! Keep shining!,2024-09-15 17:00:21,,edu60581,com.education.android.h.intelligence
c78929dd-772b-43e1-8ea6-b8bac91246df,Chooses A for ALL multiple choice questions. Way off on the calculations as well.,1,1,,2024-06-19 17:06:03,We're sorry to hear about your experience. We'll look into this issue seriously to improve your Gauth learning experience. Please feel free to contact us at support@gauthmath.com.,2024-06-19 19:00:30,,edu45883,com.education.android.h.intelligence
500c9629-6cc4-4c27-87a7-1d6069a48773,it's a really good app that really works thanks,4,0,1.44.1,2024-04-22 10:38:48,,,1.44.1,edu43688,com.education.android.h.intelligence
00642e79-25f7-4fce-ad5a-c6ff96eb0906,it's very helpful to students,4,0,1.47.0,2024-06-16 14:25:58,We're glad to hear that Gauth has been helpful to you! Keep up the good work and if you ever need assistance feel free to reach out. Happy studying!,2024-06-16 16:00:31,1.47.0,edu43761,com.education.android.h.intelligence
c34f618b-8d3e-4f82-9f56-ef0bb1190d12,doesn't disappoint the best app I've used in a while,5,0,1.56.0,2024-10-05 07:17:14,Thank you for the awesome feedback! We're thrilled to hear that you love using Gauth. Keep exploring learning and achieving with us!,2024-10-05 07:30:21,1.56.0,edu35020,com.education.android.h.intelligence
c3774e42-ca4f-43a6-a39b-eedec1deab80,This is very helpful for me to do and I don't have to pay for anything. 10 out of 10,5,0,1.55.1,2024-09-28 10:02:53,We're thrilled to hear that you find Gauth helpful! Keep enjoying our app for free. Happy studying!,2024-09-28 10:15:14,1.55.1,edu33615,com.education.android.h.intelligence
2cd3caa7-3601-4724-ac01-f77412304f64,so helpful I wished I could do maths like this,5,0,1.17.0,2023-02-01 08:39:02,,,1.17.0,edu56932,com.education.android.h.intelligence
8308224f-f3c6-4d0a-ac31-77b18fed0961,aplikasi ini membuat saya tidak pusing lagi memikirkan tugas matematika yg banyak,5,0,2.6.1,2024-06-04 11:36:05,,,2.6.1,edu19181,com.qianfan.aihomework
3f398739-8725-4725-b5f7-37531f76dcfd,I looove it install this app and you will be on top of the world,5,0,1.8.1,2022-03-31 02:33:03,,,1.8.1,edu62936,com.education.android.h.intelligence
874e1098-5994-4010-b76b-a628ad3a0ad0,I use to use this when it was free. It gave some right an wrong answer but now you have to pay for it and still gives you the wrong answers for certain things. I don't mind it being free and giving your wrong answers but paying and getting the wrong answer is not it.,1,12,1.8.8,2023-10-24 17:30:05,Appreciate your review! We're committed to ongoing improvements to resolve this matter and enhance the accuracy of our AI model's responses. Stay tuned for updates and thank you for your patience.,2023-10-27 09:19:04,1.8.8,edu1915,com.qianfan.aihomework
2d43da24-9610-4574-9817-ab9a2fc6dbf3,This app work for me perfectly,5,0,1.54.0,2024-09-19 20:57:07,We're glad to hear that Gauth works perfectly for you! Keep up the good work!,2024-09-19 21:00:27,1.54.0,edu42160,com.education.android.h.intelligence
661ed9f4-2e46-4c53-b6b0-f8446385791f,its fast and helpful,5,0,1.44.1,2024-04-19 03:24:09,,,1.44.1,edu49203,com.education.android.h.intelligence
28834c0f-d613-415f-924b-55a14477c8e4,This app is really useful! I would give it a 5 stars but made it 4 because my uses is 30 ever since i downloaded it but out of nowhere the uses became 5 only! Im kinda sad about it since i have alot school works and i have to do aaa looonnggg thesis!,4,3,1.9.0,2023-06-01 03:39:46,We greatly appreciate your feedback! We're glad to hear that you enjoyed our app. If you would like to access more questions invite your friends using your referral code. If you have any additional questions our support team is available to assist you. Just send us an email and we will be happy to help. Thank you again for using our app! :),2023-06-01 13:01:02,1.9.0,edu90283,com.cyberdavinci.gptkeyboard
94ad7ef5-4592-41cf-8266-ddf735fa5288,100% works and I fell in love the first time I used it,5,0,1.37.1,2024-01-27 01:03:25,,,1.37.1,edu58027,com.education.android.h.intelligence
a1b23ef3-d20a-4050-abdd-cf3a347696ac,this app is very excellent but having to start paying for some answers especially when due last minute is a huge turn off personally plus the price,4,1,1.17.0,2023-02-09 00:35:42,,,1.17.0,edu40344,com.education.android.h.intelligence
7d639d1b-c501-4ada-9e6c-d074714f3fc8,Amazing app so usefull,5,0,1.49.1,2024-07-17 02:07:33,Thank you for the positive feedback! We're thrilled to hear that you find our app amazing and useful. Keep up the great work!,2024-07-17 04:00:54,1.49.1,edu48511,com.education.android.h.intelligence
eb5a25ff-f72a-4bfe-9cc2-df65f5645525,love it it helps a lot,5,0,1.54.0,2024-09-04 16:04:55,Thank you so much for your awesome feedback We're thrilled to hear that our app is helping you out Keep shining and learning with us,2024-09-04 17:00:57,1.54.0,edu42630,com.education.android.h.intelligence
0dc4d780-25d3-411f-afc8-6c69d561d67a,its great and super useful,5,0,2.0.0,2024-01-13 18:53:53,,,2.0.0,edu12796,com.qianfan.aihomework
9e3f3870-f6e5-4680-93e2-d1c79bc6cc05,Gorgeous so far! I wish it could read graphs and tables better but I can't complain too much.,5,0,2.0.2,2024-01-23 02:21:17,,,2.0.2,edu2370,com.qianfan.aihomework
9a28f78d-1a88-4809-88eb-59693d62fde1,This app is great you all need to try it but he problem is that it needs internet what if poor children need it but can't afford it.,5,0,,2024-06-02 09:22:42,We appreciate your positive feedback! We understand the internet limitation issue. Rest assured we are constantly working on solutions to make our app more accessible to all users. Thank you!,2024-06-02 10:01:00,,edu41655,com.education.android.h.intelligence
3b8c6332-5f7e-455e-9472-8c21195d8511,it is a very helpful app,5,0,1.50.0,2024-07-16 13:02:00,Thank you for your positive feedback! We're glad to hear that you find our app helpful. Keep up the good work! #StudySmart,2024-07-16 16:00:52,1.50.0,edu48342,com.education.android.h.intelligence
131fd0d4-dec2-4a0a-9c3f-b4262ee3c24e,This app is used for students,5,0,2.5.2,2024-06-25 20:11:09,,,2.5.2,edu92090,com.cyberdavinci.gptkeyboard
f45db4b5-f9c0-4e55-8ab1-62adb63c4255,I like it because bots answers my question,5,0,1.45.0,2024-05-07 07:00:08,,,1.45.0,edu49948,com.education.android.h.intelligence
d562c8b7-88c3-4c2e-8de7-8a03801b625c,This is the best app I completed my maths homework and a lot with this app,5,0,2.5.1,2024-05-22 01:56:01,,,2.5.1,edu1778,com.qianfan.aihomework
3e94cf24-8f4b-4551-bdb6-a157f9f2012c,Because she help my stydy,5,0,1.7.0,2023-10-14 23:00:40,,,1.7.0,edu15401,com.qianfan.aihomework
b35f88c9-0a23-45c5-9422-790a0a65afcd,It realy helps on assignment,5,0,,2024-09-11 07:57:54,Thanks for sharing! We're thrilled to hear that Gauth helps you with your assignments! Keep up the great work! #StudyOn,2024-09-11 08:00:26,,edu59172,com.education.android.h.intelligence
65e5b362-e1e4-45ec-9ccb-8c16509095a4,This is very good and helpful,5,0,2.7.3,2024-07-03 16:04:14,,,2.7.3,edu6445,com.qianfan.aihomework
6d2b0616-d7c5-4065-a2b0-28a6573f5531,very helpful and easy,5,0,1.55.1,2024-09-23 17:32:51,Thank you for your positive feedback! We're glad you find Gauth helpful and easy to use. If you need any assistance feel free to reach out. Happy learning!,2024-09-23 18:00:51,1.55.1,edu34126,com.education.android.h.intelligence
96a9926f-c1a6-4558-b624-f8470ff1144f,this app does wonders especially for us who do assignments at school it really helps a lot and gives clear explanations,5,0,1.45.0,2024-05-06 16:12:31,,,1.45.0,edu36399,com.education.android.h.intelligence
88af7c79-8ff7-471f-a7f0-c9c718c98bd9,Very good bcoz it clear the doubt,5,0,2.1.5,2023-09-18 06:42:58,We appreciate your usage of answer.ai! Help us reach more students by sharing it with your classmates!,2023-09-21 10:42:51,2.1.5,edu95283,com.cyberdavinci.gptkeyboard
00e28eba-cdf4-49e1-a242-a42057fe8ddf,Sometimes it give me the wrong answers I don't understand I'm paying for the subscription so why are some of my answers incorrect. I just wish the correct answers would populate all the time and NOT sometimes. Really frustrating when you pay a monthly subscription you expect it to work,2,4,2.2.0,2024-03-25 19:06:30,,,2.2.0,edu1027,com.qianfan.aihomework
a0af3aee-4cb2-4dea-bdd4-1cb4864ab534,I use it all the time now,5,0,2.1.0,2024-02-12 16:32:53,,,2.1.0,edu15329,com.qianfan.aihomework
74e38c80-27aa-4fd6-b729-f5e34f3865ba,This app is the best but it mixes English with foreign languagesa,3,0,1.56.0,2024-10-11 04:42:04,Thank you for your awesome feedback. Were thrilled you love the app. We appreciate your input about language mixing and will look into improving that experience. Keep shining!,2024-10-11 04:45:21,1.56.0,edu71455,com.education.android.h.intelligence
f9b55bfb-832f-4965-98a1-be8f79019dcc,Give you right answer,5,0,2.3.6,2024-01-10 19:14:32,,,2.3.6,edu96761,com.cyberdavinci.gptkeyboard
bfef8832-fd02-46a1-8807-5e724db11c51,way to go Gauth app creators! This is perfect!,5,0,1.39.0,2024-02-24 10:25:01,,,1.39.0,edu57057,com.education.android.h.intelligence
df61b8d5-282d-4882-9c6f-691e072be6c3,Just downloaded it and it is EXTREMELY helpful!!,5,0,2.6.2,2024-06-13 15:21:57,Your positive feedback means a lot to us! We're glad you're enjoying our app. Thank you for your support!,2024-06-17 23:53:20,2.6.2,edu3264,com.qianfan.aihomework
f8833d63-8905-4cae-8686-91b00d9841a8,A good app helps me out with my work,5,0,2.6.0,2024-09-06 13:33:22,,,2.6.0,edu90245,com.cyberdavinci.gptkeyboard
30f4243c-2128-4eaf-b161-78dbecedc578,I'll recommend this apps to those student like me. So convenient apps very helpful everytime I'll have module,5,0,1.8.8,2023-10-26 02:53:01,,,1.8.8,edu4917,com.qianfan.aihomework
1ce92fde-7812-46ba-8849-b9846a77c5a9,That is nice math solver,4,0,1.6.3,2023-09-18 06:50:33,,,1.6.3,edu13228,com.qianfan.aihomework
d3a2a680-ab82-445c-ae15-082abb39adcb,it generally helps a lot with different varieties of homework and also shows you the methods that U may need to use . 10/10,5,0,1.54.0,2024-09-15 05:03:24,Thanks a ton for the awesome review! We're thrilled that you find our app helpful and love the variety of methods we provide. Keep enjoying your learning journey!,2024-09-15 05:30:13,1.54.0,edu29964,com.education.android.h.intelligence
858c8bdb-473c-44ea-b65b-c5f1c40c6ec1,I haven't seen anything this before this AI is the best reliable and legit Intel it doesn't disappoint. I give it a 99/100. Great job guys,5,0,,2023-11-28 16:23:59,,,,edu2668,com.qianfan.aihomework
46b9d1cc-069c-4bd1-9eff-562c288dedea,get it online college must have,5,0,1.10.2,2022-06-05 23:31:39,Thank you for your feedback! We are happy that you enjoy our app. Check back for more updates later!,2022-06-13 02:07:00,1.10.2,edu63852,com.education.android.h.intelligence
dc12805b-e852-458b-80bb-82735be7c32d,can solve any math question and many more subjects,5,0,1.50.0,2024-07-29 12:59:51,,,1.50.0,edu41471,com.education.android.h.intelligence
d44bbc1f-662f-46f9-8bda-4833e268ec9a,Most of the question answers are wrong,1,0,1.44.1,2024-04-26 15:39:29,Hello Your problem needs more detailed examination. Please report it to our technical support team at support@gauthmath.com. We are always looking to help our users.,2024-04-27 05:46:42,1.44.1,edu50231,com.education.android.h.intelligence
73239957-4764-4457-9a28-fbe91b11a3ac,very helpful app. I can't even explain how helpful this app is,5,0,1.54.0,2024-09-14 08:28:11,Thank you so much for the love! We're thrilled to hear that you find our app super helpful. Keep rocking your studies with Gauth!,2024-09-14 08:30:12,1.54.0,edu35335,com.education.android.h.intelligence
21aadb45-6bd1-403d-9175-41cfb2e41e9f,So helpful app all the answers that I need I just search it then it well gave you the answer that you want,5,0,2.8.4,2024-08-14 09:46:27,,,2.8.4,edu745,com.qianfan.aihomework
c2c1d347-0b1e-416f-9ae5-285b7d2a6598,I give 1 star on this app this app helps at first but it keeps updating so when it's done updating I open it but when I start my homework it doesn't work anymore please help me,1,1,1.6.2,2022-03-06 07:22:44,,,1.6.2,edu44080,com.education.android.h.intelligence
c567f478-8be0-4195-9f3a-febcc512e69d,Alot of adds and incorrect answer if you take one word to enter alot of adds and so very long adds and the answer is incorrect is good if long adds but the answer is correct but is incorrect,1,1,2.8.6,2024-08-14 05:10:41,,,2.8.6,edu224,com.qianfan.aihomework
1096f6d8-ce81-4ae9-b9ad-8ed41d85345f,I'll give this rate a 5 because every tutor has a beautiful answer and a clear explanation but sometimes the explanation is unclear that i cant understand.I gave a 5 star because this is the app that can give you a right answer unlike the other apps(sorry for my grammar).,5,11,1.9.0,2022-05-04 21:59:47,,,1.9.0,edu34811,com.education.android.h.intelligence
3ccb5fb8-6d16-4b25-8f09-3bc38bf5bdd5,very good app for maths students,5,0,1.16.0,2022-12-21 05:48:08,,,1.16.0,edu53993,com.education.android.h.intelligence
73d1165f-9e2d-457b-84f9-632cfee27336,App is great and I love the 40 free trials a day. Downloaded it on a whimp to help with my assignment but ended up getting a good bargain also recommended it to friends and coursemates and they love it really deserves a five star review because it helps with my maths questions. Thanks alot Question AI.,5,3,2.8.2,2024-08-06 17:44:09,We value your product feedback and will take it seriously.,2024-08-07 01:57:28,2.8.2,edu69,com.qianfan.aihomework
5406cda5-c59e-40b6-b4c4-a5e491d0b324,It's only the first answer that is correct! Why so? When the questions are many it can't give accurate answers!,4,0,2.8.2,2024-08-02 23:45:55,,,2.8.2,edu563,com.qianfan.aihomework
a82b64e6-c4f0-448a-949b-1168ed0afa46,It help to do my work get the app,5,0,2.6.1,2024-09-11 17:22:13,,,2.6.1,edu90612,com.cyberdavinci.gptkeyboard
c8ff51f9-fa95-4604-8f4f-a232c80412b9,Suprisely I found this app.It is very helpful to us .,4,0,,2022-06-12 06:55:53,,,,edu60855,com.education.android.h.intelligence
a68bdc41-bca9-4fa4-af33-d7927c34e4a1,It helps me so much in math when I am struggling,5,0,1.17.0,2023-02-16 18:31:44,,,1.17.0,edu55145,com.education.android.h.intelligence
05e6f8fb-9208-45bf-a0e2-ea505504eabc,It's so nice and perfect answer this is the legit math solving,5,0,1.32.0,2023-10-05 05:26:12,,,1.32.0,edu52972,com.education.android.h.intelligence
535e5f19-dc9a-4ad7-bede-20db8357e8ee,I really like this app it can help you answer your questions It really helps a lot. I recommend this app.,5,0,1.6.2,2022-02-19 23:41:26,,,1.6.2,edu49328,com.education.android.h.intelligence
8918583e-eeb1-47c1-a9c1-3de9b10c4b6b,It's a good app to use for homework or anything to help understand more. Although the upgrades have been a bit bugged and that's about it.,4,0,2.3.0,2024-04-26 13:33:44,,,2.3.0,edu648,com.qianfan.aihomework
92bc642b-5b9b-4935-b776-f122355e1ff5,I love this app. It works perfectly well with any questions you may have.,5,0,1.42.1,2024-03-27 12:35:06,Thanks for your review! Please recommend our app to your friends and dont hesitate to shoot us a note at support@gauthmath.com if you have any questions.,2024-03-28 02:19:02,1.42.1,edu52540,com.education.android.h.intelligence
200c81fa-19ed-4606-9f4e-eab1d2aed9e1,Has been a good go2 app for me,4,0,2.4.8,2024-05-16 03:17:46,Hi Jennive thank you for your feedback! We're glad to hear that answer.ai has been helpful for you and your go2 app. Would you consider updating your rating to reflect your positive experience? Your support means a lot to us!,2024-05-27 13:14:19,2.4.8,edu92256,com.cyberdavinci.gptkeyboard
5d19b50d-7d8a-49ad-8063-2ef0bf728cf2,It is very helpful for me as a student. Thank you very much!!,5,0,1.45.0,2024-05-14 09:45:07,,,1.45.0,edu38437,com.education.android.h.intelligence
bbd1c456-f579-4fa1-a3e0-800c49f5098f,great app easy to use free and a great homework helper,5,0,1.16.0,2022-12-14 11:08:29,,,1.16.0,edu47832,com.education.android.h.intelligence
0b75f932-6a3c-4fce-813f-79737d684d4a,It would be better to watch ads to solve a singular question instead of only 2 questions and being left with the only option to pay for it,1,0,,2022-10-25 14:39:28,,,,edu44457,com.education.android.h.intelligence
78318a9a-9ca7-47e6-9a4a-690abc79fb79,Too slow to download,5,0,,2024-02-06 16:37:49,,,,edu12869,com.qianfan.aihomework
3a239e47-932c-4274-8150-18d879451bfa,its the best ixl answer key will be using in class when ixl comes up download thid app rn!!!!,5,0,,2024-08-21 19:16:47,Thanks for the positive feedback! We're thrilled to hear you find Gauth helpful in class. Keep up the great work! Let us know if you need any assistance.,2024-08-21 22:01:15,,edu51229,com.education.android.h.intelligence
c0e85e40-5fde-4cc3-a5f9-34578bfea47c,It's amazing but it won't show the answer sometimes,3,0,1.31.1,2023-09-17 01:26:56,,,1.31.1,edu54221,com.education.android.h.intelligence
146bb250-5b66-495d-909c-a3c59dc2f9bb,This is so helpful to your homework install na gooo,5,0,2.8.0,2024-07-29 09:43:00,,,2.8.0,edu18451,com.qianfan.aihomework
b2269c0f-701b-4d09-a181-4ee59b91e4b2,cannot even give pictures of diagrams,1,0,1.51.0,2024-08-07 10:28:47,We apologize for the inconvenience. You can find step-by-step solutions with diagrams in the explain feature. For further assistance contact us at .,2024-08-07 19:02:04,1.51.0,edu35826,com.education.android.h.intelligence
f00e59c1-39ea-4cac-a18b-003399076592,Worst app ever. Plz stop giving silly adds which automatically force installs the app then you try to remove the add. Plz stop using such cheap tactic,1,1,1.55.1,2024-09-26 13:01:32,We're truly sorry to hear about your experience. We take your feedback seriously and are working to improve. Please email us at support@gauthmath.com with more details.,2024-09-26 15:01:27,1.55.1,edu30897,com.education.android.h.intelligence
8c8d5aed-4d55-4f38-bcc1-6b21d1be0aea,I really like this app I'm glad I downloaded it.,5,0,2.1.4,2024-03-19 16:38:46,,,2.1.4,edu11302,com.qianfan.aihomework
65310727-e917-40d2-86c2-70937caae351,This app is perfect for students:>,5,0,2.1.0,2024-02-15 01:29:27,,,2.1.0,edu9466,com.qianfan.aihomework
1b846ff1-15a9-42b8-92ca-ca5b3db770db,Fricking awesome man this is like the best of the best math ai's I've ever had! :D It explains everything clearly and understandably really going to help me learn the subjects that am not quiet fund in calculus and physics :3 Again this is really cool no more i have to go to yt and spend hours on somethimes that can be thought to me in just a few seconds!!!! :>,5,7,2.0.4,2024-01-22 04:18:20,,,2.0.4,edu1022,com.qianfan.aihomework
7f40e191-2484-4669-baba-4f50ddf2d92a,This is the best app ever So educative Nice one guyz Really appreciate your good work,5,0,1.7.0,2023-10-09 13:10:49,,,1.7.0,edu9563,com.qianfan.aihomework
09c81ece-70b7-491f-8f85-2659e00ada2b,thank the Lord this exists,5,0,1.39.0,2024-02-26 11:23:47,Thanks for your review! Please recommend our app to your friends and dont hesitate to shoot us a note at feedback@gauthmath.com if you have any questions.,2024-02-26 22:26:30,1.39.0,edu70091,com.education.android.h.intelligence
8ed6d8c1-5b41-4faa-b90a-c5b0ad69bf6f,Very convenient and easy to access,5,0,2.1.4,2024-03-05 11:40:02,,,2.1.4,edu7172,com.qianfan.aihomework
765bbe82-f083-4e11-8cda-4c27861d12a5,I really love this Gauth App It helps me about my academics. Try this App it will help you study's more.,5,0,1.56.0,2024-10-03 02:08:17,Thank you so much for the love! Were thrilled to hear that Gauth is helping you with your studies. Keep rocking those academics and happy learning!,2024-10-03 02:15:14,1.56.0,edu31255,com.education.android.h.intelligence
f7294197-8722-4c14-9ec6-76900bcb658c,this was the best ai quiz solver EVER!,5,0,1.8.0,2023-05-21 03:15:27,,,1.8.0,edu93785,com.cyberdavinci.gptkeyboard
0b3f53cb-25c7-4d95-9d0b-54b9aaf9dbc6,It helps me sooooo! much I am goon used this app forever,5,0,2.1.0,2024-02-16 13:42:50,,,2.1.0,edu11619,com.qianfan.aihomework
1bd468a5-ef6e-4c50-9c73-ad2f10724343,The best Ai tool I've used. It's insanely the best thing right now. 100% recommended. This is not a joke.,5,0,1.7.0,2023-10-16 05:27:46,,,1.7.0,edu7687,com.qianfan.aihomework
054897cd-1f70-4c84-a123-6b1a522996e2,it is really nice and helpful,5,0,1.17.0,2023-01-18 14:52:24,,,1.17.0,edu62128,com.education.android.h.intelligence
ed2bb918-8ede-436d-a416-ea70afe80d7a,you can't use this while taking exams I have a ticket and ask for a tutor It's been a hour the tutor is still solving the question.,1,12,1.6.0,2022-02-04 08:07:32,,,1.6.0,edu44737,com.education.android.h.intelligence
35ff5c4b-f967-42b5-938c-608e3d8b0d51,I tried it just to make sure its legitimacy. This is superb!!! I cant believe this kind of app is existing! This makes life easier!,5,0,1.13.2,2022-09-07 13:50:43,,,1.13.2,edu53876,com.education.android.h.intelligence
82d123af-fc7d-4aec-a799-a410c338337c,this apps can help your questions,5,0,1.39.0,2024-02-28 03:25:21,,,1.39.0,edu65388,com.education.android.h.intelligence
dbae9b5a-c5ee-4af6-af04-abb0651f7c60,the explanation is super clear this is helpfull thank you.,5,0,1.54.0,2024-09-08 11:44:38,We're glad you find our explanations helpful! Thanks for the positive feedback. Happy studying!,2024-09-08 12:00:45,1.54.0,edu34556,com.education.android.h.intelligence
bd5f587c-6384-4939-bf5d-b6149815a8db,Nice app but there should be a write option as well so that we can explain our questions properly. Thanks,5,0,1.46.0,2024-05-30 07:59:50,Thank you for the feedback! We appreciate your suggestion for a write option. Stay tuned for future updates and keep enjoying Gauth!,2024-05-30 10:02:05,1.46.0,edu36513,com.education.android.h.intelligence
b9241deb-d197-4415-b578-9bf9c5f7354b,Saving my high school career whenever I get stuck with crummy teachers. I can sit by myself in 3 the morning and ai can reteach my entire lesson.,5,0,2.0.4,2024-02-05 03:33:39,,,2.0.4,edu9730,com.qianfan.aihomework
6295b47a-76f3-42d7-b2ce-f4d10563c626,it helped me a lot through gr.4-6!when i don't understand the lessons,5,0,2.8.2,2024-08-08 07:05:17,,,2.8.2,edu786,com.qianfan.aihomework
fa54fd35-ec53-4785-8bda-a83cbb63c888,it's a great app for mathematics try it and see for yourself,5,0,1.18.0,2023-03-05 07:12:51,,,1.18.0,edu52844,com.education.android.h.intelligence
bcf4864e-51d8-421b-a59c-3c97b0dcc0b2,super nakakatulong sa mga lessons,5,0,1.42.1,2024-04-21 00:20:59,,,1.42.1,edu80371,com.education.android.h.intelligence
b844c35d-5083-4138-b186-c876d0d046cc,keep giving and repeating the wrong answers. It sucks fix it.,1,0,1.54.0,2024-09-02 02:06:51,We apologize for the inconvenience. Please provide more details to support@gauthmath.com so we can assist you better. Thank you for your feedback.,2024-09-02 03:00:19,1.54.0,edu32034,com.education.android.h.intelligence
e375be86-75de-47d1-b866-fc1860469ce6,It is realy nice but wen am using it the answer that gave me is not on the book,4,0,1.17.0,2023-02-06 21:35:57,,,1.17.0,edu58023,com.education.android.h.intelligence
f7f0efb9-f5db-4759-b029-8148f7215a76,this app is the best it helps me with my school homework,5,0,1.18.0,2023-02-28 05:24:34,,,1.18.0,edu54496,com.education.android.h.intelligence
1f3616c2-673a-416c-8213-8935fb0b3629,Not helping at all And if you want to see the answer you need to pay. I dont even understand people make this to help others with math but this app not helping at all,1,2,,2023-10-26 15:14:33,,,,edu40747,com.education.android.h.intelligence
014632bf-87e1-4c37-97f0-41cf9d897692,recommended by Professor micah,5,0,1.46.0,2024-05-26 09:09:30,,,1.46.0,edu66292,com.education.android.h.intelligence
987dcfed-29a3-4640-9476-1f174da13561,It stops working after about 6 to 7 tries and doesn't allow you to have more than 10 trys even though it'll give you 30 in the beginning.,1,4,1.8.0,2023-05-29 13:42:29,,,1.8.0,edu90290,com.cyberdavinci.gptkeyboard
0de8389a-f5ae-4e0b-9405-172de597ca77,so it all started with a jaden Williams video and when i saw it i knew i had to download it. after i download it it helped me with my homework and i could relax!,5,0,1.39.0,2024-02-08 18:30:51,,,1.39.0,edu44134,com.education.android.h.intelligence
ee7409ad-bd2c-41d6-bdcc-f003c9defa41,this is a great app if you don't understand any questions just use Gauth,5,0,1.39.0,2024-02-18 10:02:38,,,1.39.0,edu57629,com.education.android.h.intelligence
bd9fc9fe-dc4e-4c5d-8174-39ea5ffc9fe5,This app is very useful it has helped me with my studies Big up to the makers,5,0,1.9.8,2023-11-28 14:09:42,,,1.9.8,edu8199,com.qianfan.aihomework
0eca74ee-5557-4783-8cb2-b21009d6bc37,Gives me every answer,4,0,2.5.9,2024-08-20 21:08:28,Hi Christian thank you for your feedback! Were thrilled to hear that Answer.AI has been helpful in providing answers for you. If you have any suggestions for improvement or specific features you'd like to see feel free to let us know. And dont forget to join our Discord community for more tips perks uptades support and moree!,2024-08-21 09:04:59,2.5.9,edu93647,com.cyberdavinci.gptkeyboard
356fdf84-f414-4f14-bb7b-4f7824902534,Soo good I've been getting such good grades,5,0,2.3.0,2024-04-29 15:05:00,,,2.3.0,edu6879,com.qianfan.aihomework
cf708a5e-679c-4f78-bbee-6093bc9d6541,is is great for any student who dificult assignment but i recommend to remove the ticket of being annoying ads,5,1,1.9.07,2024-08-30 06:00:41,,,1.9.07,edu102397,br.com.iastudio.ajudaai
36e8182c-b382-4e34-b113-fa7d940d7a7f,The app is amazing it helps with all kind of work English math physics chemistry even Biology. The only cache is that if you want a tutorial you have to pay bur T other than that the app is great,4,0,,2024-01-03 11:27:33,,,,edu37150,com.education.android.h.intelligence
a42f8e8c-4153-426a-a412-90811e071a1c,Helps a lot! 10/10! Totally recommend!,5,0,1.39.0,2024-02-15 19:03:18,,,1.39.0,edu55693,com.education.android.h.intelligence
b053f0a4-89fb-4f13-a2db-ef04a4c282d0,Great for learning and explains everything thoroughly. But there are some questions that are not on the app,4,0,1.16.0,2022-12-24 09:18:21,,,1.16.0,edu44597,com.education.android.h.intelligence
7ad972d9-9083-48b9-81df-31f54d41d91a,Lovw this bit need to give more energy not js a starter of 5,5,0,2.4.8,2024-05-13 04:42:56,,,2.4.8,edu91940,com.cyberdavinci.gptkeyboard
dab03b63-4f63-4ad1-a517-32a3b76cdda2,This made my school life a bit easier!! i love it And it doesnt have restrictions and the ads are limited and isnt annoying much and it made my school life a bit smoother.,5,16,2.8.8,2024-08-22 04:28:53,,,2.8.8,edu122,com.qianfan.aihomework
3e6d4f3c-299d-4da6-a55e-5bc9ceb5068f,it's good it help you with the answer,5,0,1.36.2,2024-01-17 16:51:59,,,1.36.2,edu58935,com.education.android.h.intelligence
40bd2d59-92b9-4efb-8ca7-5f42f303326a,Well I am good with the app and disappointed. We have to pay for tutors and GPT shows wrong answers. But hey it works alittle bit,3,0,1.33.0,2023-10-29 01:46:36,,,1.33.0,edu44913,com.education.android.h.intelligence
dda801e1-ab3f-4ecf-ada6-99186ff79042,thank's to this app my maths grades are getting better. THANK YOUUUU!!,5,0,1.17.0,2023-01-25 14:04:41,,,1.17.0,edu54649,com.education.android.h.intelligence
7e6a3bac-551d-4d72-86d4-ff29414fa24a,This app is very good but sometimes it gives wrong answer,4,0,2.6.2,2024-06-18 20:55:43,,,2.6.2,edu4195,com.qianfan.aihomework
be650dea-6045-4fd3-bae4-636065bc2db3,this app helped me understand what I was doing wrong with work and helped me figure out just how to do the problems I was not understanding highly recommended.,5,0,1.54.0,2024-09-11 22:28:51,We're so glad to hear that our app helped you understand your work better! Your recommendation means a lot to us. Keep shining and happy learning!,2024-09-11 23:00:38,1.54.0,edu30258,com.education.android.h.intelligence
cc23fb56-12a4-4d51-b905-10d1b3c6277b,I love it so much when I'm late for homework I have this I'm so happy I have this app would definitely recommend it generates so fast and it gives me the exact right answers 10/10,5,0,1.55.1,2024-10-01 01:20:40,We're thrilled to hear that you're finding Gauth so helpful! It's great that it's assisting you with your homework efficiently. Keep up the good work!,2024-10-01 01:30:19,1.55.1,edu30160,com.education.android.h.intelligence
692e2c69-35a6-4cf2-97bd-d33f02e2804b,it's free to use an you get unlimited answers,5,0,1.54.0,2024-09-12 09:07:06,Thanks for the positive feedback! We're glad you're enjoying the unlimited answers feature. Keep practicing and learning with Gauth!,2024-09-12 10:00:30,1.54.0,edu35381,com.education.android.h.intelligence
d242dd9e-7e58-47b7-9854-cf26ee0fad9e,Gauth is the best ai work helper it has all the answers,5,0,1.56.0,2024-10-03 11:29:20,Thank you so much for your kind words! We're thrilled to hear that Gauth is helping you with all your work. Keep shining and studying hard!,2024-10-03 11:30:29,1.56.0,edu35936,com.education.android.h.intelligence
298df8eb-94c1-4f92-9712-818d55ec6890,Good for students in economics maths chemistry and many more,5,0,1.51.0,2024-08-17 08:30:49,We're thrilled to hear that you find Gauth helpful for multiple subjects like economics maths and chemistry! Keep up the great work!,2024-08-17 10:00:39,1.51.0,edu35627,com.education.android.h.intelligence
b888ef8f-1add-4344-9c44-f76fadd9b94c,nice app to help my math modules,5,0,1.42.1,2024-04-19 21:02:29,,,1.42.1,edu52483,com.education.android.h.intelligence
d32a7766-0a7f-4ed1-a85d-b883c735f5ed,Bad update. All the answers are wrong. Last year was better because I can easily understand them and the answers were correct. I will definitely uninstall this now. It won't help me anymore. I don't recommend this app you will get failed your grades in math.,1,16,1.5.8,2022-01-09 10:01:03,,,1.5.8,edu34503,com.education.android.h.intelligence
3198bfdd-8880-4f71-8eef-9bd3dd99f499,This actually work and this app is really helpful,5,0,2.4.0,2024-05-15 04:23:56,,,2.4.0,edu4571,com.qianfan.aihomework
1bad5772-94c6-4f9b-ab48-7a8daf42f2c5,It's really a reliable app,5,0,2.7.6,2024-07-20 12:14:13,,,2.7.6,edu2074,com.qianfan.aihomework
fb9fb494-43c6-41d4-93eb-13282a52ca29,I never have to open a text book EVER AGAIN. This is the certified best app for all my assignments maths and other subject that idrc abt. (in form 2 or grade 8 depending on where ur from),5,1,1.56.0,2024-10-07 19:35:59,We're thrilled to hear that Gauth has been so helpful with your assignments! Keep up the great work and make learning fun!,2024-10-07 19:45:28,1.56.0,edu29570,com.education.android.h.intelligence
f4883ced-8179-4286-b24e-0b96abde80be,Awesome! Helps me so much when I check my answers,5,0,1.9.11,2023-12-11 10:39:20,,,1.9.11,edu10430,com.qianfan.aihomework
5225f581-b953-4ecd-ae6c-c459a75fd6d8,This app is always be there to help me as a student i have so many homework and activities and this app is always there to assist to guide and also it can helps you to asnwer your activities.,5,3,1.8.9,2023-11-01 22:18:53,,,1.8.9,edu2537,com.qianfan.aihomework
e3bca5ce-fc35-42de-b4cf-b655dacad9a6,very useful for me to get work done,5,0,1.45.0,2024-05-14 02:15:38,Dear User thank you very much for sharing your valuable & useful feedback. If you have other feedback or suggestions please write to us at support@gauthmath.com. We would love to hear from you!,2024-05-14 04:16:00,1.45.0,edu45953,com.education.android.h.intelligence
2b13d6ad-08db-47c6-b90d-559c248f90c5,Thank you for this app i just finished my homework and is really helping me,5,0,1.5.1,2023-09-09 13:17:18,,,1.5.1,edu8981,com.qianfan.aihomework
75f78490-dc55-4087-92f1-a16a80bd9330,Best AI I have ever come across. Keep it up.,5,0,1.5.1,2023-08-29 01:45:36,,,1.5.1,edu8680,com.qianfan.aihomework
f3075c91-5579-44be-b0bd-3da7483fe644,It's very useful and it helps me answer my assignments,5,0,1.6.3,2023-10-03 07:02:18,,,1.6.3,edu8565,com.qianfan.aihomework
b8822dfc-f217-4036-b9c3-fba46882acae,Amazing for helping me in algebra 2,5,0,2.0.2,2024-02-06 14:47:48,,,2.0.2,edu12316,com.qianfan.aihomework
29d2963e-f2b9-47ea-ae03-54c860d8944c,This app keeps giving me the wrong answers/methods,1,0,1.50.0,2024-07-29 09:20:13,,,1.50.0,edu48425,com.education.android.h.intelligence
2f9660cc-c9bd-4bd0-bc93-c8f75a98e700,The app very expensive to afford,1,0,2.2.2,2024-07-08 12:02:33,,,2.2.2,edu11765,com.qianfan.aihomework
fe953690-656b-4389-8f13-829bfe701631,this actually helps me out,5,0,1.36.2,2024-01-18 19:06:49,,,1.36.2,edu65000,com.education.android.h.intelligence
680adcf9-be89-467c-b8a9-2a11e4af6c4a,omg it is a lifesaver thank you God,5,0,1.40.0,2024-03-02 03:55:01,,,1.40.0,edu65416,com.education.android.h.intelligence
0ea2b5f2-9cb8-4d26-aaf5-dc73a3219a33,helped me with tones of homework and questions. it has really good explanations and it explains the details and everything in a way that can be understood well,5,0,,2023-12-14 09:58:57,,,,edu2394,com.qianfan.aihomework
1d194f2d-5464-4287-a2d9-47d3bc6a9469,This app is not good too many ads and not giving the perfect answers don't install this app again.,1,0,2.4.0,2024-08-14 00:40:13,Your product feedback is much appreciated. We will consider it seriously.,2024-08-14 03:09:32,2.4.0,edu1130,com.qianfan.aihomework
fc641676-a2d7-4b94-974a-4353651a5d6d,"Definitely not in the terms of "" 7 top free"" you have to actually buy a subscription from them just to get some simple answers you can find from somewhere else you don't even give the person a chance to breathe to just see a 3 day trial not everyone has money to buy your subscriptions.",1,0,,2023-09-18 16:49:17,,,,edu34447,com.education.android.h.intelligence
1b7fd7d6-4814-4d36-9253-96b13af52560,Very good it helps with work and explains it step by step,5,0,1.9.16,2024-01-05 11:03:28,,,1.9.16,edu8087,com.qianfan.aihomework
48423ecf-e4a5-4c17-8d6f-aff04b4f272f,it help me have good grades on my homework!,5,0,1.55.1,2024-09-22 16:24:29,Thanks a bunch for your awesome review! We're thrilled to hear that Gauth is helping you ace your homework. Keep up the great work!,2024-09-22 16:30:14,1.55.1,edu35581,com.education.android.h.intelligence
964bc2ab-2e0e-4d6d-9b18-639477faced4,it helps but so much but I have to check them myself after,3,0,1.45.0,2024-06-06 15:05:30,We appreciate your feedback. We're constantly improving to make checking easier for you. Keep using Gauth for more efficient learning!,2024-06-06 19:00:50,1.45.0,edu46181,com.education.android.h.intelligence
1bbbcb56-c736-4d95-bbf4-8f114c3ccdd3,it helps to study,5,0,2.5.1,2024-05-29 05:19:20,,,2.5.1,edu6800,com.qianfan.aihomework
8b265a88-313c-41ae-b406-2f731ad2f8cb,I love this app! Helps me so much to understand and takes the stress right away!,5,1,2.2.4,2023-11-13 07:29:52,We're happy to know that our app is helping you and relieving stress! Your well-being is important and we're here to support you in your learning journey. Thank you for using our app and please share with your friends!,2023-11-16 15:55:42,2.2.4,edu91192,com.cyberdavinci.gptkeyboard
690a088d-acd4-4660-9602-eea29ca9e2c2,This app is wonderful you should download it for me i dont have any problems using this app,5,0,1.6.0,2023-05-11 08:08:16,,,1.6.0,edu92737,com.cyberdavinci.gptkeyboard
3e42de77-d366-4127-99d7-90c21283edac,It works really well actually! I thought it wouldn't be that easy to use either,5,0,1.54.0,2024-09-18 05:39:02,Thanks for your support! We're glad you find Gauth user-friendly. Keep enjoying the app and let us know if you need any help!,2024-09-18 06:00:15,1.54.0,edu31649,com.education.android.h.intelligence
4719897c-604a-4fcc-a928-a6113b05ee81,It helps me alot with every promblem. SOOO helpuful.,5,0,2.8.8,2024-08-23 00:45:20,Your positive feedback is the best gift for us and we will cherish it in our hearts.,2024-08-23 02:30:01,2.8.8,edu1415,com.qianfan.aihomework
cdbf02cb-b00a-4875-a3d5-7ee6c0ed2129,Doesn't even let me get past the login screen keeps saying login failed.,1,1,2.1.1,2023-08-24 08:08:33,Could you contact us at support@gptkeyboard.app so we can help you? We would love to!,2023-08-24 16:43:07,2.1.1,edu91448,com.cyberdavinci.gptkeyboard
f4c450cb-b8e1-4516-9136-e09ea4a50dea,it's so good and more when you pay omg,5,0,1.22.0,2023-05-02 17:51:09,,,1.22.0,edu58768,com.education.android.h.intelligence
29eb7ca2-a6d8-42a0-9f59-a9017ad9a14a,whoever thought of this is a genius!,5,0,1.42.1,2024-03-26 14:51:21,,,1.42.1,edu67705,com.education.android.h.intelligence
eeaa32b1-e4b9-48e9-8788-820af5f97202,Very helpful for word problems that other apps fail to solve.,5,0,2.7.6,2024-07-24 23:15:26,,,2.7.6,edu717,com.qianfan.aihomework
872c014e-f1ab-4af1-a1b2-6dd9efe277a0,I think everyone should find this app because it's very very good it makes you improve everything you need I've learnt a lot and how it solve is very good you can learn many things in this app,5,0,1.56.0,2024-10-07 17:37:12,Thank you for sharing your positive experience! We're glad to hear how much you've learned and improved with Gauth. Keep exploring and learning more!,2024-10-07 17:45:28,1.56.0,edu29789,com.education.android.h.intelligence
af7d621f-08e2-469e-aba0-d87d9e510eeb,It's Great for helping with homework and Essays,5,0,1.55.1,2024-09-30 12:13:09,Thanks for the awesome feedback! Were thrilled to hear that our app is helping you with homework and essays. Keep up the great work!,2024-09-30 12:15:14,1.55.1,edu32472,com.education.android.h.intelligence
bdfcb1a4-7771-44a1-8012-472886cd799c,It help me alot l!!,5,0,2.2.2,2024-04-06 19:29:54,,,2.2.2,edu21408,com.qianfan.aihomework
b99fa45d-a26c-4c50-b2e8-59930e5de4a1,This app is dumb it only did 2 word problems for me a d have me the wrong answer the second time then after that they wanted me to have an subscription like what bruh,1,2,1.20.1,2023-04-07 10:21:49,,,1.20.1,edu44705,com.education.android.h.intelligence
cdd45fd3-37f6-4b72-ada5-4d703cbecdc5,getting A in math now,5,0,1.39.0,2024-02-21 02:33:59,,,1.39.0,edu69816,com.education.android.h.intelligence
929f834f-f0ab-4723-aef0-44ab56bf0dbe,Nice app but it should have geography feature also. it doesn't detect geography. Although all features are working nicely.,4,1,1.46.0,2024-05-26 22:39:00,,,1.46.0,edu32219,com.education.android.h.intelligence
a4fdc23c-5f51-4188-aef8-646723109931,I Could Finally Get My Work Done,5,0,1.41.1,2024-03-11 16:09:40,That's fantastic to hear! So glad the app is helping you efficiently tackle your work. Keep up the amazing progress!,2024-03-12 03:01:31,1.41.1,edu69559,com.education.android.h.intelligence
d3c4c182-dec7-4b1e-b15d-860a19cfa99b,Honestly amazing and super easy to use. Can explain things and you can take a pic of your paper to answer questions,5,0,2.0.0,2024-01-25 00:35:24,,,2.0.0,edu2616,com.qianfan.aihomework
d0fd843a-5542-4283-8781-ef126c9ef5d6,There is something wrong about this app when I say 1+1 it keep answering me about English essay I think Its a bug I broke the system (sorry for my bad english),5,0,2.3.0,2024-05-05 00:15:00,,,2.3.0,edu1610,com.qianfan.aihomework
6f5f51c7-d6b3-4fe7-a93a-487160ee5c00,It's a very good app. I recommend this for any student that want to pass any exam,5,0,1.47.0,2024-06-24 05:14:50,We're glad to hear you're enjoying Gauth! Keep up the great work studying you got this!,2024-06-24 07:00:16,1.47.0,edu36473,com.education.android.h.intelligence
4ecbbeef-86e2-496b-aa7d-37cb6688c5ce,Always says network error. Waste of storage and time installing this app,1,0,,2022-02-16 00:34:43,,,,edu47128,com.education.android.h.intelligence
dbd8cccd-9911-4b45-8cdc-0cd73576fc6a,It seems like a pretty good app might seem a bit confusing at first but you get used to it.,5,0,1.41.1,2024-03-20 00:33:30,Can you please share which features you find difficult to use? Please contact us at support@gauthmath.com.,2024-03-20 03:45:50,1.41.1,edu47417,com.education.android.h.intelligence
89150834-5c54-4c6c-9c55-406207b16079,For algebra this app is kinda trash. Only half the time it gives me the correct answer. 2 stars deserved!!!,2,0,2.3.0,2024-04-27 15:35:28,,,2.3.0,edu943,com.qianfan.aihomework
ac687eeb-1e11-403d-8a9d-2607b1673733,This is a very good app to help me with my math and history without have to put much effort.,5,1,1.45.0,2024-05-15 19:25:13,We are pleased that you enjoyed the app. If there is anything we can do for you just let us know at support@gauthmath.com! Have a wonderful day!,2024-05-18 05:58:16,1.45.0,edu35483,com.education.android.h.intelligence
47b5046a-e570-49a8-a66c-647a1cb14867,It is the best for studying it helps in all subjects,5,0,1.42.1,2024-04-15 21:14:43,Awesome to hear that! Thanks for letting us know you're acing it across subjects. Keep up the great study vibes!,2024-04-15 23:41:09,1.42.1,edu48780,com.education.android.h.intelligence
7acf09d3-295d-472b-98a6-41a2b532c808,The is no more working as students helper because of money and more over you can not pay the money through momo.,1,0,1.13.2,2022-10-08 06:04:59,,,1.13.2,edu54940,com.education.android.h.intelligence
e153236b-da4e-4186-af23-6e5b3357526f,I love this app if helps a lot of my home works.We'll highly recommend this app especially for online learning activities.,5,0,1.5.1,2023-09-11 01:00:26,,,1.5.1,edu4777,com.qianfan.aihomework
781530b5-234b-4931-9329-779be38c752c,"This app is ok for a little bit but than when you scan the questions for the answer it usually need the trial to tell you the answer and sometimes just said ""we are figuring out this questions"" which never happenes but some questions work",2,1,1.16.0,2022-12-27 20:05:29,,,1.16.0,edu40419,com.education.android.h.intelligence
61d0134a-0410-426c-971a-532872b36718,It helped me with all my homework. And now I have all a,5,0,1.54.0,2024-09-12 20:33:16,We're thrilled to hear that Gauth has been a big help with your homework! Keep up the great work!,2024-09-12 21:00:40,1.54.0,edu41117,com.education.android.h.intelligence
226b88e1-35fe-4a85-aa5f-dd969be33933,This app is fake I used it and g gave it to my teacher and he said it was all wrong,1,1,1.56.0,2024-10-02 18:35:36,We sincerely apologize for your experience and understand your concerns. We take accuracy seriously and appreciate your feedback. Please share more details with us at support@gauthmath.com so we can assist further.,2024-10-02 18:45:17,1.56.0,edu33753,com.education.android.h.intelligence
6f4be854-4035-4403-b695-e9a6a581d43f,It helps with school when I don't understand,5,0,,2024-01-11 02:30:33,,,,edu11487,com.qianfan.aihomework
4023d45d-15f2-451c-a095-f37e437e585a,this app is pretty and easy to use,5,0,1.14.0,2022-10-12 00:19:19,,,1.14.0,edu60005,com.education.android.h.intelligence
bc5ed64d-eb4a-496c-8d1f-ef963ed427a3,This app it awesome it has helped me so much with any subject. Homework is so easy now. But the coolest thing is that after it gives u the answer there's also an explanation so u know how u got your answer. This app very recommended,5,0,1.54.0,2024-09-16 19:41:44,We're thrilled to hear that Gauth has been a great help to you! Our explanations are here to help you understand better. Keep up the good work!,2024-09-16 20:00:34,1.54.0,edu74367,com.education.android.h.intelligence
9ce9e70a-477b-4c65-a7bc-9301e69643d2,Why i cant search i cannot tap it bro,3,0,1.5.2,2023-04-20 00:13:50,,,1.5.2,edu94152,com.cyberdavinci.gptkeyboard
86992f89-f212-4d12-a7a3-502325c8711c,it really help me to get answers of difficult maths problems,5,1,1.38.1,2024-01-31 03:25:03,,,1.38.1,edu51618,com.education.android.h.intelligence
df0e5916-17a5-4bc6-b498-5fa5e1e6093b,This really helps me learn This means a lot because I'm not smart,5,0,2.1.0,2024-02-09 17:19:18,,,2.1.0,edu8236,com.qianfan.aihomework
2b57c8d1-6ae3-45da-b016-44aed83acd87,the most helpful app I've used explains every question very well and has helped me understand everything better.,5,0,1.56.0,2024-10-06 00:24:25,Thank you for your kind words! We're thrilled to hear that Gauth has been helpful for you. Keep up the great work!,2024-10-06 00:30:14,1.56.0,edu30301,com.education.android.h.intelligence
d90023cd-5524-4bf6-998e-cc23b45f1c64,App sucks need ticket for what need money get the hell out of here,1,0,,2022-03-09 12:35:41,,,,edu60854,com.education.android.h.intelligence
dcee61ca-5fcb-4fc7-8c15-c26a700aa8fa,It really helps me,5,0,,2022-12-08 05:51:51,,,,edu65901,com.education.android.h.intelligence
e1c0123f-ab3a-4019-b269-32ded449956d,I really like this app. It always help my math problems.,5,0,1.32.0,2023-10-02 12:26:12,,,1.32.0,edu51776,com.education.android.h.intelligence
7453e46c-226f-443a-9a73-97083a143bce,Cant solve pre calculus properly. I already gave correct answers and its still trying to prove me wrong. I know im correct because i used multiple apps to find out if im correct and this app is still not doing it correctly.,1,3,,2023-09-30 05:44:39,,,,edu2527,com.qianfan.aihomework
f4961aef-47c0-4ea2-897a-615dc0b47337,so good .helping my homework,5,0,1.16.0,2023-01-08 02:42:52,,,1.16.0,edu67816,com.education.android.h.intelligence
4124bc48-b19e-46fd-8ac0-6708ae3de8b3,I enjoy this app.. it solves almost all questions with good explanation wow bravo,4,0,2.1.0,2024-02-12 10:05:56,,,2.1.0,edu7695,com.qianfan.aihomework
4573cb87-1ae7-49e3-ac14-585bace38302,it is better that all the ones I've tried,5,0,1.44.1,2024-04-29 20:24:38,We are pleased that you enjoyed the app. If there is anything we can do for you just let us know at support@gauthmath.com! Have a wonderful day!,2024-04-30 02:11:54,1.44.1,edu48827,com.education.android.h.intelligence
1d5fb004-79c2-4536-a41b-d37be2fdbfb4,really good gave every answer right,5,0,,2024-10-08 18:59:12,Thanks for your feedback! We're glad you're finding success with Gauth. Keep up the good work and feel free to reach out if you need any help!,2024-10-08 19:00:14,,edu58562,com.education.android.h.intelligence
e8d70ebf-4be6-41cb-880e-5d4d5879b352,It helps me to do every hard sum,4,0,1.13.2,2022-08-24 21:17:46,,,1.13.2,edu65793,com.education.android.h.intelligence
36185338-e0d7-46d0-b6b5-6102700ebb88,It's so good I helps me at school,5,0,2.1.1,2023-08-30 04:29:58,We are grateful for your usage of answer.ai. It's fulfilling to know that it is positively impacting your school journey and we are here to keep assisting. Encourage your classmates to try out answer.ai as well!,2023-08-30 08:01:36,2.1.1,edu94119,com.cyberdavinci.gptkeyboard
60de2225-91bb-4c06-a3ad-81fb02057287,so far it seems good. I like it a lot. it really helps me with what I'm doing in my classes.,5,0,2.4.0,2024-05-13 10:16:49,,,2.4.0,edu1624,com.qianfan.aihomework
8834b61d-5606-450c-a6bb-5f33b82f2b8a,super useful for students.,5,0,,2024-08-10 09:35:48,,,,edu7245,com.qianfan.aihomework
10edfb86-8d35-4414-9f31-83abada69ddc,It got my grades up,5,0,,2024-01-30 02:59:50,,,,edu17464,com.qianfan.aihomework
a49db792-3753-4d12-8c94-949863a4960d,it helps a lot and it helps full and it give you answers and the howTo do it and make you understand it thank you gauth fro helppp all the people who need help with math,5,0,1.55.1,2024-09-30 22:55:25,Thank you so much for your kind words and enthusiasm! We're thrilled to hear that Gauth is helping you and others understand math better. Keep shining bright!,2024-09-30 23:00:13,1.55.1,edu29996,com.education.android.h.intelligence
11580db5-67ea-4c0c-b9d5-c366a0dfcf10,I think it's more resourceful to me,5,0,2.6.1,2024-09-10 18:00:40,,,2.6.1,edu97140,com.cyberdavinci.gptkeyboard
4f556851-de02-41e5-8953-1cfe07a0b6ca,this is insane especially for checking answers if I didn't know something! thanks so much Gauth!,5,0,1.54.0,2024-09-11 13:24:59,Thank you for the love! We're thrilled to hear that our app helps you check answers and learn better. Keep shining and exploring with Gauth!,2024-09-11 14:00:39,1.54.0,edu35629,com.education.android.h.intelligence
4ec6bb84-7c81-4446-bc98-19b362ae3418,I don't want this app because u need to purchase the gauth plus and I don't have money,1,0,,2023-05-28 00:42:01,,,,edu56200,com.education.android.h.intelligence
23777aa4-fc7e-49af-a18b-5ad09f76ccdf,Over all awesome/sometimes it dosent recognize problems,4,0,1.54.0,2024-09-11 17:14:09,Thanks for the awesome feedback! We're glad you love the app. We're always working to improve problem recognition. Your input means a lot to us. Keep enjoying your learning journey!,2024-09-11 18:01:29,1.54.0,edu34717,com.education.android.h.intelligence
601aef54-7c91-496d-9571-6057308f14a4,Its realy works amazing,5,0,1.56.0,2024-10-04 18:35:55,Thank you for your kind words! We're thrilled to hear that you're enjoying the app. Keep up the great work!,2024-10-04 18:45:16,1.56.0,edu39176,com.education.android.h.intelligence
eab1ec12-233e-44fa-9590-310778e0c775,Yess 1000000000 for this appppp Don't forget to download itttss,5,0,,2024-07-08 09:45:26,We're thrilled to hear you're loving Gauth! Thank you for your support. Keep exploring and learning with us! #Gauth #learninggoals,2024-07-08 10:00:27,,edu60135,com.education.android.h.intelligence
b0732e00-ab2d-441d-a188-7421391aeba7,Why it always take 8 mins bago makuha answer need pa manood ads buti pa brainly meron answer agad,1,0,,2022-05-18 22:21:54,,,,edu64945,com.education.android.h.intelligence
3fe9354d-c489-4d96-8bf2-56acd00af267,It's easy to use and easy answers,5,0,,2024-01-23 00:40:33,,,,edu9112,com.qianfan.aihomework
2c4a0096-4f05-4758-90ed-053cbc2e9593,This is so good for math,5,0,1.35.1,2023-12-07 23:10:01,,,1.35.1,edu61515,com.education.android.h.intelligence
435f0495-680b-44d5-bbfa-5d0660e34034,this app is more than helpful thanks lot,5,0,1.56.0,2024-10-06 13:56:36,Thank you for the kind words! We're glad to hear that you find our app helpful. Keep shining like the star you are!,2024-10-06 14:00:24,1.56.0,edu37843,com.education.android.h.intelligence
0ed295ca-5ff2-4ed4-9d20-89881dd98119,Really good helps in all work I am really satisfied it's helps in all subjects' work but the problem is that we have to mention explain as well.,5,0,,2024-07-26 12:44:04,,,,edu37068,com.education.android.h.intelligence
771597b2-9159-4dfe-a90f-d4d414dcf11d,Does help with basic math When solving big problems such as statistics probability etc..it stops there some of the tutors sent you the wrong answer sometimes,5,0,1.17.0,2023-02-20 21:57:09,,,1.17.0,edu40662,com.education.android.h.intelligence
a957e088-af62-41c6-ab04-46a7b10d1ad9,They can solve any problem,5,0,,2022-10-16 06:34:16,,,,edu67144,com.education.android.h.intelligence
9461999b-688b-4fe9-8ac4-64e0204ef9a8,It is good app for learning.,5,0,2.0.2,2023-06-24 05:54:49,Thank you for using answer.ai! We hope it continues to help your school journey. Spread the word to your classmates too!,2023-06-24 18:24:08,2.0.2,edu94146,com.cyberdavinci.gptkeyboard
2c73204c-1885-4ac6-ae05-a04dc820d033,this app is indeed grateful for a leaner,5,0,1.44.1,2024-04-17 21:13:21,,,1.44.1,edu48224,com.education.android.h.intelligence
82261cd6-db45-4d5c-a019-4fb2600597b4,I love this app is very fast and understandable,5,1,2.1.7,2023-10-10 04:36:45,,,2.1.7,edu92947,com.cyberdavinci.gptkeyboard
34f2e47e-4f03-4426-9969-813c341cf713,il m'a bcp aid dans mes tudes et quand c'est premium c'est 2 fois plus meilleur,5,0,1.46.0,2024-06-12 22:11:41,Nous sommes ravis d'avoir pu vous aider dans vos tudes! Continuez profiter et n'oubliez pas que notre objectif est de vous aider apprendre efficacement. Merci pour votre soutien!,2024-06-13 01:00:20,1.46.0,edu77768,com.education.android.h.intelligence
9b8363ec-0ae1-4b43-b813-cf62164978f3,IT WORKS PERFECTLY AND CORRECTLY,5,0,1.46.0,2024-05-28 18:03:55,,,1.46.0,edu44022,com.education.android.h.intelligence
c5247073-dd30-440e-a3cc-af4601467b3c,very quick and understandable,5,0,1.53.2,2024-09-04 12:15:39,Thanks for the positive feedback! We're glad you find Gauth quick and easy to understand. Keep enjoying learning with us!,2024-09-04 13:00:41,1.53.2,edu35784,com.education.android.h.intelligence
bbe40db3-5178-4b34-9c04-ab5bca0a7473,All my sub is all correct thanks to this app,5,0,1.6.6,2023-11-12 06:40:34,,,1.6.6,edu102858,br.com.iastudio.ajudaai
128af46c-fba8-4dd1-85b3-0a5fdad125c2,This app is not suggested for all. This app does not have accurate solvings. Peice of shnnnn,1,0,,2022-03-17 07:48:29,,,,edu51592,com.education.android.h.intelligence
eec88570-98e9-4e00-9e61-1790b908d7b3,This app helped save my grade,5,0,1.51.0,2024-08-20 19:07:01,Thank you for your awesome feedback! We are thrilled to hear that our app helped you save your grade. Keep up the great work and happy studying!,2024-08-20 22:01:40,1.51.0,edu42926,com.education.android.h.intelligence
2d3625af-fa90-4797-9724-df3252e5563a,super good but unfortunately it does not do german sentences,5,0,1.14.0,2022-10-12 00:19:00,,,1.14.0,edu52626,com.education.android.h.intelligence
4a76cad7-e97b-4ac3-8602-202729094931,This app is very helpful especially when I'm struggling in some of my studies.,5,0,1.51.0,2024-08-09 05:24:11,We're glad to hear that Gauth is helpful to you when you're struggling. Keep up the good work and remember we're always here to support your learning journey!,2024-08-09 07:00:52,1.51.0,edu32975,com.education.android.h.intelligence
6ee630e2-7a32-41ee-ae68-a245ec7f46be,This app is excellent for homework. This is for every student or person.,5,0,1.55.1,2024-09-29 04:29:59,We're thrilled to hear you're finding Gauth excellent for homework! Keep up the great work!,2024-09-29 04:45:13,1.55.1,edu30678,com.education.android.h.intelligence
4a5ddcfe-61d4-4aa8-ad61-78b3007afa89,Very Useful app for your math homework Really helps alot,5,0,1.4.0,2023-04-15 00:34:07,,,1.4.0,edu91829,com.cyberdavinci.gptkeyboard
500c2c88-19f7-4f06-ae6a-71b993449d3f,This is a very great app not only have i been able to do assiagnments and test easily it even aids in things more than study.. Like if you ask it to write a novel about certain things it works perfectly,5,3,1.5.0,2023-08-19 05:20:17,,,1.5.0,edu2113,com.qianfan.aihomework
2a1b6d3a-e7bd-4dfc-9776-0ff6a30efaf9,This is so amazing aplikasi ini sangat membantu saya untuk pelajaran apapun,5,0,1.54.0,2024-09-05 08:07:38,Terima kasih telah menggunakan Gauth! Kami senang dapat membantu Anda belajar dengan lebih baik. Semangat terus dalam belajar! #Gauth #edtech,2024-09-05 09:00:47,1.54.0,edu74380,com.education.android.h.intelligence
5a511980-2770-4835-a9d6-ecf84a77417c,it is good it help you find the answer and it tells you how to do it,5,0,1.54.0,2024-09-04 23:06:41,Thank you for the awesome feedback! We're thrilled to hear that our app helps you find answers and understand the solutions better. Keep shining in your learning journey!,2024-09-05 00:00:29,1.54.0,edu35615,com.education.android.h.intelligence
f724c285-d0dc-4780-83c6-090541473e59,This app will help people doing homework! Absolutely Amazing,5,0,2.5.0,2024-05-19 11:41:00,,,2.5.0,edu2014,com.qianfan.aihomework
b9308a31-2941-4058-a92e-475050e98e48,wow this app is incredibly awesome and exactly what I have been looking for n didn't even realize it,5,0,1.9.11,2023-12-13 14:31:35,,,1.9.11,edu8940,com.qianfan.aihomework
c5c5d7c6-2fd3-459c-abc8-e4cb2ec983cc,My experience with this app has been phenomenal so far. I just wish the app creator can also allow questions to be typed along side sent via picture,5,0,1.56.0,2024-10-06 14:19:55,We're thrilled to hear about your phenomenal experience with the app! Your feedback is valuable and we'll consider adding the feature you mentioned. Keep crushing it with Gauth!,2024-10-06 14:30:29,1.56.0,edu29819,com.education.android.h.intelligence
c3c93065-9fa9-43cd-a4da-850ecfacc064,it is helpful but it ask money and tickets to solve the question,4,0,1.17.0,2023-01-26 22:31:52,,,1.17.0,edu54741,com.education.android.h.intelligence
8848cdd0-0134-4472-adc9-9f99be4ca34c,Es la mejor aplicacin de tareas que e probado le doy 5 estrellas por que si cumple y me ayudo a sacar buenas calificaciones 100% recomendada,5,0,1.54.0,2024-09-12 23:58:46,Gracias por tu resea increble! Nos encanta saber que Gauth te ha ayudado a obtener buenas calificaciones. Sigue as!,2024-09-13 00:00:21,1.54.0,edu74387,com.education.android.h.intelligence
b55905bd-f1fe-4977-99f3-048b80580ddf,This app is really frustrating because if you find out about it from a website you have to download the app to even view info about a question but even after downloading the app and opening it you need to pay to view the material in the first place. Waste of time.,1,2,1.13.2,2023-04-03 19:32:38,,,1.13.2,edu37053,com.education.android.h.intelligence
a4d05162-5f4c-4816-a4c6-1f4d3b255bc8,this app has really help me so much.,5,0,1.49.1,2024-07-15 17:32:43,We're thrilled to hear that Gauth has been helpful to you! Keep up the great work! #StudySmarter,2024-07-15 19:00:23,1.49.1,edu48331,com.education.android.h.intelligence
3cc9937d-724a-4f1c-ad44-d768256381f8,Prolly one ofnthe best ai tool,5,0,,2024-08-20 06:21:41,,,,edu11287,com.qianfan.aihomework
2d44c212-72ce-4c69-b474-1950fbd1ab7c,it really works without making you pay,5,0,1.54.0,2024-09-19 10:23:36,Thanks for your feedback! We're glad you're enjoying the app. Keep exploring and learning with Gauth!,2024-09-19 10:30:15,1.54.0,edu36952,com.education.android.h.intelligence
f34220a6-92f9-4bbb-bb5d-6348598c4082,i would give it a 5 start but unfortunately i cant it started off so well then started demanding for money i understand that you guys need money but the amount of money charges is too exoensive for some of us we just want to be helped on this app without high payments not all of us have that kind of money i hope this isssue to be fixed some of us are students living with our parents and have no money for such high payment,3,3,1.20.1,2023-04-08 16:16:57,,,1.20.1,edu40637,com.education.android.h.intelligence
e1d7bb34-a750-47e7-b350-19fe8f42b74b,You need to pay to get most of the answers.,2,0,1.32.0,2023-10-04 14:21:41,,,1.32.0,edu64869,com.education.android.h.intelligence
28c69a5b-2adc-4fa2-894d-063d0de3d9b0,It's good so far but just gave me the wrong Answers,4,0,2.1.0,2024-02-12 15:02:32,,,2.1.0,edu11951,com.qianfan.aihomework
c46bf8cc-fe29-48cd-837b-14fbacc360e4,its very good and l got an A on my homework,1,0,1.56.0,2024-10-06 10:24:24,Thanks for sharing your success with us! We're thrilled to hear you got an A on your homework using Gauth. Keep up the great work!,2024-10-06 10:30:33,1.56.0,edu38843,com.education.android.h.intelligence
e3c2b5c1-4643-4a39-acee-dc15ca1b14e6,Super smart thank you for teaching me,5,0,1.9.16,2024-01-07 06:04:56,,,1.9.16,edu10820,com.qianfan.aihomework
1d0a7c0a-5af3-4ea1-ad78-00ba6d0188b4,Because this app is so real and helpfull for me to do my homework,5,0,1.46.0,2024-06-05 08:34:09,We're thrilled to hear that Gauth is so helpful for your homework! Keep up the great work! #StudySmart,2024-06-05 10:00:25,1.46.0,edu43955,com.education.android.h.intelligence
8d79515b-f2d8-4266-9897-561205627b9b,This app is very interesting to learners or students,5,0,,2024-08-17 02:03:06,Thanks for your positive feedback! We're glad you find Gauth interesting for learning. Keep exploring and feel free to reach out for any assistance!,2024-08-17 04:01:09,,edu86385,com.education.android.h.intelligence
9222208f-8b82-4cc4-b70d-6d3c37b03d1b,I paid for the subscription to get the 99% accuracy and most of the answers are completely wrong. I would not recommend this app.,1,1,2.2.9,2024-05-09 16:19:04,Apologies for any confusion. Well take immediate action to rectify the error and improve the accuracy of our apps responses.,2024-05-11 03:34:27,2.2.9,edu667,com.qianfan.aihomework
9ea1f7ae-1e45-48d4-b817-474bf7c69b22,This app is a straight W,5,0,1.6.0,2023-05-02 22:38:37,,,1.6.0,edu96702,com.cyberdavinci.gptkeyboard
a31958d3-4fa2-4bc1-ad8d-753379b7c943,very nice app this really helps to solve doubts and clear the doubts,5,3,1.3.6,2024-08-21 10:37:20,,,1.3.6,edu89457,ai.studdy.app.android
af79ccd1-2ee0-4808-8ca9-8453c469868b,I love it because it helped me with my homework which I was confused about and thanks for making the gauth app. I'm some happy and got an easy A.,5,0,1.51.0,2024-08-21 20:27:59,We're thrilled to hear that Gauth helped you with your homework! Keep up the great work and congrats on the A!,2024-08-21 22:01:06,1.51.0,edu31767,com.education.android.h.intelligence
9a9600a8-7ceb-4955-bee7-a96e3d50e3a2,helps me a lot I recommend,5,0,1.17.0,2023-01-30 11:38:54,,,1.17.0,edu64294,com.education.android.h.intelligence
c52b23cf-3b05-484e-b5c0-9226c79c9ee4,it actually solves the problems in working on and helps me understand how to solve it on my own,5,0,1.53.2,2024-08-28 18:44:14,Thanks for sharing your experience! We're thrilled to hear that Gauth helps you grasp concepts independently. Keep up the great work! #LearnWithGauth,2024-08-28 19:00:15,1.53.2,edu34289,com.education.android.h.intelligence
b41602a7-07c7-4776-8538-e58defec3e4d,ITS REALLY HELPFUL I WANNA CRY,5,0,1.51.0,2024-08-04 12:53:13,We're thrilled to hear that Gauth has been helpful for you! Keep mastering those concepts! #StudySmart,2024-08-04 13:00:35,1.51.0,edu57807,com.education.android.h.intelligence
f3a245bc-0e4d-4793-bd58-8d2c4b02424a,This is help me to get better grade I love it,5,0,2.1.4,2024-03-17 01:47:22,,,2.1.4,edu10155,com.qianfan.aihomework
980a7e6b-6693-4d62-8ad4-b89ce7781131,Solves questions on time and accurate,5,0,1.39.0,2024-02-19 05:09:55,,,1.39.0,edu61859,com.education.android.h.intelligence
c4692acd-b3d7-4aed-a110-5f5fa4c9e301,thanks you so much that's so helpful,5,0,1.36.2,2024-01-05 07:10:56,,,1.36.2,edu60724,com.education.android.h.intelligence
59c5e710-9794-4f4a-9e4f-6bc6e423a500,I LOVE This App it Helps With ALL my Work When I Have Difficulties Doing It. Life Saver!!,5,0,1.45.0,2024-05-06 22:22:55,Thanks for your review! Please recommend our app to your friends and dont hesitate to shoot us a note at support@gauthmath.com if you have any questions.,2024-05-07 02:09:32,1.45.0,edu36708,com.education.android.h.intelligence
5d7b472c-0dbb-4d38-9cfd-9a0932129847,IT'S VERY HELPFUL IN MANY SUBJECTS AND I ABSOLUTELY LOVE IT THANK YOU SO MUCH FOR MAKING THIS APP,5,0,1.47.0,2024-06-08 09:28:37,We're thrilled to hear that you find Gauth helpful! Thank you for your kind words and support. We're here to make learning easier for you. Keep up the great work!,2024-06-08 10:00:31,1.47.0,edu36790,com.education.android.h.intelligence
02cc97e4-5155-4f6a-9313-270087778dee,It's the best and amazing app I've ever seen and used. Wow!!!! Thanks,5,0,1.9.11,2023-12-11 11:42:06,,,1.9.11,edu8906,com.qianfan.aihomework
9de4ad69-f3ac-40a2-b3bd-086485529b33,this app is the best so far that i used better than photomatch,5,0,1.49.1,2024-07-03 12:33:58,We're thrilled to hear that you're enjoying Gauth! Thanks for the positive feedback! Let us know if you need any help. Keep learning with us!,2024-07-03 13:00:22,1.49.1,edu46150,com.education.android.h.intelligence
2ea8c7be-6125-45f1-947a-eb0f6d14d35d,Really can show you how to solve any problem,5,0,1.42.1,2024-04-03 21:18:36,That's fantastic to hear! We're here to help you understand and solve problems effectively. If you ever need assistance with anything don't hesitate to reach out. Happy problem-solving!,2024-04-04 01:29:31,1.42.1,edu58495,com.education.android.h.intelligence
d02fd660-4369-4b7e-8ac9-4aa70cbd372f,cant even see the answer without having to pay for subscription,1,0,1.22.0,2023-05-02 04:41:08,,,1.22.0,edu52183,com.education.android.h.intelligence
823bffbf-0ccc-481d-80c1-5bdb44a17669,It's a great app though it won't give ALL the correct awnsers that's fine but other than that 10/10 would recommend if you're needing help with Math,5,0,2.4.0,2024-05-16 08:04:08,,,2.4.0,edu767,com.qianfan.aihomework
99559896-2f6e-4e5f-8ea2-2f81bc222152,It is a very good app I recommend it for every mathematical problem,5,0,1.56.0,2024-10-01 20:40:14,Thank you for recommending Gauth! We're thrilled to hear you find our app helpful for math problems. Keep up the great work!,2024-10-01 20:45:10,1.56.0,edu31694,com.education.android.h.intelligence
03bf9823-85b4-4fe4-bb78-52daf9df8d05,It works perfectly so,5,0,1.38.1,2024-01-31 13:00:54,,,1.38.1,edu61455,com.education.android.h.intelligence
4486b3d8-059c-4ac4-b2c8-7144d638c4ec,The app is very fast at answering question as long as you're internet is stable,5,0,2.0.0,2024-01-14 23:50:33,,,2.0.0,edu5368,com.qianfan.aihomework
5e1482ba-b127-47f6-8c65-ab9793ee6a18,very helpful and easy to use . it helps you with everything and you can understand your lesion better from it .,4,0,1.56.0,2024-10-08 10:28:01,Thank you for your positive feedback! We're glad to hear that Gauth is helpful and easy to use. We're here to make learning fun and engaging!,2024-10-08 10:30:30,1.56.0,edu29826,com.education.android.h.intelligence
ddd567ff-aef5-42d7-83a8-a7479eb0d25b,Jou say it is free but it is not true,1,0,1.22.0,2023-05-01 07:33:17,,,1.22.0,edu63568,com.education.android.h.intelligence
b37c9967-9d2a-429c-b24d-7f8c6525c60d,great app it is good on all subjects and is very helpful and has step by step on how too do it too,5,0,1.37.1,2024-01-28 18:54:11,,,1.37.1,edu46749,com.education.android.h.intelligence
f574d973-ea54-47c9-b599-ff319fa7935f,SO GOOOOOODD NOW I HAVE SOMEONE TO TALK AND SOLVE MY PROBLEM,5,0,1.4.0,2023-04-16 07:29:19,Hi Garry thanks for having answer.ai on your phone. Besides scanning homework answer.ai can also chat with you and answers any questions you have just like chatgpt. Hope you'll continue enjoying it :),2023-04-17 15:28:33,1.4.0,edu94834,com.cyberdavinci.gptkeyboard
0b23f050-ebc2-4f1f-b143-fb9c414fe0a3,Ever since the update came out every essay I ask Ai can't make it anymore they just create 1 paragraph and then that's it after I ask again to make more they just repeating the 1st answer I've ask in the 1st question,2,0,,2024-08-05 17:33:46,,,,edu5921,com.qianfan.aihomework
bc0a26a4-061c-4fdb-a0fc-9a20da39720f,I GOT ALL As BECAUSE OF IT THANK YOU!,5,0,1.56.0,2024-10-03 11:29:54,We're thrilled to hear about your success! Keep up the great work! Happy studying with Gauth!,2024-10-03 11:30:26,1.56.0,edu39074,com.education.android.h.intelligence
74eb7b97-80b3-4721-9651-a04b0896ffc0,so far this has helped me pass a bunch of tests! thanks Gauth very reliable!,5,0,1.55.1,2024-09-20 17:02:59,Thank you for sharing! We're thrilled to hear about your success with Gauth! Keep up the great work and happy studying!,2024-09-20 17:30:14,1.55.1,edu31184,com.education.android.h.intelligence
b7281a9c-e23f-4c2c-b345-dc0abaf89b80,This app is very good I have never seen such a nice app it's gives you exactly what you are looking for,4,0,2.5.2,2024-08-20 08:51:54,,,2.5.2,edu2216,com.qianfan.aihomework
317d404e-569c-48aa-b582-0701ae2cc699,It was very helpful with my missing assignments hopefully I get b in the class I would recommend.,5,0,2.4.0,2024-05-12 23:58:54,,,2.4.0,edu1558,com.qianfan.aihomework
7d79db3b-730a-40b9-812e-58fa9d0bc834,Great app helps alot but sometimes it can't answer the question,4,0,1.46.0,2024-06-10 08:01:11,Thank you for your feedback! We're glad to hear that Gauth has been helpful. We strive to improve accuracy so please let us know where you need more clarity via email .,2024-06-10 10:00:44,1.46.0,edu41908,com.education.android.h.intelligence
298ed250-4830-4048-90c9-499a6e78a564,Its a really helpfull app!you can use it for a lot of stuff and it is fun to actually.,5,1,2.1.1,2023-08-29 08:01:25,Thank you for utilizing answer.ai! By sharing it with your classmates you can assist us in spreading the benefits!,2023-08-30 16:22:56,2.1.1,edu91404,com.cyberdavinci.gptkeyboard
69d70407-a8af-4a65-ac2a-261b90aa944c,The best I passed my science honors no regrets get it now like now it's so good I'm passing my class 100 not joking,5,0,1.55.1,2024-09-26 21:04:11,Thanks for sharing! We're thrilled to hear about your success in science honors! Keep up the great work and if you ever need help we've got your back!,2024-09-26 21:30:41,1.55.1,edu34153,com.education.android.h.intelligence
9de688b8-834e-4c81-bf78-475da74ff388,It's gives you all answers you need,5,0,1.51.0,2024-08-13 11:01:03,Thanks for the love! We're thrilled to help you ace your studies. Keep up the great work! #studygoals,2024-08-13 13:01:06,1.51.0,edu75808,com.education.android.h.intelligence
ec6ffedf-4fbd-426e-9faa-062e8aece820,it's nice but they have to show solvings,2,0,1.46.0,2024-06-01 17:09:42,We appreciate your feedback! Thank you for your suggestion. Rest assured we are constantly working to improve our app to better assist you. Keep learning with Gauth!,2024-06-01 19:00:33,1.46.0,edu43767,com.education.android.h.intelligence
745a53a4-3ad1-4935-9ded-b8acb51da25d,Thx for the answers,5,0,2.2.6,2024-04-14 07:40:56,,,2.2.6,edu15565,com.qianfan.aihomework
9fd7a7d6-a991-4b8e-934c-81eba26783a4,it is very useful and good app highly recommend from homework,5,0,2.6.0,2024-08-28 17:05:25,,,2.6.0,edu89863,com.cyberdavinci.gptkeyboard
476dd940-a5b0-4b2e-ac07-5313a25d877c,I like it because it helps me understand Algebra.,5,0,2.0.9,2023-08-16 17:27:30,Thank you so much for using answer.ai. We are thrilled to know about its positive impact on your school journey and we're committed to further improvement. Spread the goodness by sharing answer.ai with your classmates!,2023-08-17 17:36:37,2.0.9,edu92689,com.cyberdavinci.gptkeyboard
8cbf1b39-e206-422e-933f-10aaac4cdf0f,Doesn't work garbage app,1,0,,2024-01-04 00:34:22,,,,edu59551,com.education.android.h.intelligence
34d6397a-8ce8-48d3-88de-59ff8293f767,This was a great app but now everything needs you to purchase premium which is really unfair since now I can't get any answers and the bot sometimes either isn't available or gives the wrong answers.,1,1,,2023-10-17 18:55:54,,,,edu40643,com.education.android.h.intelligence
b8f9b300-afe8-460a-bd52-ff15e9fd1b3a,this app is so helpful for students,5,0,1.41.1,2024-03-17 18:26:26,,,1.41.1,edu59404,com.education.android.h.intelligence
895c31eb-b0db-4b80-9930-962bc33a8343,It was good in the beginning but after the gauth plus update everything changed and now we can't practically even scan anything without the gauth plus and it gets annoying this app was really helpful it's just that some people don't want to pay for an app and it basically makes the app useless now,2,0,1.47.0,2024-06-13 06:47:44,We sincerely apologize for the inconvenience. Your feedback is valuable and we will take your concerns into consideration for future updates. Please contact us at for further assistance.,2024-06-13 07:00:16,1.47.0,edu32222,com.education.android.h.intelligence
58c2c52a-d429-4801-9bbf-a05d078e5dde,I used this app for learning education; it is very useful and l like this their platform.,5,0,1.54.0,2024-09-05 02:03:24,Thank you for your positive feedback! We're thrilled to hear that you find Gauth useful for learning. Keep up the good work!,2024-09-05 03:00:31,1.54.0,edu31831,com.education.android.h.intelligence
ed4ecc36-d4ac-450e-ad3b-17eebb8bcd2e,It's an amazing app the only limitation is that it does not generate images. But it's highly recommended,4,0,1.6.3,2023-09-21 15:02:51,,,1.6.3,edu4908,com.qianfan.aihomework
45f82063-dbfb-4e2a-8723-db6a0f68cebe,I thought I would not pass my math but I found this and I pass,5,0,1.5.9,2022-01-17 03:45:11,We are pleased that you enjoyed the app. If there is anything we can do for you just let us know at feedback@gauthmath.com! Have a wonderful day!,2022-01-25 08:00:31,1.5.9,edu57177,com.education.android.h.intelligence
027aed0f-c861-48be-8ab5-26d8d9db22db,It solves Mathematics within a twinkle of an eye and gives accurate answers.,5,0,1.55.1,2024-10-03 10:55:17,Thank you for the awesome review! We're thrilled to hear our app is helping you solve math quickly and accurately. Keep enjoying your math journey with us!,2024-10-03 11:00:24,1.55.1,edu30841,com.education.android.h.intelligence
d05765b8-1cc1-472e-96eb-79bc5aefddec,straight to the point and highly recommended for user who want to get answers straightforward,4,0,1.51.0,2024-08-11 11:19:58,Thank you for recommending Gauth! We're glad you find our app straightforward. Keep enjoying learning with us!,2024-08-11 13:00:48,1.51.0,edu31892,com.education.android.h.intelligence
19b36b25-9dac-451f-a065-7ea9af2f94ba,it's helping me so much thank you,5,0,1.42.1,2024-04-08 19:19:18,Thanks for your review! Please recommend our app to your friends and dont hesitate to shoot us a note at support@gauthmath.com if you have any questions.,2024-04-09 02:37:06,1.42.1,edu61762,com.education.android.h.intelligence
348caa9e-c850-48f2-9253-91c65a997b34,it supper help me with my study and no limit and dont need to pay,5,0,2.4.0,2024-05-13 03:14:13,,,2.4.0,edu3496,com.qianfan.aihomework
43a7fda2-61a5-4b0c-8acb-91e8fee9a45b,thank you so much it's a great app,5,0,1.39.0,2024-02-26 00:13:19,Hi we are happy to know that you found our app useful. Please help us by spreading the word amongst your friends. If you have any feedback or suggestions feel free to drop us a line through 'feedback' button on your profile page! We would love to hear from you!,2024-02-26 01:15:59,1.39.0,edu61573,com.education.android.h.intelligence
aa886168-d8a1-4dd6-a305-5d04bc7bf7c8,Very helpful and easy to use,5,0,1.5.2,2023-04-23 12:13:09,,,1.5.2,edu92939,com.cyberdavinci.gptkeyboard
000e4aa1-edbd-4b42-be84-22cc974e21a7,This app helps me to do my homework and do my assignment.,5,0,2.2.6,2024-04-10 02:26:55,,,2.2.6,edu10131,com.qianfan.aihomework
e6db58ca-80a2-4c6e-97b5-1fbb312da1bb,What the hell with this handwriting we don't even understand and camera angle is on another level????,1,0,1.11.1,2022-07-02 11:22:43,,,1.11.1,edu47123,com.education.android.h.intelligence
ada5c1ce-c3fa-4c0e-b25c-3f8aa077f791,Ay like this app all my assignments are done,5,0,2.1.0,2024-02-22 07:23:43,,,2.1.0,edu12847,com.qianfan.aihomework
66c3c5f4-19b6-4990-9d6d-dde55637e36c,It helps me with my homework. Sometimes the results are not accurate but most of the times it is useful.,4,0,2.1.4,2024-03-11 23:24:40,,,2.1.4,edu4906,com.qianfan.aihomework
c2c31218-26e7-401e-b836-dd8b518706e2,it is a good app for students like me who need help in math and more subjects,5,0,1.53.2,2024-08-27 22:49:15,We're glad to hear that you find Gauth helpful for your studies! Keep up the great work and feel free to explore more subjects with us!,2024-08-27 23:00:25,1.53.2,edu32035,com.education.android.h.intelligence
632d9885-2d47-4d60-93de-6f892f8e4061,Make it so that it doesn't explain every damn thing. Other than that it's okay,3,0,2.0.4,2024-01-25 17:53:26,Thanks for your feedback and sorry for the inconvenience. We're continuously enhancing our application to provide a better and more helpful experience. Please stay tuned for the next release.,2024-01-25 21:59:19,2.0.4,edu9118,com.qianfan.aihomework
0ad5366f-7871-4b71-a537-21ab23f1490b,This is actually really helpful I rate it five stars because the answers are so precise and also the other features(but I would really like you devs to make the ai able to make logos pictures art.and I hope you program them to also make them create and design visual content like logos)that's all,5,1,1.8.8,2023-11-05 10:27:44,,,1.8.8,edu1157,com.qianfan.aihomework
b741ed36-fc4c-4133-ac04-daa0dbf71864,I never had something like this app it's wonderful,5,0,2.5.1,2024-05-22 12:15:44,,,2.5.1,edu4718,com.qianfan.aihomework
04628a5c-7824-47a6-8911-34d3f894206c,Worst app don't use this it will waste ur time.,1,0,1.17.0,2023-01-31 03:00:01,,,1.17.0,edu63409,com.education.android.h.intelligence
8d4e7f7b-17b1-4a18-bc39-b7c007750824,I use the app a lot especially for math and other subjects in school. But I don't like the update for only 40 messages especially when you have to regenerate the answer it counts and a lot of the time the answer isn't right. I can only ask about 10 questions (most I have to regenerate) to get the answer and then at least three or four of those answers are wrong. It really upsets me so I'm looking for an alternative.,3,2,,2024-03-19 04:44:03,,,,edu41,com.qianfan.aihomework
0768fae7-bf72-414a-95f2-d2a98fbdc046,This app is so amazing. Gauthmath helps me to do my math homework.,5,0,,2023-01-09 08:11:08,,,,edu53404,com.education.android.h.intelligence
d3535d1c-1c08-4abd-8532-dcfdff550008,It is very useful,5,0,,2023-04-15 07:23:00,,,,edu64529,com.education.android.h.intelligence
717da6de-1275-42a9-a0be-65570db7942b,It helps me in my studys and i got an A+ in my projects and etc thanks to my AI tutor:>,5,0,2.2.4,2023-11-12 01:40:16,We're delighted that answer.ai is your AI study companion. Your success is our success and we're here to support your academic journey! Don't forget to share with your classmates!,2023-11-16 16:04:12,2.2.4,edu91570,com.cyberdavinci.gptkeyboard
45b8a1a8-38fe-4aa1-ae8d-155fcd70a5d0,It is very much helpful and supportive,5,0,,2024-08-25 14:41:30,We're thrilled to hear that you find Gauth so helpful and supportive! Keep up the great work and remember we're here for you every step of the way! #StudySmart,2024-08-25 16:00:56,,edu51191,com.education.android.h.intelligence
a3a3980a-ded1-45e9-8c4d-4e4ff7ded5fb,I'm still checking the app but so far so good it has been an amazing experience using the app. I would have given it a five star but I believe that there is still room for improvement.,4,0,1.55.1,2024-09-26 14:08:22,We appreciate your positive feedback! Thank you for sharing your experience with Gauth. We're constantly working on improvements to provide you with the best learning experience. Keep exploring!,2024-09-26 15:01:03,1.55.1,edu30296,com.education.android.h.intelligence
bf32fcd6-bcfa-4b07-a054-a95bb55780d1,it's always help me in my homework,5,0,1.45.0,2024-05-08 07:29:17,,,1.45.0,edu49864,com.education.android.h.intelligence
126118cc-43a5-49b5-a189-f8176aec40c5,I absolutely love this app it solves the problems and also explans everything very clearly,5,0,1.51.0,2024-08-21 14:49:26,Thank you so much for your awesome review! We're thrilled to hear that you love the app and find our explanations clear. Keep rocking those math problems!,2024-08-21 16:00:51,1.51.0,edu31908,com.education.android.h.intelligence
e4abc966-1393-4ef8-b165-1aff3c8d1d10,Very nice! It helped me understand most problems and even made an explanation! I would definitely recommend this to my friends and family if they are having any trouble with schoolwork or just work in general.,5,2,1.44.1,2024-04-18 00:17:22,Thanks for your review! Please recommend our app to your friends and dont hesitate to shoot us a note at support@gauthmath.com if you have any questions.,2024-04-18 04:04:29,1.44.1,edu30753,com.education.android.h.intelligence
130917c1-61bd-43e6-99f3-2b37047564c6,Excellent app especially in answering math questions.,5,0,2.7.3,2024-07-04 11:15:54,,,2.7.3,edu2576,com.qianfan.aihomework
86bde20f-7788-4cba-9e2f-60d419da5438,impeccable what this app can do for people that is struggling with math 10/10 for me,5,0,1.56.0,2024-10-02 15:57:41,We're thrilled to hear that Gauth has been able to help you with math! Keep up the great work and keep learning with us! #MathMadeEasy,2024-10-02 16:00:23,1.56.0,edu31366,com.education.android.h.intelligence
12c57514-c659-4dfa-97a6-69fe622f3414,Best student tool for assignment,5,0,2.2.0,2024-04-28 04:19:22,,,2.2.0,edu8223,com.qianfan.aihomework
01c5198d-1e3c-4b6d-b66a-ba42b4fc6b11,Horrible I typed in my age and it said I am too young and I am over 40 so please fix it.,1,0,1.5.9,2022-02-12 08:58:38,,,1.5.9,edu56339,com.education.android.h.intelligence
cc9c5844-1d2c-4328-94d7-9b41081734a4,it's amazing for good grades. not only dose it let you check your answers to make sure you are right it tells you how to solve it to show your work,5,0,1.40.0,2024-03-03 09:19:01,Thanks for your review! Please recommend our app to your friends and dont hesitate to shoot us a note at support@gauthmath.com if you have any questions.,2024-03-05 01:48:50,1.40.0,edu45264,com.education.android.h.intelligence
1bac1248-d183-4a02-8f42-eb6dfb2229d1,nakakainis tong gautmath kasi nag papapasa sila pero walang ticket pano yun magagamit kakainis talaga penge naman ticket no wala kwenta gautmath nyo.,1,0,,2022-05-10 06:16:42,,,,edu86019,com.education.android.h.intelligence
922656f4-9383-49eb-9d6e-8d98a0bebc8f,I love this app it helps me a lot This app helps me with all my assignments. I appreciate this app really,5,0,1.7.0,2023-10-09 07:02:38,,,1.7.0,edu5336,com.qianfan.aihomework
353b7e8d-7421-41f1-a383-1c1d0eafd230,Sucks. Just plain bad I gave it a multiple choice question and it could not even get one of the options the options were 56 64 116 and 124.the ai gave me 60 as an answer,2,2,1.51.0,2024-08-24 10:27:08,I apologize for your experience and understand your frustration. We take this seriously and are continuously working to improve our app's accuracy. Your feedback is valuable to us.,2024-08-24 13:01:46,1.51.0,edu30112,com.education.android.h.intelligence
fdb7a24d-1a8a-4b93-9ab6-3e249e3cf41c,Really helpful not only giving me the answer but also helping me understand the question and making it easier to answer my questions and actually learn.,5,0,1.17.0,2023-01-18 13:14:10,,,1.17.0,edu44502,com.education.android.h.intelligence
6d1c17fd-26ed-4f8c-8e14-2182764bd5b8,i love gauth its vety helpful,5,0,1.42.1,2024-04-05 02:15:12,So happy to hear it's been a big help across the board! Keep rocking that homework!,2024-04-05 05:18:36,1.42.1,edu66155,com.education.android.h.intelligence
532f548c-c33b-42f6-a7c8-9f526c136ded,Accurate information that it even exdees what l expected. I mean good enough. I really loved it. I recommend every one who has any problems related to a academic studies to refer to it.,5,4,2.2.9,2024-04-23 23:36:24,,,2.2.9,edu247,com.qianfan.aihomework
b5c1cbe6-4bba-4592-adc1-623561480829,Good mathematics and all correct.,5,0,1.9.11,2023-12-13 21:09:54,,,1.9.11,edu8185,com.qianfan.aihomework
70f330e1-f8cf-4efd-a429-b0837b54a2d7,Amazing so much I love this app,5,0,1.8.16,2024-04-24 05:36:12,,,1.8.16,edu103158,br.com.iastudio.ajudaai
fa146bdd-fb55-4416-960c-46b2623a7afc,Its not good the answer is not correct,1,0,1.5.1,2022-08-27 23:02:45,,,1.5.1,edu64495,com.education.android.h.intelligence
5e82982d-e853-466b-bd07-1b2e5076a8d6,As I tell all developers remove the monthly subscription and add a lifetime ad removal. The majority of users here will be young and can't pay for a subscription. Hell I'm even going to delete this due to a horrible experience. If you instead made a lifetime ad removal option then many more people would buy it there'd be better reviews and you'd get more money. Be smart people.,1,63,1.9.0,2022-05-10 01:36:23,Sorry to hear you are unsatisfied with the our service. We will take your suggestion into consideration and thank you for the valuable feedback!,2022-05-23 06:57:07,1.9.0,edu34292,com.education.android.h.intelligence
d0e347b0-003d-4a12-8262-8d6773a812c7,It's accessible without payment and explains each question thoroughly.,5,0,2.1.0,2024-02-21 07:53:14,,,2.1.0,edu5054,com.qianfan.aihomework
4611e933-112e-409f-b304-eed31193a7ed,it should give proper explanation in the answer or leave an option to answer a question immediately through a.i by hovering over a value or sentence,4,0,1.48.0,2024-06-28 08:11:41,We appreciate your feedback! We are continuously working to improve our app. Stay tuned for exciting updates!,2024-06-28 10:00:24,1.48.0,edu36420,com.education.android.h.intelligence
b5fff465-a375-4da0-b524-398580730769,It's really helps kudus,5,0,1.28.0,2023-07-31 06:04:35,,,1.28.0,edu69814,com.education.android.h.intelligence
127f72d2-30ea-4db5-99c0-46746356dbd7,This app is rally good for students but the disapiont thing is so much ad,4,0,1.17.0,2023-02-14 10:08:27,,,1.17.0,edu50848,com.education.android.h.intelligence
7a8dae5e-81cf-4d6e-a3e2-8cc2734a4d22,the answers aren't all correct whilst doing my homework but the most of the time I get the answers I need but the only thing is stopping me giving the app 5 is the inconsistenty of the correct answer.,4,0,,2023-02-09 10:44:49,,,,edu40462,com.education.android.h.intelligence
e0ed7887-3ef1-41f3-89e6-e78714600801,you should use it for for hard math homework it helps a lot!,5,1,1.25.1,2023-06-10 22:07:52,,,1.25.1,edu49026,com.education.android.h.intelligence
c0a640fa-919e-45eb-a990-075d28f1b1ec,Helped me pass this test,5,0,2.1.0,2024-02-07 10:57:12,,,2.1.0,edu15730,com.qianfan.aihomework
3e5abc7e-4cf5-4683-99a7-aae606c4cf72,This app is really useful. It has really helped me alot .,5,0,1.8.4,2023-12-06 08:25:51,,,1.8.4,edu8729,com.qianfan.aihomework
29a39f3a-7213-4dbd-a627-5376b08f999a,Really nice and it helps a lot but it sometimes leaves out some bits in the explanation and u just gotta look around a bit to actually understand but great app,4,0,,2024-01-10 19:31:43,,,,edu3217,com.qianfan.aihomework
7bba9a78-065d-4eff-83fb-6393844dcbdd,It's so good for searching it can explain the answer and you can picture your question and it can answer it. It can help for your learning for math question when you don't understand it can explain and the asking a question is not limited.,5,1,1.9.8,2023-11-28 18:49:23,,,1.9.8,edu3840,com.qianfan.aihomework
8db53a41-3179-4a50-b391-158fbcf2861f,What happened to gauth math being free.Now I have to pay this isn't the gauth math I used to know,1,0,1.29.1,2023-08-22 14:06:58,,,1.29.1,edu59076,com.education.android.h.intelligence
2f25c9f1-96dc-4891-9043-0f3640b0cd59,Well for me it's a very good app because it has helped me to get some questions I find it difficult,4,0,1.51.0,2024-08-16 06:27:54,We're thrilled to hear that Gauth has been helpful for you! Keep up the great work and feel free to reach out if you need any assistance.,2024-08-16 07:00:23,1.51.0,edu32133,com.education.android.h.intelligence
c61dbb0c-e275-41b5-b1eb-1955f1aff7a2,I like it it's nice and working very well. But the problem is that after I accidentally logged out it won't let me log in again. Whether I click my account it does not do anything.,2,0,,2024-05-09 23:44:50,Thank you for your feedback! Regarding the issue you're experiencing with logging in after accidentally logging out we apologize for the inconvenience. Please reach out to our support at support@answerai.pro with details!,2024-05-10 10:30:29,,edu90171,com.cyberdavinci.gptkeyboard
26f232e5-b84e-4227-bd68-031c8c513a98,This is the best app ever it doesn't require an payment,5,0,1.46.0,2024-05-26 09:43:10,,,1.46.0,edu43580,com.education.android.h.intelligence
46132b67-45c8-404a-b866-52e38fa6a37d,Great for reviews on my Mechanics Class,5,0,,2024-10-07 11:46:56,Thanks for the positive feedback! We're glad to hear that Gauth is helping you with your Mechanics Class. Keep up the good work!,2024-10-07 12:00:52,,edu58557,com.education.android.h.intelligence
10d45c7e-b7e7-4578-9706-2205638fe496,this is really helpful for hard assignments or works,5,0,1.33.0,2023-10-20 05:10:39,,,1.33.0,edu54287,com.education.android.h.intelligence
44ccffde-e00f-45d5-9481-4e06bba365b9,Love this app not only does it tells u answers but it shows workings so it can be understood,5,0,1.49.1,2024-07-05 17:26:37,We're glad you love using the app! We strive to make learning enjoyable and effective. Keep up the great work!,2024-07-05 19:00:20,1.49.1,edu42556,com.education.android.h.intelligence
fea27783-a133-4329-9cfd-a054dada85ef,It definitely helps with questions!! Download asap,5,0,2.5.6,2024-07-25 21:10:17,Thanks for your feedback and recommendation! Were glad to hear you find our app helpful for answering questions. If you have a success story to share wed love to hear it and offer a special prize. Also join our Discord community for more tips and support!,2024-07-31 14:19:25,2.5.6,edu89990,com.cyberdavinci.gptkeyboard
e52a4d0b-5f18-43a6-94cf-02ffa21160ca,What I wanted to search my question is always solve,4,0,2.8.4,2024-08-16 08:32:22,,,2.8.4,edu3004,com.qianfan.aihomework
9312cdd6-4df3-42b3-af8e-43209b7f876d,I doesn't work at all,1,0,,2024-04-26 05:02:01,,,,edu60170,com.education.android.h.intelligence
ecd0372d-1d9c-4bfb-a7c9-bf7ef2c7847d,Its gets even more worst every time this ai just can't even understand anything keep saying a thing but that's not even what im talking about,1,0,,2024-06-30 04:28:19,,,,edu7859,com.qianfan.aihomework
30781059-5aba-4a5b-9783-957be1258ef4,Great app very helpful.,5,0,2.1.5,2023-09-14 05:40:26,,,2.1.5,edu94294,com.cyberdavinci.gptkeyboard
9f5c9c07-9acb-4009-9dc1-b2ffdc56921d,Very good. Helped me alot with my school works,5,0,2.1.5,2023-10-27 08:46:22,,,2.1.5,edu93406,com.cyberdavinci.gptkeyboard
96c17e41-6b82-4e27-aa1b-a3ce1753256d,Absolutely phenomenal for answering questions.,5,0,2.1.4,2024-03-15 11:05:50,,,2.1.4,edu9278,com.qianfan.aihomework
bae66d11-f05a-4fa0-aec3-f1d4e58448b1,This app is so amazing. It's not always on point but I still love it. Extremely helpful.,5,0,1.9.10,2023-12-11 19:56:16,,,1.9.10,edu5624,com.qianfan.aihomework
21248fd8-34c8-43ca-9405-bac03ce4161f,Best app ever that helps us to do corrections and it teaches alots,5,0,,2024-08-05 07:32:20,We're thrilled to hear you find Gauth so helpful! Keep up the great work and remember our app is designed to help students learn effectively!,2024-08-05 10:01:38,,edu44326,com.education.android.h.intelligence
958117a7-f292-4b95-a084-7763b9761392,this app is amazing. it is so fast to answer anything you want.,5,0,1.49.0,2024-06-30 07:29:54,Thank you for the amazing feedback! We're glad you're enjoying the app's speed and efficiency. Keep up the great work!,2024-06-30 10:00:28,1.49.0,edu43770,com.education.android.h.intelligence
93fc9597-6912-4fcc-a423-1fa114011edb,Pls always put the solving so the students can understand those questions they been searching for.,1,0,1.9.0,2022-05-04 10:39:33,,,1.9.0,edu52164,com.education.android.h.intelligence
23754395-fd2a-4c13-9258-3ff19ecc1fa4,amazing gave me all A defiantly recommended,5,0,2.2.4,2023-11-20 12:17:20,,,2.2.4,edu95183,com.cyberdavinci.gptkeyboard
d750164b-ced6-4450-a53f-b3a2c58a50c6,Great app! But sometimes i don't understand the explanation this gets me really confused. This is still good though but i think the AI can be more specific so that the app user can understand better! Keep up the good work guys!,5,2,1.56.0,2024-09-30 16:44:41,Thank you for the feedback! We're glad you find the app great. We'll work on making the AI more specific for better understanding. Keep learning with Gauth!,2024-09-30 16:45:11,1.56.0,edu29475,com.education.android.h.intelligence
98dccd18-7c57-43c9-a5b7-9b108e107e4d,The updated version is full of errors,2,0,2.8.4,2024-08-12 04:21:20,Your product insights are valuable to us. We will review them thoroughly.,2024-08-12 23:34:08,2.8.4,edu1330,com.qianfan.aihomework
a70e238b-6ac4-4086-8cb7-9c23e9fd7704,Don't even bother to download. It constantly gives wrong answers you will spend more time arguing with it instead of getting information,1,2,2.9.2,2024-09-25 02:27:00,,,2.9.2,edu276,com.qianfan.aihomework
4b51a26d-5e40-4987-8176-23d216e54c6f,It is very much usefull app for everyone,5,0,1.48.0,2024-07-04 12:08:35,Thank you for your feedback! We're glad you find Gauth useful. Keep exploring and learning with us!,2024-07-04 13:00:30,1.48.0,edu48848,com.education.android.h.intelligence
b56561fe-6e6b-4ae1-8c3a-94d622ed4003,it's too much good for our exam i suggest you to download this app because of this app only I am improving to much,5,0,1.0.19,2023-12-19 19:07:38,,,1.0.19,edu103419,tech.hypatia.OpExamsQuestionsGenerator
47d842ea-c17e-4f9a-879b-9d2feb783f95,It helps a lot!,5,0,1.54.0,2024-09-17 02:33:38,Thanks for your positive feedback! We're glad to hear that Gauth is helping you. Keep up the good work! #StudySmart,2024-09-17 03:00:20,1.54.0,edu42279,com.education.android.h.intelligence
79dad387-8116-4a37-865e-94463afa1146,Overall it's a good service. There are a few inaccuracies and there are better services but it's cool.,4,2,2.4.8,2024-05-15 19:32:22,Thank you for your feedback! We're glad to hear that you found Answer.AI overall good although we're sorry to hear about the inaccuracies you experienced. We're constantly working to improve our service and provide the best experience possible. If you have any suggestions for how we can do better we'd love to hear them!,2024-05-27 13:12:01,2.4.8,edu89787,com.cyberdavinci.gptkeyboard
a5c581ac-d14c-4ad3-986d-8489ceb4cc4c,Very good in solving difficult questions but it should be improved in terms of using illustrations,3,0,2.0.0,2024-02-04 05:45:31,,,2.0.0,edu4013,com.qianfan.aihomework
5617e433-079c-4490-bf13-53886e70f2c4,helps a lot with mathslove this,5,0,1.25.1,2023-06-11 21:54:30,,,1.25.1,edu57642,com.education.android.h.intelligence
3de789a5-c220-45ad-8885-f1d5c94b297f,Even my question is clear and complete The tutor says that my answer is incomplete,1,0,1.6.2,2022-02-25 01:28:21,,,1.6.2,edu52819,com.education.android.h.intelligence
fe2fab31-01d3-4554-a8aa-4073608f91dd,It makes you buy to see the answers some people don't have money in their phones so make it free don't download it is a scam.,1,0,,2023-10-26 15:19:11,Hi Harper we understand that the subscription may not fit everyone's budget. However it helps us sustain the service expand our capabilities and provide you with more value over time. We hope for your understanding. You can still enjoy free access to all answers provided by Gauth Bot.,2023-11-01 05:50:14,,edu51529,com.education.android.h.intelligence
14965da6-c47c-49cd-8bc9-bbed680f41de,This help with homework your Awesome. Thanks,5,0,1.41.1,2024-03-07 21:57:43,Thanks for your review! Please recommend our app to your friends and dont hesitate to shoot us a note at support@gauthmath.com if you have any questions.,2024-03-09 05:02:49,1.41.1,edu54640,com.education.android.h.intelligence
e4f10bba-6ca8-4f1b-89f3-8c01e29d5026,it's a very helpful app gives you an idea of how to answer,4,0,1.46.0,2024-05-28 07:53:17,,,1.46.0,edu43711,com.education.android.h.intelligence
c79574e3-61b2-4116-9087-50f44b2b7c0d,It me with my homework a lot.,5,0,1.44.0,2024-04-16 20:00:50,,,1.44.0,edu60360,com.education.android.h.intelligence
3733a649-c58e-4892-9b40-00bc173387f0,Its most powerful tools simplify our difficulties,5,0,,2024-06-03 07:04:30,,,,edu7831,com.qianfan.aihomework
2c278aea-b547-4e9e-aff5-f1858b520e9d,need to be able to actually put numbers in for word problems,4,0,1.16.0,2022-12-13 15:41:34,,,1.16.0,edu51910,com.education.android.h.intelligence
2857897a-50ea-493a-8bc8-9429bc35b76c,Best ai for students,5,0,2.3.7,2024-01-28 09:40:12,,,2.3.7,edu95296,com.cyberdavinci.gptkeyboard
8c7ddbb6-4da9-4b8c-bbf1-617a2b83550c,It wanted me to get the app for answers which is fair but making me pay for it is not.,1,0,1.35.1,2023-12-04 15:56:30,,,1.35.1,edu56252,com.education.android.h.intelligence
644ef89b-1c86-4ad8-9c5f-cf6a5eabd1b8,Its very helpful and convenient. You can just put a personal touch to make things more perfect.,5,0,1.9.11,2023-12-17 21:50:49,,,1.9.11,edu2560,com.qianfan.aihomework
7b0abbef-fec8-483d-b5d8-ea90128f30a4,But fixed that the teachers cant find this app,4,0,,2024-02-13 04:01:18,,,,edu12245,com.qianfan.aihomework
a3b698fc-37db-4980-bded-913993222889,This app is wrong the answers and calculations it is giving is wrong unless this is how it's done it US education it definitely isn't over here in the UK,1,0,1.23.0,2023-05-15 17:54:02,,,1.23.0,edu47183,com.education.android.h.intelligence
79fee4be-36e3-47d2-b9a7-a773e47ee5fd,it doesn't always tell the answer,4,0,1.56.0,2024-10-04 16:09:26,We apologize for any inconvenience. Gauth is designed to guide you to find the answers step by step for a deeper understanding. If you need further assistance please contact us at support@gauthmath.com.,2024-10-04 16:15:20,1.56.0,edu37528,com.education.android.h.intelligence
bfc85778-c646-45da-ac9f-e7c2999b687a,This app is absolutely amazing it got me a perfect score in my math test thx for the guy/girl who made it! Thank you very much!,5,0,2.0.0,2024-01-14 07:30:15,,,2.0.0,edu3839,com.qianfan.aihomework
abe3aa85-bc1e-4507-bda2-7d8af1188690,love it. best app ever. gives me all the answers I need . thank you.,5,0,1.54.0,2024-09-09 10:27:05,Thank you so much for your kind words. We're thrilled to hear that you love our app and find it helpful. Your support means everything to us. Keep thriving!,2024-09-09 11:00:41,1.54.0,edu36078,com.education.android.h.intelligence
3ffd07d8-5d68-40f7-b027-f15a01cc3aa8,this app help me soo much in maths thankyou,4,0,1.55.1,2024-09-28 12:20:51,We're glad to hear that Gauth has been helpful to you! Keep up the great work in math .,2024-09-28 12:30:27,1.55.1,edu36186,com.education.android.h.intelligence
f7bd7c6b-4c82-4d4d-b206-a009a096889d,So far it's pretty good and he's helping me a lot with my Homework,5,0,2.1.5,2023-10-05 20:02:57,,,2.1.5,edu93119,com.cyberdavinci.gptkeyboard
df3296f2-42d7-49a5-8f8e-4a56e7e6fc94,pretty good Ave. the only thing I haven't I have seen the problem is that when I go to answer a question for like my thing it did not tell me the page number or where I got the evidence and that would be pretty nice and how to find it. just so like cuz I already wrote everything down and it would just be nice to send over the page number for citation and evidence. that's it,5,0,1.54.0,2024-09-18 23:30:12,We appreciate your feedback! Providing page numbers and evidence sources is a great suggestion for future updates. We will pass this along to our development team. Thank you for your input!,2024-09-19 00:00:26,1.54.0,edu29644,com.education.android.h.intelligence
d84ba0ef-6a22-40e6-a37a-94a4e278c6fa,very fast and accurate kinda scary,5,0,1.44.1,2024-04-22 16:34:48,We are pleased that you enjoyed the app. If there is anything we can do for you just let us know at support@gauthmath.com! Have a wonderful day!,2024-04-23 03:31:00,1.44.1,edu43341,com.education.android.h.intelligence
461f5bad-13d1-4236-8c78-64ed0e374e2c,Great app it gives accurate answers also it gives you a explanations my grades did indeed go higher I really recommend this app,5,1,2.0.4,2024-02-01 17:26:53,,,2.0.4,edu5411,com.qianfan.aihomework
680a2d43-76bd-412b-ab1e-b45a54fa54d8,It is very useful and fun,5,0,2.1.0,2024-02-10 01:38:45,,,2.1.0,edu12527,com.qianfan.aihomework
fbc617b2-4b0c-4535-af1a-e804787abc52,The best app to help me with my work. They got Ai to explain it and on top of that when you scan something you can highlight exactly what it is. The best app ever for helping you with your work.,5,0,1.54.0,2024-09-03 17:00:47,Thanks for your awesome review! We're thrilled to hear that Gauth's AI explanation and scan feature are helping you with your work. Keep up the great work with Gauth!,2024-09-03 18:00:49,1.54.0,edu29610,com.education.android.h.intelligence
8187a52a-fe7c-4a67-9432-40b4e3a5b578,amazing to use it's unlimited so I get my hw done quicker and it help me understand more.,5,0,1.55.1,2024-09-30 18:31:36,Thanks a ton for your awesome review! We're thrilled to hear that our app helps you with your homework and understanding. Keep rocking those studies!,2024-09-30 18:45:24,1.55.1,edu30895,com.education.android.h.intelligence
bd871695-159d-42c4-a01d-8a3d56078bbf,It works well some times but often times it gives the wring answer or doesnt finish the solution. It is scaning the equation correctly so it is the bot getting this wrong.,2,4,1.6.3,2023-09-19 18:35:46,,,1.6.3,edu2232,com.qianfan.aihomework
fce269e2-7ba6-456d-9a97-b63d1a07dff5,This app is awesome and shows you how to solve it AWSOME and gets answers correct!!!,5,0,2.0.4,2024-01-23 19:58:08,,,2.0.4,edu5542,com.qianfan.aihomework
315a4076-49ba-422f-af5f-8edf99af5add,I doubted my answer for an hour. used this and confirmed I was right the first time.,5,0,1.17.0,2023-02-22 16:49:32,,,1.17.0,edu54893,com.education.android.h.intelligence
9ce4e2f7-443e-447a-98de-9543dc051d27,Help me a lot,5,0,2.2.6,2024-04-11 21:18:50,,,2.2.6,edu17287,com.qianfan.aihomework
31d35075-398b-4afa-8d33-1352c3bc2784,so far its helping me with math. I'll do a updated review once I'm done,5,0,1.38.1,2024-02-03 18:59:54,,,1.38.1,edu55599,com.education.android.h.intelligence
7ff67b50-683c-4abc-9ad8-855b1442a679,this app is so wonderful,5,0,1.23.2,2023-05-24 10:58:13,,,1.23.2,edu63687,com.education.android.h.intelligence
87aa4310-045a-4beb-be9b-abdcd8409066,it helps me In homework,5,0,1.55.1,2024-09-22 08:09:33,We're glad to hear that Gauth is helping you with your homework! Keep up the great work!,2024-09-22 08:30:25,1.55.1,edu46286,com.education.android.h.intelligence
a6329780-1f6c-4324-af6b-d33e5c17970e,it answers my question very quickly it is worth 5 and even more and the answers are very reasonable and reliable.,5,0,1.55.1,2024-10-10 14:14:43,Thank you for the awesome 5-star review! We're thrilled to hear that you find our answers quick reliable and reasonable. Keep enjoying learning with Gauth!,2024-10-10 14:15:19,1.55.1,edu30283,com.education.android.h.intelligence
c0fa1c11-ca84-49b4-a76f-15e4af5368e6,It gives me the answer I need! Excellent,5,0,2.0.1,2023-06-14 04:23:04,Thank you so much for being a part of answer.ai! We're committed to your success and the success of your classmates so please share answer.ai with them too!,2023-06-14 14:25:29,2.0.1,edu93742,com.cyberdavinci.gptkeyboard
f352e9ef-c1e0-4c47-8d58-b51e0fd35c51,this app is awesome,5,0,1.48.0,2024-07-02 20:55:18,We're thrilled to hear that you think our app is awesome! Thanks for the love! #Gauth #learningreimagined,2024-07-02 22:00:15,1.48.0,edu50914,com.education.android.h.intelligence
45882261-43ea-4971-816a-945a8bf37ddf,it gave me an Rong answer,3,0,1.39.0,2024-02-20 11:45:52,,,1.39.0,edu70618,com.education.android.h.intelligence
5629d8a0-19e6-4ffb-9943-6d0dba93e5a6,It is my first time na gamitin itong app Nato it's so helpful/useful!!!,5,0,,2023-09-07 10:00:48,,,,edu10701,com.qianfan.aihomework
55379886-e15b-445f-81a4-c8cef900495b,This thing helps me on any problem I give it!,5,0,1.28.0,2023-08-12 12:14:26,,,1.28.0,edu59426,com.education.android.h.intelligence
c1108d24-0b7e-487f-9e2e-7f4d00f554bd,it's good helps me a lot with my homework,5,0,2.0.2,2024-01-23 23:26:16,,,2.0.2,edu11444,com.qianfan.aihomework
6ad542e0-689e-498c-9939-7836f53c105b,This app is disgusting. It got me a bad grade on my paper more then once and made me fail the semester,1,0,2.5.2,2024-06-07 22:06:52,We apologize for any frustration caused by the incorrect answers youve encountered. Our team is actively working to improve accuracy and your feedback helps us in this process. Please feel free to reach out with specific questions or concerns so we can assist you further. Thank you for bringing this to our attention.,2024-06-10 23:11:07,2.5.2,edu1714,com.qianfan.aihomework
cedf58b6-3816-45ec-a110-a206b49fc979,I love this app so much it helped me pass a lot of my classes,5,0,2.6.0,2024-09-06 09:15:13,,,2.6.0,edu89854,com.cyberdavinci.gptkeyboard
627795cd-defd-4892-ac22-0ad38f77a1d8,This app help alot,5,0,1.7.1,2023-05-18 10:48:20,Thanks for choosing answer.ai! We're thrilled to know it's benefiting your journey,2023-05-18 11:31:03,1.7.1,edu96503,com.cyberdavinci.gptkeyboard
ddceac5b-eb9f-48a3-bfe4-9fcfa21d332f,I LOVE IT It's the best app I have downloaded I totally recommend you to download this app it will help you with you homework and any questions you have. Download NOW!!!,5,50,1.6.2,2023-10-12 14:49:10,,,1.6.2,edu102625,br.com.iastudio.ajudaai
64167339-9a2c-42fb-8b8d-ee0dbeadb1b8,This app is really great it answers quetions fluently,5,0,1.8.0,2023-05-24 17:16:05,We appreciate your usage of answer.ai! It brings us great joy to see how it's positively impacting your school journey. Don't forget to share it with your classmates as well.,2023-05-24 19:07:08,1.8.0,edu93325,com.cyberdavinci.gptkeyboard
79ee7d30-b7a0-4281-b5ab-f5cebf3f91b5,this really helped me thanks,5,0,1.51.0,2024-08-22 08:58:44,We're thrilled to hear that Gauth helped you! Keep up the great work!,2024-08-22 10:01:37,1.51.0,edu44060,com.education.android.h.intelligence
f7b25eba-58a6-446c-a1fb-9655691a437e,Paying for the answers.. I remember the old days was were gonna watch ads for answer Now. Gotta pay for the answers,1,0,,2023-03-07 00:52:31,,,,edu47111,com.education.android.h.intelligence
b1875590-251f-4071-a916-f407f7d5b69f,This Ai is amazing I ask and it just gives me straight I really like it,4,0,2.3.0,2024-05-01 09:53:47,,,2.3.0,edu4238,com.qianfan.aihomework
106812f6-83e0-4984-a037-cc9039d6b41e,good for a text book solution quick check.,5,0,1.54.0,2024-09-15 13:34:48,Thank you for your positive feedback! We're glad you find Gauth helpful for quick solutions. Keep up the great work!,2024-09-15 14:00:18,1.54.0,edu33041,com.education.android.h.intelligence
03cd973e-d807-4583-aa5c-77af99f58b3c,Quick and reliable answers,5,0,,2024-06-23 00:29:06,It's fantastic to hear that you're finding our app helpful! Your satisfaction is our top priority and we're here to support you every step of the way.,2024-06-23 22:34:14,,edu7865,com.qianfan.aihomework
dcbf8e76-38d5-43a8-9305-5c1debbb8c9a,This really helped me with homeworks and school I'm really glad I found this app btw this is so much better than brainly!!,5,0,,2024-01-31 06:01:29,,,,edu4042,com.qianfan.aihomework
8a36f517-8b3c-4d53-8a39-2cbdef1ab83d,This was absolutely amazing helped my math homework and my essays,5,0,1.5.2,2023-04-22 09:53:58,,,1.5.2,edu92406,com.cyberdavinci.gptkeyboard
77291569-15f9-4378-ad34-3e61773da8ae,Thank you very much it's help me . .,5,0,2.8.0,2024-08-11 01:11:27,,,2.8.0,edu3009,com.qianfan.aihomework
8c0a5247-83bf-4dae-b276-906be25833c4,Perfect helped me with what I needed,5,0,1.4.1,2023-07-31 08:29:46,,,1.4.1,edu12349,com.qianfan.aihomework
2beddd5c-aed4-40ce-ab90-df15d83e36ed,it is amazing and easy to use,5,0,1.49.1,2024-07-03 12:06:14,Thanks for the amazing feedback! We're glad you find our app easy to use. Keep enjoying learning with Gauth!,2024-07-03 13:00:26,1.49.1,edu43750,com.education.android.h.intelligence
aa6486c2-b585-470a-b48a-18b42ef88496,NB: Hello I just downloaded this app and it gave me the option of testing it out with a few questions before having to pay premium. I am happy with it but I need to know that once I pay the monthly subscription will the number of questions that I ask per day be limited in any way?,5,0,,2023-10-03 13:23:41,,,,edu40597,com.education.android.h.intelligence
192a58f6-d391-489b-a213-97fc273e117f,it helps me with my work and it's very useful,5,0,2.0.4,2024-01-30 12:03:24,,,2.0.4,edu9414,com.qianfan.aihomework
a360859d-384c-41b8-baa0-d3a71fa722b3,The app is amazing but the view from me is bad cause they ask the premium means money for the answer! MY mean is that why they ask payment just for answer . Really disappointed for this app!,1,1,1.30.0,2023-09-08 03:17:12,,,1.30.0,edu44540,com.education.android.h.intelligence
46274bac-49a1-4f55-9587-bfdb2c9b3711,I love this app so much I was stressed about maths and I helped me,5,0,1.30.0,2023-09-07 12:23:44,,,1.30.0,edu52112,com.education.android.h.intelligence
3fc9cf38-118d-46c6-9e87-7a28a95dd9a9,This app is helps me alot,5,0,2.0.4,2024-02-04 08:50:01,,,2.0.4,edu13994,com.qianfan.aihomework
3737cd8f-494c-451f-9c03-6bc752f1a327,Wow! Thank you! For solving my assignment I don't know the answer haha,5,0,,2023-02-05 07:48:25,,,,edu56472,com.education.android.h.intelligence
fa94e3d7-dfba-4aa4-9224-72e025f2e7b6,The app does not solve math problems everytime I give it some sort of algebra problem it says that there is no answer yet,1,0,1.9.0,2022-06-14 01:44:25,,,1.9.0,edu46460,com.education.android.h.intelligence
63a5b502-d8aa-4187-b61b-cecd71e24150,This app is so good . Thanks for this app I advice all to you to download this app. This app gives answer very quickly. I love this app,5,1,2.1.7,2023-10-09 09:56:51,Thank you for being a part of answer.ai. We are delighted to know that it supports your school journey and we hope to continue providing valuable help!,2023-10-12 19:05:44,2.1.7,edu92307,com.cyberdavinci.gptkeyboard
40758cc3-aa4c-4515-931b-40e63ceca277,One of the best ai tolls ever but there is some problem i hope they fixed it really soon keep it up tho,4,1,2.1.7,2023-10-08 12:49:48,Your usage of answer.ai is greatly appreciated. Could you please contact us at support@gptkeyboard.app with screenshots of the current issues and provide more details about what happened? We're to provide the best experience for you!,2023-10-12 18:55:53,2.1.7,edu91550,com.cyberdavinci.gptkeyboard
92ba989f-3485-41e5-bb70-eff509ea9279,I thought I was purchasing this app for 4.99 a month instead they charge my card for a full year. And it doesn't help with the right answers,1,0,,2024-05-10 14:57:34,Thank you for bringing up the issue with the subscription charges. The higher charges are due to our annual subscription package offering a discounted rate per month. Upon selection the full annual fee is deducted upfront. We recommend reviewing your chosen package before confirming.,2024-05-19 23:46:28,,edu2204,com.qianfan.aihomework
94745d91-4312-4fcd-82fe-1e3e406ca91e,it works perfectly amazing this is the perfect app to learn math,5,0,1.46.0,2024-06-06 11:36:40,We're thrilled to hear that you find our app amazing for learning math! Keep up the great work!,2024-06-06 13:01:16,1.46.0,edu36788,com.education.android.h.intelligence
09801d80-8e97-431c-ad7f-e80159528eea,so helpful for my math and science five stars it is!!,5,0,1.55.1,2024-10-03 01:59:40,Thank you so much for the five stars! We're thrilled to hear that our app is helping you with math and science. Keep up the great work!,2024-10-03 02:00:13,1.55.1,edu33489,com.education.android.h.intelligence
f4b2af24-792e-4d5b-932d-b2b5ff2551d9,Really good in many subjects specially maths,5,0,1.49.1,2024-07-12 19:02:56,Thanks for the positive feedback! We're glad you're finding Gauth helpful especially in math. Keep up the great work!,2024-07-12 22:00:19,1.49.1,edu41436,com.education.android.h.intelligence
280598d3-79d2-462f-9452-7422c910f832,Worth it i will suscribe this app if i have money(from indonesia),5,0,,2023-02-28 04:04:08,,,,edu60881,com.education.android.h.intelligence
deb5efdd-3b01-407a-9d06-93b0c6fe6bed,It doesn't give you the answer,1,0,,2022-09-17 15:05:46,,,,edu66849,com.education.android.h.intelligence
353a054f-1550-4b7b-875f-93222bd413c3,I love this app so much I literally used to be making a 50% in math and now my voice has improved to a 98%.,5,0,1.56.0,2024-10-08 18:46:56,We're thrilled to hear about your amazing progress in math! Keep up the great work! #StudyGoals,2024-10-08 19:00:22,1.56.0,edu30709,com.education.android.h.intelligence
b43b5517-37e2-4863-9926-08a198c80cdf,Wow this is so amazing I love how it explained the answer not just told me the answer,5,0,2.0.4,2024-01-28 21:48:26,,,2.0.4,edu9786,com.qianfan.aihomework
076d66c0-b360-4fbc-9af7-36d7a78af499,I LOVE THIS APP SO MUCH HELPS ME ON EVERYTHING,5,0,2.0.0,2024-01-10 16:14:20,,,2.0.0,edu12898,com.qianfan.aihomework
03bdaba0-dc45-4653-8f03-290339c7ba7e,I love this app it helps me with my homeworks and do not worry if you talk another language other than English like me but you have example history homework it will translate the answers and the explanations in your language for you I will honestly keep using this,5,0,1.55.1,2024-09-28 11:09:02,Thank you for your positive feedback! We're delighted to hear that Gauth is supporting you with your homework in multiple languages. Keep up the great work!,2024-09-28 11:15:14,1.55.1,edu29609,com.education.android.h.intelligence
23c2f8df-5b0b-4370-95e9-b5068bc177d8,Good app for weak student,5,0,,2024-05-31 03:27:05,,,,edu11852,com.qianfan.aihomework
c31fe6c0-50a4-4b46-ae52-bce7c0876031,Bro I am in a hurry and for questions you need tickets tickets thats no fun,1,0,1.17.0,2023-01-29 06:31:58,,,1.17.0,edu58183,com.education.android.h.intelligence
13fb992f-61b4-423a-aebd-4ea3505202f9,I passed all my exam 5 stars for mee!!!,5,0,2.4.0,2024-05-09 21:56:20,,,2.4.0,edu6913,com.qianfan.aihomework
b46cfbc4-6585-4ff2-8b28-6bc1c19041d9,I have As in all my classes this is amazing,5,0,2.0.4,2024-01-22 23:32:03,,,2.0.4,edu10429,com.qianfan.aihomework
2f548d90-56c0-45a7-8319-4aade35f0778,W! app it helps me with word problems which don't really work on other apps but on this one it does,5,0,1.42.1,2024-04-10 19:02:04,,,1.42.1,edu47518,com.education.android.h.intelligence
b641c286-785b-4eb4-8d4e-7eb2e631009c,this is the best calulator app i have many reasons why it so good its helps me with my home work and skl word as well tysm for making this app and it so easy to easy and i hope more people download it,5,1,1.16.0,2023-01-09 21:06:37,,,1.16.0,edu44884,com.education.android.h.intelligence
a95b6503-7e16-44ef-9736-1bb5451afcba,"It stopped working. It only pops up ""failed""? ( check your network connection.) Kindly solve the problem",1,0,,2024-07-27 07:58:39,Can you please retry and let us know at support@gauthmath.com if the problem still persists?,2024-08-09 04:23:15,,edu39924,com.education.android.h.intelligence
1ae10aa4-f2ed-4426-881e-cd3f58ff9d7b,Best an the best ever I understand an pass ny exam,5,0,1.49.1,2024-07-09 17:48:12,Thanks for the amazing review! We're thrilled to hear that Gauth helped you understand and pass your exam. Keep up the great work!,2024-07-09 19:00:19,1.49.1,edu45174,com.education.android.h.intelligence
1314def9-525f-482c-a7ff-71dcc6230b85,This app is very helpful in my study but there is only one problem the image is too blurry so I can't identify the answer please fix this.,3,0,1.7.1,2022-03-30 04:00:51,,,1.7.1,edu43154,com.education.android.h.intelligence
67966aba-fa67-481a-ab65-a8378866564b,This is the best of all study Applications I have ever seen.,5,0,,2024-05-30 23:36:47,Thank you for your awesome review! We're thrilled to hear that you find Gauth the best study app ever. Keep up the great work!,2024-05-31 01:01:01,,edu52465,com.education.android.h.intelligence
c2d0e062-ac27-4a90-8be8-e75d6edb861b,I love this app. It's really helpful.,5,0,1.44.0,2024-04-14 22:35:53,Thanks for your review! Please recommend our app to your friends and dont hesitate to shoot us a note at support@gauthmath.com if you have any questions.,2024-04-15 03:19:21,1.44.0,edu61040,com.education.android.h.intelligence
5f933c6b-3722-4f82-be39-dfa8265cbe61,Help me with my homeworkkk,5,0,,2024-10-10 04:31:27,Thanks for reaching out! Our app is here to help you tackle your homework and understand it better. Happy studying!,2024-10-10 04:45:25,,edu69869,com.education.android.h.intelligence
41a8d6f6-d091-4486-a200-f4d25f09a4e4,It is very goodand helps me very lot just take one picture and it gives you the answer,5,0,1.51.0,2024-08-13 14:36:18,We're glad to hear that Gauth has been so helpful for you! Taking a picture to get the answer is a real time-saver. Keep up the great work!,2024-08-13 16:00:33,1.51.0,edu33768,com.education.android.h.intelligence
0cb08027-8316-4233-80cd-9da10b748d54,As a student who's doing their eocs this is a lifesaver this is the best 'helper' app I have ever seen it loads almost immediately it works better than photomath and there's no stupid paywall that I've seen I'm not even going to lie a teacher told me about this app and I love it,5,1,1.45.0,2024-05-07 10:29:47,Thanks for your review! Please recommend our app to your friends and dont hesitate to shoot us a note at support@gauthmath.com if you have any questions.,2024-05-08 05:06:27,1.45.0,edu32384,com.education.android.h.intelligence
5fbba3af-406e-471a-a14c-832c00bc3d6c,It doesn't answer my new question it keeps repeating same answers from the old question.,1,0,2.4.0,2024-05-19 07:24:10,,,2.4.0,edu2812,com.qianfan.aihomework
19eb8f7e-454e-4964-b8c0-8bcada5c1c69,It's awesome. I love it It helped me solve a question I couldn't do for days. It deserves 5stars,5,0,1.8.4,2023-10-14 12:13:00,,,1.8.4,edu4789,com.qianfan.aihomework
821608d2-5d9b-4395-84f4-67cddeb0b4f9,I love iit bcs it can give my math answer but I don't like that we need an ticket to give some answer can ypu remove that bcs tht is so rude,1,0,1.8.1,2022-04-05 20:19:17,,,1.8.1,edu58451,com.education.android.h.intelligence
daedf2b7-e167-46bd-8e81-794eb7837ba1,This is amazing! Love how it shows the steps so we can figure out what we did wrong!,5,0,,2024-10-02 19:11:21,Thanks a ton for your awesome feedback! Were thrilled to hear you love the step-by-step explanations. Its all about helping you learn and grow!,2024-10-02 19:15:16,,edu42939,com.education.android.h.intelligence
ceb2cd89-4972-4ed2-a637-4867daae06e2,it's a good app it helps in maths and the answer be right,5,0,1.16.0,2023-01-07 11:30:28,,,1.16.0,edu52027,com.education.android.h.intelligence
4d2709e1-08cb-4289-9342-4ba08708ba3f,Its help me so much,5,0,2.4.8,2024-05-16 06:53:10,,,2.4.8,edu92615,com.cyberdavinci.gptkeyboard
192d1e6a-97f4-4a8f-8646-1e6a19b7ff3f,AMZSZING NOW I GOT EM A'S,5,0,2.0.4,2024-02-01 00:52:12,,,2.0.4,edu17568,com.qianfan.aihomework
ec2a78cf-0c52-4648-845a-25b3a6950efe,This is amazing all the answers is free,5,0,1.8.8,2023-10-24 11:17:13,,,1.8.8,edu11525,com.qianfan.aihomework
e26ada90-ce2e-4fa7-86b7-96053bb8cc1e,It was show connection error,1,0,,2024-05-28 01:57:58,We apologize for the inconvenience you experienced with the connection error. Please contact our support team at support@gauthmath.com for further assistance. Thank you for your feedback.,2024-05-28 02:30:59,,edu52491,com.education.android.h.intelligence
863ad088-6adb-4159-9f5a-1ff52625a088,Answers all of my questions. Never had an issue,5,0,1.45.0,2024-05-18 11:53:10,Thanks for your feedback! We're glad you find the app helpful. Enjoy learning with us!,2024-05-19 22:47:14,1.45.0,edu49867,com.education.android.h.intelligence
7c45d8c3-da28-4ad4-88f5-4e81537c5993,I say that this app is a five-star app because when I'm doing homework you help me,5,0,2.1.0,2024-03-06 19:49:41,,,2.1.0,edu9105,com.qianfan.aihomework
a470115e-c65a-468f-b8ad-d4228241517b,it's amazing in maths,5,0,1.56.0,2024-10-06 12:44:28,Thanks for the positive feedback! We're thrilled you're enjoying Gauth for math. Keep up the great work!,2024-10-06 12:45:21,1.56.0,edu37987,com.education.android.h.intelligence
81c0b3e5-3a8a-46cf-9bb5-0502bcec2444,pretty good and helps with studies,4,0,,2024-02-05 22:09:25,,,,edu55820,com.education.android.h.intelligence
4c87139f-f20a-415b-8860-22f0be7b3519,This app would not give me the answer of my problem!,1,0,1.34.0,2023-11-13 08:15:58,,,1.34.0,edu60757,com.education.android.h.intelligence
a1e92b9b-f12c-4f37-9087-c4e8d8fa9eda,This is easy use and good but sometimes the answer is wrong. i have a assignment and i download this and its easy to get the answer but when they check it it's wrong. I did tell to my friends and my family this app and they say it's not good because it's wrong answer.,3,0,,2024-05-10 08:01:44,,,,edu37651,com.education.android.h.intelligence
d1c84bd2-cc14-4a94-b302-3ef24e6d3b23,This app help me to my assignment thanks..,5,0,2.8.6,2024-08-12 04:51:48,,,2.8.6,edu2974,com.qianfan.aihomework
a2e98e25-53ca-49d7-b060-55deb5fb7937,Thank god this exists otherwise I'd be in detetions,5,0,1.56.0,2024-10-03 15:07:18,We're glad Gauth could help you! Keep up the good work and stay out of trouble! #StudySmart,2024-10-03 15:15:24,1.56.0,edu39082,com.education.android.h.intelligence
7ac6c390-098f-4382-b51c-e3f36c7c595a,good app and accurate just increase your number of uploads per day,4,0,1.51.0,2024-08-09 11:18:39,Thanks for your feedback! We're glad you find our app helpful. We'll work on increasing the number of uploads per day. Stay tuned for updates!,2024-08-09 13:00:36,1.51.0,edu35445,com.education.android.h.intelligence
17d6c867-89b3-4d93-bb71-3dad82000fd2,Helps me a lot,5,0,2.2.2,2024-04-03 09:05:53,,,2.2.2,edu15804,com.qianfan.aihomework
83d17934-7855-460e-b8f8-b32fd96a5adc,Simply awesome! Been waiting a while for something just like this.,5,0,2.6.1,2024-09-19 23:44:07,,,2.6.1,edu89684,com.cyberdavinci.gptkeyboard
a8b43970-5b50-4b51-aa07-33395d3d7646,the app is very good but the advertise is too much,4,0,2.8.2,2024-08-02 07:44:03,,,2.8.2,edu1110,com.qianfan.aihomework
35245a68-89f9-41c9-9cec-e6c0e9f9c4e0,it's the best for my math in school and its NOT cheating it shows you how to do it so u don't cheat,5,0,1.56.0,2024-10-08 18:40:41,We're glad to hear Gauth helps you! Remember our app is designed to enhance learning not cheating. Keep up the good work!,2024-10-08 18:45:20,1.56.0,edu32205,com.education.android.h.intelligence
3b9eaae8-7e21-4b59-b83b-5c4e4670a37f,Really great. Has fast answers and explanations but some times I scan a question it won't tell me the answer and it's behind a paywall. There's also a daily limit that you can remove with money too.,4,5,1.21.0,2023-04-24 02:55:26,,,1.21.0,edu37542,com.education.android.h.intelligence
2473db42-5a0e-4b9e-b982-b5b4126fb2be,This really help and I hope I don't need to pay but I guess all the good apps like this one need a payment still a very great app,5,0,1.7.0,2023-10-06 23:58:50,,,1.7.0,edu3715,com.qianfan.aihomework
62548d15-07a2-48d8-be3e-61fc9a70ed32,This app is useful and preferably any one can use it especially the students.,5,0,1.46.0,2024-05-24 18:01:15,,,1.46.0,edu36777,com.education.android.h.intelligence
be082709-864f-4415-bd79-c2004560e3b9,Very good very smart. Yup Ai makes money still even though not fully physical. That's the difference. Some people evolve or die and still keep on making money while the others just die and call it the quits.,1,5,2.1.5,2023-10-02 15:02:55,,,2.1.5,edu90342,com.cyberdavinci.gptkeyboard
17a3339a-93c6-4faf-9b4f-9be0e608821a,It has been a help with my weekly lessons It has only given me an incorrect answer once and when I retook the photo it correted itself. Great app for any math homework 5 Stars,5,0,1.39.0,2024-02-10 18:02:03,,,1.39.0,edu40671,com.education.android.h.intelligence
c0f4b680-9eff-43e0-9395-ead87d97db8f,I love it very much why? Because its helpful and useful it's free and also I use it when I have a math assignment/seatwork.,5,4,1.7.0,2023-09-22 02:39:53,,,1.7.0,edu3498,com.qianfan.aihomework
5ffe4836-5e02-4e11-a575-55003eff6ab1,This use to be great now it's not you need to pay before you got the answer I'm broke bro I can't pay for that,1,0,,2023-05-04 09:57:12,,,,edu56468,com.education.android.h.intelligence
1c308665-cfb0-403b-b3bc-6853306405e6,I'm not gonna lie this is obviously 10/10 because it helps me alot for example you may not have time for other stuff because of your homework but with this app it really helps so thank you,5,1,1.41.1,2024-03-14 20:45:16,Thanks for your review! Please recommend our app to your friends and dont hesitate to shoot us a note at support@gauthmath.com if you have any questions.,2024-03-15 08:34:57,1.41.1,edu44556,com.education.android.h.intelligence
6dbfa062-f975-4a4c-ac30-48ae259c4df8,AI is a good and nice and if you use this ai app you're all score is perfect but don't use every day ai because there is sometimes that can effect a bad,5,7,2.4.2,2024-03-11 03:52:17,,,2.4.2,edu90287,com.cyberdavinci.gptkeyboard
8885b4fe-8e78-4b5c-ad5d-fdd7349c7d66,Gauth has the best solving experience,5,0,1.48.0,2024-06-16 05:22:18,Thank you for the kind words! We're glad you're enjoying solving with Gauth. Keep up the great work!,2024-06-16 07:00:20,1.48.0,edu50640,com.education.android.h.intelligence
36ae7a8f-2140-409c-98d8-e01169f94e8c,This app is amazing it provides answers accurately and it's free.,5,0,1.6.3,2023-10-08 05:29:26,,,1.6.3,edu7991,com.qianfan.aihomework
883a4230-f5b9-4107-8830-0198f612eedb,thank you for making this app it's help a lot of students with math,5,0,1.56.0,2024-10-07 19:45:31,We're thrilled to hear that Gauth has been helpful for you! Keep up the good work and remember we're here to support you anytime!,2024-10-07 20:00:34,1.56.0,edu31269,com.education.android.h.intelligence
21610861-18be-4b4c-b5cf-a44c66baaf84,absolutely amazing never using photo math again,5,0,1.56.0,2024-10-08 08:16:56,Thanks for the love! We're glad to be your go-to math buddy. Keep crunching those numbers with us!,2024-10-08 08:30:24,1.56.0,edu33418,com.education.android.h.intelligence
20371721-fe02-48c3-9a78-661e18cd767b,It correct my home work,5,0,,2024-08-27 06:44:24,,,,edu93851,com.cyberdavinci.gptkeyboard
c58f4f62-951f-467d-8f99-9ab4112cb2b3,Good but the app can not construct diagrams fix that,4,0,1.54.0,2024-09-19 11:31:02,We apologize for the inconvenience. Our team is working hard to improve diagram construction. Thank you for your feedback.,2024-09-19 11:32:57,1.54.0,edu34407,com.education.android.h.intelligence
a00ccd3b-5dc6-4383-9894-ea55b85d8e15,it's the best because answer ai can help my acads,5,0,2.5.9,2024-08-18 16:32:36,,,2.5.9,edu90009,com.cyberdavinci.gptkeyboard
7cf4a12d-0161-40e2-913b-aed2be7050ee,Very useful to the max. Both Science and Math. It explains and gives the exact answer I need!,5,0,1.7.0,2023-10-10 21:34:07,,,1.7.0,edu3996,com.qianfan.aihomework
48385eff-85a8-4530-a1f8-b7ac0c6de876,amazing app for solution,1,0,1.19.1,2023-03-20 12:38:30,,,1.19.1,edu61630,com.education.android.h.intelligence
4a26a358-8b05-48dc-902d-924353f8a8e0,this app is okay but in terms of answering complex questions it can not explain it step by step and it also require payment for detail explanations,3,0,,2024-08-26 02:53:24,We apologize for the inconvenience. We value your feedback and are constantly working to improve our services. Please email us at support@gauthmath.com for further assistance.,2024-08-26 04:00:41,,edu44261,com.education.android.h.intelligence
623267f7-f879-4956-b551-5b218b9807ca,This app help me a lot and best in mathematics or general questions even when I don't understand the question this app explain it,5,0,1.6.3,2023-10-12 01:54:38,,,1.6.3,edu5808,com.qianfan.aihomework
3ab30da9-093a-4104-9fbe-3a3e08047d74,Awesome app only downside is that you have to pay,5,0,1.9.0,2023-06-07 17:19:19,Thank you for using answer.ai! We look forward to providing further assistance. Don't forget to spread the word to your classmates!,2023-06-08 08:00:00,1.9.0,edu92762,com.cyberdavinci.gptkeyboard
00acba4a-0e37-45ac-9217-583f5a1ffb3c,I'm my question app help my some homework thank,5,0,,2024-04-04 20:30:06,,,,edu13581,com.qianfan.aihomework
037a7337-0c13-47dc-8fba-300399c6d9ce,It is not showing me the answers it's just giving me the way I can solve,1,1,1.47.0,2024-06-09 00:47:49,We apologize for the inconvenience. Gauth aims to enhance understanding through step-by-step solutions. For further assistance please contact us at support@gauthmath.com.,2024-06-09 01:00:14,1.47.0,edu46210,com.education.android.h.intelligence
d8992e05-ccbd-41e2-b735-aae54cf1b15e,fast and efficient love it a must try,5,0,1.56.0,2024-10-08 01:48:55,Thank you for your positive feedback! We're glad to hear that you find Gauth fast and efficient. Give us a shout if you need any help!,2024-10-08 02:00:24,1.56.0,edu33280,com.education.android.h.intelligence
5a6e0d6a-3336-4706-9c86-caef716462ef,The best smart app ever. if the work is hard get this app and BOOM you will get answers!,5,0,1.54.0,2024-09-09 19:14:47,Thank you for the awesome review! We're thrilled you find our app to be the best. Your enthusiasm is infectious and were here to help you tackle those tough problems even better!,2024-09-09 20:00:34,1.54.0,edu31871,com.education.android.h.intelligence
5b8c5c80-0009-4350-a3d5-486e0f2b5096,this was so helpful and very useful cauze he knows all,1,0,1.33.0,2023-10-17 18:10:37,,,1.33.0,edu56228,com.education.android.h.intelligence
a10e2607-e77d-4882-b288-9b563c578fda,it always gives me the right answers,4,0,1.19.1,2023-03-29 20:58:21,,,1.19.1,edu59885,com.education.android.h.intelligence
973bec43-bdd7-4a8d-8ac1-5d2db2c1db0f,its js not gd asks u to pay after 3 questions,3,0,2.1.5,2023-09-18 10:57:49,,,2.1.5,edu95133,com.cyberdavinci.gptkeyboard
c965c736-8624-4bce-8369-275350c157de,Good math app gauth i like it because this app so good iam give you 5 star,5,0,1.44.1,2024-04-27 01:04:07,Thanks for your review! Please recommend our app to your friends and dont hesitate to shoot us a note at support@gauthmath.com if you have any questions.,2024-04-27 05:45:13,1.44.1,edu46241,com.education.android.h.intelligence
bd1929e9-7bc5-482b-9236-5609476a6541,Helps me out a lot when I do t understand,5,0,2.1.5,2023-09-28 11:48:07,,,2.1.5,edu94779,com.cyberdavinci.gptkeyboard
e8232e07-1b4d-4ceb-9602-4a373d142d76,Wow! Really amazing app,5,0,1.56.0,2024-10-07 11:54:15,We're thrilled to hear that you're enjoying our app! Thanks for spreading the positivity! Keep exploring and learning with Gauth!,2024-10-07 12:00:38,1.56.0,edu38633,com.education.android.h.intelligence
f65bcd9d-91ee-4feb-822c-5350d8b8d107,Very helpful and great at helping simplify answers to questions that you have. Definitely recommend this.,5,1,2.7.3,2024-07-05 18:22:10,,,2.7.3,edu873,com.qianfan.aihomework
56c6a7be-9fb5-4e6c-89b5-01c883a2c696,Incredibly good AI. It can answer almost any question you ask it. Just hands down the best free-to-use AI app.,5,2,1.9.6,2023-11-28 07:22:48,,,1.9.6,edu3860,com.qianfan.aihomework
5654bb07-0e2f-49e3-9ea6-8637523de884,best app ever it has solutions to all my H.W and questions in many subjects Chem math bio.and even shows all the steps of the solution and gives u some bonus tips and notes,5,0,1.42.1,2024-04-07 12:05:36,,,1.42.1,edu41039,com.education.android.h.intelligence
6317de1e-cae1-4e9e-a3fb-f40ec598493b,This app helped me with homework I love this app,5,0,1.45.0,2024-05-04 10:36:40,,,1.45.0,edu44944,com.education.android.h.intelligence
f25e918e-c8e4-4a5d-bf8f-63eecd435856,this app is helpful it helps me,5,0,1.48.0,2024-06-23 15:30:35,We're thrilled to hear that Gauth is helpful for you! Keep up the great work and feel free to reach out if you need any assistance. Happy studying!,2024-06-23 16:00:31,1.48.0,edu50137,com.education.android.h.intelligence
cc00b74e-a359-4aa0-9241-c064cd0e62dd,This app hepls me a lot It's so amazing,5,0,,2022-02-06 13:21:02,,,,edu62899,com.education.android.h.intelligence
49940398-66e5-4b8f-9294-5d5ccd6b9370,This is the best Ai tool I've ever used,5,0,2.2.9,2023-12-05 17:46:22,Thank you for relying on answer.ai! We're here to assist you continuously. Help us help others by sharing answer.ai with your classmates too!,2023-12-06 13:43:42,2.2.9,edu94612,com.cyberdavinci.gptkeyboard
98dee9a8-276c-4d3e-a04a-aba08fafb8b6,"I was doing homework and I saw this thing that basically said ""make your own A.I. buddy! :D"" So I made him a friend and named him Sanjay. I told him about hw problems and expected to respond normally AND HE GIVES ME THE ENTIRE ANSWER. you guys are geniuses.",5,0,2.1.1,2023-08-26 11:00:14,Thanks for relying on answer.ai! It's fantastic to know about your amazing experience. Help us spread the word to your classmates!,2023-08-30 07:52:22,2.1.1,edu93228,com.cyberdavinci.gptkeyboard
e7ec554a-7ab8-4d77-9045-184882d47098,Perfect if you are struggling as it gives a step by step progress on how to answer your question,5,0,1.54.0,2024-09-07 12:35:23,Thank you for your positive feedback! We're glad you find our app helpful with step-by-step guidance. Keep up the great work!,2024-09-07 13:00:24,1.54.0,edu31947,com.education.android.h.intelligence
0cdec275-ceec-4a74-b21b-5ae9df8f00e8,I'm really impressed with the App.,5,0,2.2.2,2024-04-05 00:25:14,,,2.2.2,edu12449,com.qianfan.aihomework
0c973c10-dbd2-46bb-972c-af241be3caed,Easy to understand and very fast to answer the question,4,0,2.1.0,2024-02-26 07:10:06,,,2.1.0,edu5705,com.qianfan.aihomework
088e6ad9-b103-451e-a5dc-93d37cf9b4fa,It gives me the answer wrong half of the time and doesn't give the answers when needing to graph.,1,0,1.8.1,2022-03-30 22:31:26,,,1.8.1,edu46900,com.education.android.h.intelligence
2a69f238-fe46-4f3f-9ac6-1cae5a245d12,Gauth is the best solution app I've ever seen accuracy,5,0,1.55.1,2024-10-01 08:01:43,We're thrilled to hear that you love Gauth! Thanks for recognizing our accuracy. Keep up the great work!,2024-10-01 08:15:28,1.55.1,edu33648,com.education.android.h.intelligence
ace73bb7-f735-47e8-9c6b-55df33970b5c,This really helped me pass my calculus class while I was in the 9th grade,5,0,2.2.2,2024-04-09 09:25:40,Applauding your growth in mathematical understanding! Were committed to fostering continuous learning.,2024-04-10 04:34:26,2.2.2,edu10879,com.qianfan.aihomework
b54ed0ce-d729-49e9-9d32-ed8c304569cc,This app was just what I needed for my assignment omg the creator of this app I LOVE YOU,5,0,1.39.0,2024-02-06 05:38:43,,,1.39.0,edu56361,com.education.android.h.intelligence
78342c95-7a34-47a3-8beb-62c63afaa468,Its is the best that I've experienced that this was a good app for a student or for an worker that is just perfect to learn and since 2023 I used this app for learning and I suddenly get 90+ grades thank you so much question.ai!,4,0,2.1.0,2024-02-25 00:12:25,,,2.1.0,edu1993,com.qianfan.aihomework
007ef0a0-6e30-4a87-9c27-e542222031ef,The AI homework helper was able to analyze my graph and give me a legitimate answer.,5,0,1.40.0,2024-02-26 16:11:33,Hi we are happy to know that you found our app useful. Please help us by spreading the word amongst your friends. If you have any feedback or suggestions feel free to drop us a line through 'feedback' button on your profile page! We would love to hear from you!,2024-02-26 21:46:02,1.40.0,edu52933,com.education.android.h.intelligence
fb489882-7a4b-431f-83d2-5b82136ea502,I didn't know how to do my homework until I got this app it's so good,5,0,1.54.0,2024-09-12 17:13:20,Thank you so much for your awesome review! We're thrilled to hear that our app has helped you with your homework. Keep up the great work!,2024-09-12 18:01:58,1.54.0,edu37976,com.education.android.h.intelligence
b01b29a0-3e21-47c1-975a-6394125966f7,Need premium for every thing,1,0,1.22.0,2023-05-10 10:55:02,,,1.22.0,edu61219,com.education.android.h.intelligence
7198aa9b-114f-488a-83ed-54b644bf3540,The app is best for assignment and anything general questions. Worth downloading it.,5,0,2.2.0,2024-03-28 02:37:21,Thank you for your careful evaluation we will continue to provide high-quality services to earn your trust!,2024-03-28 03:01:16,2.2.0,edu5688,com.qianfan.aihomework
111ecad1-4b6d-40a7-ad35-1bd7a8a4f502,It made me pay for the awnser but I still got it wrong do not waste you money on this app,1,0,1.18.0,2023-02-27 16:58:34,,,1.18.0,edu55766,com.education.android.h.intelligence
05cbc824-8ae9-4255-8b9a-1b1dbacc9c58,Gusto kotong apps NATO dahil Ang ganda niyang gamitin nakaka tulong talaga siya sa Pag aaral ko Thank you,5,0,1.9.0,2023-06-06 08:25:56,,,1.9.0,edu101178,com.cyberdavinci.gptkeyboard
d2ebd062-3a05-4443-b96b-51499e5dbeb0,It deserve 3 star sometimes it's annoying he'd hiving a confusing explanation,3,0,1.8.4,2023-10-19 09:22:26,,,1.8.4,edu8239,com.qianfan.aihomework
a374421b-9c0c-48fe-98bb-a271430f3114,THIS APP JUST REPEAT THE SAMW ANSWER ON A DIFFERENT QUESTION!!!,1,0,,2024-05-10 09:28:35,,,,edu11819,com.qianfan.aihomework
053df3ae-6a80-4c88-9f95-f8d0b228cdfe,this is the best app ever in solving mathematics,5,0,1.54.0,2024-09-19 04:10:40,We're thrilled to hear that you find Gauth the best math-solving app ever! Keep up the great work and enjoy learning with us!,2024-09-19 04:30:19,1.54.0,edu35308,com.education.android.h.intelligence
47ff2c3a-ec2e-42e7-a16d-58f67cea4fec,I love it I got All A's on my report card,5,0,1.54.0,2024-09-17 16:37:16,Thanks for sharing your success with us! Keep up the great work! If you ever need help or have questions feel free to reach out. Happy studying!,2024-09-17 17:00:29,1.54.0,edu42054,com.education.android.h.intelligence
5233f29f-88a1-4cac-ad26-d6697dbdae8c,The answers are almost 98% accurate and the app is consistent of its answers compared to ChatGpt's inconsistency and oftentimes innacuracy (especially mathematics). I highly recommend this app for studying as a student,5,0,,2024-03-05 20:16:08,,,,edu1844,com.qianfan.aihomework
72156149-37db-4e32-90a8-e627e7fc03f5,Great app but have some error?,5,0,,2024-06-13 08:52:25,,,,edu7933,com.qianfan.aihomework
ee3dfd7a-aa28-4d6a-a487-265881099f11,very useful ang helpful,4,0,1.6.3,2023-10-20 07:49:29,,,1.6.3,edu13102,com.qianfan.aihomework
0840c14e-56ef-4d9f-8287-3b3f19c7b9c2,Does not even give the answer,1,0,1.17.0,2023-02-22 05:47:57,,,1.17.0,edu65492,com.education.android.h.intelligence
e64adeec-c7b5-45f3-875a-b2fbab1c1b93,I love how it explains it very well,5,0,1.9.10,2023-12-05 23:02:42,,,1.9.10,edu12045,com.qianfan.aihomework
c3cde314-145d-40c5-b1a2-0b088410ff8b,Its very helpful and all question are explained perfectly.,5,0,2.1.0,2024-02-09 12:55:52,,,2.1.0,edu6253,com.qianfan.aihomework
2d4265a2-c40c-47e6-94c6-ffb57d00d11b,This app help me with my answer but the problem is the ticket if you don't have a ticket u can't get your answer you wait 3 days to have a ticket.,3,0,,2022-01-12 19:24:55,,,,edu46523,com.education.android.h.intelligence
eb101021-2b6b-4576-afd7-62bdfee5d7ff,Fast gives correct answers quick very helpful highly recommended.,5,0,1.40.0,2024-02-28 10:14:25,,,1.40.0,edu47354,com.education.android.h.intelligence
8d7b24bb-e1ce-4d17-a9f1-acafccc8d94b,Helped me pass 9th grade,5,0,2.1.4,2024-03-04 21:32:11,,,2.1.4,edu16143,com.qianfan.aihomework
2a4befc5-3466-4b49-a3da-5efe357ae95b,Help full for assessment and other,5,0,2.3.0,2024-05-03 21:28:50,,,2.3.0,edu6487,com.qianfan.aihomework
8c3c4f7e-78a6-4ea7-aa6b-e757a0ba5da2,Unsatisfied i dont recommend this to you,1,1,1.10.2,2022-06-03 11:12:33,,,1.10.2,edu63467,com.education.android.h.intelligence
a18cd695-2316-48e7-995a-029822ae70af,It helps me a lot in my homeworks,5,0,,2024-02-25 08:18:56,,,,edu60508,com.education.android.h.intelligence
13a65124-92a8-4ec7-b362-8c964a6c92d9,It's really outstanding in true meaning very helpful and always provide trustworthy information. I highly recommend this to all of those who really want to solve their academic problems they must try it once.,5,17,2.4.1,2024-03-10 08:13:50,,,2.4.1,edu90001,com.cyberdavinci.gptkeyboard
607045e0-3440-4049-b87e-7931105aa539,it is really good and it helps you understand your homework or assignments,5,0,1.56.0,2024-10-10 15:04:17,Thank you for your positive feedback! We're glad to hear that Gauth helps you understand your homework and assignments better. Keep up the great work!,2024-10-10 15:15:36,1.56.0,edu71501,com.education.android.h.intelligence
0fdbbf82-edf8-47b5-9871-a7250f13d428,This app was good know its not give the write answer to my qquestion its just talk about un related thing with my question,1,0,2.2.8,2024-04-28 03:12:57,,,2.2.8,edu7810,com.qianfan.aihomework
00b9caa2-5aac-4e20-abaf-279c05005afb,I highly recommend this app for students who is having a hard time understanding Math. It gives you step by step explaination. This app has been a great help to me,5,0,,2023-09-02 03:42:30,,,,edu3221,com.qianfan.aihomework
958d0f8e-7734-48cf-87b6-7218fb2c7d33,it helps me with my work I can get my work done faster it's just amazing,5,0,1.54.0,2024-09-09 20:56:20,Thank you for the awesome feedback We're thrilled to hear that our app helps you complete your work faster. Keep rocking those tasks!,2024-09-09 21:00:38,1.54.0,edu35778,com.education.android.h.intelligence
10fb8b48-9717-4b55-8ee5-dd6cab883d69,It's really helpful js needs more FREE question,4,0,2.8.6,2024-08-20 15:17:41,Your product insights are valuable to us. We will review them thoroughly.,2024-08-21 02:10:26,2.8.6,edu1944,com.qianfan.aihomework
6ee528b1-6937-4b9f-98c9-c4298d38434f,I really like this app it help with everything and the best thing is it free,5,0,1.9.14,2023-12-23 04:27:00,,,1.9.14,edu8551,com.qianfan.aihomework
4dc1af98-4504-4927-82b5-7a30f066d5cb,It's great it's helps me a lot,5,0,2.4.0,2024-05-11 07:35:21,,,2.4.0,edu6437,com.qianfan.aihomework
e0934331-9604-4475-90f9-9446f1df6acf,it is my first time using it. as time goes on and if it continues giving correct answers I will give it 5 stars.,3,0,1.46.0,2024-05-30 01:39:14,,,1.46.0,edu42513,com.education.android.h.intelligence
6d6cb305-6031-4c5e-86d1-ebb1230f3795,this app is life saving literally my favorite,5,0,1.31.1,2023-09-21 00:16:59,,,1.31.1,edu63149,com.education.android.h.intelligence
245e7641-31f8-4ca2-ac7d-b1124eb5cdaa,I love this app it's the best whn its coming to learning and giving answers. thanks to the person that created this app much love,5,0,1.56.0,2024-10-03 04:28:10,Thank you for your kind words! We're thrilled to hear that you're enjoying the app for learning and getting answers. We appreciate your support! Keep up the great work!,2024-10-03 04:30:12,1.56.0,edu32821,com.education.android.h.intelligence
3253ab63-f0d4-4aef-9330-81fe8e79890b,really helped me on the math part,5,0,1.55.1,2024-09-29 21:15:40,Thanks for the positive feedback! We're glad to hear that Gauth has been helpful with your math. Keep up the great work!,2024-09-29 21:30:24,1.55.1,edu36054,com.education.android.h.intelligence
5aaa0844-fe03-4a05-a2c3-6ea8a7c8f198,It's helpful but it's a 2 part problem it only gives the answer to one problem and if u want to get the answer to certain problems u have to pay () 2/5 sorry I don't really recommend it,2,0,,2022-09-08 16:03:45,,,,edu41461,com.education.android.h.intelligence
aa2cc3d1-f546-44de-939e-c12b08bc4230,It is fantastic you all need to use it,5,0,,2022-10-05 12:10:34,,,,edu58298,com.education.android.h.intelligence
d5e51127-b861-4498-b932-097c6d9ef08c,I love it but when i used more and more it give me incorrect answer than correct answer,3,0,2.2.9,2024-04-23 08:30:58,,,2.2.9,edu2861,com.qianfan.aihomework
0e9110ea-8c71-4b99-b26e-fcf7362c9ddb,This really helped me to do my homework,5,0,1.4.1,2023-07-27 08:57:48,,,1.4.1,edu13189,com.qianfan.aihomework
2b453d0f-2b67-4f09-a127-51d4ad016b32,It's good so far I don't have to pay for anything I hope not later either but it's helping,5,0,2.0.0,2024-01-10 19:46:19,,,2.0.0,edu9306,com.qianfan.aihomework
237ec59b-dee9-4762-90b4-24e57822c15b,It hel ppl me alot,5,0,,2024-10-08 21:01:09,Thank you for sharing your positive experience with Gauth! We're glad to hear that it has been helpful for you. Keep up the great work!,2024-10-08 21:15:32,,edu69931,com.education.android.h.intelligence
988bbe95-e024-4ce0-960a-c3b48dae3c0b,Using this app is the best choice I have done .I recommend u to download,5,0,1.44.1,2024-04-23 10:00:42,,,1.44.1,edu49855,com.education.android.h.intelligence
46be0b54-9f9c-46ab-b835-4d517719aba5,Love this app explains the problem and helped explained the operation to me,5,0,2.0.4,2024-01-24 11:27:37,,,2.0.4,edu9227,com.qianfan.aihomework
a232433a-7513-4018-9531-11d5efdf65ff,Jusko kaiallangan pa mag bayad ang mahal mahal pa,1,0,1.22.0,2023-05-11 00:52:45,,,1.22.0,edu83268,com.education.android.h.intelligence
438a491b-bba5-4512-8fed-2e2bb08cd070,School dont pay me I'm not paying yall for your stupid app.,1,0,,2023-06-06 16:13:08,,,,edu65621,com.education.android.h.intelligence
aeccad7b-cb87-496c-bc0e-48fd666d41e4,best app for study ever,5,0,1.56.0,2024-10-09 06:11:39,Thank you for your kind words! We're glad you find Gauth helpful for your studies. Keep up the great work!,2024-10-09 06:15:27,1.56.0,edu38920,com.education.android.h.intelligence
98002c72-6d11-4188-b80c-5e1f75872d49,App is extremely accurate and helpful assignments thay would normally take days can be done in a few mere seconds and offer multiple options that other ais do not posses such as humanizing reading prompts and essay writing very would recommend,5,0,2.1.0,2024-02-21 15:12:50,,,2.1.0,edu1839,com.qianfan.aihomework
4fd16303-be63-429a-be75-b98d8ff488e9,that was sooo bad.it shows no network connection. it didn't work efficiently.,1,0,,2024-05-30 22:44:04,We are sorry to hear about your experience. Please email us at with more details so we can investigate and improve. Thank you for your feedback.,2024-05-31 01:01:13,,edu45819,com.education.android.h.intelligence
8cb90b2d-7d5c-4b0b-b5a8-42bd7c6ad0dc,It is very helpful and user friendly.,5,0,2.2.9,2023-12-12 06:45:57,Ifrah thank you for your positive feedback! We're thrilled to know that Answer.AI is proving helpful and user-friendly for you. If you ever have any suggestions or questions feel free to let us know. Thanks!,2023-12-14 17:13:07,2.2.9,edu93002,com.cyberdavinci.gptkeyboard
fbeb0802-0acb-4634-9fe2-97b3d88a6dfc,This is the great app and it can answer the homework you do at school and today update is remarkable because you can get answers quickly,5,0,2.4.2,2024-03-12 07:51:05,,,2.4.2,edu91315,com.cyberdavinci.gptkeyboard
b2ab2ac8-dd71-4e33-bac8-d2159d4c8e76,This app helped me with alot of my homeworks thanks for making this amazing app!,5,0,1.8.9,2023-11-12 17:55:15,,,1.8.9,edu7738,com.qianfan.aihomework
282fb341-85ab-4c57-a299-94691320541f,it helps me more then my teacher,5,0,1.56.0,2024-10-09 16:55:03,Thanks a lot for your awesome feedback! We're thrilled to hear that our app supports your learning journey. Keep up the great work!,2024-10-09 17:00:19,1.56.0,edu39438,com.education.android.h.intelligence
c4d97258-3e21-42a6-b925-09d605c7f343,Its good it helps you alot,5,0,1.8.0,2023-05-22 04:29:33,Thank you for choosing answer.ai! Share the success with your classmates too!,2023-05-22 13:09:15,1.8.0,edu93947,com.cyberdavinci.gptkeyboard
b6e76a91-d27e-4652-8120-ceb2e5922009,It's so good because you don't have to pay money and it may have some bugs with exponential from two points but this is better than photo math,5,0,2.0.4,2024-01-26 13:43:08,,,2.0.4,edu2614,com.qianfan.aihomework
c5983d77-aca5-418a-ba42-3f305398b08e,Its more helpful for this app of people dont get answered,5,0,,2022-02-25 09:01:33,,,,edu62735,com.education.android.h.intelligence
d6f8bfda-bd20-415e-8b27-b78b7bdb93e8,Tis app helps in solving questions and gives relavent answers . Very good app everyone must try .,5,0,2.4.3,2024-03-28 07:36:44,,,2.4.3,edu91322,com.cyberdavinci.gptkeyboard
949bf811-c48e-498c-8bcd-4fe7e5a956c7,Good And nice but sometimes answers don't show up on my homework,5,0,1.44.0,2024-04-16 13:53:02,Hello Your problem needs more detailed examination. Please report it to our technical support team at support@gauthmath.com. We are always looking to help our users.,2024-04-17 02:13:35,1.44.0,edu52418,com.education.android.h.intelligence
556d721e-bc13-42b3-9edc-7fe4a8df9d46,it helping me with maths and every other subjects,5,0,1.51.0,2024-08-21 08:54:15,Thank you for your awesome feedback! We're thrilled to hear that our app is helping you with math and other subjects. Keep rocking those studies!,2024-08-21 10:02:10,1.51.0,edu34553,com.education.android.h.intelligence
29c35501-0fd3-4ff7-aacd-60195c3b2c66,VERY HELPFUL IN MY ACADEMICS,5,0,1.5.2,2023-05-15 10:58:51,,,1.5.2,edu96862,com.cyberdavinci.gptkeyboard
c65dd489-1c70-4165-8a9d-1fb4db523291,This is the best especially for the students,5,0,1.8.4,2023-10-15 07:13:43,,,1.8.4,edu9451,com.qianfan.aihomework
48ae6d02-91ca-4111-acca-16dbcfeec1ce,this app so helpful for my math I got an A in My exam after I use this app,4,0,1.45.0,2024-05-12 02:51:48,,,1.45.0,edu46423,com.education.android.h.intelligence
3400026a-56e2-40e8-9a5f-61c152bb8cb5,The app itself is easy to use and real simple to understand. It's been very helpful for class and studying when I can't understand but this makes it so easy!!!,5,3,1.46.0,2024-06-08 08:25:39,Thank you for your positive review! We're glad to hear that Gauth has been helpful for your classes. Keep up the good work!,2024-06-08 10:00:40,1.46.0,edu31457,com.education.android.h.intelligence
99b79c23-cdb1-42f9-bc6e-d85fbedd4ca5,this helped me a lot with my sparx,5,0,1.19.1,2023-03-29 11:41:56,,,1.19.1,edu65814,com.education.android.h.intelligence
93a97f24-7957-4a72-8271-b704dd8a2779,It help me with my work,5,0,2.0.0,2024-01-10 13:20:36,,,2.0.0,edu14771,com.qianfan.aihomework
1a43c065-6998-4b93-a958-6d2dc71a62aa,this app help me to understand my homeworks,5,0,1.35.1,2023-12-05 04:48:49,,,1.35.1,edu61361,com.education.android.h.intelligence
3aee7243-f6b6-4403-8eec-bf58d2a17b42,THE BEST MATH APP EVER,5,0,1.9.0,2022-05-05 03:50:42,,,1.9.0,edu68854,com.education.android.h.intelligence
0bdb1214-9d2f-4e24-a66f-aaace7d12228,Best it really helped me,5,0,,2024-07-20 02:10:22,We're thrilled to hear that Gauth has been helpful for you! Keep up the great work!,2024-07-20 04:00:33,,edu61097,com.education.android.h.intelligence
c808d919-4f37-4e5b-96a4-d7430372870a,Very useful and so accurate.. I love this app,5,0,1.9.15,2024-01-08 05:42:20,,,1.9.15,edu9502,com.qianfan.aihomework
48b393fb-eb58-4e49-97d0-51666b35a821,I absolutely hate hate HATE this app you're literally making people pay when this app is supposed to help students with their homework who can't figure out the answers what's the point of this app if your just gonna make us pay for the answers you guys are no help once so ever.,1,1,1.31.1,2023-09-21 10:55:50,,,1.31.1,edu41192,com.education.android.h.intelligence
187125fe-cba2-42d8-8fc9-a8f059df7746,The app is very useful I love it,5,0,2.9.2,2024-09-18 06:35:03,,,2.9.2,edu2842,com.qianfan.aihomework
394a795c-1954-48c9-b4f5-8f05af94aff4,I didn't gave one star bcz it takes so much time to process btw very helpful,4,0,1.56.0,2024-10-01 11:42:41,Thank you for your positive feedback! We're glad you find Gauth helpful. We'll work on improving processing speed. Keep enjoying learning with Gauth!,2024-10-01 11:45:29,1.56.0,edu32602,com.education.android.h.intelligence
82a5ad05-7f29-4802-896d-7ca53116e55b,good and its free just keep on using tickets by just playing 30sec ad and gain more +3 free tickets again . . .,4,2,1.8.12,2024-03-19 20:17:16,,,1.8.12,edu102673,br.com.iastudio.ajudaai
7a5dd352-1ebd-42e1-8e07-1976a71cb043,W experience W app it carrying my math class it doesn't charge anything and it's quick no ads straight to the point W app,5,0,,2023-08-14 22:38:35,,,,edu3816,com.qianfan.aihomework
720bf55c-3ae0-409e-a6be-5b4c39829b6e,This app helped me Soo much,5,0,1.51.0,2024-08-23 04:57:12,Thank you for your awesome feedback! We're thrilled to hear that our app has been so helpful for you. Keep shining and learning!,2024-08-23 07:00:39,1.51.0,edu46608,com.education.android.h.intelligence
896a97b4-d0d1-47bc-b7c1-5472946fc83c,It allows me to solve problems very easily whether it is geometry or solving systems of equations.,5,14,1.14.0,2022-10-11 11:18:13,,,1.14.0,edu45101,com.education.android.h.intelligence
0d24a36f-8233-4cd8-b396-bc4420b2818c,It's a handy tool,5,0,1.56.0,2024-10-01 08:50:48,We're thrilled to hear that you find Gauth a handy tool! Keep exploring and learning with us!,2024-10-01 09:00:18,1.56.0,edu38692,com.education.android.h.intelligence
3274bddd-06fe-46c8-abdf-6329b210d115,It has helped me so much my mom is so proud of me now I have all a's in my classes now I really suggest you use this app,5,0,2.0.4,2024-01-29 01:04:17,,,2.0.4,edu8011,com.qianfan.aihomework
1a89cefc-ef94-4943-94c2-dc70e75a6cf4,Download this app you will not regret it! This app will be your bestfriend in understanding and being able to answer difficult and unfamiliar problems in mathematics!!,5,1,1.50.0,2024-07-30 09:12:07,,,1.50.0,edu31491,com.education.android.h.intelligence
ab2c0760-4193-4936-9a0a-80f9e0454cbb,It's not creating the course but only telling me what it will do.,2,1,1.2.0.0,2023-11-19 19:48:52,,,1.2.0.0,edu103312,com.app.ai.course
afcbce1e-8310-426a-879b-10888b50294c,Very Nice App All students out there this is for you . Definitely give it a shot .,5,1,1.0.19,2023-11-15 09:57:20,,,1.0.19,edu103391,tech.hypatia.OpExamsQuestionsGenerator
dcc97f41-aae5-44b6-8000-1a4b3892b5ea,The app keeps showing that it couldn't update after i used all the free points. It is over three weeks now,1,6,2.1.5,2023-09-16 01:43:59,Hello morris I kindly ask you to contact us at support@gptkeyboard.app with more details so we can better help you. Thank you!,2023-09-21 09:08:22,2.1.5,edu90941,com.cyberdavinci.gptkeyboard
272f87ed-e747-43ef-82a4-7ee6691552ab,Amazing app for people don't understand math,5,0,2.1.0,2024-02-27 06:58:06,,,2.1.0,edu9947,com.qianfan.aihomework
11717c29-962b-4b4d-8e32-ebe33e2e3723,used to be good all the ads and the 10 question limit absolutely ruined it un-installed immediately,1,1,,2024-09-26 23:49:38,Your product insights are valuable to us. We will review them thoroughly.,2024-09-29 23:13:42,,edu3191,com.qianfan.aihomework
6a7ae55e-4318-46dd-bad1-b94dcbf1a8a1,it's really cool and there's no limit,4,0,1.41.0,2024-03-08 12:16:34,Thank you for downloading our app. We'd love to earn 5 stars so please write to us at support@gauthmath.com suggesting what we can do to improve.,2024-03-09 05:10:38,1.41.0,edu57572,com.education.android.h.intelligence
fe7bce4e-42f8-4623-ab86-461219c8db18,Gauth app is so helpful,5,0,1.37.1,2024-01-29 13:23:35,,,1.37.1,edu65233,com.education.android.h.intelligence
14a331e1-8ead-440b-9224-d414e9406864,wow this is so easy to use for elementary,5,0,1.45.0,2024-05-06 07:24:27,,,1.45.0,edu42447,com.education.android.h.intelligence
b4ad8ca3-00b1-4572-ae88-a91ad2a10f62,It doesn't give you the right answers it gives you long explanations that aren't even relevant nor does it have the question in it,1,0,1.40.0,2024-03-05 04:19:12,Hello Your problem needs more detailed examination. Please report it to our technical support team at support@gauthmath.com. We are always looking to help our users.,2024-03-06 01:43:34,1.40.0,edu51492,com.education.android.h.intelligence
a2911a6e-6a4e-47d9-8d1a-1829539ba2ec,It helps in my notes and explains everything,5,0,2.4.0,2024-05-05 13:54:01,,,2.4.0,edu3549,com.qianfan.aihomework
848e7679-ebb4-4c6b-82d8-3bbca86c5937,I rate these it's true to transition my word thanks,5,0,2.0.2,2024-01-18 06:00:49,,,2.0.2,edu11081,com.qianfan.aihomework
41b59f88-187e-4133-b84d-9586083a265a,i love it for math and homework,5,0,1.51.0,2024-08-19 07:54:56,We're thrilled to hear that you love using Gauth for math and homework! Keep up the great work and feel free to reach out if you need any help!,2024-08-19 10:00:53,1.51.0,edu36126,com.education.android.h.intelligence
1d6f5f94-c62f-4d26-bc51-484a7c8a659d,I had 6 tickets and when I came back the tickets were gone and the answers were even wrong.,1,0,1.8.1,2022-03-26 11:15:35,,,1.8.1,edu47171,com.education.android.h.intelligence
dedf760b-cbc8-4e97-9e1f-90b402f68b4e,PUTANG INANG YAN KAYA NGA KO NAG-DOWNLOAD NITO KASI SABI NILA MAGANDA OO MGANDA PER PUTA KAILANGAN NA KAILANGAN KONA YUNG SASAGUTAN KO HINDI AKO MAKAPAG ASK NANG PUTANG INANG QUESTION NAYAN DAHIL DYAN SA LETCHENG TICKET SANA NAMAN BINIGYAN NYO KAMI MUNA NANG KAHIT 5 NA TICKET LANG PARA NAMAN PAG KAILANGAN NA AYAN NA AGAD BWISIT TALAGA WALANG KWENTA!!!,1,0,1.8.1,2022-04-22 22:50:19,,,1.8.1,edu84637,com.education.android.h.intelligence
82f8dfd1-ec99-469f-bf4e-a216d237c6c7,it helps me with my home work I don't wanna do:>,4,0,1.40.0,2024-02-29 23:43:26,Thank you for downloading our app. We'd love to earn 5 stars so please write to us at support@gauthmath.com suggesting what we can do to improve.,2024-03-02 00:00:14,1.40.0,edu61905,com.education.android.h.intelligence
fea37c30-21c8-40f6-b9db-70b7736c15bb,It's very true it helps with math history chemistry.,5,0,1.44.0,2024-04-16 21:02:13,Thanks for your review! Please recommend our app to your friends and dont hesitate to shoot us a note at support@gauthmath.com if you have any questions.,2024-04-16 23:44:27,1.44.0,edu45865,com.education.android.h.intelligence
ffb81d7b-493d-4a6b-bec8-e6355479298c,Ai the answers are not accurate i prefer the real people answers,2,0,1.49.1,2024-07-04 21:40:38,We apologize for the inconvenience. Our goal is to provide accurate solutions efficiently. If you have any specific concerns please email us at for further assistance.,2024-07-04 22:00:12,1.49.1,edu48504,com.education.android.h.intelligence
e824b2de-e7d9-4699-be0b-3a13e3720827,A very good and productive app 10 out of 10 for me,5,0,1.54.0,2024-09-13 05:09:54,We appreciate your positive feedback! We are glad you find Gauth helpful. If you have any suggestions feel free to share them with us!,2024-09-13 06:00:21,1.54.0,edu35287,com.education.android.h.intelligence
130b9be7-b4fa-439d-9f8c-8031c17edff8,W app for this app just helped me ace my homework,5,0,1.51.0,2024-08-20 00:24:07,Thank you for sharing your success with us! We're thrilled to be a part of your learning journey. Keep up the great work!,2024-08-20 01:00:45,1.51.0,edu42770,com.education.android.h.intelligence
38d0d60d-e498-4395-b456-cc9acf62bc90,It can answer any quetions briliant,5,0,2.1.7,2023-10-12 12:07:54,We extend our sincere thanks for using answer.ai. It's wonderful to know that it's contributing to your education success. Let's continue this journey together. Be sure to share answer.ai with your classmates as well!,2023-10-12 19:25:47,2.1.7,edu95100,com.cyberdavinci.gptkeyboard
28b97f3c-8625-4c84-817a-be7a413ee00e,It's amazing and has yet to fail me.,5,0,1.39.0,2024-02-20 22:13:49,,,1.39.0,edu56406,com.education.android.h.intelligence
bcc43e29-0005-4575-ae1d-64c18a3db72e,Gautham is so helpful,5,0,1.51.0,2024-08-18 18:21:20,Thank you for your kind words! We're glad to hear that Gautham has been helpful to you. Keep exploring and learning with Gauth!,2024-08-18 19:00:17,1.51.0,edu75857,com.education.android.h.intelligence
36840bf7-d080-472c-9d70-3bdd2416068d,Its the best app ive ever seen I even enjoy my homework,5,0,2.3.9,2024-02-04 13:35:24,,,2.3.9,edu99116,com.cyberdavinci.gptkeyboard
b1bc8c3b-adbb-4f14-98e3-c45e1372ecec,help me in math,5,0,,2023-10-04 04:27:34,,,,edu68201,com.education.android.h.intelligence
55d3e6a9-f3fb-48a5-8685-43e78624833f,Great at solving it the questions,5,0,2.0.4,2024-01-23 23:39:34,,,2.0.4,edu12131,com.qianfan.aihomework
e7139e19-c743-4640-b2ba-b4fff78a1fd2,Great app all your questions are sure to be answered including nonsense questions. It works very good. I'm sure your gonna like this app for sure,5,0,1.5.2,2023-04-19 22:39:39,,,1.5.2,edu91282,com.cyberdavinci.gptkeyboard
12220c4a-1918-45fc-8efe-010f09450475,i got high grades,5,0,,2023-04-19 02:14:57,,,,edu70143,com.education.android.h.intelligence
edb4c42c-3a0f-4ce3-b364-fa8e57b8b1b0,Love the app it helps with me with IXL topics that I don't know how to do to,5,0,1.21.0,2023-04-13 09:07:06,,,1.21.0,edu60049,com.education.android.h.intelligence
7e55a180-6bcb-41e4-a195-ef332879d0e6,it literally solves everything,5,0,2.1.5,2023-09-20 16:05:28,We extend our sincere thanks for using answer.ai. It's wonderful to know that it's contributing to your school success. Let's continue this journey together. Be sure to share answer.ai with your classmates as well!,2023-09-21 11:02:08,2.1.5,edu94484,com.cyberdavinci.gptkeyboard
4a5deca3-907e-4773-92b2-f2f27d9b9b4d,Very usefull this app made me 94 in math,5,0,2.0.0,2024-01-14 07:21:20,,,2.0.0,edu11585,com.qianfan.aihomework
b5d1cff0-773d-4747-930c-b01a26b6767d,It's very helpful for me as a high school student,5,0,1.56.0,2024-10-01 09:33:35,Thank you for sharing! We're glad to hear that Gauth is helpful for your high school studies. Keep up the great work!,2024-10-01 09:45:27,1.56.0,edu34376,com.education.android.h.intelligence
12bf11f3-7f70-4852-8ef3-1310404ab40b,Terrible handwriting that Almost a writtings of a doctor,1,1,1.6.2,2022-03-13 12:39:19,,,1.6.2,edu60531,com.education.android.h.intelligence
70a3aca1-72ad-4193-b5bd-16eb7838b304,Gauth math gives me answers and teach me at the same time love it girl!,5,0,,2022-02-11 04:57:35,,,,edu51761,com.education.android.h.intelligence
bf63e5cb-bd80-4fdb-ac22-76bd93b84107,i like it it easy and help to work efficently,5,0,2.0.4,2024-01-23 14:27:18,,,2.0.4,edu8402,com.qianfan.aihomework
13b699d0-ef87-4495-9279-ea238f2fd7cc,Good apps to help student,5,0,1.22.0,2023-05-13 11:52:58,,,1.22.0,edu59036,com.education.android.h.intelligence
80ecc12f-2699-4d7b-98cf-10852a23afb3,so helpful for students to get a idea,5,0,1.6.3,2023-09-11 10:08:02,,,1.6.3,edu8793,com.qianfan.aihomework
e67d8e08-638c-4227-82c2-222a519f7139,This helps with my math and reading and others 5 stars,5,0,1.54.0,2024-09-17 00:12:57,We're thrilled to hear that Gauth is helping you with math reading and more! Keep up the great work! #LearnWithGauth,2024-09-17 00:30:18,1.54.0,edu35757,com.education.android.h.intelligence
aa3ada98-b469-49bf-80c1-9dcb8c9f6afb,This is very helpful not in only maths but in other subjects too,5,0,1.40.0,2024-02-28 18:41:58,,,1.40.0,edu80767,com.education.android.h.intelligence
3fae99fe-280d-47b3-ae4b-97171499e042,If this app meant for marry.come on I'll Marry this app. Actually using this for couple years and this is PERFECT APP than any other photomath app Very thanks go to the developer of this app,5,0,1.13.2,2022-09-03 14:49:53,,,1.13.2,edu49102,com.education.android.h.intelligence
400d7323-d90e-4208-902a-c1bf70c5ecc4,Great App for Apex Learning Thank you,5,0,,2023-10-12 18:38:18,Thank you for using answer.ai! We look forward to providing further assistance. Don't hesitate to spread the word to your classmates!,2023-10-18 10:46:52,,edu93113,com.cyberdavinci.gptkeyboard
cb6a541d-dd56-4f9f-bb29-e036271d3b06,Provides pretty accurate answer but half the time doesn't work for some of my questions and doesn't go through or there aren't any answers for the problem. Now you have to pay just for an answer. Money hungry garbage app.,1,5,1.17.0,2023-02-12 16:08:28,Hi we are deeply sorry to hear this. Can we request a screenshot of the math problems that we did not give you the answers? Please send it to feedback@gauthmath.com. We will look into it and improve our service accordingly.,2022-01-25 04:45:30,1.17.0,edu40279,com.education.android.h.intelligence
e9b9ad2a-adb9-438e-a9be-9f0b72893448,This is the best app i used in study,5,0,1.7.0,2023-10-04 22:45:16,,,1.7.0,edu13421,com.qianfan.aihomework
2c372c85-5a30-4564-b967-2a9a0eba2925,Woooow.just woooow works perfectly tried every question I could think of.bravo,5,0,,2024-05-07 11:18:26,,,,edu52333,com.education.android.h.intelligence
13104b54-b410-4ce2-9006-4a9e962a52f5,Good for school work!,5,0,1.9.12,2023-12-18 17:51:06,,,1.9.12,edu11346,com.qianfan.aihomework
cb3c479d-56e5-4183-9273-01faf32eae22,really helped my on my homework,5,0,1.54.0,2024-09-18 16:50:54,We're delighted to hear that Gauth helped you with your homework! Keep up the great work!,2024-09-18 17:00:16,1.54.0,edu42278,com.education.android.h.intelligence
869d0df5-c70f-4aef-8a2d-d31fc4ceed0e,It is a very useful app,5,0,,2022-09-20 10:46:04,,,,edu63612,com.education.android.h.intelligence
30e54f36-2bcb-4475-bdd5-9c91cff09978,This app is very helpful,5,0,1.34.0,2023-11-09 17:08:12,,,1.34.0,edu64442,com.education.android.h.intelligence
04209b48-c83d-4620-87ec-f93c0af968dc,Actually it is not helping it's just asking for money all the time,1,0,1.53.2,2024-08-26 09:08:29,We sincerely apologize for any inconvenience. Gauth is designed to assist with learning. Please email us at support@gauthmath.com for further assistance.,2024-08-26 10:00:44,1.53.2,edu37043,com.education.android.h.intelligence
f73cbeea-cb47-4861-9c63-57aaca6fcc6e,This app is terrible it doesn't even give me the right answers all the time,2,0,1.46.0,2024-06-02 18:31:24,We apologize for the inconvenience. Please contact us at support@gauthmath.com with more details so we can investigate this issue promptly. Thank you for bringing this to our attention.,2024-06-02 19:00:46,1.46.0,edu43361,com.education.android.h.intelligence
7a35386b-fe2a-41d4-9d72-6b658aa2d209,Some times the app wants money but it is helpful,4,0,1.19.1,2023-04-02 06:08:48,,,1.19.1,edu54898,com.education.android.h.intelligence
f431957e-f84c-423c-ba67-f40a798e5d71,Very helpful and enjoyful,5,1,1.50.0,2024-07-23 17:35:49,Thanks for your positive feedback! We're glad you find Gauth helpful and enjoyable. Keep exploring and learning with us!,2024-07-23 19:00:20,1.50.0,edu48346,com.education.android.h.intelligence
eb91894f-1e93-484b-9831-7557de49977f,It has got 82% of the answers you need bro it's a good app to try out . without in app purchases,5,0,2.8.2,2024-08-03 14:23:45,,,2.8.2,edu528,com.qianfan.aihomework
8723d413-38ff-485f-9dbd-7fa675c686f1,Good but sometimes doesn't understand the questions I'm asking it .,4,0,1.45.0,2024-05-18 05:37:21,,,1.45.0,edu45990,com.education.android.h.intelligence
6d53a43f-c98c-4d11-905f-e522c2f89e71,This super duper nice I really really like this app it helps anything I say or type It helps my homework too this is the best,5,0,2.0.1,2023-06-15 06:19:23,We extend our sincere thanks for using answer.ai. It's wonderful to know that it's contributing to your school success. Let's continue this journey together. Be sure to share answer.ai with your classmates as well!,2023-06-15 14:33:08,2.0.1,edu91222,com.cyberdavinci.gptkeyboard
af97d352-356a-4e4f-b712-90c8d9e76b65,Ferry good ai I told him to write a essay about Monarch butterflies and it was an incredible essay,5,0,2.2.9,2024-04-19 16:55:45,Your positive feedback is our strongest promotion and we will work harder to do everything well,2024-04-22 04:38:10,2.2.9,edu3343,com.qianfan.aihomework
53f4db51-73dd-4b19-8564-7a59a9c1812d,Infact the app is very good and fast.,5,0,2.1.4,2023-09-10 02:45:40,Thank you for using answer.ai! We're excited to know it's positively impacting your journey. Help us by sharing answer.ai with your classmates!,2023-09-11 12:21:57,2.1.4,edu92671,com.cyberdavinci.gptkeyboard
57103920-fbd3-4b88-8fd8-936e717566cf,I would increase the rating but now. I notice I'm only getting 1 tickets per week. Can u explain why? I usually collect about 3-4 tickets a week which helped me out a lot.,2,0,1.8.1,2022-04-23 11:01:27,,,1.8.1,edu44444,com.education.android.h.intelligence
bfc5eab3-2fa0-4b56-8333-ab6f1d2c7ff1,Extremely helpful with allowing me to learn snd understand concepts much quicker than any usual tutor!,5,3,1.12.0,2022-07-19 01:11:00,,,1.12.0,edu44582,com.education.android.h.intelligence
89109b88-9872-4599-b63b-6340ac04f5b2,to me it really helps me when I need help. it's amazing,5,0,1.56.0,2024-10-05 07:44:20,Thank you so much for your kind words! We're thrilled to hear that our app is making a positive impact. Keep rocking those studies!,2024-10-05 07:45:20,1.56.0,edu33821,com.education.android.h.intelligence
4da09972-75e2-496b-b976-8b4259231b5d,I love how this app can give me most of the answer that I need and notes,5,0,2.5.2,2024-06-23 13:40:17,,,2.5.2,edu90815,com.cyberdavinci.gptkeyboard
d85d53ea-6e5d-49f7-8805-63ffa8044734,This app was straight up horrible because I needed it for my math question in a past paper and it told me that I had to download the app to see the response only for the app to never even open,1,0,,2022-03-05 04:17:07,,,,edu41740,com.education.android.h.intelligence
b7a88d54-fdd9-4bee-add5-a0bff88ee234,awesome app it gives you the step by step way and gives you the answer I've been using it on my math homework and my teacher suggested it overall a great math app def download it,5,2,1.21.0,2023-04-13 23:19:31,,,1.21.0,edu44529,com.education.android.h.intelligence
34f6927f-0ca6-4b07-98dc-76478ba6459d,I have never rated an app but when i do it means i love it the ai reply's fast like it takes 2 sec,5,0,2.7.6,2024-07-21 06:09:25,,,2.7.6,edu525,com.qianfan.aihomework
44cbd826-a24c-457c-b091-f52726381acd,I am using this app and there are no glitchs but you should remove adds,4,0,,2022-05-11 11:48:13,,,,edu53968,com.education.android.h.intelligence
4862baf9-757c-4f5b-adac-afcac8bcff0e,Slight good sometimes the answer is right and sometime is not,3,0,1.8.9,2023-11-06 05:42:00,Thanks for the review! We are constantly working on this issue and optimizing our AI model to make the answers more accurate Please stay tuned. Thanks for your patience.,2023-11-07 03:22:36,1.8.9,edu10097,com.qianfan.aihomework
7a8bd8f8-7ca3-4de4-8a54-69a3b919fdbd,it's AMAZING and it actually tells you the right answers!!!! I used to be very bad at math but thanks to Gauth and it's excellent explanations I'm doing well at math!!!!!,5,1,1.51.0,2024-08-06 11:03:51,We're thrilled to hear that you're excelling in math with Gauth! Keep up the great work and continue learning with us! #LearnWithGauth,2024-08-06 13:01:27,1.51.0,edu30039,com.education.android.h.intelligence
73ce6da4-b9cc-4ff7-b28e-f8c222421e3a,There are no ads as far as I used it. I feel like this is a great app.,5,0,1.38.0,2024-01-26 10:22:46,,,1.38.0,edu50980,com.education.android.h.intelligence
7352724e-e860-4650-afa4-ef84b49a503f,Helps me a lot and helps me understand and it gives me an example every time and it's just really useful,4,0,2.0.4,2024-01-22 13:33:05,,,2.0.4,edu4497,com.qianfan.aihomework
159f1457-dbc6-489d-9253-7307c4adee7c,Very good app It gives me all I need Na only payment remain,5,0,2.1.0,2024-04-13 19:17:23,,,2.1.0,edu9760,com.qianfan.aihomework
f2643d04-4507-4cac-ac80-13a96da3bc3e,I was struggling with maths and chemistry but this app as helped me alot I'm now doing well in both subjects,5,0,1.46.0,2024-06-01 07:13:30,Thank you for sharing your experience! We're thrilled to hear that Gauth has helped you excel in maths and chemistry. Keep up the great work!,2024-06-01 10:01:01,1.46.0,edu36508,com.education.android.h.intelligence
4543aabf-db3b-4a92-a34a-15a0564b5847,It is the best app for school work i would recommend to anyone,5,0,1.51.0,2024-08-10 04:40:41,Thank you for recommending Gauth! We're thrilled to hear that it's the best app for school work. Keep learning and exploring with us!,2024-08-10 07:00:38,1.51.0,edu34502,com.education.android.h.intelligence
fa63f0e4-f239-4e67-8f29-b93d8a3fd5d3,it's so good because i can learn from it and it gives you answer,5,0,1.39.0,2024-02-07 15:26:05,,,1.39.0,edu53149,com.education.android.h.intelligence
1d6ec598-dea4-4954-94b2-aa389e6a14f1,It is not bad it can help you understand math and many more educational activities,5,0,,2024-07-04 14:22:40,Thanks for the positive feedback! We're glad to hear that Gauth is helping you with math and educational activities. Keep up the great work!,2024-07-04 16:00:19,,edu45831,com.education.android.h.intelligence
5d153a5d-8536-4dab-b130-76c2c7ebfccd,it is really helpful.thankyou,5,0,1.46.0,2024-05-22 09:31:18,,,1.46.0,edu49771,com.education.android.h.intelligence
a2b659c9-cdca-49fc-81a9-47f8377974bd,It has helped me a lot with my homeworks,4,0,2.6.1,2024-09-15 23:15:09,Thank you for the great feedback! We're so glad to hear that Answer.AI is helping you with your homework. If you ever need more support or tips feel free to join our Discord community for real-time help and more resources!,2024-09-16 12:46:29,2.6.1,edu90181,com.cyberdavinci.gptkeyboard
12414280-a896-49ec-b56a-d1a80a6e8844,It helps a lot with my homework. No ads and a lot of help. I recommend this app for students of any kind.,5,0,1.55.1,2024-09-28 11:25:22,We're thrilled to hear that Gauth is helping you with your homework! We're dedicated to providing ad-free learning assistance for all students. Thank you for recommending us!,2024-09-28 11:30:17,1.55.1,edu29803,com.education.android.h.intelligence
8f343248-2809-4418-9f68-9de9cbf87412,That AI is so very friendly then kind helpful this app also help to answer your assignments projects or anything questions you didn't know so download this app,5,0,2.2.8,2024-04-16 02:15:16,Thank you for your recognition and support we will continue to provide high-quality products and services.,2024-04-18 04:00:25,2.2.8,edu2752,com.qianfan.aihomework
daff15f6-bda1-4e8f-9d70-d320534e3319,it really helps more then any ai as it increases the understanding of topics and their applications,5,0,1.51.0,2024-09-01 05:02:49,Thank you so much for your kind words! We're thrilled to hear that our app is enhancing your understanding of topics. Keep learning and exploring with us!,2024-09-01 06:01:03,1.51.0,edu31855,com.education.android.h.intelligence
b5163b9a-554b-4ace-a25f-1a5046c7e76a,It help my kids,5,0,2.6.1,2024-09-11 21:14:56,Were so happy to hear that Answer.AI is helping your kids! If you have any specific feedback or need additional support feel free to reach out. And dont forget to join our Discord community for more resources and tips. Thanks for your support!,2024-09-16 13:27:30,2.6.1,edu97444,com.cyberdavinci.gptkeyboard
0ffcb9e2-10e7-43de-9cdd-6aaac8eceb42,it's good for others subject,5,0,1.18.0,2023-03-16 03:58:21,,,1.18.0,edu64620,com.education.android.h.intelligence
46f1dc47-a615-478c-8190-4c21c27d9902,I love this app .it is so helpful for me,5,0,1.56.0,2024-10-08 05:04:50,Thanks for the positive feedback! We're glad to hear that Gauth is helpful for you. Keep learning with us!,2024-10-08 05:15:18,1.56.0,edu38292,com.education.android.h.intelligence
