reviewId,userName,userImage,content,score,thumbsUpCount,reviewCreatedVersion,at,replyContent,repliedAt,appVersion,unique_id,appId
0c84305f-843f-4e18-b5fc-ffa9f0c42dcb,A Google user,https://play-lh.googleusercontent.com/EGemoI2NTXmTsBVtJqk8jxF9rh8ApRWfsIMQSt2uE4OcpQqbFu7f7NbTK05lx80nuSijCz7sc3a277R67g,This app was phenomenal when I had first downloaded it around the beginning of 2021 but now it is full of pay to use features like every other app they have ruined a once wonderful app. Maybe one day it'll be a good app again but until then I have uninstalled and will NOT use.,2,0,1.1.52,2022-06-04 04:25:28,"Thanks for the feedback! If you're curious to learn more about the costs associated with models/features then we recommend reading the article titled ""AI Magic: What It Takes To Run AI Language Models"" in https://latitude.io/#news Thanks again!",2022-06-06 18:15:18,1.1.52,gam6770,com.aidungeon
28b1475b-938d-4965-beff-4c5802b424a6,A Google user,https://play-lh.googleusercontent.com/EGemoI2NTXmTsBVtJqk8jxF9rh8ApRWfsIMQSt2uE4OcpQqbFu7f7NbTK05lx80nuSijCz7sc3a277R67g,Before the a.i was clunky but now I can't even find the app on my phone. I've tried uninstalling it and redownloading it but the app doesn't show up on my phone. I can't even open it through the app store. It doesn't even give me the option.,1,8,1.1.153,2022-08-07 17:42:52,,,1.1.153,gam5872,com.aidungeon
70a8684d-9b48-4e6c-a195-cd625b28ff13,A Google user,https://play-lh.googleusercontent.com/EGemoI2NTXmTsBVtJqk8jxF9rh8ApRWfsIMQSt2uE4OcpQqbFu7f7NbTK05lx80nuSijCz7sc3a277R67g,It's ok just after that update with the limited actions is annoying but all around great game,5,0,1.1.172,2022-12-11 17:55:57,Great news! We released a new update called Unchained. Ads no longer inhibit gameplay and all players have unlimited access to our base AI model (Griffin). Learn more at https://aidungeon.io/unchained :),2022-12-12 18:04:15,1.1.172,gam13800,com.aidungeon
541fb925-4a3d-4f89-920f-9ae2fbae5cec,A Google user,https://play-lh.googleusercontent.com/EGemoI2NTXmTsBVtJqk8jxF9rh8ApRWfsIMQSt2uE4OcpQqbFu7f7NbTK05lx80nuSijCz7sc3a277R67g,Genuinely good no ads interrupting you the AI is good my only problem is that typing in it appears to generate lag and lots of it. If there's any way to fix this typing lag please do Otherwise perfect,4,0,1.1.172,2023-02-10 21:19:51,,,1.1.172,gam6118,com.aidungeon
bff58d8d-2f11-49e5-ba2e-5dcd1e3cd2e9,A Google user,https://play-lh.googleusercontent.com/EGemoI2NTXmTsBVtJqk8jxF9rh8ApRWfsIMQSt2uE4OcpQqbFu7f7NbTK05lx80nuSijCz7sc3a277R67g,My main issue with this app the new ad System i understand its for money or something but why every Second There are a lot of bugs as well such as it wont let me submit what i type i also dont understand why the energy is gone i liked it better personally im ok with the new layout Thats why it isnt 1 star i hope you can fix these issues soon i did genuinly Enjoy using this app.,2,1,1.1.147,2022-06-28 22:49:50,We would love to look into any issues you might be experiencing. Please reach out to us at support@aidungeon.io :) Great news! We released a new update called Unchained. Ads no longer inhibit gameplay; all players have unlimited access to our base AI model (Griffin). Learn more at https://aidungeon.io/unchained.,2023-01-18 16:28:11,1.1.147,gam6570,com.aidungeon
3b3602b0-8f01-4e0a-9fd1-738bfd895106,A Google user,https://play-lh.googleusercontent.com/EGemoI2NTXmTsBVtJqk8jxF9rh8ApRWfsIMQSt2uE4OcpQqbFu7f7NbTK05lx80nuSijCz7sc3a277R67g,it's really great for creating the things in our mind to realty,5,0,1.1.134,2022-05-19 16:33:43,,,1.1.134,gam17087,com.aidungeon
2846fe12-6489-472b-8124-2f86ec643c3a,A Google user,https://play-lh.googleusercontent.com/EGemoI2NTXmTsBVtJqk8jxF9rh8ApRWfsIMQSt2uE4OcpQqbFu7f7NbTK05lx80nuSijCz7sc3a277R67g,I really used to enjoy this app but now the way they are using the subscription service and the energy makes the game no longer fun or enjoyable in the slightest.,1,3,1.1.49,2023-01-19 14:32:26,Hey Percy! Just wanted to clarify the energy bar and system was removed. You can play for as long as you want with no limits. Ads also no longer interrupt gameplay and you can enjoy unlimited actions when using out base AI model. Try the update and let us know if you have any questions or concerns at support@aidungeon.io. Thanks :),2023-01-20 11:41:10,1.1.49,gam10629,com.aidungeon
e41a78de-3df6-4dcf-9cc8-6d05ea5b2857,A Google user,https://play-lh.googleusercontent.com/EGemoI2NTXmTsBVtJqk8jxF9rh8ApRWfsIMQSt2uE4OcpQqbFu7f7NbTK05lx80nuSijCz7sc3a277R67g,I hate this game due to the stupid energy system I get it your servers cost but this is an insult to the playerbase and me.,1,1,1.1.168,2022-09-13 13:15:38,Please try out our newest update called Unchained! Free play allows for unlimited actions on our base AI model (Griffin). Learn more at https://aidungeon.io/unchained. Weve also made other performance improvements with more planned for the future :) Reach out to us at support@aidungeon.io if you have any additional concerns happy to help.,2023-01-06 21:40:05,1.1.168,gam15823,com.aidungeon
ddc53789-96cf-4a12-98cd-0effde89c165,A Google user,https://play-lh.googleusercontent.com/EGemoI2NTXmTsBVtJqk8jxF9rh8ApRWfsIMQSt2uE4OcpQqbFu7f7NbTK05lx80nuSijCz7sc3a277R67g,Very fun. Intuitive interface. The AI is well-optimized to adapt to story telling. There are numerous very well-written and clearly explained tutorials on how to navigate the various functions. It really let's you build any word you can imagine totally dynamically and the AI will adapt the story to your choices in real time.,5,15,1.2.49,2024-06-17 21:35:05,,,1.2.49,gam1218,com.aidungeon
721a01b3-ef18-41d5-9436-e5e6f79f509f,A Google user,https://play-lh.googleusercontent.com/EGemoI2NTXmTsBVtJqk8jxF9rh8ApRWfsIMQSt2uE4OcpQqbFu7f7NbTK05lx80nuSijCz7sc3a277R67g,I have a bone to pick about the text bar for some reason it glitches out but come to find out the cause has to do with the customizations. By any chance in the late future it can be fixed. Oh and another thing I don't understand why a entry of a story card can't be what we see when included into a character but the bottom part is allowed to be so vast. Can that be switched so we can add a truck ton of info on the bottom one which gives the AI a good read on the story cards?,4,3,,2024-05-23 02:24:14,Hey there! Based on our review dashboard it looks like you're using Android 9 which is no longer supported by Google. For an improved experience try playing through your browser or using an updated Android version. We would be happy to consider any suggestions or feedback you have please reach out to us at support@aidungeon.com.,2024-05-23 13:09:55,,gam2617,com.aidungeon
55c1c5ba-49e7-4041-9edc-f905ae26fd46,A Google user,https://play-lh.googleusercontent.com/EGemoI2NTXmTsBVtJqk8jxF9rh8ApRWfsIMQSt2uE4OcpQqbFu7f7NbTK05lx80nuSijCz7sc3a277R67g,I downloaded the app in the first place because it wasn't working in the browser. After downloading the app I thought I would be able to play it but the login isn't working. When I click login it's just a blank screen just like on the browser. It's been a bug for years now but I don't think anyone's willing to change it. I know the teams small but keep up the good work! It's super fun when it actually works besides all the bugs and censorship.,3,11,1.1.108,2022-01-15 06:12:20,,,1.1.108,gam1206,com.aidungeon
8884775a-e949-479b-8f1f-dfad9761732e,Turtlewalking Roo,https://play-lh.googleusercontent.com/a-/ALV-UjWlB2NeTffiTm-y3QhYfv_iQBKgdESVu6ZH9ct7xhmPOolV0zDT,Still learning my way around the game pretty darned great so far. Well I ended up on about a two-hour chat with the AI chatbot feature. That was insane at times I could have sworn I was talking to a real person AI has advanced so much. Wow just wow,5,0,2.4.1,2023-02-11 22:57:02,Hey! We are very glad that you liked the game! In fact AI chatbots are still in an active stage of development and we still have a lot of ideas and plans to improve them. We'll keep you posted!,2023-02-13 16:38:11,2.4.1,gam160,com.feynmanapps.aitales
3452566e-d7b7-4c1c-91ca-8f32e4c63920,A Google user,https://play-lh.googleusercontent.com/EGemoI2NTXmTsBVtJqk8jxF9rh8ApRWfsIMQSt2uE4OcpQqbFu7f7NbTK05lx80nuSijCz7sc3a277R67g,Works great and is fun to play.,5,2,1.1.155,2022-08-10 13:53:02,Thank you for the epic review We're happy you're enjoying your time in AI Dungeon! :D,2022-08-16 14:37:00,1.1.155,gam19217,com.aidungeon
c67a567d-22bd-4d03-a6b9-1de23b4b377c,A Google user,https://play-lh.googleusercontent.com/EGemoI2NTXmTsBVtJqk8jxF9rh8ApRWfsIMQSt2uE4OcpQqbFu7f7NbTK05lx80nuSijCz7sc3a277R67g,Now everything i type wont even triggered the AI. Im stuck at the same text screen. Lol the AI broke down so quickly,1,3,1.1.145,2022-06-18 03:10:48,Hi Hassan thanks for letting us know! Sounds like you were running into a bug of sorts. If that's still the case then it's possible other users have already reported this issue at http://bugs.aidungeon.io/ your help in logging this and other issues is appreciated!,2022-06-24 18:04:59,1.1.145,gam12653,com.aidungeon
4cbe6e11-f7c4-4bb8-beb6-f837a047940a,A Google user,https://play-lh.googleusercontent.com/EGemoI2NTXmTsBVtJqk8jxF9rh8ApRWfsIMQSt2uE4OcpQqbFu7f7NbTK05lx80nuSijCz7sc3a277R67g,really could be better used to love playing this but like many will say you messed up putting the action system in this. theres other ways to put ads in the game without having a action system,2,1,1.1.151,2022-08-01 06:31:15,Free play is now an unlimited experience! Ads no longer interrupt gameplay; all players have unlimited actions when using Griffin (our base AI model). Learn more at https://aidungeon.io/unchained. We will continue to improve our model and overall game experience. Stay tuned for more exciting updates :),2023-01-12 17:41:50,1.1.151,gam7374,com.aidungeon
4668803a-105e-41e8-9642-ea831436aecc,A Google user,https://play-lh.googleusercontent.com/EGemoI2NTXmTsBVtJqk8jxF9rh8ApRWfsIMQSt2uE4OcpQqbFu7f7NbTK05lx80nuSijCz7sc3a277R67g,this an awesome app you can buld any adventure any way you want great idea but i think the web app interface a little clunky,4,0,1.1.177,2023-03-02 23:32:05,Thank you for your review and support! We appreciate your feedback. If you have any additional details or screenshots to share about things feeling clunky please send them to support@aidungeon.io.,2023-03-04 21:57:51,1.1.177,gam11024,com.aidungeon
76f1da11-0c94-4bee-9e4c-42c019708fd4,A Google user,https://play-lh.googleusercontent.com/EGemoI2NTXmTsBVtJqk8jxF9rh8ApRWfsIMQSt2uE4OcpQqbFu7f7NbTK05lx80nuSijCz7sc3a277R67g,"It won't even let me into the app it just says ""downloading package"" and I can't do anything and I just have to sit there. If you exit the app the entire thing resets so you can't just let it download on it's own and play something on your phone overall it sucks. Would not recommend",1,0,,2022-03-25 16:29:11,,,,gam5181,com.aidungeon
ee2bee97-6630-4087-a7af-9781dcd23593,A Google user,https://play-lh.googleusercontent.com/EGemoI2NTXmTsBVtJqk8jxF9rh8ApRWfsIMQSt2uE4OcpQqbFu7f7NbTK05lx80nuSijCz7sc3a277R67g,Once again great for porn. It's been a journey AI Dungeon. But we've come full circle an ultimatum. The filter works well and I no longer run into it when playing. I also can switch between writing the greatest sexual fantasy of my dreams and an intense narrative on a whim. Once again I have been given a hammer and an anvil to forge what my mind's eye desires. I can foster my writing hobby by day and be horny by night. Awesome.,5,31,1.1.130,2022-03-21 23:38:39,,,1.1.130,gam4260,com.aidungeon
f01770dd-16ca-4b25-89d3-61aedb8407b7,A Google user,https://play-lh.googleusercontent.com/EGemoI2NTXmTsBVtJqk8jxF9rh8ApRWfsIMQSt2uE4OcpQqbFu7f7NbTK05lx80nuSijCz7sc3a277R67g,Good game sucks that some stuff there require irl cash or in-game crystals Edit: Game is fixed now thx devs,4,2,1.1.161,2022-08-17 00:43:43,Hey there Keith! The recent Google Play App issue has been fixed and the Android app should now be working for all players. If youre still having trouble after this update please let us know. Thanks for your patience as we resolved this issue!,2022-08-16 14:47:03,1.1.161,gam13851,com.aidungeon
76aa1a0f-7973-45d9-ba10-ba703cd8b326,A Google user,https://play-lh.googleusercontent.com/EGemoI2NTXmTsBVtJqk8jxF9rh8ApRWfsIMQSt2uE4OcpQqbFu7f7NbTK05lx80nuSijCz7sc3a277R67g,This app used to be so fun and so amazing. It's still much better than all of the other AI apps on the playstore but the revisions are ridiculous. Scales have become useless and turns now cost your time or money to earn. And the ai isn't that great at the lower levels that free users get so you end up using all your rerolls just on a single line. When i did buy premium it was worth it but I lost interest. When I came back though AI Dungeon was not worth buying premium again.,2,10,1.1.148,2022-07-28 15:06:37,Free play is now an unlimited experience! Ads no longer interrupt gameplay; all players have unlimited actions when using Griffin (our base AI model). Learn more at https://aidungeon.io/unchained. We will continue to improve our model and overall game experience. Stay tuned for more exciting updates :),2023-01-18 11:27:18,1.1.148,gam866,com.aidungeon
16ded798-f12d-4341-bde3-8d3359abefa1,A Google user,https://play-lh.googleusercontent.com/EGemoI2NTXmTsBVtJqk8jxF9rh8ApRWfsIMQSt2uE4OcpQqbFu7f7NbTK05lx80nuSijCz7sc3a277R67g,I can't even install the damn thing now,1,0,1.1.119,2022-08-07 14:29:57,,,1.1.119,gam22166,com.aidungeon
278a8b8e-71a3-49ad-bee7-20e5a9ade549,A Google user,https://play-lh.googleusercontent.com/EGemoI2NTXmTsBVtJqk8jxF9rh8ApRWfsIMQSt2uE4OcpQqbFu7f7NbTK05lx80nuSijCz7sc3a277R67g,Can I get a rough estimate to when I will be able to use Griffin without expending 140 whatever-you-use per action?,1,0,1.1.153,2022-08-08 23:45:33,Free play is now an unlimited experience! Ads no longer interrupt gameplay; all players have unlimited actions when using Griffin (our base AI model). Learn more at https://aidungeon.io/unchained. We will continue to improve our model and overall game experience. Stay tuned for more exciting updates :),2023-01-12 18:22:20,1.1.153,gam21570,com.aidungeon
031094c4-6f02-4c2d-97a6-753d63ca5639,A Google user,https://play-lh.googleusercontent.com/EGemoI2NTXmTsBVtJqk8jxF9rh8ApRWfsIMQSt2uE4OcpQqbFu7f7NbTK05lx80nuSijCz7sc3a277R67g,not bad the story telling is pretty good for ai,3,0,1.1.178,2023-05-04 12:10:33,,,1.1.178,gam18707,com.aidungeon
92167cc5-767e-444c-8b2d-3949c9a669a8,A Google user,https://play-lh.googleusercontent.com/EGemoI2NTXmTsBVtJqk8jxF9rh8ApRWfsIMQSt2uE4OcpQqbFu7f7NbTK05lx80nuSijCz7sc3a277R67g,energy system's gone. Replaced by so many ads.,1,18,,2022-06-18 13:14:38,We've made some recent changes and improvements to AI Dungeon including our free-play experience. Actions are now unlimited for all players using our Griffin AI model :) Also other performance improvements were made. Learn more here: https://aidungeon.io/unchained.,2023-01-18 16:10:51,,gam14431,com.aidungeon
ff16ce1f-819c-4a11-a152-c4e513b1e5e5,A Google user,https://play-lh.googleusercontent.com/EGemoI2NTXmTsBVtJqk8jxF9rh8ApRWfsIMQSt2uE4OcpQqbFu7f7NbTK05lx80nuSijCz7sc3a277R67g,You'd have higher chance of winning the lottery than accessing the server.,2,3,1.1.119,2022-01-25 01:22:34,,,1.1.119,gam18419,com.aidungeon
b3cc64b3-4afc-46e1-a3ad-d2f0cbe9f621,A Google user,https://play-lh.googleusercontent.com/EGemoI2NTXmTsBVtJqk8jxF9rh8ApRWfsIMQSt2uE4OcpQqbFu7f7NbTK05lx80nuSijCz7sc3a277R67g,Horrible but used to be good,1,0,1.1.52,2022-06-05 15:20:34,,,1.1.52,gam22756,com.aidungeon
a34915f4-a3c2-43ac-8a58-b825b79e7034,Rubysama Chisuru,https://play-lh.googleusercontent.com/a-/ALV-UjXvmaHaR0j4y_4VVeH-zrrt7hL5BxGuj4D_W-jDt4RuqMCw4kJIgw,It's only my first story and I'm so into it. I LOVE how you can just type what would you want to do instead of choosing choices. OMG this gonna stay in my games! ; Edit: The game still has inconsistencies but can be avoided by writing your choice shortly. Overall it was enjoyable but not like the first time I fell in love with it.,4,1,2.4.5,2023-04-05 20:53:36,And this is just the beginning we are on the verge of great and amazing discoveries stay tuned! And thank you for your review!,2023-01-27 04:17:51,2.4.5,gam56,com.feynmanapps.aitales
8d0e7de7-2e9c-4a25-922a-21a5a9b20536,A Google user,https://play-lh.googleusercontent.com/EGemoI2NTXmTsBVtJqk8jxF9rh8ApRWfsIMQSt2uE4OcpQqbFu7f7NbTK05lx80nuSijCz7sc3a277R67g,Very early review but very indepth and detailed. Really has it's clams on me deep.,4,0,1.2.66,2024-07-23 16:06:02,,,1.2.66,gam5829,com.aidungeon
af34ab13-3e2e-4bdb-856f-4f64d30475ce,A Google user,https://play-lh.googleusercontent.com/EGemoI2NTXmTsBVtJqk8jxF9rh8ApRWfsIMQSt2uE4OcpQqbFu7f7NbTK05lx80nuSijCz7sc3a277R67g,Five minutes ago I was the most powerful necromancer in the world and five minutes later I was a cashier at the grocery store.,3,1,,2022-03-12 17:27:52,,,,gam17917,com.aidungeon
dbfd00e2-b5e4-4027-82bd-ec8425f09c9d,A Google user,https://play-lh.googleusercontent.com/EGemoI2NTXmTsBVtJqk8jxF9rh8ApRWfsIMQSt2uE4OcpQqbFu7f7NbTK05lx80nuSijCz7sc3a277R67g,I played it I loved it but now it wont let le play the play icon is gone and iv reinstalled it but I still cant play it anymore.,3,0,1.1.153,2022-08-10 03:10:56,Hey there! We had an issue with the Google Play App which has now been fixed and the Android app should now be working for all players. If youre still having trouble after this update please let us know. Thanks for your patience as we resolved this issue!,2022-08-10 17:50:24,1.1.153,gam12153,com.aidungeon
89b79496-3007-443b-aeb3-611395acb705,A Google user,https://play-lh.googleusercontent.com/EGemoI2NTXmTsBVtJqk8jxF9rh8ApRWfsIMQSt2uE4OcpQqbFu7f7NbTK05lx80nuSijCz7sc3a277R67g,great just add an ai that make image to,5,0,1.2.49,2024-04-10 01:35:58,,,1.2.49,gam25677,com.aidungeon
9fc0897b-4d6a-4f01-81fe-fdd011710bd4,A Google user,https://play-lh.googleusercontent.com/EGemoI2NTXmTsBVtJqk8jxF9rh8ApRWfsIMQSt2uE4OcpQqbFu7f7NbTK05lx80nuSijCz7sc3a277R67g,This app has been screwing me over constantly. I just lost my account so all my stories are gone. I'm so sick of this app screwing me over. I'm so done.,1,3,1.2.72,2024-09-24 11:41:42,We're sorry to hear that and want to help! Please contact us at support@aidungeon.com.,2024-10-04 19:20:54,1.2.72,gam1971,com.aidungeon
32ce99c6-b36a-4759-ba90-f54102667097,A Google user,https://play-lh.googleusercontent.com/EGemoI2NTXmTsBVtJqk8jxF9rh8ApRWfsIMQSt2uE4OcpQqbFu7f7NbTK05lx80nuSijCz7sc3a277R67g,It was good until you have to watch an annoying ad every 5 turns without spending money. Otherwise however it runs good functions somewhat decently if you can pay for the ads to stop would recommend.,2,1,1.1.147,2022-07-08 18:05:39,We want all of our players to have a fantastic experience with our game. This is why we've been working so hard to find ways to reduce AI costs and can now offer all players gameplay uninterrupted by ads. Hope you enjoy the update and unlimited actions :) Let us know if you have any feedback at https://feedback.latitude.io/.,2023-01-14 14:26:36,1.1.147,gam4731,com.aidungeon
bc348e43-562d-45be-b0e4-60e6a2ceaf37,A Google user,https://play-lh.googleusercontent.com/EGemoI2NTXmTsBVtJqk8jxF9rh8ApRWfsIMQSt2uE4OcpQqbFu7f7NbTK05lx80nuSijCz7sc3a277R67g,It's a good app and I like the way the AI helps with story but my biggest issue is when it repeats itself when responding making it hard to keep the story going further as you end up pressing undo alot. But other than that it's pretty cool. Edit: It's 2stars now because every update slows down the servers and breaks them making it freeze. Get it together people! Okay seriously get rid of the ads. Also can you please give the energy bar back?,2,27,1.1.145,2022-06-20 03:44:58,We want all of our players to have a fantastic experience with our game. This is why we've been working so hard to find ways to reduce AI costs and can now offer all players gameplay uninterrupted by ads. Hope you enjoy the update and unlimited actions :) Let us know if you have any feedback at https://feedback.latitude.io/.,2023-01-18 15:59:36,1.1.145,gam1126,com.aidungeon
bb15a069-7ba3-4532-a7d3-b8ac2add7169,Elian Estrada,https://play-lh.googleusercontent.com/a-/ALV-UjVYPFDYVUgVAvPk1DwdrS9dkzpBosWQuvxCWmKEhk5vmUjconw,Wow! It has improved massively since the mast time I posted a review. Everything from the visuals to the AI which has become much better. Unfortunately after the last update I'm encountering many crashes while I play or chat with the characters which is a bummer since the game is very enjoyable. I hope it can be fixed soon. Keep up the good work as always!,5,18,2.6.0,2023-09-29 00:07:56,Elian thanks! Update2: Hey Elian! We would be very grateful if you could write here or email us ( hey@aitales.app ) a little more details what kind of crashes you have and at what moments. It will help us a lot to fix them!,2023-09-29 03:13:35,2.6.0,gam42,com.feynmanapps.aitales
6b990190-fc0b-442c-8953-27fc708c96bf,A Google user,https://play-lh.googleusercontent.com/EGemoI2NTXmTsBVtJqk8jxF9rh8ApRWfsIMQSt2uE4OcpQqbFu7f7NbTK05lx80nuSijCz7sc3a277R67g,The game with steam perks is recommended but the game frequently crashes and causes it to run slower.,3,18,1.1.178,2023-06-23 04:02:01,We're happy to look into this and resolve any issues! Please reach out to us at support@aidungeon.io.,2023-06-28 22:07:37,1.1.178,gam11633,com.aidungeon
d24387bb-8e62-4f74-b811-07aa96fab088,A Google user,https://play-lh.googleusercontent.com/EGemoI2NTXmTsBVtJqk8jxF9rh8ApRWfsIMQSt2uE4OcpQqbFu7f7NbTK05lx80nuSijCz7sc3a277R67g,Very cool concept but the infancy of ai to a dm is significantly apparent. Especially notable is the AI simply shutting down after so many interactions in any/every session without saving any of it.,3,0,1.2.72,2024-09-26 01:01:34,,,1.2.72,gam1864,com.aidungeon
f02d52dc-4701-48a8-b73a-c8a7b4f5a4ce,A Google user,https://play-lh.googleusercontent.com/EGemoI2NTXmTsBVtJqk8jxF9rh8ApRWfsIMQSt2uE4OcpQqbFu7f7NbTK05lx80nuSijCz7sc3a277R67g,Had fun with the first adventure but couldn't even enter other stories. It's just stuck on loading screen and doesn't enter! It's so annoying!,2,0,1.2.69,2024-09-07 16:21:19,,,1.2.69,gam1903,com.aidungeon
28171881-7e29-4b89-8b42-7cadc514c886,A Google user,https://play-lh.googleusercontent.com/EGemoI2NTXmTsBVtJqk8jxF9rh8ApRWfsIMQSt2uE4OcpQqbFu7f7NbTK05lx80nuSijCz7sc3a277R67g,I've been using the app for around two years now and it has definitely improved in many ways. The AI still has some trouble keeping context but that's easily fixed with tweaking memory and author's notes. All in all I love the new models they added and the freedom that came with them.,4,2,1.2.47,2024-02-24 17:28:00,,,1.2.47,gam1325,com.aidungeon
44ee250b-6770-46dc-b2b4-d98147545371,Bear Wandering (Bear),https://play-lh.googleusercontent.com/a-/ALV-UjXF6NgRjvcJKBVQn4iqmMKgu6t_Y8OAotu462mQTjk1rUiB_ZmE,Pretty poor as the first combat encounter locked my system up. The game music continued to play in the background but no input prompt was visible so no way to take action and no way to proceed.,1,2,1.3.3,2024-03-12 17:47:19,Sorry to hear about the bug during your first combat encounter. Please email us at gm@aigamemaster.app so we can investigate and resolve this. UPDATE: there's indeed a new issue we're looking into. In the meantime please write us for some bonus tokens for your less-than-perfect experience,2024-03-15 06:27:34,1.3.3,gam29738,com.aisuccess.ai_game_master
f1767ffb-c007-4c1f-b6f2-45445f9b6926,A Google user,https://play-lh.googleusercontent.com/EGemoI2NTXmTsBVtJqk8jxF9rh8ApRWfsIMQSt2uE4OcpQqbFu7f7NbTK05lx80nuSijCz7sc3a277R67g,You should make premium free and you should add more stuff like 'category' Magic evil and possibly let you have be anything an elf a zombie a scp member a small child to grow up and make it offline ect other then that I love this game,3,1,1.1.52,2022-01-13 20:55:19,,,1.1.52,gam14156,com.aidungeon
14cf8968-956e-49f5-b38a-7401b46bec16,A Google user,https://play-lh.googleusercontent.com/EGemoI2NTXmTsBVtJqk8jxF9rh8ApRWfsIMQSt2uE4OcpQqbFu7f7NbTK05lx80nuSijCz7sc3a277R67g,The original idea of the app/game was fun however the uniqueness it had back in the early stages completely dissappeared in my opinion behind paywalls and limitations. 3/5 stars because the idea still is amazing and the AI in general is pretty good most of the times just too many limitations for me to still enjoy playing it.,3,0,,2023-01-22 19:36:15,Thanks for your review Nate. We've found ways to reduce our AI cost to offer all players gameplay uninterrupted by ads with unlimited actions! Premium upgrades are available that remain cost-prohibitive to offer for free. We would love to discuss any questions or concerns and improve your experience; please reach out to us at support@aidungeon.io.,2023-01-23 19:38:08,,gam2696,com.aidungeon
b272868a-a6b4-420d-9387-1e1e5c40c7f5,A Google user,https://play-lh.googleusercontent.com/EGemoI2NTXmTsBVtJqk8jxF9rh8ApRWfsIMQSt2uE4OcpQqbFu7f7NbTK05lx80nuSijCz7sc3a277R67g,Got my account back! I see that the UI got updated and it's looking good so far.,4,2,1.1.166,2022-08-28 07:47:36,Glad to hear that it's working again for you! Thanks for letting us know!,2022-08-28 13:06:48,1.1.166,gam13537,com.aidungeon
f7de4952-9edd-4f7b-a127-6723737ae7b8,A Google user,https://play-lh.googleusercontent.com/EGemoI2NTXmTsBVtJqk8jxF9rh8ApRWfsIMQSt2uE4OcpQqbFu7f7NbTK05lx80nuSijCz7sc3a277R67g,Horrible app for f2p players like myself. Only recommended if you have money for the premium.,1,0,1.1.178,2023-06-20 20:07:56,While our premium features and models are cost-prohibitive to offer for free we are working on a new Griffin model. Our goal is to provide the best experience we can for all of our players :),2023-06-28 23:41:22,1.1.178,gam14185,com.aidungeon
0e11cb18-06df-4b8a-8c3a-0d2e8ab47101,A Google user,https://play-lh.googleusercontent.com/EGemoI2NTXmTsBVtJqk8jxF9rh8ApRWfsIMQSt2uE4OcpQqbFu7f7NbTK05lx80nuSijCz7sc3a277R67g,You can design your own ai games for free the or you can play in the ai game that was designed by other players and making a game of your own is also really easy and simple you can publish your game for others to play(i never published my games so i am not sure how it works) also you can add different features to your game i really reccommend this game,5,0,1.2.72,2024-09-29 14:06:21,,,1.2.72,gam1905,com.aidungeon
6f1b51f2-d4ae-4b59-8a68-96fb53a25286,A Google user,https://play-lh.googleusercontent.com/EGemoI2NTXmTsBVtJqk8jxF9rh8ApRWfsIMQSt2uE4OcpQqbFu7f7NbTK05lx80nuSijCz7sc3a277R67g,This. is getting better again. Not back to where it was but.. getting there. Congrats Latitude you have my attention for a few more months again.,3,7,1.1.118,2022-01-19 11:07:44,,,1.1.118,gam10068,com.aidungeon
b6f7c90d-71d9-4978-a3df-52b7dcec31fc,A Google user,https://play-lh.googleusercontent.com/EGemoI2NTXmTsBVtJqk8jxF9rh8ApRWfsIMQSt2uE4OcpQqbFu7f7NbTK05lx80nuSijCz7sc3a277R67g,Compared to 2021 became significantly better I'm glad,5,0,1.1.178,2023-05-07 08:26:42,,,1.1.178,gam18111,com.aidungeon
29de6998-68c8-4ee2-a566-05aa9cbbb02a,A Google user,https://play-lh.googleusercontent.com/EGemoI2NTXmTsBVtJqk8jxF9rh8ApRWfsIMQSt2uE4OcpQqbFu7f7NbTK05lx80nuSijCz7sc3a277R67g,Personally 2 stars is generous I played this game alot and only uninstall it to try different games. Sadly thought when I rrdowloqded it the action thing was new and its made it really chappy I mean yea good app but instead of having actions have them appear for things like deaths and scales because it just ruins the experience This is after the top part but also when you click on add and watch it for your free actions they don't load I'm trying not to swear in this so fix or go back to old AiD,2,0,,2022-07-06 03:35:29,We want all of our players to have a fantastic experience with our game. This is why we've been working so hard to find ways to reduce AI costs and can now offer all players gameplay uninterrupted by ads. Hope you enjoy the update and unlimited actions :) Let us know if you have any feedback at https://feedback.latitude.io/.,2023-01-18 10:44:45,,gam3356,com.aidungeon
30fc8712-c111-44f7-a7de-4533b01f7754,A Google user,https://play-lh.googleusercontent.com/EGemoI2NTXmTsBVtJqk8jxF9rh8ApRWfsIMQSt2uE4OcpQqbFu7f7NbTK05lx80nuSijCz7sc3a277R67g,Can't continue from regular stories at the moment it just closes out the story at 90% loaded.,4,27,1.2.49,2024-05-15 00:25:13,,,1.2.49,gam10517,com.aidungeon
954adb7c-ed96-4a2f-a590-abaeee9ee12f,A Google user,https://play-lh.googleusercontent.com/EGemoI2NTXmTsBVtJqk8jxF9rh8ApRWfsIMQSt2uE4OcpQqbFu7f7NbTK05lx80nuSijCz7sc3a277R67g,Compared to what it was several years ago it's not very good anymore. Responses don't make sense and it constantly repeats the same words or phrases. The creativity it gone and each story feels and sounds the same.,1,7,1.2.49,2024-05-14 08:23:17,,,1.2.49,gam3130,com.aidungeon
ed700957-0a37-4d57-aef9-436e6531c0fa,A Google user,https://play-lh.googleusercontent.com/EGemoI2NTXmTsBVtJqk8jxF9rh8ApRWfsIMQSt2uE4OcpQqbFu7f7NbTK05lx80nuSijCz7sc3a277R67g,Was good now censored and glitchy.,1,1,1.1.50,2022-07-08 23:31:19,,,1.1.50,gam19420,com.aidungeon
5f82abe8-08ab-4c64-9416-6690459e5983,A Google user,https://play-lh.googleusercontent.com/EGemoI2NTXmTsBVtJqk8jxF9rh8ApRWfsIMQSt2uE4OcpQqbFu7f7NbTK05lx80nuSijCz7sc3a277R67g,The ai needs a lot of work it doesn't make any sense a lot of times. My friend even said it was better before,2,0,1.1.167,2022-09-07 09:24:38,We have made recent performance improvements and given all players unlimited actions when using our base AI model. Hope you try it out! For help with memory please see both of our guidebook page: https://help.aidungeon.io/advanced. Specifically look at memory and author's notes to start. Email us at support@aidungeon.io with any questions.,2023-01-11 08:07:29,1.1.167,gam13358,com.aidungeon
8094823d-da63-4b71-a470-03ded143973a,jw gamer 1,https://play-lh.googleusercontent.com/a-/ALV-UjXaRN7SdBIyTPbHnxV_KNRbmQefSgfBJzp39rnp6INCV3UpIc8,the game is fun but the only problem is they only give you five tokens every 3 hours and the only way to get more is to buy leveling up but if you get to a way to higher level like I am it's impossible to level up that's the only problem I have with the game there's only one way to get some tokens so there's no other ways to except paying that's the only problem I have storytelling is amazing I used a bunch of ai apps before and this is one of the best if you just want to do an RPG.,4,0,1.8.5,2024-09-01 04:18:18,Check our discord for more free tokens and giveaways!,2024-09-01 02:15:58,1.8.5,gam29524,com.aisuccess.ai_game_master
acec0515-946f-4f8b-9f77-80559b6edf81,A Google user,https://play-lh.googleusercontent.com/EGemoI2NTXmTsBVtJqk8jxF9rh8ApRWfsIMQSt2uE4OcpQqbFu7f7NbTK05lx80nuSijCz7sc3a277R67g,I said one thing.. ai telling something completely different.. what ever i say the game will decide where the story have to go(almost all the time same type of ending). Not so infinite possibly. May be one day we could make a real ai. Thanks for wasting my time and data.,1,0,,2023-01-23 11:23:43,Hey there! We have tools that can help with this as well as our guides: https://help.aidungeon.io/ai-dungeon-101 https://help.aidungeon.io/advanced. We are also happy to help answer any questions and look into any issues you might be having please reach out to us at support@aidungeon.io :),2023-01-23 14:28:02,,gam6847,com.aidungeon
693951c6-7d83-4765-ab39-f97957f77924,A Google user,https://play-lh.googleusercontent.com/EGemoI2NTXmTsBVtJqk8jxF9rh8ApRWfsIMQSt2uE4OcpQqbFu7f7NbTK05lx80nuSijCz7sc3a277R67g,Like a captivating book whilst testing the limits of your own imagination.,4,0,1.2.69,2024-09-01 15:20:13,,,1.2.69,gam7914,com.aidungeon
149a0302-e4b4-4a76-ba7e-9f1ca8aa6fed,A Google user,https://play-lh.googleusercontent.com/EGemoI2NTXmTsBVtJqk8jxF9rh8ApRWfsIMQSt2uE4OcpQqbFu7f7NbTK05lx80nuSijCz7sc3a277R67g,sometimes the ai stops typing hope that gets fixed.,4,0,1.1.178,2023-07-11 13:38:17,,,1.1.178,gam14831,com.aidungeon
dd29b91d-5bca-4c7a-a439-c9e09b9b7f24,A Google user,https://play-lh.googleusercontent.com/EGemoI2NTXmTsBVtJqk8jxF9rh8ApRWfsIMQSt2uE4OcpQqbFu7f7NbTK05lx80nuSijCz7sc3a277R67g,its a very good app good for practicing to those who aspire to be authors and its really fun. the possibilities of scenarios are limitless,5,0,1.1.119,2022-03-05 09:50:11,,,1.1.119,gam9937,com.aidungeon
9652736a-d66b-4ad3-b2e4-c6fe9f987a1f,A Google user,https://play-lh.googleusercontent.com/EGemoI2NTXmTsBVtJqk8jxF9rh8ApRWfsIMQSt2uE4OcpQqbFu7f7NbTK05lx80nuSijCz7sc3a277R67g,A dynamic set of extremes this app. Contains bewildering innovative features that seem invaluable. Simultaneously the game lacks in graphic quality distinguishments and artificial intelligence; Refinement Adaptability Performance statistics & General Gameplay/Results. Seek. Ask. Knock.,4,0,1.1.170,2022-09-19 09:10:44,Thanks for your feedback and review Mathew! If you haven't already check out our most recent release called Unchained. Many exciting updates and released are planned for this year. All players now have access to AI Dungeon HD and can generate images within their stories. Learn more at https://aidungeon.io/unchained.,2023-01-06 17:34:06,1.1.170,gam3943,com.aidungeon
2a2e3ef1-f733-45f7-a73b-604f07d76369,A Google user,https://play-lh.googleusercontent.com/EGemoI2NTXmTsBVtJqk8jxF9rh8ApRWfsIMQSt2uE4OcpQqbFu7f7NbTK05lx80nuSijCz7sc3a277R67g,It's fixed thank you guys and it's a good game.,4,0,1.1.136,2022-05-25 15:13:21,Hi guydude thanks for letting us know! If you're still running into this issue even after refreshing/updating the app then please email support@aidungeon.io with additional details. We'll do our best to help you from there.,2022-04-29 14:38:17,1.1.136,gam17745,com.aidungeon
3eabbeb7-b9ab-47d1-9946-72f83b334eef,A Google user,https://play-lh.googleusercontent.com/EGemoI2NTXmTsBVtJqk8jxF9rh8ApRWfsIMQSt2uE4OcpQqbFu7f7NbTK05lx80nuSijCz7sc3a277R67g,To start off I have a silver membership which goes for 10$ a month. I think that while the creative freedom is great when it comes to making stories personal the world building is not the best. There is an option to use custom world info bits but the ai doesn't use them that well. There is also a 1000 character limit for forced memory like what the laws are like and inventory management. However the longer you play a story the more you need remembered to keep it all making sense.,4,25,1.1.119,2022-01-21 00:29:11,,,1.1.119,gam1191,com.aidungeon
b3930f8b-8bf5-4d67-b1d3-8a1a0116d29e,A Google user,https://play-lh.googleusercontent.com/EGemoI2NTXmTsBVtJqk8jxF9rh8ApRWfsIMQSt2uE4OcpQqbFu7f7NbTK05lx80nuSijCz7sc3a277R67g,very inconsistent used to be much better a couple years ago,1,3,,2023-05-06 04:57:49,,,,gam17971,com.aidungeon
194ba0ec-2417-4783-9555-5bed81cd0c22,A Google user,https://play-lh.googleusercontent.com/EGemoI2NTXmTsBVtJqk8jxF9rh8ApRWfsIMQSt2uE4OcpQqbFu7f7NbTK05lx80nuSijCz7sc3a277R67g,It wud be better if you didn't have to sign up it wud be better if every 5 sentences there wud be a add instead of you having to sign up,3,0,1.1.139,2022-06-11 15:22:13,,,1.1.139,gam11942,com.aidungeon
b99ef59f-571d-4434-b14d-f40db141340f,A Google user,https://play-lh.googleusercontent.com/EGemoI2NTXmTsBVtJqk8jxF9rh8ApRWfsIMQSt2uE4OcpQqbFu7f7NbTK05lx80nuSijCz7sc3a277R67g,Was killed ages ago character ai is wayyyyy better! Guys goto character ai! Ai dungeon died because it became a scam,1,1,,2024-06-15 10:58:04,,,,gam12765,com.aidungeon
1c9fee32-02bf-403a-939b-841f1273bee0,A Google user,https://play-lh.googleusercontent.com/EGemoI2NTXmTsBVtJqk8jxF9rh8ApRWfsIMQSt2uE4OcpQqbFu7f7NbTK05lx80nuSijCz7sc3a277R67g,Amazing game for anyone is really fun would recommend,5,0,1.1.139,2022-06-09 10:14:22,,,1.1.139,gam17580,com.aidungeon
3f530cb8-a5ca-4df7-8cd6-9448d0d449a4,A Google user,https://play-lh.googleusercontent.com/EGemoI2NTXmTsBVtJqk8jxF9rh8ApRWfsIMQSt2uE4OcpQqbFu7f7NbTK05lx80nuSijCz7sc3a277R67g,Tried the custom prompt it's unusable doesn't let me generate anything. I used to love this app years ago.,1,0,1.2.72,2024-09-14 12:32:59,Hey there! Thanks for letting us know. We looked into this bug and found that a recent fix defaulted new players to an unintended premium model resulting in an error message. This issue has now been resolved! Please refresh your browser or close and reopen your app before starting a new game.,2024-09-16 20:08:58,1.2.72,gam1940,com.aidungeon
76e85e58-a0f0-443a-bfc3-104e883a3fcd,A Google user,https://play-lh.googleusercontent.com/EGemoI2NTXmTsBVtJqk8jxF9rh8ApRWfsIMQSt2uE4OcpQqbFu7f7NbTK05lx80nuSijCz7sc3a277R67g,it's clunky but good,5,0,1.1.148,2022-11-19 20:33:39,Hey Null! Appreciate your 5-star rating :) If you have any feedback or suggestions on how we can improve (specifically regarding it feeling clunky) please let us know at https://feedback.latitude.io/.,2022-11-21 18:37:33,1.1.148,gam21530,com.aidungeon
97461632-e17d-43cb-9d96-71dac021a456,JDS,https://play-lh.googleusercontent.com/a-/ALV-UjUm9_U8Co-fMPMi6MfqNP7HFUgMVetfNCS_Jg9M4ucCHhPAo1hF,now look i respect that u guys need some way to fund urselves but the limitedness of this game just makes it displeasing for free-to-play players. the lack of worlds to choose from and the fact that u only get a limited amount of times u could say/do stuff makes the whole game bland. im not saying u should make everything free. im only saying that it just makes the whole game less enjoyable for those who cant purchase in-game stuff. disappointed but still a really well-made game,4,7,1.8.1,2022-01-03 13:45:27,Thank you for such a detailed feedback! We do our best. At the moment hosting AI models requires expensive powerful GPU cards on our side but we are thinking about how we can simplify this in the future.,2022-01-10 12:28:40,1.8.1,gam124,com.feynmanapps.aitales
f09a4e5c-1e83-4e9a-98a6-52e9c32b678d,A Google user,https://play-lh.googleusercontent.com/EGemoI2NTXmTsBVtJqk8jxF9rh8ApRWfsIMQSt2uE4OcpQqbFu7f7NbTK05lx80nuSijCz7sc3a277R67g,Frustratingly slow I've been waiting for prompts to load since I installed the app. It's been 20 minutes and still nothing. Then app crashes when I try to access my profile.,2,0,1.2.49,2024-06-04 17:29:20,We fixed the issue. Please try again and let us know if you still need help at support@aidungeon.com. Thanks!,2024-06-06 17:33:05,1.2.49,gam3494,com.aidungeon
58be800d-b2ce-4420-acbf-9a6c45dfbf6a,A Google user,https://play-lh.googleusercontent.com/EGemoI2NTXmTsBVtJqk8jxF9rh8ApRWfsIMQSt2uE4OcpQqbFu7f7NbTK05lx80nuSijCz7sc3a277R67g,There is a bug in creating costom scenarios where the text in the buttons does bot appear or appear too low so I couldnt read it,4,0,1.1.134,2022-05-20 04:35:23,,,1.1.134,gam9732,com.aidungeon
710b4d85-f3ac-46fb-a894-77321b53ea16,SAND CASTLE (Sandhyo),https://play-lh.googleusercontent.com/a-/ALV-UjUQkSZjrSao4wIOjCYGTCZhQV8rDP8uWrmYK3d96I-Ok_xIchbD,The concept is really good and i think this has the potential to be amazing but i have some problems with it I don't know if it's the translation or the ai bugging but my god it's so hard to understand what's going on so I hope that gets worked on and also i would like to see more scenarios but other than that yeah it's pretty good.,2,2,,2022-01-26 10:21:29,"Thank you for sharing your impressions. We are constantly working on the quality of AI but sometimes it ""drifts"". Roger that keep up the good work! Do you mean more free scenarios?",2022-01-28 06:13:54,,gam99,com.feynmanapps.aitales
b99bb56d-9a55-48b6-9832-318a88adf718,A Google user,https://play-lh.googleusercontent.com/EGemoI2NTXmTsBVtJqk8jxF9rh8ApRWfsIMQSt2uE4OcpQqbFu7f7NbTK05lx80nuSijCz7sc3a277R67g,It's my go-to app whenever I'm bored of everything,5,12,1.1.170,2022-09-21 08:44:08,Glad to hear that! If you have any feedback or suggestions on how we can improve please let us know at https://feedback.latitude.io/.,2023-01-06 17:03:05,1.1.170,gam19379,com.aidungeon
79be83cb-1130-4ecc-995b-d5be62f18f91,Ben Pledger,https://play-lh.googleusercontent.com/a/ACg8ocLYOu90_-na1VSE78ufuCwsDFjI0DitWJ95rfeVBUrPmjvPDw=mo,just keep it interesting and unpredictable!,5,0,1.6.0,2024-04-21 17:09:03,,,1.6.0,gam29844,com.aisuccess.ai_game_master
ccffc90a-4f68-4c1a-a197-a0b898afe4b1,Troy Kaufmann,https://play-lh.googleusercontent.com/a-/ALV-UjURIiIRyUWzEV2yhk2-sQvPSoI-o751VRIv0rkvr3Cc-sBMG2kT,interesting concept complicated responses don't get you that good of a result though. still working on how simple I have to keep it to make things work right but seems good so far,3,0,1.7.3,2024-06-13 21:37:01,Thanks for your feedback! We appreciate you finding the concept interesting. Were continuously working on improving the AIs response to more complex inputs. If you have any specific feedback or suggestions please feel free to email us at gm@aigamemaster.app. Wed love to hear from you!,2024-06-16 02:18:05,1.7.3,gam29667,com.aisuccess.ai_game_master
e4b6bccd-46e8-4524-9ff9-1efb0bf68f0f,Shinkirou Kusanagi,https://play-lh.googleusercontent.com/a-/ALV-UjUtpcXjCL5aMVWxqkRD-IjmvcNl0Kns6yrky-FO9W8FdFWi0ylJ,Are you serious!? You only give a few free tokens a day? You practically force us to buy tokens! Can you at least let us pay for unlimited tokens a month for another plan because these plans are nothing to enjoy a deep narrative story. I want to like this but this is greedy I don't care if your a small team chat gpt literally does most the work for you you barely have to lift a finger and your charging money like your working hard.,1,0,1.6.2,2024-05-11 15:48:58,ChatGPT literally does not do most of the work for us. What's literal is that I LITERALLY have joint pains in my knuckles from coding so much <3,2024-05-11 16:47:46,1.6.2,gam29689,com.aisuccess.ai_game_master
87b0c98f-6f1f-4c88-88f9-0ab27351dccc,Connor Stevens,https://play-lh.googleusercontent.com/a/ACg8ocLaP0lnewsJJ1rtK7SeZ5USnetGX7Fqe0gHYuZ9LYLjdxaIXQ=mo,very interesting. i have been speaking in all kinds of ways and the ai seems to play along quite nicely. recommended for quick little jaunts down fantasy lane,5,0,1.7.9,2024-07-21 15:04:49,Thank you so much for your review!,2024-07-21 16:16:38,1.7.9,gam29644,com.aisuccess.ai_game_master
4fbd5958-ccaf-4d09-9b7d-d536f6eb6284,A Google user,https://play-lh.googleusercontent.com/EGemoI2NTXmTsBVtJqk8jxF9rh8ApRWfsIMQSt2uE4OcpQqbFu7f7NbTK05lx80nuSijCz7sc3a277R67g,Recently re-downloaded it after reading some reviews and seeing ads were removed or at least changed so the game is more enjoyable. Played for a bit and am having fun again. Thank you devs!,4,75,1.1.172,2022-12-23 03:01:33,So glad to hear you're having an improved experience from the last time you played. Thanks for giving our game another chance :) If you have any feedback or suggestions on how we can improve please let us know at https://feedback.latitude.io/.,2023-01-05 15:19:23,1.1.172,gam8092,com.aidungeon
ae192195-4372-406a-9e70-91350e163270,A Google user,https://play-lh.googleusercontent.com/EGemoI2NTXmTsBVtJqk8jxF9rh8ApRWfsIMQSt2uE4OcpQqbFu7f7NbTK05lx80nuSijCz7sc3a277R67g,Horrible. You have to pay to chat. Maybe you can pay premium to like get extra features like different chat color and etc but limited chats makes this game unplayable after 10 actions i would give 0 stars for that but i cant. Fix your ai please atleast make chats free and delete limited actions and the premium just gives extra features but making it so you pay to do the thing why you even downloaded the app. Thats horrible for everyone and it will never get to 5 stars or better like this,1,0,1.2.69,2024-08-23 22:43:57,,,1.2.69,gam1904,com.aidungeon
9ab42089-d726-4299-8b26-de90ce18b98d,A Google user,https://play-lh.googleusercontent.com/EGemoI2NTXmTsBVtJqk8jxF9rh8ApRWfsIMQSt2uE4OcpQqbFu7f7NbTK05lx80nuSijCz7sc3a277R67g,Gaming this app is gaming now it's gameable now thank you for fixing the bug or whatever the thing that was!,5,3,1.1.161,2022-08-15 00:29:51,Thank you for the epic review We're happy you're enjoying your time in AI Dungeon!,2022-08-16 13:18:29,1.1.161,gam15767,com.aidungeon
d3943d49-7b42-4138-8948-47ff0776f50d,A Google user,https://play-lh.googleusercontent.com/EGemoI2NTXmTsBVtJqk8jxF9rh8ApRWfsIMQSt2uE4OcpQqbFu7f7NbTK05lx80nuSijCz7sc3a277R67g,You now only get 5 actions 5!!! Before you have to watch an ad and then you'll be allowed to have another 5 actions. And they aren't short either they are around 50 seconds give or take.,1,1,1.1.14,2022-08-20 12:05:24,Great news! We released a new update called Unchained. Ads no longer inhibit gameplay; all players have unlimited access to our base AI model (Griffin). Learn more at https://aidungeon.io/unchained :),2023-01-12 17:47:44,1.1.14,gam10385,com.aidungeon
4f73655e-2f32-4325-9ac0-75e3724c0207,A Google user,https://play-lh.googleusercontent.com/EGemoI2NTXmTsBVtJqk8jxF9rh8ApRWfsIMQSt2uE4OcpQqbFu7f7NbTK05lx80nuSijCz7sc3a277R67g,a good imagination game 10/10,5,0,1.1.136,2022-05-21 12:58:55,,,1.1.136,gam21009,com.aidungeon
08835d47-8a6f-4515-9b1c-716adbb57088,chi youxi,https://play-lh.googleusercontent.com/a/ACg8ocKPuHB-9CZonKsqD_0wC-KGjPTEsgijL8eelEKp-uydr-qsvA=mo,if more free option available without token to be continued this would be game changer in industry!,5,0,,2024-10-08 11:35:07,,,,gam29850,com.aisuccess.ai_game_master
0ba1c874-10e3-4a84-9ddc-7650b5ea8e14,A Google user,https://play-lh.googleusercontent.com/EGemoI2NTXmTsBVtJqk8jxF9rh8ApRWfsIMQSt2uE4OcpQqbFu7f7NbTK05lx80nuSijCz7sc3a277R67g,It was great until it refuses to load and when it does I can't log in,2,0,1.1.139,2022-06-13 16:36:07,Thanks for letting us know were currently investigating an issue where some Android users are unable to login. We received reports of it manually fixing itself so you may want to periodically check the app. In the meantime you can also play on web through https://play.aidungeon.io/main/home,2022-06-16 18:04:12,1.1.139,gam14806,com.aidungeon
dcbd1ea5-6016-4923-be6f-824086fdc9a5,A Google user,https://play-lh.googleusercontent.com/EGemoI2NTXmTsBVtJqk8jxF9rh8ApRWfsIMQSt2uE4OcpQqbFu7f7NbTK05lx80nuSijCz7sc3a277R67g,It used to be fun when the AI worked now it's broken changes the subject makes no sense I have to watch a ad every 5 seconds it's broken very broken would give it 5 stars if not for the ads and the update destroyed the AI,3,3,,2022-07-23 16:10:24,We've made some recent changes and improvements to AI Dungeon including our free-play experience. Actions are now unlimited for all players using our Griffin AI model. Also other performance improvements were made. Learn more here: https://aidungeon.io/unchained.,2023-01-13 16:58:36,,gam7749,com.aidungeon
413c29b2-2c61-4ef6-9eb2-b728b548e1e7,A Google user,https://play-lh.googleusercontent.com/EGemoI2NTXmTsBVtJqk8jxF9rh8ApRWfsIMQSt2uE4OcpQqbFu7f7NbTK05lx80nuSijCz7sc3a277R67g,Good idea and implementation hope AI was more faster in the free version. There is scope for improvement. please add more and better AI models in free tier.,4,0,1.1.178,2023-11-08 09:53:55,We will continue to improve all of our AI models more updates to come :),2023-11-08 18:31:40,1.1.178,gam7923,com.aidungeon
4a2c492c-ccbe-47a4-b669-a9834c8ae913,A Google user,https://play-lh.googleusercontent.com/EGemoI2NTXmTsBVtJqk8jxF9rh8ApRWfsIMQSt2uE4OcpQqbFu7f7NbTK05lx80nuSijCz7sc3a277R67g,It barely follows along with the story and when it does it does the bare minimum. I can't click on my account or even access the stories I've created it's extremely frustrating. Somehow even after all of the updates it worked better a year ago in fact I'd go as far as to stay it was far better.,1,1,,2022-05-30 21:24:08,,,,gam1694,com.aidungeon
6069b769-d627-4078-a393-6219eeb76249,A Google user,https://play-lh.googleusercontent.com/EGemoI2NTXmTsBVtJqk8jxF9rh8ApRWfsIMQSt2uE4OcpQqbFu7f7NbTK05lx80nuSijCz7sc3a277R67g,I prefer energy system rather than the ad,1,2,,2022-06-20 20:41:22,Ads no longer interrupt gameplay; all players have unlimited actions to our base AI model. Learn more at https://aidungeon.io/unchained. If you have any feedback or suggestions on how we can improve please let us know at https://feedback.latitude.io/ :),2023-01-18 16:43:36,,gam17518,com.aidungeon
ff45187f-8ffd-43f9-aaad-1eec930f0369,I am jaxom9000,https://play-lh.googleusercontent.com/a-/ALV-UjUSsrX-cgcGcgXRyCVeJrCp3Qjg8_ylP9YSTybEnsIQtRyVzK0h,it's fun I understand the credit system but feel there should be a way to get more than 5 every 4 hours. if not more allow us to bank up to 20 a day by using a server based clock to issue them every 4 hours,4,0,1.9.2,2024-09-30 15:04:05,,,1.9.2,gam29521,com.aisuccess.ai_game_master
2cc8369c-8f02-4030-9950-071c6c10a85a,A Google user,https://play-lh.googleusercontent.com/EGemoI2NTXmTsBVtJqk8jxF9rh8ApRWfsIMQSt2uE4OcpQqbFu7f7NbTK05lx80nuSijCz7sc3a277R67g,Not bad just make free part longer,3,0,1.1.178,2023-11-11 16:08:14,,,1.1.178,gam21098,com.aidungeon
348b76de-799e-4588-9b84-3fc454d4fba9,A Google user,https://play-lh.googleusercontent.com/EGemoI2NTXmTsBVtJqk8jxF9rh8ApRWfsIMQSt2uE4OcpQqbFu7f7NbTK05lx80nuSijCz7sc3a277R67g,Why is AI dungeon not compatible with my phone anymore? It's not even a old phone.,1,0,1.2.49,2024-10-06 00:58:21,,,1.2.49,gam10740,com.aidungeon
c116e05e-b8d9-4a87-9509-6892c61e0015,A Google user,https://play-lh.googleusercontent.com/EGemoI2NTXmTsBVtJqk8jxF9rh8ApRWfsIMQSt2uE4OcpQqbFu7f7NbTK05lx80nuSijCz7sc3a277R67g,As of the recent update I find myself having to reset majority of my scenarios and losing the story along the way sometimes the AI can be a little inconsistent and that I would have to edit some lines of story and lose a turn in the process I really hope there is a way to work around this. (update) cant even play the game after update,2,1,1.1.153,2022-08-07 13:43:01,,,1.1.153,gam1483,com.aidungeon
44140d8c-0f57-4b45-9f30-1f223f719957,A Google user,https://play-lh.googleusercontent.com/EGemoI2NTXmTsBVtJqk8jxF9rh8ApRWfsIMQSt2uE4OcpQqbFu7f7NbTK05lx80nuSijCz7sc3a277R67g,Feels like the app has been getting worse over the past few months. Like the ai has gotten less coherent over time to the point that it makes a completely different story from what was established. It used to be pretty easy to use and I didn't really mind editing once or twice every couple of minutes but at everytime I'm undoing editing and retrying.,2,82,1.1.147,2022-06-27 07:17:20,,,1.1.147,gam1104,com.aidungeon
27e36d5b-79be-429f-8275-4753e405d198,A Google user,https://play-lh.googleusercontent.com/EGemoI2NTXmTsBVtJqk8jxF9rh8ApRWfsIMQSt2uE4OcpQqbFu7f7NbTK05lx80nuSijCz7sc3a277R67g,I apologize for my last review edit I based it on what I remembered playing before updating everything is so much better now actually. There's still much work to do but overall the developers clearly listened to their players and improved accordingly. I wish there was an option that you can buy once rather than actual subscriptions but that's still ok,4,0,1.1.161,2022-08-16 12:57:20,Thanks for that thoughtful feedback Kafka! We are actively striving to incorporate user feedback and improve the game. Please help us prioritize your feedback by reaching out to us at https://feedback.latitude.io/.,2022-08-16 12:16:08,1.1.161,gam3923,com.aidungeon
1ee6dd92-59be-4010-a5af-44ed177fe2ad,A Google user,https://play-lh.googleusercontent.com/EGemoI2NTXmTsBVtJqk8jxF9rh8ApRWfsIMQSt2uE4OcpQqbFu7f7NbTK05lx80nuSijCz7sc3a277R67g,AI is terrible now even paid AI.,1,4,,2022-11-24 00:38:35,Blake we would love to look into any issues you might be experiencing. Please reach out to us at support@aidungeon.io. Significant updates are underway that will improve the way players experience AI Dungeon. Read more about them at https://latitude.io/blog/next-steps-on-ai-dungeon.,2022-12-01 18:13:26,,gam19466,com.aidungeon
4939672c-5796-4462-81a3-7b70edabb5b0,Mark Schofield,https://play-lh.googleusercontent.com/a-/ALV-UjUDCa5J3WK0aMUO4lpkEPzEIs4qUscKkVZMhGq3ukHctNH9xQc,Delightfully generative and responsive. A good first impression.,5,0,1.7.7,2024-06-29 08:45:00,Thanks! We hope it will make an even better second impression.,2024-06-30 02:38:06,1.7.7,gam29779,com.aisuccess.ai_game_master
d20a5ce4-6fec-4655-be71-77a0bbc492af,A Google user,https://play-lh.googleusercontent.com/EGemoI2NTXmTsBVtJqk8jxF9rh8ApRWfsIMQSt2uE4OcpQqbFu7f7NbTK05lx80nuSijCz7sc3a277R67g,Is it as good as having real human interaction? Not quite. I prefer DnD with a DM because we can really bounce more off of each other. I'm also an adult with a job and responsibilities which means I can't play all the time. But I can do this on my lunch breaks. It actually works better than I would have expected. It's fun. Just expect inconsistencies with the story. It has issues remembering some things. But some of that is on the person writing it.,4,1,1.2.72,2024-09-29 15:50:38,,,1.2.72,gam1845,com.aidungeon
550d24cd-2012-4f3e-a884-4ee320b7ec58,Álvaro,https://play-lh.googleusercontent.com/a-/ALV-UjUdnADXIXJzEbkiVNxH9yp8mUmtw6O9Gywkp-IaRFxu9BfZrSXK,I dont like the Ai it makes no sense most of the time and deviates a lot. Nevertheless I love games with Ai and they won't grow if we don't give them opportunities while they grow. I'm sure you will get there. Thats why I'm giving 5 stars,5,0,,2023-03-21 16:45:37,lvaro thank you for your honesty and trust we won't let you down or disappoint you!,2023-03-22 07:24:08,,gam217,com.feynmanapps.aitales
486a8885-2eff-49f4-8412-e239629153b1,A Google user,https://play-lh.googleusercontent.com/EGemoI2NTXmTsBVtJqk8jxF9rh8ApRWfsIMQSt2uE4OcpQqbFu7f7NbTK05lx80nuSijCz7sc3a277R67g,Ended up getting the basic premium plan within the first week I logged something like 2.3K actions just continuing an old adventure with a new model (Mixtral is fantastic) and starting a new one. Still has problems with repeated phrases despite AI Instructions to the contrary (why can i not help but feel a sense of blank and blank wash over me??) but still my first choice when it comes to AI RP / Collab Storytelling,4,0,1.2.49,2024-06-28 19:37:51,,,1.2.49,gam2739,com.aidungeon
e0803a60-62a4-4537-aeb9-23a3cdfa07a8,A Google user,https://play-lh.googleusercontent.com/EGemoI2NTXmTsBVtJqk8jxF9rh8ApRWfsIMQSt2uE4OcpQqbFu7f7NbTK05lx80nuSijCz7sc3a277R67g,They have improved it but still a little wonky,4,0,1.1.119,2022-03-21 22:40:23,Thanks for the feedback Julian! We're hard at work to make AI Dungeon a fun experience for everyone. If there are specific areas that you'd like to see more improvement in then please email support@aidungeon.io with details. Thank you!,2022-03-25 16:14:42,1.1.119,gam16718,com.aidungeon
da24a7ac-2529-43e7-b9e1-a2355cdb9136,A Google user,https://play-lh.googleusercontent.com/EGemoI2NTXmTsBVtJqk8jxF9rh8ApRWfsIMQSt2uE4OcpQqbFu7f7NbTK05lx80nuSijCz7sc3a277R67g,Good but some issues of censorship and and search options 7.9/10 can't swear at kids,4,1,1.1.119,2022-02-27 12:11:21,,,1.1.119,gam18457,com.aidungeon
513ee1ed-f6ae-4b76-bf44-5b0ed2b55e6f,Devin Shell,https://play-lh.googleusercontent.com/a/ACg8ocKOhxUlQugRLl7vic72CFWUjek_dnDvOfjU6F1IvY857kwcCQ=mo,The app is amazing but I wish it let be a bard that can seduce my opponents and lay with them,5,0,1.8.5,2024-08-24 15:36:30,Glad youre enjoying the app We started with just the ability to defeat enemies but now you can even convince them to join you. Who knowsseducing them might be next! It all depends on your flirting skills.,2024-08-25 05:27:38,1.8.5,gam29649,com.aisuccess.ai_game_master
0ea9e49b-fda3-421d-b2b8-4377e64cac7a,A Google user,https://play-lh.googleusercontent.com/EGemoI2NTXmTsBVtJqk8jxF9rh8ApRWfsIMQSt2uE4OcpQqbFu7f7NbTK05lx80nuSijCz7sc3a277R67g,The adventure is messed up it shows upwards not downwards like what it used to. I don't know if this is an update but the ads are also crashing the game whenever i try to watch ads to gain more turns. Edit:It's all fixed. Thanks guys,5,4,1.1.151,2022-07-29 22:24:25,Thanks for your updated review Mav! Recent changes in AI cost made it possible for us to provide all players with unlimited access to Griffin our base AI model. We hope you will try out the new and improved experience! Learn more at https://aidungeon.io/unchained.,2023-01-13 16:25:02,1.1.151,gam2833,com.aidungeon
a647e862-bf19-44fa-a2fb-9858cad622b2,A Google user,https://play-lh.googleusercontent.com/EGemoI2NTXmTsBVtJqk8jxF9rh8ApRWfsIMQSt2uE4OcpQqbFu7f7NbTK05lx80nuSijCz7sc3a277R67g,The app used to be awesome. But after removing certain features and with the more lackluster community and help we're getting. It makes it quite a fair bit difficult to wanna go back into it. But at least it was fun while it lasted.,2,2,,2022-04-22 01:07:19,Hello! We've been working hard to fix the bugs with this newest release. Sorry it's been bumpier than we intended however the crashes that you experienced should be resolved. Please reach out to us at support@latitude.io if you are having issues still.,2020-04-18 22:06:40,,gam3983,com.aidungeon
ce2f6642-9891-49cf-aecf-7a6b454011dd,Bloxn’stuff Studios,https://play-lh.googleusercontent.com/a-/ALV-UjWYEwCXnlIq5iJGLi0rwNgBM3lGW9sf-bKV1-CgriCJvugEvXV2,Beautiful and I mean BEAUTIFUL game! It's not just a game it's an experience! The music the colors and the unlimited messages are a breath of fresh air Kudos to the devs man! All of the team in fact love you guys and I just started! Haha,5,0,2.6.7,2023-12-14 13:08:55,Thank you for such emotion! We are really pleased! There will be a big New Year update with a bunch of new cool stuff coming soon!,2023-12-14 13:35:15,2.6.7,gam118,com.feynmanapps.aitales
3ece7829-4cb7-478d-a7a5-9d1cb577601e,BasicallyApple,https://play-lh.googleusercontent.com/a-/ALV-UjWCsc2yxIIJ0wq4JzY33BpCVRhNJOP_8gwYCpC9X1izmsLbnLOo,Phenomenal AI game. It's unique and creative and especially entertaining. The only minor thing is tokens which others have commented. It feels a bit valuable and I feel you should increase the limit the amount it gives and/or the overall amount of tokens you start off with. I think it could increase your game entertainment a bit or even more and maybe even affect popularity. Overall it's an amazing game. Keep up your work and hopefully a good day to you!,5,0,1.7.3,2024-06-09 22:44:38,Thanks for your wonderful feedback and kind words! We wish we could increase the token limit and start with more but as a small team we need to balance the costs of providing high-quality AI. Your suggestions are valuable and we'll keep them in mind as we continue to improve. Have a great day!,2024-06-13 07:01:35,1.7.3,gam29577,com.aisuccess.ai_game_master
fedd9212-30da-4e9e-987c-489f5e1806e7,A Google user,https://play-lh.googleusercontent.com/EGemoI2NTXmTsBVtJqk8jxF9rh8ApRWfsIMQSt2uE4OcpQqbFu7f7NbTK05lx80nuSijCz7sc3a277R67g,Mannn forget everything else we are adults add adult content stop being scary these kids grown these days let's be honest.,1,0,1.2.45,2023-12-01 06:39:46,,,1.2.45,gam20314,com.aidungeon
e3087b77-74aa-4aad-8d64-26a93dd8acce,A Google user,https://play-lh.googleusercontent.com/EGemoI2NTXmTsBVtJqk8jxF9rh8ApRWfsIMQSt2uE4OcpQqbFu7f7NbTK05lx80nuSijCz7sc3a277R67g,NOT OFFLINE. This game is not offline. It also has an incredibly stupid energy system limiting everything you do. Very stupid mechanic. Do not download.,1,1,,2022-02-18 10:00:16,,,,gam12272,com.aidungeon
e9e13d12-a333-4e24-a542-69c984447543,A Google user,https://play-lh.googleusercontent.com/EGemoI2NTXmTsBVtJqk8jxF9rh8ApRWfsIMQSt2uE4OcpQqbFu7f7NbTK05lx80nuSijCz7sc3a277R67g,I honestly doubted the game because of the reviews but honestly it's really fun and entertaining. There is one problem I've been stuck on for the past 20 minutes and it's how to login so basically I create an account and I verify the email and decide to go back to the game to login but it wouldn't let me I even tried making another account but it just refused to cooperate I can still play the game but I have to go to chrome. it's really stressful because now I'm thinking of just deleting it.,5,0,1.1.134,2022-04-15 23:52:28,,,1.1.134,gam1776,com.aidungeon
b0ff21a2-c02a-4f78-a0a0-0823b14c99fb,A Google user,https://play-lh.googleusercontent.com/EGemoI2NTXmTsBVtJqk8jxF9rh8ApRWfsIMQSt2uE4OcpQqbFu7f7NbTK05lx80nuSijCz7sc3a277R67g,This is a pretty decent game of course I do miss the old days when it didn't had ads or spend your money on getting special things I wish they reward people who stick with them since the very beginning but still it's a pretty decent thing you can also allow you to get rid of that one itch if you don't have a girlfriend or something you can make a story with a girlfriend that you could interact with and you can do some serious lewd stuff I wish you luck and have fun with this game.,5,1,1.1.48,2022-08-09 09:29:33,Free play is now an unlimited experience! Ads no longer interrupt gameplay; all players have unlimited actions when using Griffin (our base AI model). Learn more at https://aidungeon.io/unchained. Appreciate your support and being with us from the beginning :) If you have any questions or concerns please reach out to support@aidungeon.io. Thanks!,2023-01-12 15:54:57,1.1.48,gam4763,com.aidungeon
92b7e8db-7b48-4f17-b906-a60b0697ed94,A Google user,https://play-lh.googleusercontent.com/EGemoI2NTXmTsBVtJqk8jxF9rh8ApRWfsIMQSt2uE4OcpQqbFu7f7NbTK05lx80nuSijCz7sc3a277R67g,it can be awkward at times even downright dumb. but when the AI actually works it is an incredible experience and an even better writing companion.,5,0,1.1.172,2022-11-22 13:10:11,We appreciate your review Metro. Good news! Major updates are coming very soon that will significantly improve AI performance. Read more about them at https://latitude.io/blog/next-steps-on-ai-dungeon. If you have any feedback or suggestions on how we can improve please let us know at https://feedback.latitude.io/.,2022-11-23 12:16:43,1.1.172,gam6260,com.aidungeon
143989ac-82af-4bf8-8896-964d644351e5,A Google user,https://play-lh.googleusercontent.com/EGemoI2NTXmTsBVtJqk8jxF9rh8ApRWfsIMQSt2uE4OcpQqbFu7f7NbTK05lx80nuSijCz7sc3a277R67g,Only grew worse with time very disappointed.,1,3,1.1.13,2022-05-03 05:17:49,,,1.1.13,gam16096,com.aidungeon
ba932090-8104-4212-beda-516d895310ba,Iyank Ika,https://play-lh.googleusercontent.com/a-/ALV-UjUkNrhLlka9yQM7wwqOTYlsDDg0pRzazZSfjljaVJ50uwFocF5z,Nice simple rpg game with neat pixel arts!,5,0,2.1.2,2022-08-06 00:47:58,Glad you liked it We keep up the good work!,2022-08-06 02:02:53,2.1.2,gam355,com.feynmanapps.aitales
e44b7686-5ffc-4168-95d6-94fa0b3067e0,A Google user,https://play-lh.googleusercontent.com/EGemoI2NTXmTsBVtJqk8jxF9rh8ApRWfsIMQSt2uE4OcpQqbFu7f7NbTK05lx80nuSijCz7sc3a277R67g,"I absolutely adore this app and personally I don't have any problems with the AI. But it seems to keep ""forgetting"" some of my adventures. I can't find them. I've tried reinstalling and logging out but nothing seems to work. Is this a problem on my end?",3,2,1.1.172,2022-12-20 17:04:18,We appreciate your support and adoration of our app :) We would love to look into any issues you might be experiencing. Please reach out to us at support@aidungeon.io. Thanks!,2023-01-05 16:00:31,1.1.172,gam3602,com.aidungeon
7ba583b4-6d66-4cac-ae06-4deee774e288,A Google user,https://play-lh.googleusercontent.com/EGemoI2NTXmTsBVtJqk8jxF9rh8ApRWfsIMQSt2uE4OcpQqbFu7f7NbTK05lx80nuSijCz7sc3a277R67g,For what it is it is interesting for something casual. I even led the program through a small philosophical discussion twice. The first time it ended by insulting me which was humorous. But for world built game sessions I had to do alot of hand holding.,3,1,1.1.178,2023-03-07 21:57:29,Thanks for your review and feedback. We continue to work on improving the AI and would like to hear more about your experience. Please reach out to us at support@aidungeon.io.,2023-03-09 17:15:55,1.1.178,gam3630,com.aidungeon
e1e85d1a-070a-4c08-adbf-f718508be59a,logean nesbrio,https://play-lh.googleusercontent.com/a-/ALV-UjXGkQ5blkSWaWJb9uexysTBYiuCvrTQxA6vYkCo4OZppi3C0jK-,Thanks for fixing the crashing changed my rating to 5 Stars!,5,3,,2022-02-03 06:23:39,Logean thanks! We are still in beta-testing stage. And actively fix all bugs and make game more stable. Enjoy and stay tuned! Edit: Thanks again for understanding. We rolled out the update the game now more stable and should not crash. Now we are working with AI,2021-06-14 13:27:52,,gam335,com.feynmanapps.aitales
e8198dcc-ea1a-439f-a19a-7bc736a2808a,A Google user,https://play-lh.googleusercontent.com/EGemoI2NTXmTsBVtJqk8jxF9rh8ApRWfsIMQSt2uE4OcpQqbFu7f7NbTK05lx80nuSijCz7sc3a277R67g,"I used to be amazing but now the AI just tries to end the story for example if I typed ""go home"" if would respond with ""you went home and lived a few boing years then died.""",4,1,1.2.66,2024-07-04 02:10:54,Thanks for your feedback Clay! We're constantly improving our AI models to provide better experiences. Plot Components can help guide your story and prevent unexpected endings. For more tips or to report specific issues please reach out to us at support@aidungeon.com. We're here to help you enjoy amazing adventures!,2024-07-04 15:54:06,1.2.66,gam3441,com.aidungeon
01216230-34c1-4c44-937d-556c4c69326b,A Google user,https://play-lh.googleusercontent.com/EGemoI2NTXmTsBVtJqk8jxF9rh8ApRWfsIMQSt2uE4OcpQqbFu7f7NbTK05lx80nuSijCz7sc3a277R67g,At first i thought this app was just any normal game but as it fully loads i saw that the main menu was a community page and many joinable scenarios And the gameplay experience was just amazing you can choose a world you like and you can choose what character you want to be in your own story! The developers made an amazing job coding the AI. Bu there is one thing bugginf me tho as you go on the story becomes more good and as time comes the app itself crashes please fix this i enjoytheapp.,5,8,1.1.172,2023-01-28 13:20:59,Sean thank you for your thoughtful and favorable review; our team appreciates the support :) We would love to look into any issues you are having please reach out to us at support@aidungeon.io.,2023-01-31 22:34:44,1.1.172,gam2613,com.aidungeon
7deab2fd-d8fc-4969-a190-a5e7f3d3d5ce,Rovartia Sivadian,https://play-lh.googleusercontent.com/a-/ALV-UjWmV3kuYCE8Pgi8o2AWr0VsIdSvw4Mxxpb3zbeDb1gJQaIn6mwR,fun way to pass time! love ai games!,3,0,2.6.7,2023-12-22 03:15:14,Hey hey Rovartia! Thank you! Wishing you a Merry Christmas and a Happy New Year!,2023-12-22 03:26:47,2.6.7,gam369,com.feynmanapps.aitales
4364c637-ff21-433c-a8d7-774ca90c2c7a,A Google user,https://play-lh.googleusercontent.com/EGemoI2NTXmTsBVtJqk8jxF9rh8ApRWfsIMQSt2uE4OcpQqbFu7f7NbTK05lx80nuSijCz7sc3a277R67g,Devs don't have great history or business practices.,1,4,1.1.48,2022-07-28 22:11:19,Hi Wolf thanks for the review. What do you mean by that? Is there an issue with the game? If so we'd love to help you resolve it at feedback.latitude.io,2022-08-02 13:13:47,1.1.48,gam20990,com.aidungeon
59e9c35a-3115-4d35-945a-21c559f1fc3a,A Google user,https://play-lh.googleusercontent.com/EGemoI2NTXmTsBVtJqk8jxF9rh8ApRWfsIMQSt2uE4OcpQqbFu7f7NbTK05lx80nuSijCz7sc3a277R67g,4* loving the new interface though it is a bit of an adjustment. Plenty of new options which I'm looking forward to exploring.,4,22,1.2.40,2023-11-11 00:52:15,So sorry to hear that's happening! Please send a message to support@aidungeon.io so we can help.,2022-02-15 11:00:41,1.2.40,gam7994,com.aidungeon
f8d6efa5-bdc9-4341-8332-2b3243601fba,CrystalTiger Animations,https://play-lh.googleusercontent.com/a-/ALV-UjWyxPzT1hh55_cLOn1WLbM-icXA5wiar5gWEfqAEhjuhiKLcr2u,this is actually crazy good. I LOVE reviewing AI games and this was exactly the kind of game I was looking for!! props to the team for making AI work so tangibly with real stats I hope one day there are more games like these.,5,0,1.9.2,2024-10-01 13:04:25,Hey!! Thanks so much for the love!! We have so much more in store Feel free to reach out to gm@aigamemaster.app for any follow up!,2024-10-01 17:58:42,1.9.2,gam29546,com.aisuccess.ai_game_master
0ce77d5d-0ce7-4b11-9420-12b9610c7480,A Google user,https://play-lh.googleusercontent.com/EGemoI2NTXmTsBVtJqk8jxF9rh8ApRWfsIMQSt2uE4OcpQqbFu7f7NbTK05lx80nuSijCz7sc3a277R67g,Good game but really buggy sometimes,3,1,1.1.108,2022-01-18 02:46:42,,,1.1.108,gam17617,com.aidungeon
83bf48c5-bc37-4295-97f3-68678e4280d0,A Google user,https://play-lh.googleusercontent.com/EGemoI2NTXmTsBVtJqk8jxF9rh8ApRWfsIMQSt2uE4OcpQqbFu7f7NbTK05lx80nuSijCz7sc3a277R67g,Watch ads for action points? No thanks,1,0,1.1.147,2022-07-09 23:55:00,We want all of our players to have a fantastic experience with our game. This is why we've been working so hard to find ways to reduce AI costs and can now offer all players gameplay uninterrupted by ads. Hope you enjoy the update and unlimited actions :) Let us know if you have any feedback at https://feedback.latitude.io/.,2023-01-14 14:13:21,1.1.147,gam19022,com.aidungeon
05a220d9-1e1a-485e-a558-349920fef81b,A Google user,https://play-lh.googleusercontent.com/EGemoI2NTXmTsBVtJqk8jxF9rh8ApRWfsIMQSt2uE4OcpQqbFu7f7NbTK05lx80nuSijCz7sc3a277R67g,Tried it and guess I must have broken it just playing along with its story. Wasn't trying to break it.but meh. Cool idea hope to see more ai-based games like this. But it breaking over nothing ruins the story.,2,0,,2023-03-17 17:03:56,Hey there! We are sorry to hear you ran into an issue; please reach out to us at support@aidungeon.io so we can help resolve this.,2023-03-22 13:38:06,,gam5903,com.aidungeon
db28fe64-6f82-49d9-9738-af99658925ca,A Google user,https://play-lh.googleusercontent.com/EGemoI2NTXmTsBVtJqk8jxF9rh8ApRWfsIMQSt2uE4OcpQqbFu7f7NbTK05lx80nuSijCz7sc3a277R67g,Good. It can be improved more.,5,0,1.1.139,2022-06-09 15:36:19,,,1.1.139,gam22317,com.aidungeon
ad6d96e0-1f04-4f5a-ac91-b3a71c3f781d,A Google user,https://play-lh.googleusercontent.com/EGemoI2NTXmTsBVtJqk8jxF9rh8ApRWfsIMQSt2uE4OcpQqbFu7f7NbTK05lx80nuSijCz7sc3a277R67g,cool app many different options made by different people. it does take a minute to get used to how to manipulate the AI into how you want the story to go.,5,0,1.1.178,2023-05-08 10:54:02,,,1.1.178,gam6513,com.aidungeon
6d96d2de-bafb-42d6-8dae-23eea5758a37,A Google user,https://play-lh.googleusercontent.com/EGemoI2NTXmTsBVtJqk8jxF9rh8ApRWfsIMQSt2uE4OcpQqbFu7f7NbTK05lx80nuSijCz7sc3a277R67g,Creeping and continual monetization has ruined it. Multiple currencies multiple levels of premium subscriptions action limits that force you to watch ads to 'recharge' etc. I get the devs need to make money but it's become too much.,1,3,1.1.167,2022-09-01 12:26:37,Hey Tyler we appreciate your feedback. We recently removed limitations from our free version and added a number of new abilities such as image generation making it better than ever. Upgrades are available for players who want better models and faster speedsbenefits that are cost-prohibitive to offer to free players. Thanks for playing!,2023-01-11 11:46:15,1.1.167,gam3788,com.aidungeon
28c111ee-245d-40fc-ba5d-006f99371e90,A Google user,https://play-lh.googleusercontent.com/EGemoI2NTXmTsBVtJqk8jxF9rh8ApRWfsIMQSt2uE4OcpQqbFu7f7NbTK05lx80nuSijCz7sc3a277R67g,Solia ser un buen juego pero ahora cada 10 frases (que la IA hace sin sentiso alguno a la historia) te meten un anuncio. Para varias otro juego arruinado porque a la empresa le importa mas exprimir a sus clientes que haver un buen producto.,1,24,1.1.33,2022-09-08 07:53:27,Please try out our newest update called Unchained! Free play allows for unlimited actions on our base AI model (Griffin). Learn more at https://aidungeon.io/unchained. Weve also made other performance improvements with more planned for the future :) Reach out to us at support@aidungeon.io if you have any additional concerns happy to help.,2023-01-11 08:02:05,1.1.33,gam27109,com.aidungeon
20219ad4-e91b-42f4-b321-339455f574ab,A Google user,https://play-lh.googleusercontent.com/EGemoI2NTXmTsBVtJqk8jxF9rh8ApRWfsIMQSt2uE4OcpQqbFu7f7NbTK05lx80nuSijCz7sc3a277R67g,How did I find this just now? This is a fantastic use of AI.,5,0,1.1.178,2023-07-07 12:30:31,,,1.1.178,gam18866,com.aidungeon
459396ca-3c18-434e-b7c1-fe4aea335161,A Google user,https://play-lh.googleusercontent.com/EGemoI2NTXmTsBVtJqk8jxF9rh8ApRWfsIMQSt2uE4OcpQqbFu7f7NbTK05lx80nuSijCz7sc3a277R67g,The action counter is a bit of a drag it limits the game.,5,0,1.1.147,2022-07-08 21:11:28,Thank you for the epic review! Ads help us keep the free version of the game sustainable and we are still refining our implementation of them. Let us know how we can improve at feedback.latitude.io!,2022-07-22 13:30:05,1.1.147,gam17330,com.aidungeon
79fa5949-8f71-44d2-a3ae-35f0a82e716b,A Google user,https://play-lh.googleusercontent.com/EGemoI2NTXmTsBVtJqk8jxF9rh8ApRWfsIMQSt2uE4OcpQqbFu7f7NbTK05lx80nuSijCz7sc3a277R67g,I give it a 4 just because the game has so much untapped potential and so many possibilities. At the beginning of the story the ai is pretty good at starting off a story it's just sometimes they seem similar. Other then that its really creative and follows the story pretty well.,4,0,1.1.139,2022-06-02 09:34:08,,,1.1.139,gam1767,com.aidungeon
359a6eeb-6978-47a9-9f78-ba5652a5a943,A Google user,https://play-lh.googleusercontent.com/EGemoI2NTXmTsBVtJqk8jxF9rh8ApRWfsIMQSt2uE4OcpQqbFu7f7NbTK05lx80nuSijCz7sc3a277R67g,Thanks to you the bug is fixed,5,1,,2023-07-28 10:02:34,,,,gam18520,com.aidungeon
8227914a-ee4b-4fdf-9294-4f8147c7a632,A Google user,https://play-lh.googleusercontent.com/EGemoI2NTXmTsBVtJqk8jxF9rh8ApRWfsIMQSt2uE4OcpQqbFu7f7NbTK05lx80nuSijCz7sc3a277R67g,To be honest i don't what to rate it at all it's just that this is the first time I'm installing the app since it looked interesting and for my first story i chose zombie and a survivor. The first time it didn't make any sense at all since it just made a story of a killer. The second started nicely but two clicks later it just turned around to another story like ok it started with zombies chasing then somehow he went to work peacefully and then the story just stopped,3,0,1.1.139,2022-05-28 12:22:19,,,1.1.139,gam2415,com.aidungeon
69d4f703-b432-4022-ac2c-7a8c9968ade4,Torn Variance,https://play-lh.googleusercontent.com/a-/ALV-UjVNnbbBIJbHKTO5kFgS_L4jBjEt-Q7-bI9RrxkU25Hk2frz34NM,It was good but. The prices per turn are just wild if you consider how long some d&d campaigns last. Don't even get me started on the MMORPG BASE priced subscription service. Or the higher tier of $24/month.,1,0,,2024-09-24 15:32:53,,,,gam29694,com.aisuccess.ai_game_master
2742218c-dc21-4733-a7d7-31401112b5b1,Hate Me,https://play-lh.googleusercontent.com/a/ACg8ocLUeqo-kec8DkRGv3P7X6LiXWCtwG0B5y13CvxexATnM-t7XA=mo,Free play is way too limited not enough to convince me to buy. Seems like an okay game but whatever.,2,2,1.9.8,2022-03-29 03:24:36,I'm sorry you didn't like the game. We try to make the free version of the game as open as possible and demonstrate all the features. Please write here by email or in Discord - what did you lack in the free version?,2022-03-29 04:08:04,1.9.8,gam257,com.feynmanapps.aitales
41dbf15e-32bd-4beb-80cc-6ea62853df63,A Google user,https://play-lh.googleusercontent.com/EGemoI2NTXmTsBVtJqk8jxF9rh8ApRWfsIMQSt2uE4OcpQqbFu7f7NbTK05lx80nuSijCz7sc3a277R67g,Tried it literally years ago it was fun. Now it is entertainment incarnate. If you enjoy reading or rpg's this app is for you. It is every book you have ever wanted and every game you have ever lost.,5,0,1.2.66,2024-07-26 20:53:17,,,1.2.66,gam2548,com.aidungeon
4be0d359-b532-45b1-8694-1dd3925a4415,A Google user,https://play-lh.googleusercontent.com/EGemoI2NTXmTsBVtJqk8jxF9rh8ApRWfsIMQSt2uE4OcpQqbFu7f7NbTK05lx80nuSijCz7sc3a277R67g,Its the best it understands everything that I say I don't know why people say it doesn't work,5,0,1.1.130,2022-03-29 21:57:22,Thank you Nabil! We're glad you're enjoying your AI Dungeon adventures and are glad we can equip you with the tools to take them by storm!,2022-04-01 17:04:57,1.1.130,gam19917,com.aidungeon
65792a77-07f2-4329-aca0-ddac6f5e2117,Umed TK,https://play-lh.googleusercontent.com/a/ACg8ocLrf0iwkIxMwOPo_46ZGgOijF4D0vNMZyNMtTNRR0ZMgVfldw=mo,It's fantastic but to unlock most of the features and play stories created by other players you need to buy it if it was less P2W I'd given it 5 stars.,3,0,2.8.0,2024-07-13 06:07:30,Got your point Umed! I'll be honest we tried to open up as many free features as possible to support and develop the game. Hope for you understanding,2024-07-19 04:29:21,2.8.0,gam52,com.feynmanapps.aitales
a4bc7df6-6475-43cc-987a-276fc2935a49,A Google user,https://play-lh.googleusercontent.com/EGemoI2NTXmTsBVtJqk8jxF9rh8ApRWfsIMQSt2uE4OcpQqbFu7f7NbTK05lx80nuSijCz7sc3a277R67g,I liked this game because you can make your own story. but i uninstalled it because my old phone was trash now i can finally build my world again and enjoy,5,0,,2022-05-24 22:31:25,,,,gam11946,com.aidungeon
4f392a33-1801-451d-a408-bfcf2d32c0b9,A Google user,https://play-lh.googleusercontent.com/EGemoI2NTXmTsBVtJqk8jxF9rh8ApRWfsIMQSt2uE4OcpQqbFu7f7NbTK05lx80nuSijCz7sc3a277R67g,I Love this App and always have I can't bring myself to delete it off my phone even when I don't open it for weeks. I hope this App continues to grow and become big. Lots of credit to the developers and owners of the app you are doing a great job.,5,14,1.1.119,2022-02-28 12:54:50,,,1.1.119,gam10623,com.aidungeon
369df1e4-b97e-41ee-8ef7-a769727a94fb,A Google user,https://play-lh.googleusercontent.com/EGemoI2NTXmTsBVtJqk8jxF9rh8ApRWfsIMQSt2uE4OcpQqbFu7f7NbTK05lx80nuSijCz7sc3a277R67g,Amazing i loved when i did unspeakable acts to the solar system,5,0,1.1.161,2022-08-14 03:42:14,Thank you for the epic review We're happy you're enjoying your time in AI Dungeon! Poor solar system :),2022-08-16 13:48:59,1.1.161,gam16793,com.aidungeon
2d793c18-cd26-486f-bddc-84f866f167b7,Lmfao gaming,https://play-lh.googleusercontent.com/a/ACg8ocJLXVo7F9yoSbSx67B_xVy9n3DY1iybmsyqHKtEm8sD1MkPag=mo,Not that great of an AI + Restriction and pay wall but I do understand the costs of server maintenance. I'd rather buy AI Dungeon premium.,2,2,1.9.4,2022-02-17 11:46:56,Got it! Everyone chooses what they are interested in. Thanks for sharing.,2022-02-17 11:51:25,1.9.4,gam223,com.feynmanapps.aitales
c262902d-0f77-48a4-b9e6-702d840141ce,A Google user,https://play-lh.googleusercontent.com/EGemoI2NTXmTsBVtJqk8jxF9rh8ApRWfsIMQSt2uE4OcpQqbFu7f7NbTK05lx80nuSijCz7sc3a277R67g,some times the so gets confused and acts against you and switches roles and places,3,0,1.1.161,2022-08-14 17:50:37,Hey Michael! We recommend using in-game tools like Memory Retry and World Info to help the AI maintain your adventures context as planned. Our community is buzzing with helpful tips try checking out our Discord! aidungeon.io/discord,2022-08-16 13:20:44,1.1.161,gam18586,com.aidungeon
e008e21a-9644-427b-a79f-7bf8186b2163,A Google user,https://play-lh.googleusercontent.com/EGemoI2NTXmTsBVtJqk8jxF9rh8ApRWfsIMQSt2uE4OcpQqbFu7f7NbTK05lx80nuSijCz7sc3a277R67g,For the moment 3 star but it impressed a great deal.Moreover it has very much scope of development.You have lot of work you can do on this.3 star because of the slowness of the responses and right now your AI's a baby AI.You gotta turn it into a grownup AI.This is the first time i'm writing so much for a review.It'll be exciting to see the developement.Don't slack off devs!!!,3,0,,2024-01-21 12:00:04,We appreciate your enthusiasm for our game and its future! We want to look into any issues with slow responses and hear any feedback you have. Please reach out to us at support@aidungeon.com or if you've found a bug please report it in our Discord server at https://aidungeon.com/discord.,2024-01-22 20:35:53,,gam8052,com.aidungeon
bff79c01-b837-4978-bce3-1b4664b70e40,A Google user,https://play-lh.googleusercontent.com/EGemoI2NTXmTsBVtJqk8jxF9rh8ApRWfsIMQSt2uE4OcpQqbFu7f7NbTK05lx80nuSijCz7sc3a277R67g,I've only played 2 games as of right now. but this is an incredible app as far as I've seen.,5,0,1.2.72,2024-10-02 15:35:09,,,1.2.72,gam1978,com.aidungeon
69623da9-9f11-4702-b52b-804c96ca52cc,A Google user,https://play-lh.googleusercontent.com/EGemoI2NTXmTsBVtJqk8jxF9rh8ApRWfsIMQSt2uE4OcpQqbFu7f7NbTK05lx80nuSijCz7sc3a277R67g,This game will depart you devious desire at bay.,5,0,,2022-10-19 11:22:08,Sulaiman thank you for this awesome review! If you have any feedback or suggestions on how we can improve your experience we would love to hear them: https://feedback.latitude.io/.,2022-10-19 15:14:51,,gam21125,com.aidungeon
e6898ae5-90a7-4c99-8b81-f29a90bb340d,A Google user,https://play-lh.googleusercontent.com/EGemoI2NTXmTsBVtJqk8jxF9rh8ApRWfsIMQSt2uE4OcpQqbFu7f7NbTK05lx80nuSijCz7sc3a277R67g,I considered it one of the best games i played in my entire life. Now it probably can't get any worst then it already is. This was one my favourite game. I enjoyed playing in the world of text in the game more then a day in real life. Now it's ruined. There is no freedom in this game anymore. Please fix the game. If that's not possible then please make the previous versions of the game playable. I still want to play the game. The old AI Dungeon.,1,1,1.1.36,2022-06-16 03:21:48,Hey Safwan we appreciate the feedback. We'd be happy to look into the exact features that you'd like to return in the game; please email support@aidungeon.io with any relevant details and we'll see if there's anything we can do to help from there. Thank you!,2022-06-16 17:18:44,1.1.36,gam4543,com.aidungeon
d825f6b0-042a-4c4c-8581-c07c53fd4d5b,A Google user,https://play-lh.googleusercontent.com/EGemoI2NTXmTsBVtJqk8jxF9rh8ApRWfsIMQSt2uE4OcpQqbFu7f7NbTK05lx80nuSijCz7sc3a277R67g,Will not let me open the app,1,3,1.1.153,2022-08-06 17:17:07,,,1.1.153,gam22640,com.aidungeon
cba3f6c1-edef-426f-b34a-e1af0e302a78,A Google user,https://play-lh.googleusercontent.com/EGemoI2NTXmTsBVtJqk8jxF9rh8ApRWfsIMQSt2uE4OcpQqbFu7f7NbTK05lx80nuSijCz7sc3a277R67g,I've found the energy system has ruined it I don't want to be limited in how much I can do. It's to the point I have to watch ads just to continue it hurts my creativity and imagination.,1,0,1.1.172,2022-10-29 08:31:57,Free play is now an unlimited experience. Ads no longer interrupt gameplay; all players have unlimited actions when using Griffin (our base AI model). Improvements have been made to the AI as well with more on the way. Learn more at https://aidungeon.io/unchained.,2022-12-16 15:50:10,1.1.172,gam6026,com.aidungeon
2dae7cea-ec2d-4c53-8574-e15c70bcb0a7,A Google user,https://play-lh.googleusercontent.com/EGemoI2NTXmTsBVtJqk8jxF9rh8ApRWfsIMQSt2uE4OcpQqbFu7f7NbTK05lx80nuSijCz7sc3a277R67g,Love this app and use it a lot but recently came across an issue where I only get pixel imaging no matter what I choose. I've tried uninstalling the app and clearing data and cache but nothing seems to work. hoping to figure it out soon.,4,0,1.2.72,2024-09-16 20:37:50,,,1.2.72,gam1851,com.aidungeon
50045570-1bd6-43a5-8323-ddff27856d3c,A Google user,https://play-lh.googleusercontent.com/EGemoI2NTXmTsBVtJqk8jxF9rh8ApRWfsIMQSt2uE4OcpQqbFu7f7NbTK05lx80nuSijCz7sc3a277R67g,I had to change my 5 out of 5 to a 1 the state of the game is unplayable and its no longer fun before you had inf actions now you have to watch ads to get action points which is annoying but sell out devs I guess no other reason then to make money for this choice,1,0,1.1.134,2022-10-16 23:00:31,Hey Adrian! We want you to have a 5-star experience. Major updates are underway that will address these and other concerns. We will continue to listen to feedback and make adjustments moving forward. You can leave any suggestions you have here: https://feedback.latitude.io/. Also feel free to reach out to us at support@aidungeon.io. Thanks!,2022-10-18 18:23:18,1.1.134,gam8680,com.aidungeon
a5fc37f9-c5fc-492b-9033-d92f13ae8edf,Cole Baker,https://play-lh.googleusercontent.com/a/ACg8ocK-TAxBRhKRCdGPSuozT5_TOGpHft8AHyWCR6H7kEXLDs07tg=mo,I really enjoy the game but it's extremely hard to get tokens I have to wait hours upon hours just to get 5 tokens which last me 3 minutes I really really like this game but if they can't figure out something else I'm deleting it permanently,3,0,1.9.0,2024-09-28 09:41:30,Were providing as many free tokens as possible while balancing the AI costs. We hope to create a great game experience that's truly worth your support and investment,2024-09-28 12:55:10,1.9.0,gam29515,com.aisuccess.ai_game_master
efd5aa58-f1e8-453a-a399-9faacd27653f,A Google user,https://play-lh.googleusercontent.com/EGemoI2NTXmTsBVtJqk8jxF9rh8ApRWfsIMQSt2uE4OcpQqbFu7f7NbTK05lx80nuSijCz7sc3a277R67g,Personally I think this is one of the best ai apps out there. The ads aren't to bad and the ai is very good at writing along with me. It is very fun to make stories with the app and overall I would recommend this app to anyone intrested writing stories with an ai!,5,0,1.1.147,2022-07-16 10:41:25,Hi Bailey! Thank you for the epic review We're happy you're enjoying your time in AI Dungeon!,2022-07-18 15:44:41,1.1.147,gam7156,com.aidungeon
45bb1b09-62bc-4cac-a2c4-f9e61450fe10,nyer,https://play-lh.googleusercontent.com/a-/ALV-UjUbqIHaO65CUQOohsy0JyO8qzyCgfFemKOhP05zdblvlScHKas,Stories barely make sense. AIs can never replace people in good writing apparently. Neither with making actual art.,1,1,,2023-02-02 10:06:38,You probably got a few bad answers in a row Sorry. We hope you will give the AI another chance everything is not always perfect but there are many cool and interesting things ahead!,2023-02-02 10:50:44,,gam284,com.feynmanapps.aitales
54b3374a-1601-4e7e-81e4-cab096ff158b,A Google user,https://play-lh.googleusercontent.com/EGemoI2NTXmTsBVtJqk8jxF9rh8ApRWfsIMQSt2uE4OcpQqbFu7f7NbTK05lx80nuSijCz7sc3a277R67g,Game doesn't work. Loading any session causes the game to freeze on Mi 10t lite,1,0,1.1.134,2024-06-05 04:52:58,We fixed the issue. Please try again and let us know if you still need help at support@aidungeon.com. Thanks!,2024-06-06 17:31:57,1.1.134,gam12768,com.aidungeon
174b72df-c37b-47f7-8127-c88aee20f031,Sean B,https://play-lh.googleusercontent.com/a-/ALV-UjXGrmBMn-1xLw2G_ZFaJlKOovVgUxLZjVfnGRebLPJGPe-mydM,enjoying it so far I like how it interactive and fun. it's a bit slow at times and I hope it's improves in the future,5,0,1.6.1,2024-04-24 06:30:41,,,1.6.1,gam29682,com.aisuccess.ai_game_master
a3f78e1b-8929-47c5-a0b0-67b59ec29c20,A Google user,https://play-lh.googleusercontent.com/EGemoI2NTXmTsBVtJqk8jxF9rh8ApRWfsIMQSt2uE4OcpQqbFu7f7NbTK05lx80nuSijCz7sc3a277R67g,Fun even thoughvthe Ai might be random at times,5,1,1.1.134,2022-05-01 06:00:23,,,1.1.134,gam17669,com.aidungeon
3cfeb23c-d985-43c3-a1c7-f4a24e464459,A Google user,https://play-lh.googleusercontent.com/EGemoI2NTXmTsBVtJqk8jxF9rh8ApRWfsIMQSt2uE4OcpQqbFu7f7NbTK05lx80nuSijCz7sc3a277R67g,The app is playable again I've revised my rating.,3,3,1.1.161,2022-08-12 01:33:52,Thank you for the sweet review We're happy you're enjoying your time in AI Dungeon!,2022-08-16 14:23:30,1.1.161,gam19243,com.aidungeon
065cf7c4-9f9f-4b12-b6b8-7000794f6a84,A Google user,https://play-lh.googleusercontent.com/EGemoI2NTXmTsBVtJqk8jxF9rh8ApRWfsIMQSt2uE4OcpQqbFu7f7NbTK05lx80nuSijCz7sc3a277R67g,this used to be a absolutely amazing app to play with i got this way before they started adding paywalls ads scales ect even when it had so many issues it was still so much better then the new version but now the creators have absolutely ruined it making it unplayable without a membership i pay less for YouTube premium then i would if i payed for the ai membership it's ridiculous the creators obviously don't care anymore about what once was a passion project and only care about cash,1,1,,2022-08-11 09:07:30,Please try out our newest update called Unchained! Free play allows for unlimited actions on our base AI model (Griffin). Learn more at https://aidungeon.io/unchained. Upgrades are available for players who want better models and faster speedsbenefits that are cost-prohibitive to offer to free players. Thanks for playing!,2023-01-11 15:31:16,,gam3587,com.aidungeon
83fb7208-473d-4afe-9b82-bee4a4738601,A Google user,https://play-lh.googleusercontent.com/EGemoI2NTXmTsBVtJqk8jxF9rh8ApRWfsIMQSt2uE4OcpQqbFu7f7NbTK05lx80nuSijCz7sc3a277R67g,Absolute garbage If you don't link it to a steam version. 10/10 after it's linked no adds at all.,5,0,1.1.151,2022-08-02 13:01:47,Thanks I guess? :D It sounds like there's no issues with the game just that you don't like ads. Glad you're having fun!,2022-08-03 16:08:29,1.1.151,gam11668,com.aidungeon
f000c2c8-9c69-46c0-ba33-3c6c0f8bdf46,A Google user,https://play-lh.googleusercontent.com/EGemoI2NTXmTsBVtJqk8jxF9rh8ApRWfsIMQSt2uE4OcpQqbFu7f7NbTK05lx80nuSijCz7sc3a277R67g,it isn't perfect but the technology is impressive. Probably the closest thing to one player DnD you can get.,5,0,1.1.161,2022-09-30 21:54:01,We appreciate your very favorable review! More exciting updates are on the way you can see our future plans here: https://latitude.io/blog/next-steps-on-ai-dungeon/.,2023-01-05 22:19:55,1.1.161,gam10056,com.aidungeon
861df4b3-30b7-4b7a-8de0-57ff92abb7e5,A Google user,https://play-lh.googleusercontent.com/EGemoI2NTXmTsBVtJqk8jxF9rh8ApRWfsIMQSt2uE4OcpQqbFu7f7NbTK05lx80nuSijCz7sc3a277R67g,Great app. All I need to say. Gives understandable dialogue that's random and fun.,5,0,1.1.172,2023-01-15 14:29:15,,,1.1.172,gam12288,com.aidungeon
ed84575e-1e43-41d3-93c1-30db3afe77d8,A Google user,https://play-lh.googleusercontent.com/EGemoI2NTXmTsBVtJqk8jxF9rh8ApRWfsIMQSt2uE4OcpQqbFu7f7NbTK05lx80nuSijCz7sc3a277R67g,I wish there was an option to change it back to what it was like in 2020. I can no longer access the multi-player games I have with my cousins unless I pay. There are 6 of us and they only let 4 ppl play in multi-player games. My cousins and I loved the unhinged AI back in 2020 while we were locked inside playing out our insane scenarios. Now it has become very annoying. I wouldn't pay for the other versions of this game but I would definitely pay to have the old unhinged 2020 version back.,1,27,1.2.49,2024-04-20 18:42:58,,,1.2.49,gam524,com.aidungeon
d32b3154-25e1-4a93-8107-63cb3a8367dc,Dat Dude,https://play-lh.googleusercontent.com/a/ACg8ocJ_GIcbGcFzHoB3KogHTSnTafNJwDxmtKLfJhHsxWEvFNWn=mo,Never in my life have I had come across such a marvelous app like this it uses ai technology and it's like my happy place. I just love peaceful feeling I get when playing this!,5,0,2.6.8,2024-02-19 12:57:42,Thank yo Dat Dude! We are veeeeery pleased to read such kind and happy review! Glad you enjoyed the game we are always here and ready to answer any questions you may have.,2024-02-20 03:53:09,2.6.8,gam242,com.feynmanapps.aitales
e8732dcc-d231-42d5-8b60-dd3814210787,A Google user,https://play-lh.googleusercontent.com/EGemoI2NTXmTsBVtJqk8jxF9rh8ApRWfsIMQSt2uE4OcpQqbFu7f7NbTK05lx80nuSijCz7sc3a277R67g,I like how the plot actually progresses rather than being stuck due to AI lapse of judgements or forgetting certain details like character ai.,5,0,1.2.66,2024-08-16 01:59:24,,,1.2.66,gam2540,com.aidungeon
6dd97a1a-adb5-4d27-bbf1-1d72261dba25,Jason N,https://play-lh.googleusercontent.com/a/ACg8ocLhZKn_jkmR_WNctrotQcxfgulm7RcD1l2LztpNxOPysNbhjQ=mo,It barely even tries. It never actually gives reasonable responses.,2,1,,2023-03-20 17:51:10,Hi Jason! You may have had several bad stories in a row. Sometimes stupid things happen with AI we keep working and hope you will like it!,2023-03-22 07:25:59,,gam354,com.feynmanapps.aitales
7f1735bc-2912-4ec7-960c-7e74a76f61ff,A Google user,https://play-lh.googleusercontent.com/EGemoI2NTXmTsBVtJqk8jxF9rh8ApRWfsIMQSt2uE4OcpQqbFu7f7NbTK05lx80nuSijCz7sc3a277R67g,It's a difficult game to play for me..,3,0,1.1.172,2023-02-09 11:50:49,We would love to help! Please reach out to us at support@aidungeon.io and we can answer any questions or help you with anything you find difficult. You can also find helpful guides and information here: https://help.aidungeon.io/.,2023-02-09 21:02:02,1.1.172,gam20926,com.aidungeon
1f185fe4-cc06-4497-af35-dfdb7cacb154,A Google user,https://play-lh.googleusercontent.com/EGemoI2NTXmTsBVtJqk8jxF9rh8ApRWfsIMQSt2uE4OcpQqbFu7f7NbTK05lx80nuSijCz7sc3a277R67g,The game is actually unplayable. There is no option to play it and the only button that is showing up on the app store Is the uninstall button. The app isn't even showing up on my phone. I don't know what's wrong. This all happened after I updated it.,2,3,,2022-08-06 17:09:29,,,,gam5343,com.aidungeon
baf83921-3ca5-4981-8378-b5719812221c,A Google user,https://play-lh.googleusercontent.com/EGemoI2NTXmTsBVtJqk8jxF9rh8ApRWfsIMQSt2uE4OcpQqbFu7f7NbTK05lx80nuSijCz7sc3a277R67g,It's really fun to use but the ai sometimes cant remember some details,4,0,1.1.134,2022-05-12 22:30:34,,,1.1.134,gam14208,com.aidungeon
a350c65a-50e2-47e0-9291-71a25f03994d,Patrick Mace,https://play-lh.googleusercontent.com/a-/ALV-UjWgRWe8Bx6-jzfPiAc6ezdrff66sJrZqxEE2Qt0a4GHeAFYYOCP,Cool and all but the game just doesn't really give you enough to work with for free. You only get so many tokens a day. The A.I. isn't terrible mind you. It's just the underlying premise of you have to pay for tokens or subscriptions to actually get the most out of it that's disappointing.,2,0,,2024-06-11 23:12:34,Thanks for your feedback! The free tokens are a taste to explore the game before purchasing. As a small team maintaining quality AI is costly. We're balancing accessibility with development needs. We appreciate your understanding and are always looking to improve.,2024-06-12 13:41:48,,gam29696,com.aisuccess.ai_game_master
46c67088-af18-40e6-b52f-af77f6af8b7d,A Google user,https://play-lh.googleusercontent.com/EGemoI2NTXmTsBVtJqk8jxF9rh8ApRWfsIMQSt2uE4OcpQqbFu7f7NbTK05lx80nuSijCz7sc3a277R67g,I use to enjoy this but now it won't even respond to me anymore. The Ad is not even revealing itself..,1,0,1.1.147,2022-07-21 08:52:38,We would love to look into any issues you might be experiencing. Please reach out to us at support@aidungeon.io. Ads no longer interrupt gameplay; all players have unlimited actions to our base AI model. Learn more at https://aidungeon.io/unchained.,2023-01-14 16:56:22,1.1.147,gam12610,com.aidungeon
dd7a89cd-c27a-4bc8-98bf-dc2e6d99f26f,A Google user,https://play-lh.googleusercontent.com/EGemoI2NTXmTsBVtJqk8jxF9rh8ApRWfsIMQSt2uE4OcpQqbFu7f7NbTK05lx80nuSijCz7sc3a277R67g,It was funny at first the AI would cooperate with my ridiculous storytelling after repeating some lines but it would not let me drive around a 2012 Suzuki Alto in a fantasy setting even though I've written about shooting an M9 modello pistol with hollow point rounds on a bowman yet somehow turned it into a 12 gauge,3,1,,2024-09-09 18:42:28,,,,gam3442,com.aidungeon
762b78ec-7f8b-425b-a075-490ab0686257,A Google user,https://play-lh.googleusercontent.com/EGemoI2NTXmTsBVtJqk8jxF9rh8ApRWfsIMQSt2uE4OcpQqbFu7f7NbTK05lx80nuSijCz7sc3a277R67g,i can't even login into the game such a waste,1,0,1.1.178,2023-03-14 11:05:56,Hey Aishah; we are sorry you had this issue. On March 14th we had an outage which is now resolved. If you still need help please reach out to us at support@aidungeon.io.,2023-03-15 20:19:03,1.1.178,gam19725,com.aidungeon
478c2d11-4071-4f6c-84e1-b509575565f2,A Google user,https://play-lh.googleusercontent.com/EGemoI2NTXmTsBVtJqk8jxF9rh8ApRWfsIMQSt2uE4OcpQqbFu7f7NbTK05lx80nuSijCz7sc3a277R67g,Extreme improvements since my last try and you should definitely give it a chance. The paid sub is totally worth it. I'm seeing immense improvements to memory and AI models and alot better perks for paid users but models for free users as well. They are improving all the time. I was even shocked to see the AI recall and very efficiently employ a detail from much earlier in my story and it is portraying characters much more accurately. The new models are to die for. Totally worth it!!,5,4,1.2.72,2024-10-09 19:44:59,Thank you for your review and high praise! We are glad to hear you've enjoyed the new models.,2024-10-10 00:43:29,1.2.72,gam507,com.aidungeon
c23a379e-4c7b-42f8-9718-92ec965427de,A Google user,https://play-lh.googleusercontent.com/EGemoI2NTXmTsBVtJqk8jxF9rh8ApRWfsIMQSt2uE4OcpQqbFu7f7NbTK05lx80nuSijCz7sc3a277R67g,The app itself is fun and enjoyable BUT it is constantly asking me to sign in to continue even though I have already done so 6 times! And when I sign in again I lose my progress so it's almost unplayable,2,1,1.2.49,2024-04-29 09:36:32,This is unexpected behavior and we want to dig into this more. Please reach out to us at support@aidungeon.com. Thanks!,2024-04-29 18:40:39,1.2.49,gam3076,com.aidungeon
2861be0b-1f41-4121-a98d-d7780258742b,Daniel Mutoc,https://play-lh.googleusercontent.com/a-/ALV-UjW1OkD1OeHOlTxyWltLwlTf8r98i6zWUoCgF3R9cSVSp7dTEPR8,great game I don't mean to compare other apps but this game is better Ai dungeon!,5,0,2.0.1,2022-04-22 21:23:14,Daniel glad you like the game! Now we are working on several new features in the game first of all we want to add a dialogue mode and also to expand the models for generating images. Stay tuned!,2022-04-24 12:32:36,2.0.1,gam336,com.feynmanapps.aitales
e2cbfff8-3938-4736-bcd9-1f6275a5e558,A Google user,https://play-lh.googleusercontent.com/EGemoI2NTXmTsBVtJqk8jxF9rh8ApRWfsIMQSt2uE4OcpQqbFu7f7NbTK05lx80nuSijCz7sc3a277R67g,My only issue is that the character limit is no longer shown when you reach or surpass the limit. I appreciated the earlier versions that stopped typing at the limit rather than letting you keep typing and erasing everything you typed out.,5,0,1.2.69,2024-09-12 13:10:35,,,1.2.69,gam1874,com.aidungeon
e034ac7d-04c9-4092-8c0f-d3079abd1577,A Google user,https://play-lh.googleusercontent.com/EGemoI2NTXmTsBVtJqk8jxF9rh8ApRWfsIMQSt2uE4OcpQqbFu7f7NbTK05lx80nuSijCz7sc3a277R67g,Pretty damn fun although the ai sometimes gets confused with your character and the other one (or more) that are involved in your story,4,1,1.1.130,2022-03-27 17:37:50,Hi SequoiaMan thanks for the feedback! We recommend using the Memory (MEMO) and Word Info so the AI retains details relevant to your adventure. If you're running into any specific or continuous bugs then please email support@aidungeon.io. Thanks!,2022-04-01 17:41:39,1.1.130,gam11601,com.aidungeon
75a3c2cb-4854-4a42-8ed8-f1ed731e204c,A Google user,https://play-lh.googleusercontent.com/EGemoI2NTXmTsBVtJqk8jxF9rh8ApRWfsIMQSt2uE4OcpQqbFu7f7NbTK05lx80nuSijCz7sc3a277R67g,Exactly what I was looking for,4,0,1.1.178,2023-03-07 10:16:30,,,1.1.178,gam23666,com.aidungeon
c177536f-c476-4fa5-9a3b-d148a411a8a4,Etienne Devereaux,https://play-lh.googleusercontent.com/a-/ALV-UjWYuD5Z-bixXfc0ur72BDTJ-w7TogEo0CIb9cKlbFyL--Cr_1FJ,I know it's how you make money but can you please either remove the tokens or give me more per 24 hours thank you and I love the game EDIT: thank you so much for the change we need more developers like you guys,5,1,1.8.1,2024-08-16 17:25:02,EDIT 2: Thanks so much for the support and kind words!! EDIT: It's here! Plenty more free tokens which go on forever!!! Hi! It's totally coming - like very soon - stay with us!! <3,2024-08-16 18:45:08,1.8.1,gam29968,com.aisuccess.ai_game_master
ce27637a-954f-4852-a1b9-f629d8d3ef6a,A Google user,https://play-lh.googleusercontent.com/EGemoI2NTXmTsBVtJqk8jxF9rh8ApRWfsIMQSt2uE4OcpQqbFu7f7NbTK05lx80nuSijCz7sc3a277R67g,Late last year I would have said that this AI was falling off but it seems responsive with a little guiding the story around it can help you finish ideas and even throw in it's own spin on the story though half of the responses seem generic if you don't fully take advantage of the character system and the memory. And as of now it has gotten rid of the ads and has unlimited access to the base AI I hope it continues to improve.,4,61,1.1.177,2023-02-28 06:35:47,,,1.1.177,gam1378,com.aidungeon
93ba68e0-1fb1-4464-a5f3-122d3b5ef808,Justin Giordano,https://play-lh.googleusercontent.com/a-/ALV-UjXy574sEq7DCv0-Z15w9kIB0GisUln9bUBFCFq4Af3aTaEYgx3x,I love it I created my own character have companions and so far enjoy it. I plan on subscribing because the creators deserve a raise. just got the launch special I actually got two companions before it prompted me to update I had asked it if there was anyone close by I could to help in my quest so will it integrate them as NPCs or should I start over?,5,0,1.8.0,2024-07-27 01:44:08,Thanks for the support!! Definitely try telling the ai to join them after the update! Best comment ever! Thanks!! We'll raise a toast to ourselves instead :)))) Keep enjoying! we have much more in store still to come!,2024-07-27 02:37:03,1.8.0,gam29528,com.aisuccess.ai_game_master
b9718792-5eb8-4d0f-b9a3-10afd88d72e9,A Google user,https://play-lh.googleusercontent.com/EGemoI2NTXmTsBVtJqk8jxF9rh8ApRWfsIMQSt2uE4OcpQqbFu7f7NbTK05lx80nuSijCz7sc3a277R67g,The new way they do their fremium business model isn't awful but it's fremium none the less nowhere near as good as it was years ago but it's okay. It constantly harassing me about buying premium is infuriating though.,2,3,1.1.178,2023-08-25 07:21:59,You shouldn't be constantly asked to upgrade happy to dig into this. Can you please reach out to us at support@aidungeon.io. Thanks!,2023-08-25 18:37:47,1.1.178,gam9496,com.aidungeon
a07ebd8d-3e80-4bb8-be98-3ed6f6cf923b,A Google user,https://play-lh.googleusercontent.com/EGemoI2NTXmTsBVtJqk8jxF9rh8ApRWfsIMQSt2uE4OcpQqbFu7f7NbTK05lx80nuSijCz7sc3a277R67g,Trash downgraded all AI so they could tote more trash for money to you. Download it try it and place a 1 star to send a message to the greedy devs.,1,1,,2022-01-20 01:53:28,,,,gam11290,com.aidungeon
87b68828-441d-463f-93ef-c0e1150eb960,A Google user,https://play-lh.googleusercontent.com/EGemoI2NTXmTsBVtJqk8jxF9rh8ApRWfsIMQSt2uE4OcpQqbFu7f7NbTK05lx80nuSijCz7sc3a277R67g,Stayed with these guys for awhile and they've done great at taking steps to improve the platform and make things better love the support from this team and desire to improve. As far as the game goes it's more of a raw AI model you will need the creativity and patience to make your own story and let the AI help you for me it's a great tool to assist with writing or fill in for me when I get stuck on what to do next.,5,0,1.2.47,2023-12-15 06:59:52,Thank you for your support and favorable review :) If you have any feedback or suggestions on how we can improve please let us know at https://feedback.latitude.io/.,2023-01-04 23:29:45,1.2.47,gam3726,com.aidungeon
c0fc6b26-eefc-4579-a84d-c13c04eb19bc,A Google user,https://play-lh.googleusercontent.com/EGemoI2NTXmTsBVtJqk8jxF9rh8ApRWfsIMQSt2uE4OcpQqbFu7f7NbTK05lx80nuSijCz7sc3a277R67g,Updated the app I can no longer return to the search menu after clicking on a scenario am forced to use a abysmally slow buggy mess of a UI and to top it off I'm suddenly restricted to 100 interactions per day. One update took this from the best AI app I knew of to the worst.,1,2,1.2.40,2023-11-09 17:21:14,,,1.2.40,gam2934,com.aidungeon
7be73654-7262-4a00-abb3-d48899d73570,A Google user,https://play-lh.googleusercontent.com/EGemoI2NTXmTsBVtJqk8jxF9rh8ApRWfsIMQSt2uE4OcpQqbFu7f7NbTK05lx80nuSijCz7sc3a277R67g,It is very nice game I liked dective one but sometimes incorrect sentence make me confuse because of incorrect sentence I don't understand what I should do and after answering they will show other answer which I have not told also like it already programed what it will show next time after I answer.,4,0,1.1.172,2023-02-12 08:50:23,Hey Arbin we have tools to help keep the AI on track and remember the things important to you in your story. Please see both of our guidebook pages: https://help.aidungeon.io/ai-dungeon-101 and https://help.aidungeon.io/advanced. Specifically look at memory and author's notes to start. Email us at support@aidungeon.io with any questions.,2023-02-17 21:09:28,1.1.172,gam6221,com.aidungeon
49621c84-bd69-4eae-bb6e-17b13cbf52d4,Hector Pina,https://play-lh.googleusercontent.com/a/ACg8ocKSG6zcfv9eiRZ1N34gQUI8QvRMdjiR5pKNuzf7nSJ0DepgFA=mo,I wish I could be able to do other adventures while waiting for tokens but what if you guys let it allow to do three adventures separate from each other while people still enjoying the app but I see potential I hope you do consider making new changes for our enjoyment and happiness,3,0,1.8.9,2024-09-22 23:00:59,You can play as many adventures as you want! But turns do have to cost tokens since the AI is pretty expensive to run. Hope that makes sense,2024-09-24 04:38:27,1.8.9,gam29537,com.aisuccess.ai_game_master
b47945e9-1bcc-4ba6-9f5c-5df74c0516d4,A Google user,https://play-lh.googleusercontent.com/EGemoI2NTXmTsBVtJqk8jxF9rh8ApRWfsIMQSt2uE4OcpQqbFu7f7NbTK05lx80nuSijCz7sc3a277R67g,Ok is someone being paid to redo the UI every week?? Please stop constantly updating it you arent making it better its just very annoying. Seems like its changed 50 times now,4,0,1.1.145,2022-06-21 22:06:46,Hi Erin! We appreciate the feedback on UI updates. If there are specific areas of improvement that you'd like to see with AI Dungeon's UI or overall then please share them with us in feedback.aidungeon.io. Thanks!,2022-06-29 13:49:46,1.1.145,gam9439,com.aidungeon
04c617bd-6461-4ec2-8b03-7dd8f28d7f2d,A Google user,https://play-lh.googleusercontent.com/EGemoI2NTXmTsBVtJqk8jxF9rh8ApRWfsIMQSt2uE4OcpQqbFu7f7NbTK05lx80nuSijCz7sc3a277R67g,I really enjoy playing this game My only problem is that in terms of blind accessibility with the talkback menu it is quite hard to find and navigate through all the menus some buttons aren't labeled so i don't know what they do. other than that very solid 10/10 would download and support again.,4,0,1.1.147,2022-07-14 01:55:51,Thanks so much for the review Split! We are actively devoting lots of time to increasing the quality of organization and documentation in our game so I hope you can discover our progress soon.,2022-07-22 14:00:52,1.1.147,gam3148,com.aidungeon
4d2e4da2-d8eb-4d2d-8b0d-68b1d12aa274,literacy god,https://play-lh.googleusercontent.com/a/ACg8ocJKmA7B7eSEthaQwPGOtMqwpCTgkZiu1aC2Z1J40BG7E-cD2Q=mo,I will not play it if you can't have the screen flip so the bottom is on the other side i don't like the power buttons and stuff being on the bottom i keep on accepently pressing them,1,0,1.0.4,2024-09-18 14:05:17,,,1.0.4,gam29450,com.compy.Beast
d39e9de0-b07a-41cf-bb41-2606c8d15e39,A Google user,https://play-lh.googleusercontent.com/EGemoI2NTXmTsBVtJqk8jxF9rh8ApRWfsIMQSt2uE4OcpQqbFu7f7NbTK05lx80nuSijCz7sc3a277R67g,Unfortunately the devs care more about getting new bullet point features in their description more than they care about stability. I am actually a paying subscriber and currently i cannot cancel that because the website's login form doesnt work. Awesome product but sadly awful execution. Currently cannot recommend.,1,13,1.1.119,2022-02-11 03:52:22,,,1.1.119,gam3120,com.aidungeon
2f3a9be8-61cd-4cbb-89ae-57847610c911,A Google user,https://play-lh.googleusercontent.com/EGemoI2NTXmTsBVtJqk8jxF9rh8ApRWfsIMQSt2uE4OcpQqbFu7f7NbTK05lx80nuSijCz7sc3a277R67g,I was using AI Dungeon for free in exchange for watching few ads but the ads won't even load. Please fix the problem. I really like using this application but now it sucks. Please reply and fix the problem as fast as possible.,1,1,1.1.147,2022-07-07 22:02:32,Great news! We released a new update called Unchained. Ads no longer inhibit gameplay; all players have unlimited access to our base AI model (Griffin). Learn more at https://aidungeon.io/unchained :),2023-01-14 14:42:51,1.1.147,gam4221,com.aidungeon
6fd4d26f-6acf-418b-9292-449e071af6df,A Google user,https://play-lh.googleusercontent.com/EGemoI2NTXmTsBVtJqk8jxF9rh8ApRWfsIMQSt2uE4OcpQqbFu7f7NbTK05lx80nuSijCz7sc3a277R67g,Every update adds in something new that noone asked for. First an awful redesign of the user interface then a downgrade of the A.I. and now rather than give us an ad free experience you have a slightly better A.I. with ads cutting into our experience. I already only opened the app less than once a month but now I'm tempted to just uninstall it entirely. You've killed this app.,1,3,1.1.147,2022-06-27 03:39:24,Free play is now an unlimited experience! Ads no longer interrupt gameplay; all players have unlimited actions when using Griffin (our base AI model). Learn more at https://aidungeon.io/unchained. We will continue to improve our model and overall game experience. Stay tuned for more exciting updates :),2023-01-18 14:34:01,1.1.147,gam1345,com.aidungeon
1401d913-8cdb-427e-9e3f-255a8c5307e5,A Google user,https://play-lh.googleusercontent.com/EGemoI2NTXmTsBVtJqk8jxF9rh8ApRWfsIMQSt2uE4OcpQqbFu7f7NbTK05lx80nuSijCz7sc3a277R67g,I used to let them generate a lot of stories for me now I just have to edit every single damn line to make sure it's relates to the story. I might as well make up story in my mind.,1,2,1.1.108,2022-01-02 14:54:57,,,1.1.108,gam7723,com.aidungeon
cf28bda3-6954-4c60-9a8e-7ff0b3a0f8db,A Google user,https://play-lh.googleusercontent.com/EGemoI2NTXmTsBVtJqk8jxF9rh8ApRWfsIMQSt2uE4OcpQqbFu7f7NbTK05lx80nuSijCz7sc3a277R67g,2 years back ai on free version was decent. It didn't spew repetitive actions like it does now. It also just takes things from memory and places them into the next action. I would love to make my action adventure transition into romance. It's so not going to happen.,1,56,1.1.108,2023-01-06 20:34:19,We would be happy to look into any issues you are having; please reach out to us at support@aidungeon.io. For help with repetition please see our troubleshooting guide on our page here: https://help.aidungeon.io/faq/how-to-avoidfix-repetition-in-my-story. Look forward to hearing from you :),2023-01-10 15:55:35,1.1.108,gam3518,com.aidungeon
00bde995-9893-43cc-8129-c68038aca837,Luke Marsh,https://play-lh.googleusercontent.com/a-/ALV-UjU0r_71eiaKNsTMWFqrTUukG_o8WhLwOUBl6L_nZ2bxcU2KL88,I Like it but I think the daily tokens should be 10 not 5 but I still think it's at least in the top 5 of best ai chats apps,4,0,1.8.1,2024-08-07 05:12:11,Soon. Very soon,2024-08-07 08:58:59,1.8.1,gam29617,com.aisuccess.ai_game_master
cfa0f3d9-de50-42f8-9042-4bb330a5b35e,A Google user,https://play-lh.googleusercontent.com/EGemoI2NTXmTsBVtJqk8jxF9rh8ApRWfsIMQSt2uE4OcpQqbFu7f7NbTK05lx80nuSijCz7sc3a277R67g,"Played this 3 years ago and was disappointed. Tried it again after seeing reviews were optimistic. Still doesn't keep track of what its ""generating"" i can't even tell if the energy issue was fixed because the AI undoes your experience in a whole 2 interactions so it frustrated me out of playing after a few scenarios. Voyage sounded interesting but 15 dollars a month for something that potentially should be the base experience is ridiculous",1,26,1.1.119,2023-03-11 18:32:14,Hey there! We would love to look into this issue. Please reach out to us at support@aidungeon.io.,2023-03-17 15:52:00,1.1.119,gam1189,com.aidungeon
e8965825-c07e-4b37-8f3b-7e1ec7ec050b,A Google user,https://play-lh.googleusercontent.com/EGemoI2NTXmTsBVtJqk8jxF9rh8ApRWfsIMQSt2uE4OcpQqbFu7f7NbTK05lx80nuSijCz7sc3a277R67g,AI does not work as well as it used to when it started.,1,1,1.1.52,2022-09-15 03:19:31,Wanted to follow up and see if you are still having any issues. We are happy to help; please reach out to us at support@aidungeon.io. Thanks :),2023-01-06 21:32:56,1.1.52,gam16670,com.aidungeon
ea4ebdd3-7332-4fef-8650-7c3a763b3389,A Google user,https://play-lh.googleusercontent.com/EGemoI2NTXmTsBVtJqk8jxF9rh8ApRWfsIMQSt2uE4OcpQqbFu7f7NbTK05lx80nuSijCz7sc3a277R67g,Ads now is removed,5,2,1.1.71,2023-01-12 21:04:24,Ads no longer interrupt gameplay; all players have unlimited actions to our base AI model :) Learn more at https://aidungeon.io/unchained. Hope you give the update a try!,2023-01-11 14:25:44,1.1.71,gam21205,com.aidungeon
c118dc3b-5478-4212-a80e-557764e0835d,A Google user,https://play-lh.googleusercontent.com/EGemoI2NTXmTsBVtJqk8jxF9rh8ApRWfsIMQSt2uE4OcpQqbFu7f7NbTK05lx80nuSijCz7sc3a277R67g,Interesting and well made.,5,0,1.2.49,2024-04-08 06:27:00,,,1.2.49,gam19972,com.aidungeon
4b921ac2-1a82-458b-9b8b-b672f7e09db7,A Google user,https://play-lh.googleusercontent.com/EGemoI2NTXmTsBVtJqk8jxF9rh8ApRWfsIMQSt2uE4OcpQqbFu7f7NbTK05lx80nuSijCz7sc3a277R67g,I had given this 1 star before because they ruined it(made the base game worse so that you had to pay or the ai didn't even make sense) but now its great again. The base game is good and the premium is definitely worth it if you can afford it although a bit overpriced. The only problem I have with it is that the images are bad and they usually don't match the scene,4,7,1.2.66,2024-08-19 21:27:23,,,1.2.66,gam1873,com.aidungeon
a01eed21-f7ef-490c-b19b-b3045c6a2734,Dylan Crosby,https://play-lh.googleusercontent.com/a/ACg8ocLm53uevFNn2mXFLEKEJxBixcoY_zJ6OOcURtc4KbYt8nRh=mo,one of the best ai generated rpgs I've ever seen,5,0,1.3.8,2024-03-24 18:45:45,Thank you so much for your glowing review! We're thrilled you think so highly of our AI-generated RPG. Your support fuels our passion to continue improving and expanding the game. Stay tuned for more adventures!,2024-03-25 03:14:28,1.3.8,gam29939,com.aisuccess.ai_game_master
4a8125ed-be1c-44f5-9b26-0be0edb0acf6,A Google user,https://play-lh.googleusercontent.com/EGemoI2NTXmTsBVtJqk8jxF9rh8ApRWfsIMQSt2uE4OcpQqbFu7f7NbTK05lx80nuSijCz7sc3a277R67g,It could be a great game but everything you do is locked behind a paywall I cant even play it more than 10 minutes because there's a limited amount of actions,2,0,,2022-12-11 11:13:33,When you watch ads or subscribe to AI Dungeon you are helping pay part of the cost of your AI-driven experience. This in turn allows us to continue to offer a free version of AI Dungeon and improve the game. Major changes are coming soon (including an improved ads experience) learn more at https://latitude.io/blog/next-steps-on-ai-dungeon.,2022-11-18 17:45:44,,gam9191,com.aidungeon
076c4b03-029d-457b-8fa2-78d1b236c796,A Google user,https://play-lh.googleusercontent.com/EGemoI2NTXmTsBVtJqk8jxF9rh8ApRWfsIMQSt2uE4OcpQqbFu7f7NbTK05lx80nuSijCz7sc3a277R67g,Too expensive. Doesn't work with Android older than 6??? Sad. Idea is great.,2,0,1.1.147,2022-06-27 09:53:55,,,1.1.147,gam12633,com.aidungeon
f35436d7-7430-4f63-a986-ee922e536461,A Google user,https://play-lh.googleusercontent.com/EGemoI2NTXmTsBVtJqk8jxF9rh8ApRWfsIMQSt2uE4OcpQqbFu7f7NbTK05lx80nuSijCz7sc3a277R67g,This app has a lot of potential. I pay the $10 a month and honestly it's not bad. It's not amazing but it definitely feels like it could go somewhere good with time. In terms of technical side it kinda goes up and down with each update but it's getting better. Overall I like it a lot and I'm excited to see it (hopefully) grow in the future.,4,0,1.1.172,2022-10-15 12:19:40,Evan we appreciate your review and support. Good news! Significant updates are underway that will improve the way players experience AI Dungeon. Read more about them at https://latitude.io/blog/next-steps-on-ai-dungeon. The future is very bright for AI dungeon and everything we are working to build.,2022-10-18 20:03:44,1.1.172,gam3052,com.aidungeon
b3fd3412-329f-4a6b-a742-951b18e675ae,A Google user,https://play-lh.googleusercontent.com/EGemoI2NTXmTsBVtJqk8jxF9rh8ApRWfsIMQSt2uE4OcpQqbFu7f7NbTK05lx80nuSijCz7sc3a277R67g,Great app but still has a lot of potential to improve,4,0,1.1.178,2023-06-24 09:40:46,,,1.1.178,gam15789,com.aidungeon
6d15a2b2-32e2-496e-8647-5d500f186bec,A Google user,https://play-lh.googleusercontent.com/EGemoI2NTXmTsBVtJqk8jxF9rh8ApRWfsIMQSt2uE4OcpQqbFu7f7NbTK05lx80nuSijCz7sc3a277R67g,I have to sign in to play the rest??? I'm never installing this again,1,0,,2023-02-23 18:22:35,Hey there! Because AI Dungeon operates through a massive AI model it's impossible to fit on a device. Instead we run the AI on our hardware and grant player accounts access. Accounts also allow us to store your adventures in the cloud so you can access them from anywhere. Please email us at support@aidungeon.io with any questions :),2023-03-07 23:13:39,,gam18922,com.aidungeon
3424394d-b018-4ea8-9bd4-d284ff8855c7,A Google user,https://play-lh.googleusercontent.com/EGemoI2NTXmTsBVtJqk8jxF9rh8ApRWfsIMQSt2uE4OcpQqbFu7f7NbTK05lx80nuSijCz7sc3a277R67g,A wonderful app for enacting out your imagination with a little help from the algorithm.,5,0,1.2.72,2024-09-23 13:13:48,,,1.2.72,gam1938,com.aidungeon
1faca8b7-220b-4b7d-9073-c704e798358a,A Google user,https://play-lh.googleusercontent.com/EGemoI2NTXmTsBVtJqk8jxF9rh8ApRWfsIMQSt2uE4OcpQqbFu7f7NbTK05lx80nuSijCz7sc3a277R67g,It begins to be a bit better thanks to the news IA lama3 and mistral I'll test it again.,3,3,1.2.69,2024-08-24 13:49:25,Edith thanks for your review! Major updates are coming! Read more about them at https://latitude.io/blog/next-steps-on-ai-dungeon. We would love feedback and suggestions on how we can improve your experience with AI Dungeon please let us know: https://feedback.latitude.io/.,2022-10-21 22:32:37,1.2.69,gam6357,com.aidungeon
dbb496aa-30dd-44c6-9c83-dd81ea9fdfe0,A Google user,https://play-lh.googleusercontent.com/EGemoI2NTXmTsBVtJqk8jxF9rh8ApRWfsIMQSt2uE4OcpQqbFu7f7NbTK05lx80nuSijCz7sc3a277R67g,Great roleplaying game so much fun,5,1,1.1.108,2022-01-06 20:06:22,,,1.1.108,gam19380,com.aidungeon
9870a0fc-4f85-40f5-8580-0b221e99ed62,A Google user,https://play-lh.googleusercontent.com/EGemoI2NTXmTsBVtJqk8jxF9rh8ApRWfsIMQSt2uE4OcpQqbFu7f7NbTK05lx80nuSijCz7sc3a277R67g,This game is great but the subscription are quite unfair some people can't afford it $9.99 is affordable in America but in poor countries $9.99 is already they're paycheck for the month but it's a great game :),4,0,1.2.49,2024-05-12 01:11:55,,,1.2.49,gam5750,com.aidungeon
65764fa6-9393-4277-9978-67e41c1b6064,A Google user,https://play-lh.googleusercontent.com/EGemoI2NTXmTsBVtJqk8jxF9rh8ApRWfsIMQSt2uE4OcpQqbFu7f7NbTK05lx80nuSijCz7sc3a277R67g,since their ui change the app is slow unresponsive and literally unusable: the texts input being out of the screen so you cannot see what you are typing. what a shame it was really fun before.,1,2,1.2.49,2024-05-15 17:36:15,,,1.2.49,gam2989,com.aidungeon
ca42ac63-dda6-4172-b8b8-dfdfbf65ce2b,A Google user,https://play-lh.googleusercontent.com/EGemoI2NTXmTsBVtJqk8jxF9rh8ApRWfsIMQSt2uE4OcpQqbFu7f7NbTK05lx80nuSijCz7sc3a277R67g,Great app but sometimes repetitive. Also recently I haven't been able to get past the loading screen because it just stops. Even if I uninstall and reinstall the app I can't get past it.,4,2,1.2.66,2024-07-06 08:31:24,,,1.2.66,gam1943,com.aidungeon
21f6f414-c1ca-4321-ac0a-ac3f399d41e9,A Google user,https://play-lh.googleusercontent.com/EGemoI2NTXmTsBVtJqk8jxF9rh8ApRWfsIMQSt2uE4OcpQqbFu7f7NbTK05lx80nuSijCz7sc3a277R67g,Really wish I could play but unable to install at all even with phone up to date. Pixel 6 pro,1,1,,2022-08-08 23:46:56,Thanks for the review Aaron! We are aware of the issue with the Android App and have fixed the problem. Google is reviewing our changes so hopefully the app with be live again in a day or so. We appreciate your patience!,2022-08-09 14:52:01,,gam13130,com.aidungeon
58c7e16c-20a0-4a23-a842-446fb1bf6897,A Google user,https://play-lh.googleusercontent.com/EGemoI2NTXmTsBVtJqk8jxF9rh8ApRWfsIMQSt2uE4OcpQqbFu7f7NbTK05lx80nuSijCz7sc3a277R67g,So much better. The AI still isn't what it used to be but with it now being free and their being no ads it feels like an acceptable compromise. It definitely worth having once more. My only complaint is that $9.99 a month at minimum is just a lot to dive into. I think a $4.99 option with even more features dialed back from the $9.99 version would be a good option for someone to be able to test the waters and see if they want to spend more on even better versions of the AI.,4,1,,2023-03-06 19:30:35,,,,gam1135,com.aidungeon
ef8a0655-c403-4e87-b6c0-17b4bc01bd29,A Google user,https://play-lh.googleusercontent.com/EGemoI2NTXmTsBVtJqk8jxF9rh8ApRWfsIMQSt2uE4OcpQqbFu7f7NbTK05lx80nuSijCz7sc3a277R67g,intelligent ai and story prompt settings,5,0,1.1.178,2023-03-24 13:20:59,,,1.1.178,gam17595,com.aidungeon
64f4f701-bb3a-45ea-9d25-0088d24d9ac0,A Google user,https://play-lh.googleusercontent.com/EGemoI2NTXmTsBVtJqk8jxF9rh8ApRWfsIMQSt2uE4OcpQqbFu7f7NbTK05lx80nuSijCz7sc3a277R67g,Engaging and creative AI adventure like no other. Literally infinite possibilities and fluent writing in any genre. A must-have mobile game.,5,0,1.1.170,2022-09-24 15:43:47,Thank you Calvin glad it has been engaging! If you have any feedback or suggestions on how we can improve please let us know at https://feedback.latitude.io/.,2023-01-06 15:47:04,1.1.170,gam9128,com.aidungeon
cab0f11b-de67-42b6-a900-1807b6b41568,A Google user,https://play-lh.googleusercontent.com/EGemoI2NTXmTsBVtJqk8jxF9rh8ApRWfsIMQSt2uE4OcpQqbFu7f7NbTK05lx80nuSijCz7sc3a277R67g,pretty slow but it is honestly fun,4,0,1.1.178,2023-06-10 01:41:31,,,1.1.178,gam16550,com.aidungeon
c3fcaee0-b9aa-4ad6-8c2e-b6f4ca628556,A Google user,https://play-lh.googleusercontent.com/EGemoI2NTXmTsBVtJqk8jxF9rh8ApRWfsIMQSt2uE4OcpQqbFu7f7NbTK05lx80nuSijCz7sc3a277R67g,Imagine being so incompetent that you ruined a great base like the old ai dungeon was,1,0,,2022-05-11 02:28:08,Hey Johnathan we appreciate the feedback! If there are specific areas of improvement that you'd like to see then please email support@aidungeon.io or post about them in either the Feature Request or Bug Report forums in feedback.latitude.io thank you!,2022-05-13 15:31:37,,gam20640,com.aidungeon
9847c0bd-b111-4254-a025-a0ebd2e0b154,A Google user,https://play-lh.googleusercontent.com/EGemoI2NTXmTsBVtJqk8jxF9rh8ApRWfsIMQSt2uE4OcpQqbFu7f7NbTK05lx80nuSijCz7sc3a277R67g,Edit: the app has improved a lot. The free version of the AI is enough to have a lot of fun. I would love to pay for the better version but the price is too high in my currency. However the improvements since I last played are visible. Keep it up.,4,2,1.1.178,2023-03-11 13:12:38,,,1.1.178,gam4033,com.aidungeon
ec371dc4-7679-4ce1-8fd4-7b2697731faa,A Google user,https://play-lh.googleusercontent.com/EGemoI2NTXmTsBVtJqk8jxF9rh8ApRWfsIMQSt2uE4OcpQqbFu7f7NbTK05lx80nuSijCz7sc3a277R67g,Now you can use the griffon AI for free without limits and that's great the only issue is that sometimes the AI keeps repeating it self and forgetting important facts finally I can give more stars to this game I hope to give 5 on the future,4,59,1.2.47,2024-02-07 19:13:39,Thanks for updating your review! If you haven't already try out our newest models MythoMax and Mixtral :) Retry and editing your responses can be helpful when you encounter repetition. If you have access to advanced settings try adjusting your temperature as well.,2024-02-08 14:19:15,1.2.47,gam6781,com.aidungeon
411dbdb7-303a-4e4e-87bd-94a7ea21e1fc,A Google user,https://play-lh.googleusercontent.com/EGemoI2NTXmTsBVtJqk8jxF9rh8ApRWfsIMQSt2uE4OcpQqbFu7f7NbTK05lx80nuSijCz7sc3a277R67g,I really liked the game at first but now all of these issues are getting annoying. Sometimes it'll crash others it'll say unexpected token and the ai doesnt know how to respond. On top of the fact that you cant actually enjoy it without paying for a freaking subscription. And other times the app just refuses to work and it's very frustrating. When it's working properly it can be really fun but those times are rare now.,3,48,1.1.119,2022-01-24 22:59:21,,,1.1.119,gam1534,com.aidungeon
f14fcb6e-c809-4eaf-bdfe-c1c9de238ab6,A Google user,https://play-lh.googleusercontent.com/EGemoI2NTXmTsBVtJqk8jxF9rh8ApRWfsIMQSt2uE4OcpQqbFu7f7NbTK05lx80nuSijCz7sc3a277R67g,"This ""ad update"" is absolutely horrendous and unnecessary. I would rather play with energy rather than getting spammed with ads every 5 actions I make. Back in 2020 it was pretty decent and I actually enjoyed it. Now the AI is extremely buggy and the game is almost unplayable without ads every minute. Congrats Latitude you've played yourself.",1,8,1.1.147,2022-06-26 01:09:03,We've made some recent changes and improvements to AI Dungeon including our free-play experience. Actions are now unlimited for all players using our Griffin AI model :) Also other performance improvements were made. Learn more here: https://aidungeon.io/unchained.,2023-01-18 14:41:18,1.1.147,gam2034,com.aidungeon
e17fe04c-6ea6-498b-bc10-b6252cada3fb,A Google user,https://play-lh.googleusercontent.com/EGemoI2NTXmTsBVtJqk8jxF9rh8ApRWfsIMQSt2uE4OcpQqbFu7f7NbTK05lx80nuSijCz7sc3a277R67g,It's an ok for me using the free version. However I just cannot see what I type because my keyboard hides the text bar. Would appreciate it if this gets fixed.,3,0,1.1.178,2023-05-07 05:05:50,Hey there! This has been an issue with android keyboards with not only our app but others as well. Many have found that installing googles keyboard resolves the problem. Please reach out to us if you need help or have any other questions :),2023-05-08 19:30:59,1.1.178,gam7544,com.aidungeon
e0f6fb57-6392-495d-8dd2-8f4c175959f4,A Google user,https://play-lh.googleusercontent.com/EGemoI2NTXmTsBVtJqk8jxF9rh8ApRWfsIMQSt2uE4OcpQqbFu7f7NbTK05lx80nuSijCz7sc3a277R67g,Really glitchy now AI is dumber than before you have a limited amount of actions now which takes the fun out of it.,1,1,1.1.15,2022-08-21 22:08:53,Please try out our newest update called Unchained! Free play allows for unlimited actions on our base AI model (Griffin). Learn more at https://aidungeon.io/unchained. Weve also made other performance improvements with more planned for the future :) Reach out to us at support@aidungeon.io if you have any additional concerns happy to help.,2023-01-12 18:30:40,1.1.15,gam11325,com.aidungeon
2e81bd3b-8627-48df-9fdf-71a5e869864d,A Google user,https://play-lh.googleusercontent.com/EGemoI2NTXmTsBVtJqk8jxF9rh8ApRWfsIMQSt2uE4OcpQqbFu7f7NbTK05lx80nuSijCz7sc3a277R67g,Very fun and lots of options. AI responses are pretty lackluster about 3/4 of the time. it gets easily confused and doesn't follow the story well.,4,0,1.1.172,2023-02-05 16:56:51,Hey Zachary! We have tools to help keep the AI on track and remember the things important to you in your story. Please see both of our guidebook pages: https://help.aidungeon.io/ai-dungeon-101 and https://help.aidungeon.io/advanced. Specifically look at memory and author's notes to start. Email us at support@aidungeon.io with any questions.,2023-02-10 16:42:56,1.1.172,gam4528,com.aidungeon
5dd0a472-20d7-4c29-9830-2e19f7515d51,A Google user,https://play-lh.googleusercontent.com/EGemoI2NTXmTsBVtJqk8jxF9rh8ApRWfsIMQSt2uE4OcpQqbFu7f7NbTK05lx80nuSijCz7sc3a277R67g,Edit: So the devs fixed the privacy invasion! Maybe you do care for the community. I changed my rating to 5!,5,0,1.1.170,2022-10-02 05:29:49,Thanks Trona for updating your rating we really appreciate it! We absolutely value and care about our community if you have any suggestions or feedback please let us know: https://feedback.latitude.io/.,2022-10-04 17:45:09,1.1.170,gam19228,com.aidungeon
b74720dc-b968-4b52-81d8-ad8d8c3eac0f,A Google user,https://play-lh.googleusercontent.com/EGemoI2NTXmTsBVtJqk8jxF9rh8ApRWfsIMQSt2uE4OcpQqbFu7f7NbTK05lx80nuSijCz7sc3a277R67g,The ai is pretty confusing and makes story's that doesn't even makes sense and usually forgets what u did and the energy dosent fill up overtime anymore like it used to ur forced to watch ads to get more energy,3,1,1.1.161,2022-08-12 05:47:48,We've made some recent changes and improvements to AI Dungeon including our free-play experience. Actions are now unlimited for all players using our Griffin AI model. Also other performance improvements were made. Learn more here: https://aidungeon.io/unchained.,2023-01-11 15:26:51,1.1.161,gam7231,com.aidungeon
7ccf05b6-5339-4cc1-aadd-f2230f522795,A Google user,https://play-lh.googleusercontent.com/EGemoI2NTXmTsBVtJqk8jxF9rh8ApRWfsIMQSt2uE4OcpQqbFu7f7NbTK05lx80nuSijCz7sc3a277R67g,The ai is awful unplayable,1,0,1.1.178,2023-09-09 01:56:23,,,1.1.178,gam20594,com.aidungeon
18103f6d-d125-4d50-b202-05a244888db1,00 Lad,https://play-lh.googleusercontent.com/a/ACg8ocLIx2BxdTNi2h0r1CQOqO8LSQdEv4nbTSQfONFZ2p_rR0EuRg=mo,Developer I mean talk back the service for the blind it is a bit accessible but some of the buttons are in labeled and there's something that says bottom sheet but I cannot click it so it just needs screen reader improvement for readers like TalkBack,4,0,,2022-05-10 16:11:26,Hey Lad and what do you mean by reading from the screen? Do you mean a voice-reader? Please answer here or at Discord or by email. Update: Got it! We'll think about what we can do.,2022-05-11 11:03:19,,gam120,com.feynmanapps.aitales
7d611189-e9c2-481f-a8ce-dac46fc33bb5,A Google user,https://play-lh.googleusercontent.com/EGemoI2NTXmTsBVtJqk8jxF9rh8ApRWfsIMQSt2uE4OcpQqbFu7f7NbTK05lx80nuSijCz7sc3a277R67g,very interactive and fun to use. the app lets you control the story from both sides(character and those interacting with your character) which at first is odd but is really cool. I do think that it would be nice to have the option to only tell the story from one side though.,4,2,1.1.134,2022-04-21 20:38:36,,,1.1.134,gam3506,com.aidungeon
c9cba923-064c-4c0d-90a2-b09a765f3195,A Google user,https://play-lh.googleusercontent.com/EGemoI2NTXmTsBVtJqk8jxF9rh8ApRWfsIMQSt2uE4OcpQqbFu7f7NbTK05lx80nuSijCz7sc3a277R67g,The app is good. Ai is developing and although it's not perfect it's probably the best out there. But I remember there used to be more features before like text to speech and a summary function. Now they're just gone even though I have a subscription. Would be great if those things came back.,5,2,1.1.136,2022-05-22 23:47:18,,,1.1.136,gam2799,com.aidungeon
5a6cd778-3b05-4016-8b1d-5de5c75d2e06,A Google user,https://play-lh.googleusercontent.com/EGemoI2NTXmTsBVtJqk8jxF9rh8ApRWfsIMQSt2uE4OcpQqbFu7f7NbTK05lx80nuSijCz7sc3a277R67g,I thought I would try it out to see if it was what I had hoped it would be. Unfortunately it quickly loses context and forgets names events time of day relationships etc.. At times it tries to force you to move the story in a different direction for that very reason. It can't remember the context the object or person in the story was coming from. Really hopeful though. I dont think it is worth any of the subscription levels. Investing in. Paying for Chat GPT plus may be a better deal.,2,32,1.2.47,2024-02-05 21:09:12,,,1.2.47,gam1242,com.aidungeon
e0972a6b-a041-4329-9305-4af80e75dc1e,A Google user,https://play-lh.googleusercontent.com/EGemoI2NTXmTsBVtJqk8jxF9rh8ApRWfsIMQSt2uE4OcpQqbFu7f7NbTK05lx80nuSijCz7sc3a277R67g,I've been having more fun with it since major updates have been made from the last time I played. However the bugs do tend to get pretty annoying from time to time.,4,0,1.2.72,2024-09-18 13:35:22,,,1.2.72,gam1886,com.aidungeon
076ebe3f-72c3-47c8-9563-f4c5fbe50305,アメリカ人americajin,https://play-lh.googleusercontent.com/a/ACg8ocK8PcMMdA-mLr5sqHgKMRwWTnRWjBW3WqcoWHvuJzwELRpvBg=mo,a very interesting and very interactive roleplaying experience. i am very impressed so far.,5,0,1.7.5,2024-06-24 22:23:43,Thank you! There is more to come. Stay tuned for updates!,2024-06-25 01:42:44,1.7.5,gam29772,com.aisuccess.ai_game_master
843c7061-c290-4de9-bd2e-04daa1133013,A Google user,https://play-lh.googleusercontent.com/EGemoI2NTXmTsBVtJqk8jxF9rh8ApRWfsIMQSt2uE4OcpQqbFu7f7NbTK05lx80nuSijCz7sc3a277R67g,Marked as free but there's no way to use it free. Requires an account and per-prompt/token payments.,1,0,1.2.72,2024-09-13 10:45:12,,,1.2.72,gam1916,com.aidungeon
ce718f3d-add0-4979-967c-21557100f169,A Google user,https://play-lh.googleusercontent.com/EGemoI2NTXmTsBVtJqk8jxF9rh8ApRWfsIMQSt2uE4OcpQqbFu7f7NbTK05lx80nuSijCz7sc3a277R67g,"The update that happened on Halloween sucked! The text is too big for my phone and now I have text being cut off. I am also running into the issue of the AI repeating itself after clicking retry. It changes ""SilverVale"" to ""SilverValley"" and even goes from ""She"" to ""He"" and it will not change it's narrative anymore! I also can't change the bot back to mature! I just cancelled my subscription free sites are better than this at least.",1,14,1.2.40,2023-10-31 21:30:35,,,1.2.40,gam1311,com.aidungeon
3670577c-0f03-4a03-93b8-bcfa7596b4c1,A Google user,https://play-lh.googleusercontent.com/EGemoI2NTXmTsBVtJqk8jxF9rh8ApRWfsIMQSt2uE4OcpQqbFu7f7NbTK05lx80nuSijCz7sc3a277R67g,I've been a user now for 2 years The update sucks. Actions are now limited unlike before I can play with the game every hour. How the hell you limit actions while my brain starts to get creative to rp I can't just wait for my actions to be filled while my brain is literally worked up for stories those ideas from my brain will be wasted or forgotten just because of a stupid limited actions,2,2,1.1.147,2022-07-17 11:02:03,We want all of our players to have a fantastic experience with our game. This is why we've been working so hard to find ways to reduce AI costs and can now offer all players gameplay uninterrupted by ads. Hope you enjoy the update and unlimited actions :) Let us know if you have any feedback at https://feedback.latitude.io/.,2023-01-18 10:32:57,1.1.147,gam14035,com.aidungeon
16566b77-e466-447b-b871-275db368008e,A Google user,https://play-lh.googleusercontent.com/EGemoI2NTXmTsBVtJqk8jxF9rh8ApRWfsIMQSt2uE4OcpQqbFu7f7NbTK05lx80nuSijCz7sc3a277R67g,Its quite good but it says certain things. So be careful.,3,0,,2023-04-03 14:40:11,,,,gam18255,com.aidungeon
8b7222b1-c020-4013-8ed6-45ed73fb3a52,A Google user,https://play-lh.googleusercontent.com/EGemoI2NTXmTsBVtJqk8jxF9rh8ApRWfsIMQSt2uE4OcpQqbFu7f7NbTK05lx80nuSijCz7sc3a277R67g,It was good until you hit the zero energy bar Im saying that the energy system is trash just add ads to the game for energy it well make more money pls remove the energy bar system that system ruined my experience:( Go join a role play discord server and do stuff there if you are broke like me Edit: or use Pygmalion cloud AI),3,0,1.1.52,2023-12-13 13:41:58,,,1.1.52,gam7105,com.aidungeon
602a8f1c-5ddd-4a66-9b90-f38eb17b312d,Rob Plant,https://play-lh.googleusercontent.com/a-/ALV-UjW2l00zVjCu8UrPhxFBfH3VCawDNtPoQAZ2nPT8veZiPpnbWRo,it's honestly a bit of fun worth downloading and playing but simply the technology just is not mature enough. responses can be janky and the encounter system can be counter intuitive especially when they happen in impossible situations such as in one of my runs a sith adept in the middle of speaking to the jedi high council. do try though Is a good bit of fun but definitely not worth subscription until things are developed further tokens are expensive for what you get.,3,1,1.7.9,2024-07-19 16:44:20,Thanks for your feedback! We hope that our future updates will enhance the experience and make it worth your time.,2024-07-21 16:13:26,1.7.9,gam29517,com.aisuccess.ai_game_master
55a9754a-2fd9-4ab1-bf10-31d170172942,A Google user,https://play-lh.googleusercontent.com/EGemoI2NTXmTsBVtJqk8jxF9rh8ApRWfsIMQSt2uE4OcpQqbFu7f7NbTK05lx80nuSijCz7sc3a277R67g,The concept is cool but the fact that I can't even pick my own profile pictures to use for this like character AI or most other AI apps knocks it down a few notches for me mainly because I like writing characters based off of art I actually enjoy using. Not AI art.,3,1,1.1.178,2023-08-26 02:16:10,,,1.1.178,gam4925,com.aidungeon
b3ce9530-7b6c-47fa-a354-5d873a5e561e,A Google user,https://play-lh.googleusercontent.com/EGemoI2NTXmTsBVtJqk8jxF9rh8ApRWfsIMQSt2uE4OcpQqbFu7f7NbTK05lx80nuSijCz7sc3a277R67g,It freezes way too often. Typing more than three to four sentences anywhere whether as part of the actual prompt memory writing style description of the story just anything will make the game increasingly laggy until it just freezes entirely. Only force stopping the app will clear it up. On top of that I get empty outputs quite often. Other than that? It's a pretty good time waster.,2,21,1.1.172,2022-12-13 19:34:33,Hey Kollum! We are sorry you are having this issue we are aware of the problem and working on a solution. Please feel free to contribute to any of the bug reports about this issue here: http://bugs.aidungeon.io/. Your help in fixing this bug is greatly appreciated! If you have any other questions reach out to us at support@aidungeon.io.,2022-12-14 19:53:54,1.1.172,gam1133,com.aidungeon
5901d5aa-af9c-4082-8f4b-802f78a502f3,Mark Mayhew,https://play-lh.googleusercontent.com/a/ACg8ocIJLuGCE2SFWtFzkSrPRGWkB0pumGhNp4a2d-f1indUqlCY-A=mo,I like it so far. I am excited to see it get more detailed and longer responses and more customization as it goes. I am paying premium so I expect updates often and for it to improve.,3,0,2.6.7,2023-11-22 10:58:43,Hi Mark! Thank you for your review and for purchasing premium! We are working on the game daily there are still a million ideas and plans. Stay tuned and enjoy!,2023-11-23 04:07:25,2.6.7,gam132,com.feynmanapps.aitales
c553edce-c37a-4907-aadb-57644dc058c0,A Google user,https://play-lh.googleusercontent.com/EGemoI2NTXmTsBVtJqk8jxF9rh8ApRWfsIMQSt2uE4OcpQqbFu7f7NbTK05lx80nuSijCz7sc3a277R67g,Gosh. I saw all the negative reviews and now I had to chime in to set the record straight. For all the people who rate this app negatively because they don't like Ads but at the same time also don't like paying for the app. You get what you pay for! This app is awesome!!! I played around with it and immediately paid for it. Never looked back never regretted it. This app is endless entertainment! Well done developers!,5,4,1.1.170,2022-09-26 16:49:19,Great news! We released a new update called Unchained. Ads no longer inhibit gameplay; all players have unlimited access to our base AI model (Griffin). Learn more at https://aidungeon.io/unchained :) We really appreciate your support and kind words Alexander.,2023-01-06 15:14:17,1.1.170,gam5375,com.aidungeon
e67d2292-0ff6-419d-8351-60b26d845423,Richard Ends,https://play-lh.googleusercontent.com/a/ACg8ocKULSXySwzzkvzjvwHIBMLdNBZ7U_iu_Y6WgvDIJ5hBpIqlMw=mo,Some inconsistencies but so far it's going well.,4,0,1.7.5,2024-06-26 10:24:44,Thanks for your feedback! We're glad it's going well overall. If you encounter any issues please let us know.,2024-06-26 15:19:24,1.7.5,gam29864,com.aisuccess.ai_game_master
b5fdf0d4-6a92-4dc8-9119-2ee936d21352,Luigi Mario,https://play-lh.googleusercontent.com/a-/ALV-UjXD7M8CcIeyPLtQx32i-A0NkJbsWWH-7B2Qqv6QzQ9_D7_wuQY,The music and graphics are quite relaxing but the AI struggles to write anything cohesive. It often restarts the story restates information or skips ahead. It feels disconnected from what's actually going on especially when I'm forced to end the story prematurely and it ends on a unrelated note. I also quite dislike how more often than not the responses are outcomes rather than actions breaking immersion. Thus far I've only tried the tales mode perhaps other modes will do better.,2,101,2.4.0,2023-01-31 19:35:00,Accepted! We continue to work on AI there is still potential and there are a lot of ideas. Thank you for the feedback. Work love and peace!,2023-02-01 11:46:38,2.4.0,gam16,com.feynmanapps.aitales
43a0723d-c48a-4fde-b1e5-fabda901f54b,A Google user,https://play-lh.googleusercontent.com/EGemoI2NTXmTsBVtJqk8jxF9rh8ApRWfsIMQSt2uE4OcpQqbFu7f7NbTK05lx80nuSijCz7sc3a277R67g,it's really good very impressive and immersive,4,0,1.1.178,2023-03-14 22:19:20,,,1.1.178,gam16283,com.aidungeon
f3c7a8db-69cb-43fb-8bd1-85f84d95d0d3,A Google user,https://play-lh.googleusercontent.com/EGemoI2NTXmTsBVtJqk8jxF9rh8ApRWfsIMQSt2uE4OcpQqbFu7f7NbTK05lx80nuSijCz7sc3a277R67g,The best part about this AI is that it simulates a player that roleplays you into dead ends so you have to feed it bread crumbs. It keeps giving you dead end narratives then you get to watch an ad to continue pulling teeth. That's a big brain move there,3,0,1.1.147,2022-07-17 11:27:15,We would love to look into any issues you might be having and help improve your experience. Please reach out to us at support@aidungeon.io. Ads no longer interrupt gameplay; all players have unlimited actions to our base AI model. Learn more at https://aidungeon.io/unchained.,2023-01-14 17:00:08,1.1.147,gam4910,com.aidungeon
18286d56-ab1c-4c90-907b-4700d71211ff,A Google user,https://play-lh.googleusercontent.com/EGemoI2NTXmTsBVtJqk8jxF9rh8ApRWfsIMQSt2uE4OcpQqbFu7f7NbTK05lx80nuSijCz7sc3a277R67g,Since my other review got deleted let's be a little harsher not worth it don't get it if it was a few years ago I would say try it because back then the AI was better it remembered characters better you didn't have to hold its hand and if you got raunchy it went right on with you now it fights you it completely changes how characters act and even what their gender is to my knowledge and reviews the steam version isn't better don't buy it it's worse because that one you have to buy.,1,4,1.1.153,2022-08-10 00:28:50,So sorry to hear that Jaden! If there are specific areas of improvement that you'd like to see in AI Dungeon then please add them to our feature requests page at https://feedback.latitude.io/.,2022-08-10 17:53:10,1.1.153,gam4777,com.aidungeon
83a4a890-a6bb-4fb8-b30c-36e83d38702f,A Google user,https://play-lh.googleusercontent.com/EGemoI2NTXmTsBVtJqk8jxF9rh8ApRWfsIMQSt2uE4OcpQqbFu7f7NbTK05lx80nuSijCz7sc3a277R67g,Gotta watch ads in order to even do stuff. They just got worse. Now u got to buy some tokens to buy scales to even play.,1,1,,2022-12-26 08:13:18,You don't need scales to play also free players have unlimited actions when using our base AI model Griffin. You no longer need to watch ads in order to get actions. If you are still being interrupted by ads please email us at support@aidungeon.io. Also make sure your app is up to date. Thanks!,2023-01-04 23:07:29,,gam11971,com.aidungeon
bbada770-dd9a-4d74-a40b-7e19a1ed2ccc,A Google user,https://play-lh.googleusercontent.com/EGemoI2NTXmTsBVtJqk8jxF9rh8ApRWfsIMQSt2uE4OcpQqbFu7f7NbTK05lx80nuSijCz7sc3a277R67g,The new update with storing actions is alot better than ads popping up it's made the game more enjoyable for me. There are some bugs I've noticed throughout playing though when I write to do an action it doesn't even register and it makes me rewrite it again or reopen the app completely. The AI for free users is boring and repetitive even with the right setup it only spews a few boring sentences. You have to PAY for better AI options. Don't have money? Poorer app quality.,2,19,1.1.172,2022-10-06 20:54:19,CreamSugar we would love to help you resolve this issue :) Please provide a detailed explanation of your problem at http://bugs.aidungeon.io/. If you have any other questions reach out to us at support@aidungeon.io. Significant updates are coming learn more at https://latitude.io/blog/next-steps-on-ai-dungeon.,2022-10-21 20:24:36,1.1.172,gam853,com.aidungeon
fc95af11-f6e1-4dfe-933f-e161e190d02f,A Google user,https://play-lh.googleusercontent.com/EGemoI2NTXmTsBVtJqk8jxF9rh8ApRWfsIMQSt2uE4OcpQqbFu7f7NbTK05lx80nuSijCz7sc3a277R67g,Had around 800+ actions stored up by watching ads then it was reset back to 10 due to an update. Very annoying and outright frustrating.,1,3,1.1.52,2022-07-24 02:53:07,Please reach out to us at support@aidungeon.io; we want to make things right. Great news! We released a new update called Unchained. Ads no longer inhibit gameplay; all players have unlimited access to our base AI model (Griffin). Learn more at https://aidungeon.io/unchained :),2023-01-13 16:54:52,1.1.52,gam7856,com.aidungeon
8322a200-8b79-4b1b-a058-aeb08e4d6245,A Google user,https://play-lh.googleusercontent.com/EGemoI2NTXmTsBVtJqk8jxF9rh8ApRWfsIMQSt2uE4OcpQqbFu7f7NbTK05lx80nuSijCz7sc3a277R67g,The app was fun until they added in ads..what was the reason for this? I'm confused the app was cool the way it was but they decided to put in ads. That's kind of annoying.,4,0,,2022-06-17 11:56:45,AI Dungeon is now unchained! Recent changes in AI cost made it possible for us to provide all players with unlimited access to Griffin our base AI model. We hope you will try out the new and improved experience! Learn more at https://aidungeon.io/unchained.,2023-01-18 16:17:43,,gam8186,com.aidungeon
b184b306-0301-45cb-a621-725d039a591d,A Google user,https://play-lh.googleusercontent.com/EGemoI2NTXmTsBVtJqk8jxF9rh8ApRWfsIMQSt2uE4OcpQqbFu7f7NbTK05lx80nuSijCz7sc3a277R67g,Extremely unintuitive and confusing setup and a very buggy app. It says half of the fields are optional until you actually try to create the world at which point it tells you to go back and fill in those fields. God knows what some of them mean however but it doesn't actually matter because once you fill everything in and try to finalise the creation nothing happens. You can't even get to the part where you interact with the AI.,1,29,1.1.172,2022-10-08 20:22:01,Hey Sam! Thanks for your review happy to address these concerns. Please reach out to us at support@aidungeon.io. significant updates are underway that will improve the way players experience AI Dungeon. Read more about them at https://latitude.io/blog/next-steps-on-ai-dungeon.,2022-10-18 21:15:39,1.1.172,gam2140,com.aidungeon
e4c77c5a-68de-4fa8-a287-7b3903ce2c29,A Google user,https://play-lh.googleusercontent.com/EGemoI2NTXmTsBVtJqk8jxF9rh8ApRWfsIMQSt2uE4OcpQqbFu7f7NbTK05lx80nuSijCz7sc3a277R67g,Its pretty cool. EDIT: Its not pretty good.,1,0,1.1.108,2022-01-22 03:05:21,,,1.1.108,gam20417,com.aidungeon
f0d5fc5b-9899-4250-85a7-d89ce7b432d3,A Google user,https://play-lh.googleusercontent.com/EGemoI2NTXmTsBVtJqk8jxF9rh8ApRWfsIMQSt2uE4OcpQqbFu7f7NbTK05lx80nuSijCz7sc3a277R67g,The new update is a huge improvement I can acualy play now,5,0,1.1.68,2023-01-18 01:43:13,Please try out our newest update called Unchained! Free play allows for unlimited actions on our base AI model (Griffin). Learn more at https://aidungeon.io/unchained. Weve also made other performance improvements with more planned for the future :) Reach out to us at support@aidungeon.io if you have any additional concerns happy to help.,2023-01-06 15:13:10,1.1.68,gam17690,com.aidungeon
1a216df9-429e-4348-8ba8-7c090d416511,A Google user,https://play-lh.googleusercontent.com/EGemoI2NTXmTsBVtJqk8jxF9rh8ApRWfsIMQSt2uE4OcpQqbFu7f7NbTK05lx80nuSijCz7sc3a277R67g,It was insanely good and entertaining but now I have some complaints. I would write for the AI then I would submit it but then it would just load for a while instead of submitting it right away. It mostly happens in the web version but it still happens in the app. Now there are ads for actions which I understand (isn't as bad as suddenly interrupting it) but the ads aren't able to be watched. I can only play this through the web version that's really laggy so thank you.,4,16,1.1.172,2022-11-14 04:30:57,Please try out our newest update called Unchained! Free play allows for unlimited actions on our base AI model (Griffin). Learn more at https://aidungeon.io/unchained. Weve also made other performance improvements with more planned for the future :) Reach out to us at support@aidungeon.io if you have any additional concerns happy to help.,2022-12-14 20:13:47,1.1.172,gam2336,com.aidungeon
db542965-578d-445e-99d1-e2d07f0c091e,Ian Ian,https://play-lh.googleusercontent.com/a/ACg8ocJo5TfXssL_a1SJyJVTegqnNnc-mTBLKAfMux9xu9tV9x8f6w=mo,It's fine. Sometimes the choices the ai gives me are the same just worded differently. Also each story is pretty short.,3,0,2.6.7,2023-11-30 02:20:48,Hi Ian! Thank you for your honest review! It's really appreciated. We are already experimenting with a few new ideas on how to make the variants less similar I think a week or two and it'll be in the game.,2023-11-30 07:12:26,2.6.7,gam206,com.feynmanapps.aitales
32d15264-2fab-49b4-8ad4-a7a65e8e4df4,A Google user,https://play-lh.googleusercontent.com/EGemoI2NTXmTsBVtJqk8jxF9rh8ApRWfsIMQSt2uE4OcpQqbFu7f7NbTK05lx80nuSijCz7sc3a277R67g,Great marvelous experience. With great imagination comes great scenario,5,0,1.2.69,2024-09-13 10:59:17,,,1.2.69,gam3038,com.aidungeon
b764494d-7c85-4da6-a3f5-c478a5e4ab1c,Kevin Putnam,https://play-lh.googleusercontent.com/a-/ALV-UjUvul8SVKO2tqKui2IVBJy3qqsUx6THFhxv6866c2zVlamLpZLS,Would be a decently fun game if the price point for tokens wasn't astronomically absurd.,1,1,1.0.2,2024-01-14 20:02:10,Sorry you feel that way! we're working on lowering prices and providing more free tokens. We're not a big development company and we pay OpenAI for every step you take in the adventure so we're trying to at least break even. **Update: We lowered our prices in our new version; you are welcome to check it out**,2024-02-01 04:50:16,1.0.2,gam29890,com.aisuccess.ai_game_master
95a66cc2-3e07-426d-8219-041d0e4fdf50,A Google user,https://play-lh.googleusercontent.com/EGemoI2NTXmTsBVtJqk8jxF9rh8ApRWfsIMQSt2uE4OcpQqbFu7f7NbTK05lx80nuSijCz7sc3a277R67g,Excellent game. This is one of my favorite apps and has been for a while. I absolutely love it. The way they have it set up right now (an ad for ten actions) is perfect in my opinion and fair for the developers to add. This is an edited review since I thought I had an autocorrect problem or bug with it because it wasn't doing that with any other app. Turns out I was wrong and something was up with my phone or something. So I have changed my review to five stars. Sorry about that developers!,5,1,,2022-08-01 18:25:32,No worries! Glad you're having a great time and thanks for the awesome review! :D,2022-08-03 16:14:46,,gam603,com.aidungeon
311e4694-82a6-40ad-8d83-a8541259a074,A Google user,https://play-lh.googleusercontent.com/EGemoI2NTXmTsBVtJqk8jxF9rh8ApRWfsIMQSt2uE4OcpQqbFu7f7NbTK05lx80nuSijCz7sc3a277R67g,Eh it's cool but now there's better alternatives for free. Try character.ai or chatgpt,3,1,1.1.172,2022-12-15 15:26:54,Great news! We released a new update called Unchained. Ads no longer inhibit gameplay; all players have unlimited access to our base AI model (Griffin). Learn more at https://aidungeon.io/unchained :),2022-12-16 14:39:37,1.1.172,gam17141,com.aidungeon
e98f2ff8-60c6-4dac-989b-1f5eea0e8528,A Google user,https://play-lh.googleusercontent.com/EGemoI2NTXmTsBVtJqk8jxF9rh8ApRWfsIMQSt2uE4OcpQqbFu7f7NbTK05lx80nuSijCz7sc3a277R67g,I can't find the world I have created,5,0,1.1.178,2023-03-27 18:30:27,Thanks for letting us know; please reach out to support@aidungeon.io so we can look into this.,2023-03-27 18:56:21,1.1.178,gam22664,com.aidungeon
b9197ec0-27c4-4b07-b0f4-7729ece5069c,A Google user,https://play-lh.googleusercontent.com/EGemoI2NTXmTsBVtJqk8jxF9rh8ApRWfsIMQSt2uE4OcpQqbFu7f7NbTK05lx80nuSijCz7sc3a277R67g,Needs better auto save. I keep starting adventures only to hit the back button by accident and lose EVERYTHING. Very frustrating.,3,0,1.1.134,2022-04-28 21:56:22,Hey Erik thanks for letting us know! If you're still running into this issue even after refreshing/updating the app then please email support@aidungeon.io for help.,2022-04-29 14:36:51,1.1.134,gam7402,com.aidungeon
c18d7161-c083-4b98-ac01-bb593eb82d9b,A Google user,https://play-lh.googleusercontent.com/EGemoI2NTXmTsBVtJqk8jxF9rh8ApRWfsIMQSt2uE4OcpQqbFu7f7NbTK05lx80nuSijCz7sc3a277R67g,Came back trying after two years. It was a really fun simple to use and honestly one of the top story ais out there! I loved using this when I get stumped in a fanfic idea. . But then this big update kinda ruined it making the whole thing laggy and unnecessarily complex in both web and movile version. As much as this might be great for other users I hope the UI and the whole thing reverts back to the old one:( it was rlly simple to use.,3,23,1.2.40,2023-11-14 00:32:12,,,1.2.40,gam2264,com.aidungeon
774dd5c5-949d-4da0-beec-63924b57826b,David Koristka,https://play-lh.googleusercontent.com/a/ACg8ocLvZ2sL5fYe0PXgDH2NBMhfsPYhbM4yNjH-QNgunftNV7xT-Q=mo,thus is a very fun game but it's unfortunate you can't use it that often if there were ads to earn tokens by watching ads that would be perfect,4,0,1.7.7,2024-06-30 05:58:29,Thanks for your feedback! We're glad you're enjoying the game. As a small team we understand that the token limit can be frustrating. While we'd love to offer an option to earn tokens by watching ads ad revenue alone can't cover the costs of maintaining and developing the AI. Update: You now get 5 tokens every 4 hoursjust click to claim!,2024-08-12 11:19:45,1.7.7,gam29664,com.aisuccess.ai_game_master
3850c218-518a-40b7-8133-305a042141c4,A Google user,https://play-lh.googleusercontent.com/EGemoI2NTXmTsBVtJqk8jxF9rh8ApRWfsIMQSt2uE4OcpQqbFu7f7NbTK05lx80nuSijCz7sc3a277R67g,Updated Review: Able to load properly again and I'm happy to say I can use this app for exactly what I was using it for before!,5,0,1.2.49,2024-06-06 23:50:00,That's great to hear! We appreciate you updating your review and letting us know the solution we implemented is working for you.,2024-06-07 14:27:52,1.2.49,gam10692,com.aidungeon
15b7c9f3-5c26-4c3c-99d4-68717028a1d9,Audrey Tyler,https://play-lh.googleusercontent.com/a-/ALV-UjXyuaVwGCsfNQ4uR9Ho86IkvJFr_XgLAqqcLcmQWxY-Zp--ay8L,Great concept but the token system is far too restrictive.,3,0,1.6.3,2024-05-17 04:43:47,,,1.6.3,gam29782,com.aisuccess.ai_game_master
3e4d7a7f-a0a2-4ea4-8234-c24a16916f92,A Google user,https://play-lh.googleusercontent.com/EGemoI2NTXmTsBVtJqk8jxF9rh8ApRWfsIMQSt2uE4OcpQqbFu7f7NbTK05lx80nuSijCz7sc3a277R67g,The interface is just way too poor. The text goes off the screen when answering questions for other people's scenarios adding things to trash doesn't work 80% of the time you can't click on the story before deleting to make sure it's the right one and there's no way to search for tags. I don't feel like this is a lot to ask for *They also took away the creativity/permadeath options for whatever reason.,3,30,1.1.134,2022-05-06 15:17:32,,,1.1.134,gam2685,com.aidungeon
7ea6eabf-d1c5-47e7-9038-548cd4e54b07,A Google user,https://play-lh.googleusercontent.com/EGemoI2NTXmTsBVtJqk8jxF9rh8ApRWfsIMQSt2uE4OcpQqbFu7f7NbTK05lx80nuSijCz7sc3a277R67g,It was for a laugh But I hate subscriptions,2,0,1.1.139,2022-06-07 02:38:22,,,1.1.139,gam20949,com.aidungeon
c57d9761-9226-4d9b-917c-9da9c699c1f9,Lane Kern,https://play-lh.googleusercontent.com/a-/ALV-UjVd2yPxc9h8LQdbHVhR2dqd-M2v8uSfKeoKz6bfNbPL2x-tAV3S,I absolutely love the app it's really nice I like how u can have multiple companions at once,5,0,1.9.6,2024-10-11 12:54:16,Thanks so much for the love and support!!! Welcome to join in on the fun in the Discord server or hit us up on gm@aigamemaster.app for any additional praise ;-) Seriously we love hearing from our users so don't be a stranger - if anything's good or bad do let us know! Thanks again for the support!,2024-10-11 13:43:58,1.9.6,gam29960,com.aisuccess.ai_game_master
682027c9-e145-4678-b0c7-be33396b0532,Amawyn Oakleaf,https://play-lh.googleusercontent.com/a-/ALV-UjWdTEVbe1XbQ-1uL0baKmkL8Bpkp_uoIX9GwgQVQhteh-tFAKo,Very fun! The AI is pretty good especially when I use the dice instead of free-writing. I'd like more stories like Time Machine inspired by real novels hope more are added someday. Thanks!,5,0,,2023-03-24 11:26:17,Thank you Amawyn! We are working on a collection of stories! Updates coming soon,2023-03-24 12:18:19,,gam151,com.feynmanapps.aitales
250e9067-0f2b-4f57-8d4d-f4c66eabdb2b,A Google user,https://play-lh.googleusercontent.com/EGemoI2NTXmTsBVtJqk8jxF9rh8ApRWfsIMQSt2uE4OcpQqbFu7f7NbTK05lx80nuSijCz7sc3a277R67g,This app has been officially ruined by the constant bombardment of ads. I preferred the energy to this BS.,1,1,1.1.147,2022-06-30 04:16:32,Ads no longer interrupt gameplay; all players have unlimited actions to our base AI model. Learn more at https://aidungeon.io/unchained. If you have any feedback or suggestions on how we can improve please let us know at https://feedback.latitude.io/.,2023-01-18 14:07:57,1.1.147,gam12292,com.aidungeon
ce6a65a5-a105-4179-a7b0-f6802070e7af,A Google user,https://play-lh.googleusercontent.com/EGemoI2NTXmTsBVtJqk8jxF9rh8ApRWfsIMQSt2uE4OcpQqbFu7f7NbTK05lx80nuSijCz7sc3a277R67g,It is hard to play at first but after you learn how to use it it gets easier 9.5/10,5,0,1.1.63,2022-04-11 08:27:50,Hi Fuzzle thanks for the feedback! We're glad to hear spending more time with the AI has paid off and we hope it continues to provide you with meaningful adventures and storytelling experiences!,2022-04-15 14:21:45,1.1.63,gam13506,com.aidungeon
fe1a820a-aa19-4254-9229-43ff5feea59e,A Google user,https://play-lh.googleusercontent.com/EGemoI2NTXmTsBVtJqk8jxF9rh8ApRWfsIMQSt2uE4OcpQqbFu7f7NbTK05lx80nuSijCz7sc3a277R67g,They replaced the minor paywall that existed to use the extra features with mandatory ads that you have to see even if you don't want anything extra. Nothing more immersive than a blaring advertisment! Thanks for consistently making the game less fun with every major update.,1,2,1.1.172,2022-12-07 03:31:05,AI Dungeon is now unchained! Recent changes in AI cost made it possible for us to provide all players with unlimited access to Griffin our base AI model. We hope you will try out the new and improved experience! Learn more at https://aidungeon.io/unchained.,2022-12-13 14:29:55,1.1.172,gam6112,com.aidungeon
6b8a238d-315f-41b1-b6fe-4cd9b48b36d5,A Google user,https://play-lh.googleusercontent.com/EGemoI2NTXmTsBVtJqk8jxF9rh8ApRWfsIMQSt2uE4OcpQqbFu7f7NbTK05lx80nuSijCz7sc3a277R67g,This game is really fun it's different every time.,5,0,1.1.108,2022-01-18 13:01:49,,,1.1.108,gam17346,com.aidungeon
8d40252e-165a-43ed-a259-1de5301660a3,A Google user,https://play-lh.googleusercontent.com/EGemoI2NTXmTsBVtJqk8jxF9rh8ApRWfsIMQSt2uE4OcpQqbFu7f7NbTK05lx80nuSijCz7sc3a277R67g,"Actual Review: 2 stars. Pros: A good game with an extremely fun and creatuve community. You can make your own stories yes even fanfiction. Cons: If you even think of logging back in without/forgetting to turn off your wifi enjoy an error message and an inability to login. RIP Energy system it was extremely great since taking a break essentially rewarded you and it even avoids burnout/boredom. The AI can go from ""Genius"" to ""SqUaRe Go tO CiRcLe"" New system = Enjoy watching ads and farming it",2,8,1.1.161,2022-08-19 09:58:04,AI Dungeon is now unchained! Recent changes in AI cost made it possible for us to provide all players with unlimited access to Griffin our base AI model. We hope you will try out the new and improved experience! Learn more at https://aidungeon.io/unchained. If you are still having issues we want to help please email us at support@aidungeon.io :),2023-01-11 14:28:45,1.1.161,gam2806,com.aidungeon
939cd843-ded9-4b40-be6a-5bf5c81d657b,A Google user,https://play-lh.googleusercontent.com/EGemoI2NTXmTsBVtJqk8jxF9rh8ApRWfsIMQSt2uE4OcpQqbFu7f7NbTK05lx80nuSijCz7sc3a277R67g,It works absolutely well when you use it correctly. There are a lot of tools to personalize your adventures and to help the AI remember things. Also writing stories in existing universes is very satisfying the AI having a pretty good base on those universes.,5,0,1.2.69,2024-09-12 13:44:07,,,1.2.69,gam1871,com.aidungeon
078215a1-177d-4be6-9257-94c83c01799e,A Google user,https://play-lh.googleusercontent.com/EGemoI2NTXmTsBVtJqk8jxF9rh8ApRWfsIMQSt2uE4OcpQqbFu7f7NbTK05lx80nuSijCz7sc3a277R67g,"The new systems implemented have made the experience much better and more fluid. I did find using scales for energy as a decent system but I'm much more content with having this current system of speeding up the AI with scales rather than an energy system. It's still rough at times especially with the ""See"" function but it's much better now.",4,2,,2023-01-18 01:20:52,Please try out our newest update called Unchained! Free play allows for unlimited actions on our base AI model (Griffin). Learn more at https://aidungeon.io/unchained. Weve also made other performance improvements with more planned for the future :) Reach out to us at support@aidungeon.io if you have any additional concerns happy to help.,2023-01-12 16:35:11,,gam900,com.aidungeon
630fe506-a539-4a84-be48-237f08c93fb6,A Google user,https://play-lh.googleusercontent.com/EGemoI2NTXmTsBVtJqk8jxF9rh8ApRWfsIMQSt2uE4OcpQqbFu7f7NbTK05lx80nuSijCz7sc3a277R67g,I will love to play if there are RPG mode,5,0,,2023-03-22 11:15:45,,,,gam19952,com.aidungeon
acc16363-ea2b-4c60-b4ac-b4063685bde9,A Google user,https://play-lh.googleusercontent.com/EGemoI2NTXmTsBVtJqk8jxF9rh8ApRWfsIMQSt2uE4OcpQqbFu7f7NbTK05lx80nuSijCz7sc3a277R67g,Update: I redownloaded the game to lose braincells but it's now back to its old ways. My one complaint is that the layout is c tier I want it back to when it looked like a Cards Against Humanity knock off.,3,1,1.1.46,2022-01-07 15:46:46,,,1.1.46,gam7240,com.aidungeon
55463275-efd8-45d4-b267-d4aef8c5c517,A Google user,https://play-lh.googleusercontent.com/EGemoI2NTXmTsBVtJqk8jxF9rh8ApRWfsIMQSt2uE4OcpQqbFu7f7NbTK05lx80nuSijCz7sc3a277R67g,Its interesting and would have interesting applications as a solo dnd game. The energy system needs to be scrap there are many other ways to earn money out of it that dont require limiting the game time. I would like it they could contact wizards of the coast and get permitions to make some kind of actual dnd ai dm. Also give a patreon so we can support. Not enough apps like this out there.,2,1,,2022-05-03 00:43:02,Hey Thomas! Many recent changes; all players have unlimited actions uninterrupted by ads or hindered by energy (no more energy). We appreciate your support and hope you try out the latest update; learn more here: https://aidungeon.io/unchained. If you have any questions or concerns please reach out to us at support@aidungeon.io.,2023-01-19 15:11:41,,gam2829,com.aidungeon
b715809f-1ba7-455f-b8b7-02a757fe26c2,C F (Reya),https://play-lh.googleusercontent.com/a/ACg8ocJMM5sJvim9PuPvoQpW1XWQmGysioymQjh4a-HRD2FxewtQKw=mo,Absolutely incredible. Descriptive and beautiful,5,0,1.6.3,2024-05-13 21:08:33,,,1.6.3,gam29810,com.aisuccess.ai_game_master
bd0e438a-46ad-41ce-9611-fba371e3de5d,A Google user,https://play-lh.googleusercontent.com/EGemoI2NTXmTsBVtJqk8jxF9rh8ApRWfsIMQSt2uE4OcpQqbFu7f7NbTK05lx80nuSijCz7sc3a277R67g,I feel bad for the low rating of this game. Its a really fun idea but people (understandably) didnt like it when the griffin AI had constsnt advertisements. They listened and now you can play all you want without having to watch ads. Much smoother experience keep it up!,5,0,1.1.119,2023-01-04 00:22:54,We really appreciate your 5-star review! If you have any feedback or suggestions on how we can improve please let us know at https://feedback.latitude.io/. We are glad to hear your experience has been better with our most recent release.,2023-01-04 16:40:20,1.1.119,gam1488,com.aidungeon
b5451d76-d435-405e-a2d2-d4e8ab04a3a6,A Google user,https://play-lh.googleusercontent.com/EGemoI2NTXmTsBVtJqk8jxF9rh8ApRWfsIMQSt2uE4OcpQqbFu7f7NbTK05lx80nuSijCz7sc3a277R67g,"""o jogo era incrvel durante a metade de 2020 desde o final de 2020 pra c o jogo ta horroroso MAS parece que ta lentamente voltando ser divertido."" Minha avaliao de 2021 voltei a jogar e posso dizer que durante suas pocas altas e baixas Acho que hoje em dia a melhor poca para se comear a jogar AI Dungeon",5,7,1.1.178,2023-03-09 16:16:07,,,1.1.178,gam25731,com.aidungeon
e2f21a3b-7a32-43b8-a9ba-1bcdf7f3a7c0,A Google user,https://play-lh.googleusercontent.com/EGemoI2NTXmTsBVtJqk8jxF9rh8ApRWfsIMQSt2uE4OcpQqbFu7f7NbTK05lx80nuSijCz7sc3a277R67g,I hope they remove the limit for energy:(,2,2,,2022-10-14 09:36:29,Hey Grace! Thanks for the review we understand your frustration. Ads help us keep the game sustainable and free for players as well as enable unlimited gameplay. Please provide feedback as we consider ways to adjust ads moving forward: https://feedback.latitude.io/. View our future plans here: https://latitude.io/blog/next-steps-on-ai-dungeon/.,2022-10-18 20:17:50,,gam20583,com.aidungeon
b8c5fcf5-94a8-4dec-bf01-e788ba948144,Connor Copeland,https://play-lh.googleusercontent.com/a/ACg8ocLkR1jP3Ef24vvwYAHnKkQwz14i2HAXPSdAdDZHOQ2MYagXIQ=mo,"Pretty decent overall sometimes I have to waste my responses reminding it to actually perform a certain task though. ""I rest until I am healed"" ""you rest until you're healed"" (did not heal my character though just said it did) ""bad ai you forgot to heal me"" ""You're healed"" (usually does this time). etc. Besides that though I like the artwork generation and all of that and how it doesn't necessarily require you to fully write the story yourself like some other similar apps.",4,0,1.3.7,2024-03-22 00:45:16,Thanks for sharing your experience! We're actively addressing issues like the one you've encountered to enhance responsiveness and accuracy especially in task execution. Your insights are invaluable in this process. It's great to hear you appreciate the artwork and narrative elements. We're dedicated to continuously improving the game for you.,2024-03-24 04:26:48,1.3.7,gam29707,com.aisuccess.ai_game_master
9432f3ef-e2ec-4e4b-918f-999572034d64,A Google user,https://play-lh.googleusercontent.com/EGemoI2NTXmTsBVtJqk8jxF9rh8ApRWfsIMQSt2uE4OcpQqbFu7f7NbTK05lx80nuSijCz7sc3a277R67g,the app looks good so far I would definitely recommend for people with money,4,0,1.2.49,2024-04-10 10:15:23,,,1.2.49,gam16201,com.aidungeon
fd8e9823-87c1-4049-8ac1-beb6d10fa116,A Google user,https://play-lh.googleusercontent.com/EGemoI2NTXmTsBVtJqk8jxF9rh8ApRWfsIMQSt2uE4OcpQqbFu7f7NbTK05lx80nuSijCz7sc3a277R67g,although fun if you want something you'll suddenly find it. the adaptive algorithm is to open to becoming over powered too quickly in my mind. also if your not looking for things it won't give them to you.,4,0,1.1.178,2023-09-14 09:33:22,,,1.1.178,gam5230,com.aidungeon
e45eaf22-d1e9-4289-bf9a-c50209e74d8a,A Google user,https://play-lh.googleusercontent.com/EGemoI2NTXmTsBVtJqk8jxF9rh8ApRWfsIMQSt2uE4OcpQqbFu7f7NbTK05lx80nuSijCz7sc3a277R67g,What's with the limits of the redo and retry? Its not fun to create storylines if the redo button is restricted with some gamepass and ads,3,1,1.1.147,2022-07-08 13:31:44,Ads no longer interrupt gameplay; all players have unlimited actions to our base AI model :) Learn more at https://aidungeon.io/unchained. If you have any feedback or suggestions on how we can improve please let us know at https://feedback.latitude.io/.,2023-01-14 14:29:18,1.1.147,gam11661,com.aidungeon
f79b6ce3-d83f-479d-bfef-5348423f1c40,A Google user,https://play-lh.googleusercontent.com/EGemoI2NTXmTsBVtJqk8jxF9rh8ApRWfsIMQSt2uE4OcpQqbFu7f7NbTK05lx80nuSijCz7sc3a277R67g,it's alittle confusing to work,3,0,1.1.178,2023-03-21 19:40:30,Hey Darryl! If you haven't already be sure to check out our guidebook: https://help.aidungeon.io/. If you have any questions please reach out to us at support@aidungeon.io.,2023-03-28 19:03:20,1.1.178,gam20128,com.aidungeon
fb7e9a72-f2ee-4765-bb36-613db88183bb,A Google user,https://play-lh.googleusercontent.com/EGemoI2NTXmTsBVtJqk8jxF9rh8ApRWfsIMQSt2uE4OcpQqbFu7f7NbTK05lx80nuSijCz7sc3a277R67g,the ads just ruined it for me,1,1,1.1.147,2022-07-17 00:25:29,Great news! We released a new update called Unchained. Ads no longer inhibit gameplay; all players have unlimited access to our base AI model (Griffin). Learn more at https://aidungeon.io/unchained :),2023-01-13 18:11:42,1.1.147,gam18023,com.aidungeon
d3fb26ef-e035-44ac-8097-4c63ac8e8717,A Google user,https://play-lh.googleusercontent.com/EGemoI2NTXmTsBVtJqk8jxF9rh8ApRWfsIMQSt2uE4OcpQqbFu7f7NbTK05lx80nuSijCz7sc3a277R67g,This app is absolutely amazing the devolper is a genius! I'm so impressed. Hours and hours of entertainment! *used to be this way now it's paywall piecemeal garbage*,1,0,1.1.36,2024-08-29 23:45:19,,,1.1.36,gam7947,com.aidungeon
af2f42ce-a8f1-40bf-af1e-57dd355e6705,A Google user,https://play-lh.googleusercontent.com/EGemoI2NTXmTsBVtJqk8jxF9rh8ApRWfsIMQSt2uE4OcpQqbFu7f7NbTK05lx80nuSijCz7sc3a277R67g,AI dungeon is a really nice platform to roleplay in very responsive and well reacting AI.,4,0,1.2.49,2024-05-06 21:25:07,Thanks Aaron for taking the time to leave us a review. If there's anything we can do to improve your experience please reach out to us at support@aidungeon.com.,2024-05-08 19:26:45,1.2.49,gam12754,com.aidungeon
f3d2cc3e-1cab-4e22-8247-d2f681300c4e,A Google user,https://play-lh.googleusercontent.com/EGemoI2NTXmTsBVtJqk8jxF9rh8ApRWfsIMQSt2uE4OcpQqbFu7f7NbTK05lx80nuSijCz7sc3a277R67g,it can be a hassle while loading but it's really fun. just like writing your own story. ),4,0,1.1.178,2023-05-13 10:33:34,,,1.1.178,gam12521,com.aidungeon
5496a826-c6e2-420f-9988-d77258cd755b,A Google user,https://play-lh.googleusercontent.com/EGemoI2NTXmTsBVtJqk8jxF9rh8ApRWfsIMQSt2uE4OcpQqbFu7f7NbTK05lx80nuSijCz7sc3a277R67g,a great Ai service but 1 star taken off because it is likely it will crash a lot when typing long responses.,4,0,1.1.172,2023-02-10 22:34:14,,,1.1.172,gam13233,com.aidungeon
38d57be8-75b1-461a-8a17-a41e987b0db6,A Google user,https://play-lh.googleusercontent.com/EGemoI2NTXmTsBVtJqk8jxF9rh8ApRWfsIMQSt2uE4OcpQqbFu7f7NbTK05lx80nuSijCz7sc3a277R67g,Ads are annoying and the ai is horrible.,1,3,1.1.147,2022-06-23 19:42:23,We want all of our players to have a fantastic experience with our game. This is why we've been working so hard to find ways to reduce AI costs and can now offer all players gameplay uninterrupted by ads. Hope you enjoy the update and unlimited actions :) Let us know if you have any feedback at https://feedback.latitude.io/.,2023-01-18 15:21:07,1.1.147,gam16509,com.aidungeon
60412660-06f2-4e56-bede-1c2babf507fa,A Google user,https://play-lh.googleusercontent.com/EGemoI2NTXmTsBVtJqk8jxF9rh8ApRWfsIMQSt2uE4OcpQqbFu7f7NbTK05lx80nuSijCz7sc3a277R67g,A couple months ago I reviewed this app with a 4/5 my main gripes being the (previously) bad AI rather scummy energy system and the laggy on the mobile app. Two new models were introduced which are infinitely better than the old ones. They also removed the energy system making playing much smoother. Now the laggy app still remains but much less bad and I do use ab ancient 1Gb RAM phone so the fact it doesn't crash randomly is a miracle. Thanks Latitude!,5,13,1.2.49,2024-05-04 14:07:25,,,1.2.49,gam1951,com.aidungeon
223e1524-0874-4b83-a725-2efdb0b2976f,Joel Blankenship,https://play-lh.googleusercontent.com/a-/ALV-UjWeY1T4i7-zyF5_zjEMpS9FFOD2nvaloiUE3Y3oL7i49zO1iEw,The game's narrative is well-crafted but its lack of total freedom and tendency to deviate from the main plot may be seen as drawbacks.,1,0,1.7.7,2024-07-06 22:52:06,I'm sorry to hear you feel that way. Could you let us know what specifically you didn't like? Your feedback is important to us and helps us improve.,2024-06-19 02:41:25,1.7.7,gam29657,com.aisuccess.ai_game_master
5b9dae11-719c-4a95-a760-251c6cc354b5,A Google user,https://play-lh.googleusercontent.com/EGemoI2NTXmTsBVtJqk8jxF9rh8ApRWfsIMQSt2uE4OcpQqbFu7f7NbTK05lx80nuSijCz7sc3a277R67g,Very deep and well made. It also has a good balance with all the different campaigns. Also it let's you find who you really are. Very good game highly recommend this game,5,0,1.2.66,2024-08-18 21:35:32,,,1.2.66,gam1988,com.aidungeon
ada5e8ba-363f-49b3-88d8-0d61df316fec,A Google user,https://play-lh.googleusercontent.com/EGemoI2NTXmTsBVtJqk8jxF9rh8ApRWfsIMQSt2uE4OcpQqbFu7f7NbTK05lx80nuSijCz7sc3a277R67g,the app WAS good for a while for me. but loading times opening it have gotten TERRIBLE. the UI regularly completely shuts down. the ai regularly forgets what it's trying to do and repeats a completely separate part of what was going on and that's with the version I PAY FOR. whatever they've been TRYING to do they need to quit SOON because it went from a nice way to kill an hour or so to a frustrating experience just trying to OPEN the app let alone actually run it for a minute or less.,1,42,1.2.49,2024-05-30 00:39:11,,,1.2.49,gam525,com.aidungeon
53ef8438-5588-47f2-a73e-53cca0228b3a,A Google user,https://play-lh.googleusercontent.com/EGemoI2NTXmTsBVtJqk8jxF9rh8ApRWfsIMQSt2uE4OcpQqbFu7f7NbTK05lx80nuSijCz7sc3a277R67g,the ai in this game is completely broken you put one word more then once and it becomes addicted to using that word every time you do an action and its infuriating it refuses to follow a story and its very difficult to buy the premium since you cant buy it with your google account. if you want good ai that will tell an actual good story block this game from your memory.,1,1,1.1.147,2022-07-17 09:28:04,Great news! We released a new update called Unchained. Ads no longer inhibit gameplay; all players have unlimited access to our base AI model (Griffin). Learn more at https://aidungeon.io/unchained :) Also you can purchase subscriptions through Google; if you have any issues please reach out to us at support@aidungeon.io.,2023-01-18 10:59:54,1.1.147,gam2667,com.aidungeon
f1ce9bfd-2850-431e-865a-649e82046cc9,A Google user,https://play-lh.googleusercontent.com/EGemoI2NTXmTsBVtJqk8jxF9rh8ApRWfsIMQSt2uE4OcpQqbFu7f7NbTK05lx80nuSijCz7sc3a277R67g,This app has come a long way. I am impressed. I created a custom adventure about vampires and it seemed pretty intelligent on where the story should go. Kudos to the developers I didn't like this app before but I tried it again more recently and it has come a long way in its development.,4,1,1.1.119,2022-02-20 20:03:10,,,1.1.119,gam5650,com.aidungeon
f4e096f3-9511-41e2-9515-780d72542c82,A Google user,https://play-lh.googleusercontent.com/EGemoI2NTXmTsBVtJqk8jxF9rh8ApRWfsIMQSt2uE4OcpQqbFu7f7NbTK05lx80nuSijCz7sc3a277R67g,it's pretty good but sometimes things it sais don't make much sense. still it is impressive that it can do as much as it can. I look forward to later versions.,4,0,1.1.178,2023-08-28 18:20:20,,,1.1.178,gam7773,com.aidungeon
81ac3517-c340-4a79-8e25-54b9ce762e51,A Google user,https://play-lh.googleusercontent.com/EGemoI2NTXmTsBVtJqk8jxF9rh8ApRWfsIMQSt2uE4OcpQqbFu7f7NbTK05lx80nuSijCz7sc3a277R67g,this is Hella fun I've wanted to roleplay buf don't find people to do it with but now I don't need to,5,0,1.2.72,2024-09-25 00:21:14,,,1.2.72,gam3437,com.aidungeon
817f4766-351d-4e7c-8d89-62b970e431cb,Jascha Sherwin,https://play-lh.googleusercontent.com/a-/ALV-UjURfzJ3rPD5sRNLnZxMUY8XQy9N_1xmBzqJBPxkmvAey-hwiQv9,The game is good i under stand that thay can't make it free but I still like it,3,0,,2022-07-21 17:52:26,Your feedback is clear. Unfortunately we cannot do everything for free the game requires expensive GPU servers for the operation of neural networks and we are only a small team of scientists and enthusiasts. Hope for your understanding. Update: Thanks for the update!,2022-07-22 11:11:35,,gam342,com.feynmanapps.aitales
5b27e5de-2c38-4326-9726-2876412e80ff,A Google user,https://play-lh.googleusercontent.com/EGemoI2NTXmTsBVtJqk8jxF9rh8ApRWfsIMQSt2uE4OcpQqbFu7f7NbTK05lx80nuSijCz7sc3a277R67g,Can't even get the app to work. Also they keep deleting my review.,1,2,,2022-01-08 04:18:31,Sorry to hear this is happening. Please reach out to us at support@aidungeon.io so we can help!,2022-01-05 12:03:18,,gam15851,com.aidungeon
6cbd1706-65d3-4df6-aa70-75a99d194f8b,A Google user,https://play-lh.googleusercontent.com/EGemoI2NTXmTsBVtJqk8jxF9rh8ApRWfsIMQSt2uE4OcpQqbFu7f7NbTK05lx80nuSijCz7sc3a277R67g,I am not a frequent user nor am I a very old user. I download this a few years ago and used it several times. The AI can hold on the story pretty well expecially on the world preset if you want a better story the scenario is good fun if you are bored. I'm not sure about the paid AI. Bur the free one in my opinion is what you can expect from a free AI. I don't think I can find any AI on this level anywhere for free.,5,2,1.1.161,2022-08-16 12:38:37,Thanks for the epic review Eni We're happy you're enjoying your time in AI Dungeon!,2022-08-17 14:24:51,1.1.161,gam2475,com.aidungeon
d1835e41-b1b7-41ed-acae-8874e5df0287,A Google user,https://play-lh.googleusercontent.com/EGemoI2NTXmTsBVtJqk8jxF9rh8ApRWfsIMQSt2uE4OcpQqbFu7f7NbTK05lx80nuSijCz7sc3a277R67g,I've been using this app for a very long time. I do not approve of the limited actions I understand wanting your project to be supported but I do not think this is the right approach to gaining support.,2,0,1.1.153,2022-08-08 23:33:42,Great news! We released a new update called Unchained. Ads no longer inhibit gameplay; all players have unlimited access to our base AI model (Griffin). Learn more at https://aidungeon.io/unchained :),2023-01-12 18:39:56,1.1.153,gam10647,com.aidungeon
a91fe9a3-970e-403d-ba39-c39e4264ea96,A Google user,https://play-lh.googleusercontent.com/EGemoI2NTXmTsBVtJqk8jxF9rh8ApRWfsIMQSt2uE4OcpQqbFu7f7NbTK05lx80nuSijCz7sc3a277R67g,Good but it meeds a event or something where peaple can bet up to 100 messeges every 3 days or smthn. It'll spice it up and make more ppl enjoy the app better than it is now.,3,0,1.2.47,2024-02-08 00:37:51,Thanks for your feedback and suggestion Ronald!,2024-02-08 14:17:36,1.2.47,gam12791,com.aidungeon
11648964-eeb0-4819-8f4f-bc875df4be36,A Google user,https://play-lh.googleusercontent.com/EGemoI2NTXmTsBVtJqk8jxF9rh8ApRWfsIMQSt2uE4OcpQqbFu7f7NbTK05lx80nuSijCz7sc3a277R67g,After playing Character Ai now it's very clear how bad Ai Dungeon's free model is.,1,1,1.1.178,2023-11-10 15:04:56,,,1.1.178,gam14542,com.aidungeon
2ebc37fc-ac2d-44fc-b0d5-ea92e0155e4d,A Google user,https://play-lh.googleusercontent.com/EGemoI2NTXmTsBVtJqk8jxF9rh8ApRWfsIMQSt2uE4OcpQqbFu7f7NbTK05lx80nuSijCz7sc3a277R67g,Overly monetized and is horrible. Used to be better.,1,0,,2022-05-09 22:35:53,Hey Winter we appreciate the feedback! If there are specific areas of improvement that you'd like to see then please share them in the Feature Requests or Bug Reports forums in feedback.latitude.io or email them to us at support@aidungeon.io. Thank you!,2022-05-13 15:40:34,,gam17266,com.aidungeon
95887737-d1b3-4845-9e19-b1b74ee37ba0,A Google user,https://play-lh.googleusercontent.com/EGemoI2NTXmTsBVtJqk8jxF9rh8ApRWfsIMQSt2uE4OcpQqbFu7f7NbTK05lx80nuSijCz7sc3a277R67g,I had to restart to download this new update and now its gone I can't get to it at all its just gone not Uninstalled just gone.,2,3,1.1.153,2022-08-08 13:36:56,Howdy! The Google Play App issue was fixed and the Android app should be working for all players. If youre still having trouble after this update please let us know. Thanks for your patience as we resolved this issue!,2022-08-17 17:59:00,1.1.153,gam12925,com.aidungeon
309f0d90-47e0-4ed9-9a62-4e06c3689415,A Google user,https://play-lh.googleusercontent.com/EGemoI2NTXmTsBVtJqk8jxF9rh8ApRWfsIMQSt2uE4OcpQqbFu7f7NbTK05lx80nuSijCz7sc3a277R67g,I love the way you can do ANYTHING YOU WANT and theres no way it can get any better!,5,0,,2022-03-20 13:28:53,,,,gam15435,com.aidungeon
5646f162-2aab-4d9a-8538-89e5025e7cec,A Google user,https://play-lh.googleusercontent.com/EGemoI2NTXmTsBVtJqk8jxF9rh8ApRWfsIMQSt2uE4OcpQqbFu7f7NbTK05lx80nuSijCz7sc3a277R67g,I will admit the AI has gotten better but now it's the ads. I was mad about the energy but this is just stupid now. After every action you must play an ad or you turn on the experimental features and you are forced to watch a ad every 10 actions (or 10 retries which happen alot). I am watching a 30 second ad to play the game for about 45-60 seconds. I want the old energy system back with ads adding energy including the every 5 minutes equals 1 energy or not then make each ad add 100 actions.,2,45,1.1.147,2022-07-15 23:57:35,Free play is now an unlimited experience! Ads no longer interrupt gameplay; all players have unlimited actions when using Griffin (our base AI model). Learn more at https://aidungeon.io/unchained. We will continue to improve our model and overall game experience. Stay tuned for more exciting updates :),2023-01-13 18:13:28,1.1.147,gam736,com.aidungeon
3ba0b603-025f-41eb-98b9-1780e149ecf8,A Google user,https://play-lh.googleusercontent.com/EGemoI2NTXmTsBVtJqk8jxF9rh8ApRWfsIMQSt2uE4OcpQqbFu7f7NbTK05lx80nuSijCz7sc3a277R67g,cool ai :D surprised it's rated 3.2 since it's a free app and profit is made off of ads for people who don't pay. Most bad ratings are to do with ads but I think it's reasonable for the quality \_()_/,5,3,1.1.161,2022-08-13 21:15:06,Thanks for your support Charlie :) Recent changes in AI cost made it possible for us to provide all players with unlimited access to Griffin our base AI model. Learn more at https://aidungeon.io/unchained. If you have any feedback or suggestions on how we can improve please let us know at https://feedback.latitude.io/.,2023-01-11 15:22:35,1.1.161,gam7802,com.aidungeon
0af7e777-c1a7-4d03-9b2e-f798da1684cd,A Google user,https://play-lh.googleusercontent.com/EGemoI2NTXmTsBVtJqk8jxF9rh8ApRWfsIMQSt2uE4OcpQqbFu7f7NbTK05lx80nuSijCz7sc3a277R67g,Cant log in. Pay to play,2,1,1.1.108,2022-01-18 10:36:11,,,1.1.108,gam21231,com.aidungeon
c53cf9d0-da77-4fd1-8e82-2934f2c5d5d0,A Google user,https://play-lh.googleusercontent.com/EGemoI2NTXmTsBVtJqk8jxF9rh8ApRWfsIMQSt2uE4OcpQqbFu7f7NbTK05lx80nuSijCz7sc3a277R67g,You imagination goes wild. I love that!,5,0,1.1.119,2022-03-16 11:59:54,,,1.1.119,gam20571,com.aidungeon
ef243c1e-fb1f-4548-9297-a4e273174a18,Neokittycorp110 1,https://play-lh.googleusercontent.com/a/ACg8ocLCJwoc3f0rtcVUIRpSX2XsTp_BrgPpc84iNs3l6bJ6eK4yAg=mo,The concept and delivery are just about amazing I expected something stupid but the results were better than expectation. The only reason it's a 3/5 instead of 5/5 is because of the amazing limitations. If you could reduce the wait time for tokens to at least 12 hours or increase the amount of initial tokens this would be a LOT better. I think if not those you could have videos that give us tokens because the stories are just amazing. Definently recommend if you're fine spending money.,3,0,1.5.0,2024-04-03 12:41:53,Thanks for the awesome feedback! We're thrilled you're enjoying the stories. About the tokens we'd love to offer more for ads or even free but the costs of GPT-4 and premium AI models are high. We're balancing top experiences with the best prices but it's a challenge for our (very) small team. Appreciate your understanding and recommendation!,2024-04-04 04:49:37,1.5.0,gam29499,com.aisuccess.ai_game_master
002ff6ef-d442-4eb0-b6d3-13a1dc21583d,A Google user,https://play-lh.googleusercontent.com/EGemoI2NTXmTsBVtJqk8jxF9rh8ApRWfsIMQSt2uE4OcpQqbFu7f7NbTK05lx80nuSijCz7sc3a277R67g,Editing from my last review I uave tried to stay on board and hope that it would get better again. Like I really use to love this game when I first found it 2 years ago and now it's terrible. It constantly repeats itself or just goes off on a some random thing no matter what kind of world I'm in. It always trys to make it a fantasy world even if I'm playing a Sci-fi world. And can't play anyone's scenarios cause the Ai just freaks out and starts typing completely incoherent things it sucks now.,2,1,1.1.145,2022-06-19 21:38:27,Hi Bret thanks for that thoughtful feedback! We appreciate you sharing what your experience has been with AI Dungeon so far. For the issues you noted here specifically please report or upvote any similar issues to yours in bugs.aidungeon.io and we'll do our best to help from there!,2022-06-24 16:55:14,1.1.145,gam1613,com.aidungeon
a554ca63-be93-452a-b3fe-1cd9442d2b23,A Google user,https://play-lh.googleusercontent.com/EGemoI2NTXmTsBVtJqk8jxF9rh8ApRWfsIMQSt2uE4OcpQqbFu7f7NbTK05lx80nuSijCz7sc3a277R67g,It's really fun I love that there are so many story's and genres to choose from,5,0,1.1.178,2023-06-22 03:20:07,,,1.1.178,gam13881,com.aidungeon
3c7a0ca8-0f5a-421e-b2cd-db85e1ac9f66,A Google user,https://play-lh.googleusercontent.com/EGemoI2NTXmTsBVtJqk8jxF9rh8ApRWfsIMQSt2uE4OcpQqbFu7f7NbTK05lx80nuSijCz7sc3a277R67g,Main problem is that it lacks free features but it is very good with supernatural stories about fate prophecies time travel and curses. It also makes interesting scenarios with these types of stories.,3,1,1.1.134,2022-05-04 13:00:50,,,1.1.134,gam4487,com.aidungeon
b072d903-eba4-473f-a32a-248fc9087b1a,A Google user,https://play-lh.googleusercontent.com/EGemoI2NTXmTsBVtJqk8jxF9rh8ApRWfsIMQSt2uE4OcpQqbFu7f7NbTK05lx80nuSijCz7sc3a277R67g,Was really fun but now I can't open the app probably will cancel my subscription till thats fixed,1,0,1.2.69,2024-09-12 12:26:24,,,1.2.69,gam2583,com.aidungeon
7d39e257-acdd-4252-8091-06967548f4ad,S McBrideAuthor,https://play-lh.googleusercontent.com/a-/ALV-UjUrc3uCIUwxHcSqAoQIAIZ7TQYA0x3YsCuKwgJlBhjEBAeP_nJ_,I have changed my review. After taking the dive and spending some money to see what this is like properly I can't recommend it. Everything you can do on this you can do with more details more player freedom and with the ability for correcting for free on any other AI app. Massively regret paying for this. Can't recommend at all.,1,2,1.6.3,2024-05-22 18:24:35,,,1.6.3,gam29556,com.aisuccess.ai_game_master
363257c4-bb9b-4f42-850c-05aa430543f6,A Google user,https://play-lh.googleusercontent.com/EGemoI2NTXmTsBVtJqk8jxF9rh8ApRWfsIMQSt2uE4OcpQqbFu7f7NbTK05lx80nuSijCz7sc3a277R67g,It updated now I can't access the app!,3,1,1.2.47,2024-01-18 09:57:58,,,1.2.47,gam19358,com.aidungeon
ceac6135-37e5-46f3-9c52-eb20e22a463d,A Google user,https://play-lh.googleusercontent.com/EGemoI2NTXmTsBVtJqk8jxF9rh8ApRWfsIMQSt2uE4OcpQqbFu7f7NbTK05lx80nuSijCz7sc3a277R67g,The ai is terrible at keeping track of actions. It also will often tell you what you do and it's always random and stupid. The pricing for premium is very high and considering how bad the normal one is I wouldn't even consider it.,1,0,1.1.172,2022-10-11 17:49:20,Hey Sal! Thanks for that thoughtful feedback. We are actively striving to incorporate user feedback and improve the game. Please help us prioritize your feedback by reaching out to us at https://feedback.latitude.io/. You can learn more about why premium is priced the way it is here: https://latitude.io/blog/ai-magic-what-it-takes-to-play-ai-games.,2022-10-12 15:13:29,1.1.172,gam5686,com.aidungeon
78f01471-bf59-47e7-99a4-70a9481c3419,A Google user,https://play-lh.googleusercontent.com/EGemoI2NTXmTsBVtJqk8jxF9rh8ApRWfsIMQSt2uE4OcpQqbFu7f7NbTK05lx80nuSijCz7sc3a277R67g,Cool concept but the signing up system is really bad,5,0,,2022-02-04 08:48:08,,,,gam16427,com.aidungeon
92e8b3ab-de5a-4073-b6cb-673f9ce396ec,A Google user,https://play-lh.googleusercontent.com/EGemoI2NTXmTsBVtJqk8jxF9rh8ApRWfsIMQSt2uE4OcpQqbFu7f7NbTK05lx80nuSijCz7sc3a277R67g,I used to love this about a year ago but right now I find it very difficult to get a coherent plot from the ai. I'm sure that the gold/platinum subscription ai which you pay for would provide a better experience however if you're planning to use the free ai I wouldn't recommend it right now. On a technical level this ai is still pretty impressive but just isn't as engaging or coherent as it was in previous patches,2,46,1.1.119,2022-02-02 23:22:18,,,1.1.119,gam2144,com.aidungeon
0585d52b-1469-4b7c-bf85-262943d7b0b0,A Google user,https://play-lh.googleusercontent.com/EGemoI2NTXmTsBVtJqk8jxF9rh8ApRWfsIMQSt2uE4OcpQqbFu7f7NbTK05lx80nuSijCz7sc3a277R67g,This ai is 10/10,5,0,1.1.134,2022-05-22 00:58:30,,,1.1.134,gam22827,com.aidungeon
8e87360d-81cd-4ce3-952e-772a1cd8efa7,A Google user,https://play-lh.googleusercontent.com/EGemoI2NTXmTsBVtJqk8jxF9rh8ApRWfsIMQSt2uE4OcpQqbFu7f7NbTK05lx80nuSijCz7sc3a277R67g,Adds are too annoying. Why do I have to watch the full add. Alot of games will allow you to skip the add after 10 seconds. Also it seems unfair to have an add after I've had to use the redo button several times.,2,5,1.1.147,2022-06-30 23:50:47,,,1.1.147,gam4332,com.aidungeon
c822e9ff-1a44-48e9-adc3-3c4fa1ec9aec,A Google user,https://play-lh.googleusercontent.com/EGemoI2NTXmTsBVtJqk8jxF9rh8ApRWfsIMQSt2uE4OcpQqbFu7f7NbTK05lx80nuSijCz7sc3a277R67g,I wish I downloaded it sooner. I will say that it took a bit if getting used to and once you do it's a lot of fun. I do prefer using energy over adds they can be a little cumbersome.,4,0,1.1.145,2022-06-21 23:22:21,Ads no longer interrupt gameplay; all players have unlimited actions to our base AI model. Learn more at https://aidungeon.io/unchained :) If you have any feedback or suggestions on how we can improve please let us know at https://feedback.latitude.io/.,2023-01-18 17:03:27,1.1.145,gam6961,com.aidungeon
1b0e0436-c8a0-4553-ae95-0bc03c412ed7,A Google user,https://play-lh.googleusercontent.com/EGemoI2NTXmTsBVtJqk8jxF9rh8ApRWfsIMQSt2uE4OcpQqbFu7f7NbTK05lx80nuSijCz7sc3a277R67g,Like it but the AI seems dumber.,4,0,1.1.172,2023-02-27 21:37:25,Hey there! We would like to hear more about your experience and feedback about the AI responses. Please reach out to us at support@aidungeon.io.,2023-03-07 18:49:20,1.1.172,gam21126,com.aidungeon
f520a31c-43a4-45c1-a2e8-7f36ca812217,A Google user,https://play-lh.googleusercontent.com/EGemoI2NTXmTsBVtJqk8jxF9rh8ApRWfsIMQSt2uE4OcpQqbFu7f7NbTK05lx80nuSijCz7sc3a277R67g,I used to rate this app 5 stars but I've reduced it due to all the horrible changes over last 2 years. First off the AI has gotten worst if you don't wanna pay there's more limited options and you can't play continuosly anymore. Not to mention there's now a 30 second as every 2 mins on free version. Terrible app.,1,5,1.1.147,2022-07-03 02:52:05,Please try out our newest update called Unchained! Free play allows for unlimited actions on our base AI model (Griffin). Learn more at https://aidungeon.io/unchained. Weve also made other performance improvements with more planned for the future :) Reach out to us at support@aidungeon.io if you have any additional concerns happy to help.,2023-01-18 11:33:50,1.1.147,gam2579,com.aidungeon
77e5e8aa-3e7c-40e1-8ae9-3ae99fe93eb0,A Google user,https://play-lh.googleusercontent.com/EGemoI2NTXmTsBVtJqk8jxF9rh8ApRWfsIMQSt2uE4OcpQqbFu7f7NbTK05lx80nuSijCz7sc3a277R67g,This game is awesome! It's way better than I expected. You can do LITERALLY anything that is on your mind. The AI leads the story and does that so great it comes up with things I couldn't even imagine. It understands complex sentences most of the time very well. UPDATE: The app got way worse. It is very complicated now and you can't play the game fluidly as you have limited actions to take or you have to pay. It's sad because I really liked that app but now it's not fun anymore. What a waste!,2,33,1.1.167,2022-09-05 16:51:59,Please try out our newest update called Unchained! Free play allows for unlimited actions on our base AI model (Griffin). Learn more at https://aidungeon.io/unchained. Weve also made other performance improvements with more planned for the future :) Reach out to us at support@aidungeon.io if you have any additional concerns happy to help.,2023-01-11 08:27:11,1.1.167,gam2149,com.aidungeon
f3969a43-7ae9-4326-9f81-be92f4a4d5c7,A Google user,https://play-lh.googleusercontent.com/EGemoI2NTXmTsBVtJqk8jxF9rh8ApRWfsIMQSt2uE4OcpQqbFu7f7NbTK05lx80nuSijCz7sc3a277R67g,While the app was actually pretty good at following prompts and continuing the story the app just stopped working one day and could not open it at all it just hangs while loading making it unusable.,1,1,,2024-02-26 14:29:56,,,,gam5426,com.aidungeon
96269b52-8fa7-405d-a404-480db2e14a21,A Google user,https://play-lh.googleusercontent.com/EGemoI2NTXmTsBVtJqk8jxF9rh8ApRWfsIMQSt2uE4OcpQqbFu7f7NbTK05lx80nuSijCz7sc3a277R67g,I really love role playing but sometimes the text input was covered by keyboard and we cant see right was i just type. We need more optional thing that allow the Ai to create and save character appearance such how the chars look Traits Personality.,4,0,1.1.178,2023-05-13 03:12:53,,,1.1.178,gam5310,com.aidungeon
3b45d801-ce13-44bc-ae9d-8cb35b941b21,A Google user,https://play-lh.googleusercontent.com/EGemoI2NTXmTsBVtJqk8jxF9rh8ApRWfsIMQSt2uE4OcpQqbFu7f7NbTK05lx80nuSijCz7sc3a277R67g,The AI generation has had a lot of ups and downs but it works pretty well overall. The developers are pretty contentious and have made a lot of changes to the game that has partially killed the game's community but if you don't care and just want a cool story generation game then this is for you.,4,0,1.1.166,2022-08-29 03:06:27,Thanks for the sweet review J! We're glad you like the game.,2022-08-31 23:39:22,1.1.166,gam3246,com.aidungeon
e19a98b6-4776-4dc1-a363-f93e69817fac,A Google user,https://play-lh.googleusercontent.com/EGemoI2NTXmTsBVtJqk8jxF9rh8ApRWfsIMQSt2uE4OcpQqbFu7f7NbTK05lx80nuSijCz7sc3a277R67g,Really not fun. AI doesn't not create good story,2,1,1.1.178,2023-04-06 01:08:23,,,1.1.178,gam16167,com.aidungeon
f033c894-1ada-493a-9521-4e7a96e0172f,Riccardo Rossi,https://play-lh.googleusercontent.com/a/ACg8ocJDQKMXz_5xEmReOvp6DcGsDX3jLmNmVg841lecijkrBoUoArw=mo,Unfortunately the prompts I create don't seem to make sense to the AI. The text it connects to the ones I write lack cohesiveness.,2,0,2.4.1,2023-02-18 12:02:54,It happens. We are preparing a big update this week with a new generation of neural networks it will be powerful! Stay tuned we'll be sure to announce!,2023-02-20 16:08:48,2.4.1,gam212,com.feynmanapps.aitales
cfdfd1f2-af01-4de0-b61b-06c3d2f56523,A Google user,https://play-lh.googleusercontent.com/EGemoI2NTXmTsBVtJqk8jxF9rh8ApRWfsIMQSt2uE4OcpQqbFu7f7NbTK05lx80nuSijCz7sc3a277R67g,Energy does not recharge! I stopped playing for MONTHS to let the energy recharge and I still haven't recharged a single point of energy. Otherwise it works exactly as one could expect given ai are creating the story.,2,0,1.1.139,2022-06-16 15:16:53,Great news! We released a new update called Unchained. Ads no longer inhibit gameplay; all players have unlimited access to our base AI model (Griffin). Learn more at https://aidungeon.io/unchained :),2023-01-18 17:06:19,1.1.139,gam4312,com.aidungeon
6bece42b-9b25-4113-b886-9e4f89c1e482,A Google user,https://play-lh.googleusercontent.com/EGemoI2NTXmTsBVtJqk8jxF9rh8ApRWfsIMQSt2uE4OcpQqbFu7f7NbTK05lx80nuSijCz7sc3a277R67g,I played this a long time ago and then came back I can't even get the world to generate and I'm stuck on a black screen,1,1,1.1.172,2023-02-15 15:20:38,Hey Haylee! Sorry to hear this was your first experience after coming back. Please reach out to support@aidungeon.io; we want to help resolve this so you can get back to playing. Thanks!,2023-02-16 18:59:43,1.1.172,gam13293,com.aidungeon
620233d0-210a-42be-8854-394359d29390,A Google user,https://play-lh.googleusercontent.com/EGemoI2NTXmTsBVtJqk8jxF9rh8ApRWfsIMQSt2uE4OcpQqbFu7f7NbTK05lx80nuSijCz7sc3a277R67g,The game speaks for itself.literally! Anyways i love ai and having an ai dungeon is great,5,1,,2022-01-05 08:21:35,,,,gam14184,com.aidungeon
9dfc22d4-7e98-4084-b54b-c694cd8da346,A Google user,https://play-lh.googleusercontent.com/EGemoI2NTXmTsBVtJqk8jxF9rh8ApRWfsIMQSt2uE4OcpQqbFu7f7NbTK05lx80nuSijCz7sc3a277R67g,very cool The AI has improved dramatically over the past year or so however still has occasional issues with recalling the context of location and alters some details. glad to see the app is more f2p friendly also!,4,0,1.1.172,2022-12-25 21:50:25,We are glad you are enjoying the recent improvements :) Happy to look into any issues you might be having Please reach out to us at support@aidungeon.io.,2023-01-04 23:12:12,1.1.172,gam5038,com.aidungeon
84788d5f-7be7-4220-ba6b-d848aa897da0,A Google user,https://play-lh.googleusercontent.com/EGemoI2NTXmTsBVtJqk8jxF9rh8ApRWfsIMQSt2uE4OcpQqbFu7f7NbTK05lx80nuSijCz7sc3a277R67g,It's got enough people to be somewhat functioning again plus it's fixed some things. Signs of an active revival. Still needs some attention though. And the only other problem I can see is the old pictures being displayed right now. The platform has changed a lot visually so I feel like the old pictures should be updated.,3,0,1.1.52,2023-01-18 17:28:45,,,1.1.52,gam1453,com.aidungeon
43278c66-9bc4-430a-b8c0-c62ac0aa6cb3,A Google user,https://play-lh.googleusercontent.com/EGemoI2NTXmTsBVtJqk8jxF9rh8ApRWfsIMQSt2uE4OcpQqbFu7f7NbTK05lx80nuSijCz7sc3a277R67g,"I love this game so much but. NO! WHY?! Okay this time the issue is simply that if I click a tag it leads to ""newest"" literally not using the tag",1,4,1.2.72,2024-10-10 14:38:04,,,1.2.72,gam25646,com.aidungeon
859cd2c5-38b3-47c0-a6b1-4f50f479387d,A Google user,https://play-lh.googleusercontent.com/EGemoI2NTXmTsBVtJqk8jxF9rh8ApRWfsIMQSt2uE4OcpQqbFu7f7NbTK05lx80nuSijCz7sc3a277R67g,It's doing way better but it still needs some fine tuning.,3,5,1.2.47,2024-01-18 11:20:01,Thanks for the review! If there are specific areas of improvement that you'd like to see in AI Dungeon then please add them to our feature requests page at https://feedback.latitude.io/.,2022-08-23 14:04:23,1.2.47,gam16559,com.aidungeon
e18b2123-fb8b-4628-be20-91b263247bed,A Google user,https://play-lh.googleusercontent.com/EGemoI2NTXmTsBVtJqk8jxF9rh8ApRWfsIMQSt2uE4OcpQqbFu7f7NbTK05lx80nuSijCz7sc3a277R67g,It was fun but the Ai is to annoying edit:I tried all that but the AI kept going away from what was happening not to mention now theres a action system,1,0,,2022-07-21 15:42:42,Please try out our newest update called Unchained! Free play allows for unlimited actions on our base AI model (Griffin). Learn more at https://aidungeon.io/unchained. Weve also made other performance improvements with more planned for the future :) Reach out to us at support@aidungeon.io if you have any additional concerns happy to help.,2023-01-18 10:57:26,,gam12433,com.aidungeon
e046a3ba-9d4a-4d60-bfa1-1dcf69f05046,Tim McCoy,https://play-lh.googleusercontent.com/a-/ALV-UjVPvBNYv47rTkMOjQDGYmxRspiNjeE65Rev-bzIi9xAFGaZ98Cy,A really great concept! The AI needs work but it is fantastic so far! My only inhibition on purchasing the full app is that the AI isn't quite coherent enough to hold my attention more than a couple of minutes at a time. REALLY COOL CONCEPT though. Can't wait to see how it develops from here!,3,0,2.4.1,2023-02-23 17:22:52,Thank you Tim! We are working as hard as we can and hope you enjoy it!,2023-02-24 13:30:32,2.4.1,gam24,com.feynmanapps.aitales
1bad6646-161a-4a1d-8887-1484f4b8d32a,I Am The Night,https://play-lh.googleusercontent.com/a-/ALV-UjWJaMPM3l16S5xrp5CcvN5wtyyTzn6vlCiqcCyxXADMI9W3oUss,So I don't understand what's up with the way this game is set up or formatted but it doesn't seem to fit my screen and i didn't even get to start the intro story because once I got on it I couldn't do anything at all because half of it was cut off and I couldn't scroll over or do anything to start or play it so yea I don't know what the reasoning behind this not work but it is what it is and I'm sure it would be fun to play if it was functional,1,1,,2023-03-03 15:10:00,Ouch. It happens on some devices and we can't figure out what's wrong yet. It looks like you have a Motorola and it used to be only on the Samsungs. Sometimes restarting the game with the locked portrait mode of the screen helps. If it doesn't work please email us at hey@aitales.app and we'll try to figure it out together,2023-03-05 07:04:32,,gam139,com.feynmanapps.aitales
57a9d87a-b0a7-4d2e-a01d-ab809e0dce25,A Google user,https://play-lh.googleusercontent.com/EGemoI2NTXmTsBVtJqk8jxF9rh8ApRWfsIMQSt2uE4OcpQqbFu7f7NbTK05lx80nuSijCz7sc3a277R67g,it is a good program. but places add new languages like Arabic,4,0,1.2.49,2024-03-20 18:44:21,,,1.2.49,gam14013,com.aidungeon
be5a928c-a12e-46f0-b718-436f4d1516f4,A Google user,https://play-lh.googleusercontent.com/EGemoI2NTXmTsBVtJqk8jxF9rh8ApRWfsIMQSt2uE4OcpQqbFu7f7NbTK05lx80nuSijCz7sc3a277R67g,The AI is not very good but good game,4,0,1.2.47,2024-01-24 21:26:20,Glad you've enjoyed the game overall :) If you haven't already try our newest models MythoMax and Mixtral!,2024-01-26 20:15:31,1.2.47,gam18966,com.aidungeon
e5e18efe-8466-4226-aa5b-8e2e99dc99a2,A Google user,https://play-lh.googleusercontent.com/EGemoI2NTXmTsBVtJqk8jxF9rh8ApRWfsIMQSt2uE4OcpQqbFu7f7NbTK05lx80nuSijCz7sc3a277R67g,Used to be really good. Don't fix what isn't broken.,1,2,1.1.52,2022-01-06 16:35:11,Wed love to hear more about your experience with AI Dungeon and any feedback you may have. Please reach out to us at support@aidungeon.io,2022-01-07 12:00:09,1.1.52,gam18960,com.aidungeon
d7a912c0-6389-4f5c-8fa7-462586ad839d,A Google user,https://play-lh.googleusercontent.com/EGemoI2NTXmTsBVtJqk8jxF9rh8ApRWfsIMQSt2uE4OcpQqbFu7f7NbTK05lx80nuSijCz7sc3a277R67g,I'm loving it so far! I took some risks with a dragon and we joined forces to root our an ancient evil darkness.,5,0,1.2.49,2024-03-15 13:16:46,,,1.2.49,gam18517,com.aidungeon
e9b8d3d9-a0fc-4970-ab3c-2d02802a5780,A Google user,https://play-lh.googleusercontent.com/EGemoI2NTXmTsBVtJqk8jxF9rh8ApRWfsIMQSt2uE4OcpQqbFu7f7NbTK05lx80nuSijCz7sc3a277R67g,It took me a bit to figure out how it all works but once I did this has easily beaten every other AI roleplay app I've ever used. It remembers as much as you want you can edit its responses to better fit what you want and it has unparalleled versatility. Be a goblin slaying hero a cyberpunk cop an ace detective a hero who was captured by imps and has to escape a nobless whose castle fell to mysterious undead force you can do just about anything with the settings it offers!,5,0,1.1.172,2022-12-21 18:58:54,Thank you for your enthusiasm and very kind review of our game :) Glad you were able to figure out how to use the tools we provide to have a great experience. We would love your feedback on anything that would've improved your onboarding experience. Please let us know at support@aidungeon.io or post your ideas here: https://feedback.latitude.io/.,2023-01-05 15:38:43,1.1.172,gam810,com.aidungeon
862f2a7d-e28d-4693-9046-11faa997adef,A Google user,https://play-lh.googleusercontent.com/EGemoI2NTXmTsBVtJqk8jxF9rh8ApRWfsIMQSt2uE4OcpQqbFu7f7NbTK05lx80nuSijCz7sc3a277R67g,I like this game but there is a reason why I gave it 3 stars the game doesn't save anymore and I get logged out when it stops working I like refresh it and then enter and I'm no longer in my account like why this is a bug that needs to be fixed other then that it's quite amazing good effort I like it quite enjoyable recommended to anyone who is reading this,3,0,1.1.136,2022-05-30 11:16:28,,,1.1.136,gam4451,com.aidungeon
ec97fdf5-e1df-4f98-bd08-3aa75f52ae6e,A Google user,https://play-lh.googleusercontent.com/EGemoI2NTXmTsBVtJqk8jxF9rh8ApRWfsIMQSt2uE4OcpQqbFu7f7NbTK05lx80nuSijCz7sc3a277R67g,For a game of such low quality the fact that they installed a pay wall to even enjoy the game the little amount that you can is ridiculous.,1,3,1.1.178,2023-08-04 14:57:05,,,1.1.178,gam10587,com.aidungeon
adc23fff-0d45-483b-994c-24e8cf998dda,A Google user,https://play-lh.googleusercontent.com/EGemoI2NTXmTsBVtJqk8jxF9rh8ApRWfsIMQSt2uE4OcpQqbFu7f7NbTK05lx80nuSijCz7sc3a277R67g,Just like everyone else has been saying this game used to be really fun and good. But the updates have been on completely random things and haven't fixed any of the major problems. It still has potential and it's still a good time killer if it runs ok for you but right now it's not too great. Edit: As of August 2021 the game has gotten even worse. They aren't doing anything. Edit: We are now in 2023 and AI dungeon has gotten much better no more energy. AI dungeon has finally fixed itself.,3,102,1.1.178,2023-03-06 21:17:51,Thanks for updating your review! If there is anything we can do to improve your experience please let us know at support@aidungeon.io.,2023-03-07 14:11:46,1.1.178,gam1786,com.aidungeon
c1eb4bb3-012d-4e2a-99e2-e82313edb0c9,Matt Sguando,https://play-lh.googleusercontent.com/a/ACg8ocKgcXsX9r2VAaCps50HkGwB7-jNYOVbV9URnMVkf44TyugJwg=mo,I love the idea of it. I do wish tokens weren't wasted at time because the narrator just wants to not listen to things it either gets wrong or wants to just create at times out of place or excessive narrative. The concept is sound. I actually work with models myself and think it's somewhat easy to solve and could help. One other example is character creation has a great editing feature before start. But it doesn't usually work how I want will pretty verbatim words. Overall I wish 5* but 4 stars,4,0,,2024-10-02 19:22:16,Thanks for the feedback! hoping to improve and get the 5 stars!,2024-10-04 03:22:02,,gam29483,com.aisuccess.ai_game_master
4cbbba75-8deb-41d1-a5db-39c6ed1d27fb,A Google user,https://play-lh.googleusercontent.com/EGemoI2NTXmTsBVtJqk8jxF9rh8ApRWfsIMQSt2uE4OcpQqbFu7f7NbTK05lx80nuSijCz7sc3a277R67g,Updating my review! Much better actually I quite like the app now and I'd recommend anyone to check it out. It's really cool I'm glad to know my scenarios are playable! Thank you Latitude Inc. :D,4,1,1.2.49,2024-04-10 20:26:46,We are sorry to hear about your experience and want to help. Please reach out to us at support@aidungeon.com. Our team is actively working on improvements :),2023-09-29 22:13:13,1.2.49,gam10358,com.aidungeon
bbd25077-e241-4db4-83c0-d3834004b71a,A Google user,https://play-lh.googleusercontent.com/EGemoI2NTXmTsBVtJqk8jxF9rh8ApRWfsIMQSt2uE4OcpQqbFu7f7NbTK05lx80nuSijCz7sc3a277R67g,The dev team has taken strides to fix a very rocky relationship with their fanbase and so far they are on their way. While the game will never get back to what it once was the current state of the game is better than it was previously.,4,4,1.1.134,2022-04-08 12:52:42,Thank you for the feedback Gregory! We appreciate your input as along-time player and hope you'll stick around and look out for additional improvements down the road.,2022-04-08 13:46:30,1.1.134,gam8328,com.aidungeon
1cec63a9-166b-41ef-bf63-f9ab99b56b7d,A Google user,https://play-lh.googleusercontent.com/EGemoI2NTXmTsBVtJqk8jxF9rh8ApRWfsIMQSt2uE4OcpQqbFu7f7NbTK05lx80nuSijCz7sc3a277R67g,I do like this app but these newer updates are missing with it its to a point where when I type something it doesn't show me what I typed unless I leave the app and get back in the app please try to fix this,3,2,1.1.151,2022-07-28 02:20:22,We'd love to help! Reach out to us at support@aidungeon.io so we can get this fixed up for you!,2022-07-29 15:22:41,1.1.151,gam9622,com.aidungeon
8de59da6-7ac3-420b-8e27-a181608dd0b7,A Google user,https://play-lh.googleusercontent.com/EGemoI2NTXmTsBVtJqk8jxF9rh8ApRWfsIMQSt2uE4OcpQqbFu7f7NbTK05lx80nuSijCz7sc3a277R67g,They are trying to improve it finally. It's no longer an ad farm and you can actually play the game now,3,1,1.1.178,2023-03-29 00:55:57,,,1.1.178,gam12726,com.aidungeon
5b2f1976-1e57-4119-b976-85131f25287f,Johnmezz Walker,https://play-lh.googleusercontent.com/a/ACg8ocLNewpzsfjMcl0QPGfDyQ0C6t_GoRw95JL2iU-O1-RDTUFl4g=mo,awesome game I need a little more updates put good game I give it another rating later on,4,0,1.6.2,2024-05-10 21:09:01,,,1.6.2,gam29861,com.aisuccess.ai_game_master
d5e9a328-126e-4af1-88de-3f33e92e32a3,A Google user,https://play-lh.googleusercontent.com/EGemoI2NTXmTsBVtJqk8jxF9rh8ApRWfsIMQSt2uE4OcpQqbFu7f7NbTK05lx80nuSijCz7sc3a277R67g,It's a flexible screen wrapped around my digitalis that I manipulate like a flute.,5,0,1.1.147,2022-06-30 02:26:57,Thank you for the epic review Malkeus We're happy you're enjoying your time in AI Dungeon!,2022-07-22 13:35:57,1.1.147,gam17612,com.aidungeon
cd31bb0a-16cb-4d45-b37d-7aa8b30f3cec,A Google user,https://play-lh.googleusercontent.com/EGemoI2NTXmTsBVtJqk8jxF9rh8ApRWfsIMQSt2uE4OcpQqbFu7f7NbTK05lx80nuSijCz7sc3a277R67g,This app used to be good. Then they introduced a ton of new features that get in the way. Then they changed their subscription model. Then they lost my account entirely (even though I was still paying the subscription).,1,1,1.1.119,2022-04-09 01:10:24,,,1.1.119,gam4096,com.aidungeon
18afbcdd-dae3-4439-bcb5-26da01042caf,A Google user,https://play-lh.googleusercontent.com/EGemoI2NTXmTsBVtJqk8jxF9rh8ApRWfsIMQSt2uE4OcpQqbFu7f7NbTK05lx80nuSijCz7sc3a277R67g,The ai became too stupid intentionally so you buy the vip. Everything bans you including the ai's sentences! Edit: Now you must watch two full ads to gain 10 actions (even when the ai inputs a full stop or 1 word and loops each counts as 1 action). This is like these cheap apps milking money from ads. Devs focus on new $$ features instead of fixing issues and improvements. Edit2: the app is super slow now and takes too much data downloing something all the time.,1,42,1.1.164,2022-08-26 12:54:33,We've made some recent changes and improvements to AI Dungeon including our free-play experience. Actions are now unlimited for all players using our Griffin AI model. Learn more here: https://aidungeon.io/unchained. Happy to discuss any questions or concerns you have we want to improve your experience. Reach us at support@aidungeon.io :),2023-01-11 14:15:52,1.1.164,gam5215,com.aidungeon
5713ff55-42d3-4b23-aed9-23bfb54c565b,A Google user,https://play-lh.googleusercontent.com/EGemoI2NTXmTsBVtJqk8jxF9rh8ApRWfsIMQSt2uE4OcpQqbFu7f7NbTK05lx80nuSijCz7sc3a277R67g,This app is a pretty solid time waster and fun too. Great for setting up scenarios you wanna do.,5,0,1.1.130,2022-03-23 02:43:22,Thank you Ian! Not only do we love that you're having fun on AI Dungeon but we also like to think that time enjoy spending on it is not wasted time at all We're glad to have you onboard this journey of freedom & creativity alongside the AI!,2022-03-25 14:40:57,1.1.130,gam10372,com.aidungeon
ee0e50b4-c6b6-488a-9ce4-017b9699def1,A Google user,https://play-lh.googleusercontent.com/EGemoI2NTXmTsBVtJqk8jxF9rh8ApRWfsIMQSt2uE4OcpQqbFu7f7NbTK05lx80nuSijCz7sc3a277R67g,I'm not even gonna bother editing this review anymore. It just gets worse and worse. It's most depressing that you won't get something like this anywhere else. It was something truly special.,1,1,1.1.172,2022-10-06 11:54:06,Will Sith we appreciate your feedback and want to improve your experience! Please reach out to us at support@aidungeon.io if there's anything we can help with. Significant updates are underway that will improve the way players experience AI Dungeon. Read more about them at https://latitude.io/blog/next-steps-on-ai-dungeon.,2022-10-21 23:12:07,1.1.172,gam11145,com.aidungeon
82b262ea-1aa2-4bff-83d6-9e34a013ca6d,A Google user,https://play-lh.googleusercontent.com/EGemoI2NTXmTsBVtJqk8jxF9rh8ApRWfsIMQSt2uE4OcpQqbFu7f7NbTK05lx80nuSijCz7sc3a277R67g,It's good but sometimes it's not there are less ads and that's great,4,0,1.1.170,2022-10-08 05:32:14,Hey Huma! We would love feedback and suggestions on how we can improve your experience with AI Dungeon please let us know:https://feedback.latitude.io/. Significant updates are underway that will improve the way players experience AI Dungeon. Read more about them at https://latitude.io/blog/next-steps-on-ai-dungeon.,2022-10-19 19:18:30,1.1.170,gam13518,com.aidungeon
fba08d93-c382-4b8b-965b-ff94effd47bf,A Google user,https://play-lh.googleusercontent.com/EGemoI2NTXmTsBVtJqk8jxF9rh8ApRWfsIMQSt2uE4OcpQqbFu7f7NbTK05lx80nuSijCz7sc3a277R67g,Got addicted and played for at least 3 hrs straight. At least I think lost track of time. The ai will respond to ANY action you put in. Only flaw is the ai tries to change the scene way to quickly. (Edit): changing to one star as the ai no longer gives relevant responses. It feels like the ai is broken and tired,1,3,1.1.178,2023-08-04 09:12:05,,,1.1.178,gam4785,com.aidungeon
f2e953d2-7bb2-4e4f-a93e-08aaa61750d5,A Google user,https://play-lh.googleusercontent.com/EGemoI2NTXmTsBVtJqk8jxF9rh8ApRWfsIMQSt2uE4OcpQqbFu7f7NbTK05lx80nuSijCz7sc3a277R67g,I'm trying to login/signup on my Gmail account but that doesn't work I'm waiting for like 1-3 hours is got stuck while attempting when exit the app open the app it's work but login button not working so I have to reinstall again can you fix these I'm gonna try another method login,1,0,1.1.170,2022-10-04 13:27:16,Commander1242 we apologize for any frustration this caused. Please reach out to us (if you haven't already) at support@aidungeon.io we want to help :),2022-10-21 23:47:49,1.1.170,gam8548,com.aidungeon
df8ba15a-4cc7-4423-ad42-2ac38e2df9d7,A Google user,https://play-lh.googleusercontent.com/EGemoI2NTXmTsBVtJqk8jxF9rh8ApRWfsIMQSt2uE4OcpQqbFu7f7NbTK05lx80nuSijCz7sc3a277R67g,The game is now functional but I swear the free AI model has gotten worse with time and the advertisements for their premium subscription interrupting your typing is so obnoxious. Lots of accessibility options are still locked behind the pay wall. I don't understand why I continue to play this game.,2,124,1.1.177,2023-02-27 10:51:08,We are continuing to work on AI improvements. We would love to hear more about your experience and address any issues you have. Please reach out to us at support@aidungeon.io :),2023-03-07 18:54:24,1.1.177,gam4361,com.aidungeon
deb4e5ca-6a66-4a23-95fc-66284eb98b1a,A Google user,https://play-lh.googleusercontent.com/EGemoI2NTXmTsBVtJqk8jxF9rh8ApRWfsIMQSt2uE4OcpQqbFu7f7NbTK05lx80nuSijCz7sc3a277R67g,30 / month too much.,1,1,1.1.119,2022-02-04 14:54:27,,,1.1.119,gam23515,com.aidungeon
f501dd02-71f0-435b-a1b8-26bdf8cbf9b8,Emily Kleint,https://play-lh.googleusercontent.com/a/ACg8ocKzCw1BfKbRG1RfSBC2UKUdMnuTt1uqN5y7JJ7s2_x6sFdDqg=mo,I do wish there were more tokens so I could make more progress daily. it is fun being able to transverse through a world of your own creation with the help of ai.,5,0,1.7.7,2024-07-10 20:05:32,Thanks so much for the 5 stars!! Yeah we wish we could give more tokens but the costs are high so we have to rely on our players' support. We hope we can make the game good enough to earn your support too :),2024-07-11 04:49:08,1.7.7,gam29612,com.aisuccess.ai_game_master
b69c2697-f01e-4732-ab93-5cdfd342a60a,A Google user,https://play-lh.googleusercontent.com/EGemoI2NTXmTsBVtJqk8jxF9rh8ApRWfsIMQSt2uE4OcpQqbFu7f7NbTK05lx80nuSijCz7sc3a277R67g,Update on my current review. Honestly with how much has changed with AI dungeon I still don't fully like it anymore. There's nothing wrong with the AI itself. It's the people behind it. Honestly I would recommend any other company if I could but AI dungeon is honestly the only one with an app for it currently. But if you don't own this on your phone I recommend checking out novel AI or any of the other working AIs.,1,6,,2022-05-19 03:45:41,,,,gam4697,com.aidungeon
966d86e1-72d0-47c0-90bf-f112e59e13f2,A Google user,https://play-lh.googleusercontent.com/EGemoI2NTXmTsBVtJqk8jxF9rh8ApRWfsIMQSt2uE4OcpQqbFu7f7NbTK05lx80nuSijCz7sc3a277R67g,I swear to god i would give this zero stars if i could. Did you really have to turn your game into a money grab? Really? I actually dont mind limitint the functionality of the Ai for free version but you had to go so far as to add an energy system. I hope your decisions catch up to you devs. You don't deserve the money,1,8,1.1.119,2022-03-16 09:31:43,Thanks for the feedback and understanding that because of the high cost of AI generation we do need to limit the free version. We would love to hear any additional feedback you have about what would be better than an energy system. We have been exploring ad-supported free play which would let free users play endlessly.,2022-03-17 11:45:47,1.1.119,gam6467,com.aidungeon
7f7bea51-12a7-48ed-b8d2-3f1ff112037d,A Google user,https://play-lh.googleusercontent.com/EGemoI2NTXmTsBVtJqk8jxF9rh8ApRWfsIMQSt2uE4OcpQqbFu7f7NbTK05lx80nuSijCz7sc3a277R67g,Yeah back in 2020 this game was amazing. Now they updated it too goddamn much and it sucks. Ai used to be so much better,2,1,1.1.170,2022-09-19 00:16:24,Please try out our newest update called Unchained! Free play allows for unlimited actions on our base AI model (Griffin). Learn more at https://aidungeon.io/unchained. Weve also made other performance improvements with more planned for the future :) Reach out to us at support@aidungeon.io if you have any additional concerns happy to help.,2023-01-06 17:35:04,1.1.170,gam13918,com.aidungeon
f0575492-919f-4dc6-8799-f454b79f083b,A Google user,https://play-lh.googleusercontent.com/EGemoI2NTXmTsBVtJqk8jxF9rh8ApRWfsIMQSt2uE4OcpQqbFu7f7NbTK05lx80nuSijCz7sc3a277R67g,App won't even load. This is the second time I've downloaded this game trying to play it but never once has it loaded. I've kept trying but what's the point.,1,1,1.2.49,2024-05-08 07:36:34,We are sorry to hear that and want to help! Please reach out to us at support@aidungeon.com or if you've found a bug please report it in our Discord server at https://aidungeon.com/discord.,2024-05-08 19:25:35,1.2.49,gam7597,com.aidungeon
76cca741-afa7-48d9-8f9c-855d7ee08422,A Google user,https://play-lh.googleusercontent.com/EGemoI2NTXmTsBVtJqk8jxF9rh8ApRWfsIMQSt2uE4OcpQqbFu7f7NbTK05lx80nuSijCz7sc3a277R67g,The UI is my biggest problem it's horrible to navigate and the AI is ok at best but it's 30 dollars wasted 30 bucks if you ask me.,3,0,,2023-01-18 01:21:05,We would love to look into any issues you've experienced and help however we can. Please reach out to us at support@aidungeon.io. Thanks :),2023-01-18 08:53:19,,gam7903,com.aidungeon
24ff773e-8191-4765-8716-bc2b7d3e936d,A Google user,https://play-lh.googleusercontent.com/EGemoI2NTXmTsBVtJqk8jxF9rh8ApRWfsIMQSt2uE4OcpQqbFu7f7NbTK05lx80nuSijCz7sc3a277R67g,Can spend hours upon hours.,5,0,1.1.178,2023-08-18 02:08:18,,,1.1.178,gam24168,com.aidungeon
689a4098-072e-4678-bda0-df61415d5315,Mitchell Alex,https://play-lh.googleusercontent.com/a/ACg8ocI5XrdeJTmfVCzMmhT6PaKOGP14MqaEDQE9uP4ds3fqmIrikQ=mo,I think the ai surrendered. It refuses to continue the story the way i wanted it to - which is totally random. It refuses to generate anything. lol.,1,1,2.4.1,2023-02-20 21:13:12,Oh give him another chance! AI can do it Also we're now running an experiment with cooler AI and will be releasing it to everyone soon.,2023-02-21 04:27:17,2.4.1,gam193,com.feynmanapps.aitales
961973a0-d9b3-42e2-b4f3-a07c5e05322b,A Google user,https://play-lh.googleusercontent.com/EGemoI2NTXmTsBVtJqk8jxF9rh8ApRWfsIMQSt2uE4OcpQqbFu7f7NbTK05lx80nuSijCz7sc3a277R67g,I had to just say this is an amazing app. I've spent years creating my own DND world and characters but reached a creative block. This AI continues to suprise me and I really just love to see my own characters come to life before my eyes in a way I never imagined. Keep up the good work you have my support 100%.,5,0,1.2.69,2024-08-25 11:56:34,,,1.2.69,gam1891,com.aidungeon
4e9e7820-9a3a-441b-9cb7-91f1d0788dba,A Google user,https://play-lh.googleusercontent.com/EGemoI2NTXmTsBVtJqk8jxF9rh8ApRWfsIMQSt2uE4OcpQqbFu7f7NbTK05lx80nuSijCz7sc3a277R67g,I used to love this game but now that you have to pay for more actions and the constant glitches especially on Android it just isn't the same anymore it was better when you could just play with unlimited actions just slower ai speed honestly and the ui is super bad when editing,3,2,1.2.40,2023-10-30 03:53:27,,,1.2.40,gam6733,com.aidungeon
52c05ad1-8b3b-494d-8ee4-501861d661e0,Jonathan,https://play-lh.googleusercontent.com/a/ACg8ocLMzaMu966w4r35AkK3NhL5xVIYGAavGXEK5Fw4fak4ydeQ=mo,well i did play 10 turn free and decide to test it all. i was happy to see 50%for unlimited use for a month at 39.99. even if i play just a month it worth it. But beware for what you ask. i see it. if you ask more it harder and you can die. be real and have fun.,5,0,1.7.9,2024-07-16 19:15:51,Thanks for your support!!! Glad you enjoy the game :),2024-07-17 02:25:09,1.7.9,gam29560,com.aisuccess.ai_game_master
ce2b96bb-9a7f-4764-8a38-601a70a45e43,A Google user,https://play-lh.googleusercontent.com/EGemoI2NTXmTsBVtJqk8jxF9rh8ApRWfsIMQSt2uE4OcpQqbFu7f7NbTK05lx80nuSijCz7sc3a277R67g,We tried out the multi-player mode and it was full of logical errors. It doesn't remember our names and persons. The ai responds with a you but the you is universal.,2,0,1.1.178,2023-06-02 20:24:55,,,1.1.178,gam7102,com.aidungeon
a0e7a952-d96e-4d1e-a30e-a991f93cd632,A Google user,https://play-lh.googleusercontent.com/EGemoI2NTXmTsBVtJqk8jxF9rh8ApRWfsIMQSt2uE4OcpQqbFu7f7NbTK05lx80nuSijCz7sc3a277R67g,Edit #5: After this game going to rock bottom and being annoying a little i actually enjoy it still. There's still many problems like everyone else says in the reviews but other than that it's fun.,3,2,1.1.134,2022-05-21 06:00:38,,,1.1.134,gam8148,com.aidungeon
727bded4-990a-4335-aac6-61e2fdcd8fbe,A Google user,https://play-lh.googleusercontent.com/EGemoI2NTXmTsBVtJqk8jxF9rh8ApRWfsIMQSt2uE4OcpQqbFu7f7NbTK05lx80nuSijCz7sc3a277R67g,Pls fix the glitch on this app the app is pretty cool but whenever I try to create a world there it always stops and just won't work and I'd have to repeat the process again,5,0,1.1.172,2023-01-29 04:52:36,Thanks for your review! We would love to look into this issue; please reach out to support@aidungeon.io. If you can please include a brief description of the problem the device/browser you are playing on as well as the OS.,2023-01-31 19:55:50,1.1.172,gam10440,com.aidungeon
91464c7a-9723-466e-8875-311405946947,matthew wolford,https://play-lh.googleusercontent.com/a/ACg8ocJb31Zyg5DKA9ji_l5UL6bF4FHZ2BgCQHHY8sQwWqDM7c282w=mo,A pretty interactive app. The AI responds to most prompts and runs with most everything it can. it does feel repetitive but it's hard to fault something like this right now. A nice way to explore ideas a bit though.,4,0,1.6.3,2024-05-22 00:28:24,,,1.6.3,gam29585,com.aisuccess.ai_game_master
57f572b9-5e14-4a2d-990b-3e4982aa6037,A Google user,https://play-lh.googleusercontent.com/EGemoI2NTXmTsBVtJqk8jxF9rh8ApRWfsIMQSt2uE4OcpQqbFu7f7NbTK05lx80nuSijCz7sc3a277R67g,The app itself is good but if you value your privacy DO NOT download! This company does not respect it's users privacy despite what it says in the app description about you being able to create whatever you wish. This is frankly a lie or rather a bending of the truth. Despite the implication you are not free to create anything you want at least not without consequence. And they can see everything you make. It's best to look for alternatives and there are some really good ones.,1,8,,2022-10-04 16:11:33,,,,gam5414,com.aidungeon
75306640-52ca-4c04-a37e-adb1aab75cf2,A Google user,https://play-lh.googleusercontent.com/EGemoI2NTXmTsBVtJqk8jxF9rh8ApRWfsIMQSt2uE4OcpQqbFu7f7NbTK05lx80nuSijCz7sc3a277R67g,They have updated the AI with new models and the AI is better at telling stories than it was before but it still suffers from a lot of the same problems. It gets confused where it is in the story and will revert you to an earlier point in the story and sometimes even the beginning of the story. It'll get confused as to what character you're playing as. It'll also run out of memory pretty quickly especially if story cards are used.,4,32,1.2.66,2024-08-12 18:09:46,,,1.2.66,gam515,com.aidungeon
6daf206a-87a1-4d56-85e2-19f9afa32ad5,Henry Price,https://play-lh.googleusercontent.com/a/ACg8ocIoZC6jZaT4sFoPl_Y2s-HiF3jM3jeG63YTbT5CeYl9zk9gOg=mo,honestly better than I expected I hope they keep improving the app! it's fun.,4,0,1.9.2,2024-10-06 21:14:42,Thanks! What can we do better to earn a 5 star rating?,2024-10-07 02:44:09,1.9.2,gam29622,com.aisuccess.ai_game_master
fd0c56e0-c17c-4759-8ddf-f65d5845b6d3,A Google user,https://play-lh.googleusercontent.com/EGemoI2NTXmTsBVtJqk8jxF9rh8ApRWfsIMQSt2uE4OcpQqbFu7f7NbTK05lx80nuSijCz7sc3a277R67g,App is way better than it is rated. Hopefully it stays that way and devs don't roll out a update that ruins things again.,5,0,1.1.172,2022-10-13 00:32:14,We appreciate your favorable review! More exciting updates on the way you can see our future plans here: https://latitude.io/blog/next-steps-on-ai-dungeon/. We will continue to resolve any issues that come up and will consider any feedback or suggestions you have for us moving forward: feedback.latitude.io,2022-10-13 15:50:06,1.1.172,gam13142,com.aidungeon
ea834a5f-643f-4d30-ac58-4da8ab7e01ab,Francesco Felici,https://play-lh.googleusercontent.com/a-/ALV-UjWyLOYh1R7_nXtDaUrvcIaBjaL0X9ZRfTzM1FcOsC9TzVYn0Zyz,The game is very good and the encounters are interesting however there isn't a way to get tokens without money which makes it's sad when you were just getting to the adventure. Also it would nice to have more npc characters to encounter or even reoccurring characters and more chances to convince or discover things while being subtle. Overall great game but it can definitely be better.,3,4,1.6.3,2024-05-20 00:17:39,Thank you for your feedback! The cost of premium AI models means the game can't be free. We're working on a major update to the NPC system but as a small team it will take some time. We know there's room for improvement and we're committed to making it better. Thanks for your support!,2024-05-21 05:07:36,1.6.3,gam29474,com.aisuccess.ai_game_master
feac5333-0f2b-4b81-a402-8f81a66c6e97,A Google user,https://play-lh.googleusercontent.com/EGemoI2NTXmTsBVtJqk8jxF9rh8ApRWfsIMQSt2uE4OcpQqbFu7f7NbTK05lx80nuSijCz7sc3a277R67g,This game is great maybe even amazing. One of the best games on the app store by far. However the reason I only gave it 4/5 stars is because the stories can sort of mess up sometimes for example sometimes my character will redo actions several times and the story generation is flawed is some aspects and can be improved overall. But apart from that it's amazing and a must for every person's mobile game collection.,4,14,1.1.134,2022-04-16 22:03:12,,,1.1.134,gam3276,com.aidungeon
9312642c-58e3-4a12-b15a-f2cfbfbc673b,A Google user,https://play-lh.googleusercontent.com/EGemoI2NTXmTsBVtJqk8jxF9rh8ApRWfsIMQSt2uE4OcpQqbFu7f7NbTK05lx80nuSijCz7sc3a277R67g,"This app crashes constantly as soon as you start typing. It unfortunately doesn't work anymore though I feel this might be best due to the aggressive monetary nudging. ""Pay for no ads and more energy or else we will throw ads at you often and restrict your experience to about 10 minutes of conversation"". It's not worth it anymore unfortunately.",1,5,1.1.178,2023-03-31 10:30:46,Hey there! This shouldn't be happening and you shouldn't need to watch ads. All players can enjoy unlimited actions when using our base AI model. We would love to look into any issues you might be experiencing. Please reach out to us at support@aidungeon.io.,2023-04-03 16:59:02,1.1.178,gam2649,com.aidungeon
b70a4996-15e3-443a-88a1-44e6d5ba6cea,A Google user,https://play-lh.googleusercontent.com/EGemoI2NTXmTsBVtJqk8jxF9rh8ApRWfsIMQSt2uE4OcpQqbFu7f7NbTK05lx80nuSijCz7sc3a277R67g,Great value Dnd but on crack,4,0,,2022-04-08 12:35:17,,,,gam23088,com.aidungeon
8d084008-e453-4b49-a83c-07d264bca188,A Google user,https://play-lh.googleusercontent.com/EGemoI2NTXmTsBVtJqk8jxF9rh8ApRWfsIMQSt2uE4OcpQqbFu7f7NbTK05lx80nuSijCz7sc3a277R67g,It was a fun game butit doesnt work anymore. It's been so long since this doesnt work but still not getting fixed,1,1,,2022-06-19 13:26:24,Hi Mohammad thanks for that thoughtful feedback! We'd love to help you return to enjoying fun AI-powered adventures so if there are specific areas of improvement that you'd like to see in AI Dungeon then please email them to support@aidungeon.io or report them in bugs.aidungeon.io.,2022-06-24 17:13:14,,gam12903,com.aidungeon
4c45b9f7-4d50-4b62-859d-fe8cc87253c5,Noah Garza,https://play-lh.googleusercontent.com/a/ACg8ocKUYIhiOhujuC1Q2UtjHhqpEi0-BqA4oSZURt2SBdF9eZlNSQ=mo,Dude this game is good. Other games I've played don't remember things very well but this game remembers what I told it and what it told me. I imagine my character doing something to progress the story write it down and the game goes with it. I told it a simple version of what I wanted to do (find my lost spouse who disappeared on a mysterious quest) and now I'm at a temple that was part of their mysterious quest looking for clues about a lost relic they went to find. It feels epic.,5,4,1.8.0,2024-07-30 07:48:29,Wow that's fantastic to hear! We're putting in our all to give you the most epic experience and it's amazing to know it's appreciated. Your support keeps us going and we're happy to keep making the game even better for you!,2024-07-31 04:04:21,1.8.0,gam29465,com.aisuccess.ai_game_master
916f769a-54dc-46d0-9739-6211c12fdf8c,A Google user,https://play-lh.googleusercontent.com/EGemoI2NTXmTsBVtJqk8jxF9rh8ApRWfsIMQSt2uE4OcpQqbFu7f7NbTK05lx80nuSijCz7sc3a277R67g,"This will be awesome when it is developed further. For now lacks the memory to be really awesome: ""How many people are on my team?"" ""There are 10 people on your team."" ""Who are the people on my team?"" ""Your team has 3 squad leaders each with 5 people under them."" I really look forward to seeing this project completed. Keep up the good work.",4,0,1.1.172,2023-02-02 06:56:09,Thanks Michael! We have tools to help. Learn more about our memory and author's note tools here: https://help.aidungeon.io/advanced. Using these tools will help the AI remember what is important to you in your story. Reach out at support@aidungeon.io if you need any additional help :),2023-02-02 17:58:06,1.1.172,gam6177,com.aidungeon
b97904e5-ad27-4059-9b50-96c99ff29587,A Google user,https://play-lh.googleusercontent.com/EGemoI2NTXmTsBVtJqk8jxF9rh8ApRWfsIMQSt2uE4OcpQqbFu7f7NbTK05lx80nuSijCz7sc3a277R67g,just downloaded and it will not open. at all. it just gets stuck on the downloading package page. it's been sitting there for 10 minutes.,1,0,,2022-01-24 11:40:57,,,,gam10545,com.aidungeon
f7080003-cb27-46b8-94c2-654b6482ea09,A Google user,https://play-lh.googleusercontent.com/EGemoI2NTXmTsBVtJqk8jxF9rh8ApRWfsIMQSt2uE4OcpQqbFu7f7NbTK05lx80nuSijCz7sc3a277R67g,Truly a great low barrier to entry solution for someone to get into generative AI storytelling.,5,0,1.2.47,2024-01-24 09:16:43,Thanks for your recommendation and review!,2024-01-26 20:12:05,1.2.47,gam12071,com.aidungeon
65f3a10e-720f-4e26-a695-d41ae001af2a,A Google user,https://play-lh.googleusercontent.com/EGemoI2NTXmTsBVtJqk8jxF9rh8ApRWfsIMQSt2uE4OcpQqbFu7f7NbTK05lx80nuSijCz7sc3a277R67g,I'll have to say thank you for responding to my review but now it seems I can't go on the app at all seen as it kicks me from the game before even loading properly please will you fix this issue as I really do like this game.,4,1,1.1.172,2023-01-24 01:11:43,Great news Ethan! We released a new update called Unchained. Ads no longer inhibit gameplay; all players have unlimited access to our base AI model (Griffin). Learn more at https://aidungeon.io/unchained :),2023-01-12 18:05:45,1.1.172,gam10071,com.aidungeon
60e643cc-07f3-46f5-b980-2132a665a4fa,A Google user,https://play-lh.googleusercontent.com/EGemoI2NTXmTsBVtJqk8jxF9rh8ApRWfsIMQSt2uE4OcpQqbFu7f7NbTK05lx80nuSijCz7sc3a277R67g,You should incorporate rpg elements. The roll of the d20 dice for all actions customizable characters. Implementation of python functions to enhance and keep track of a character's properties & character sheets as well as the npcs properties dice rolls of all entities as well as ability details & results of actions. By the way you guys may want to base your LLM AI powered solutions through Google or Microsoft ChatGPT is trash compared to Google's & Microsoft's AI systems.,1,1,,2023-11-27 06:42:26,,,,gam5810,com.aidungeon
28bd1d18-28f4-492d-84ae-b22a4dffd28e,Ivan jackinov,https://play-lh.googleusercontent.com/a-/ALV-UjU-Vsnh_St_wtmHzj2IjXRf6LoGbNwF9hCS1c88P-qp-S0ZXLE,love this game you can do just about anything within reason it's a really good story teller and you chose your way the way that suits you.,5,0,1.7.7,2024-07-01 13:14:07,Awesome to hear you love the game! Enjoy your adventures!,2024-07-02 02:22:52,1.7.7,gam29712,com.aisuccess.ai_game_master
dae2be45-a1f5-49cf-96ed-689d584dc43d,A Google user,https://play-lh.googleusercontent.com/EGemoI2NTXmTsBVtJqk8jxF9rh8ApRWfsIMQSt2uE4OcpQqbFu7f7NbTK05lx80nuSijCz7sc3a277R67g,"I really like this app. But the recent change to remove the energy system has proven to be extremely obtrusive. I had expected it to be an ad every couple of actions that made sense. But triggering after every action makes it virtually impossible to get immersed when saying something as simple as ""Yeah"" throws a Genshin Impact ad at you. Update: upon investigation it was a bug and it is now fixed for me.",4,4,1.1.147,2022-06-24 16:10:02,Free play is now an unlimited experience! Ads no longer interrupt gameplay; all players have unlimited actions when using Griffin (our base AI model). Learn more at https://aidungeon.io/unchained. We will continue to improve our model and overall game experience. Stay tuned for more exciting updates :),2023-01-18 16:33:33,1.1.147,gam922,com.aidungeon
019d0ec7-a7e3-4c99-b81b-4c1197172230,A Google user,https://play-lh.googleusercontent.com/EGemoI2NTXmTsBVtJqk8jxF9rh8ApRWfsIMQSt2uE4OcpQqbFu7f7NbTK05lx80nuSijCz7sc3a277R67g,The fact that the game is now worst is just sad. I miss the fact that you could hop on this game without any login plus the actual AI isn't good like it's used to. Overall the game used to be good now is bad,3,2,1.1.108,2022-01-18 14:14:26,,,1.1.108,gam10328,com.aidungeon
9e470a32-7de2-40c0-8b6f-43989dda521f,A Google user,https://play-lh.googleusercontent.com/EGemoI2NTXmTsBVtJqk8jxF9rh8ApRWfsIMQSt2uE4OcpQqbFu7f7NbTK05lx80nuSijCz7sc3a277R67g,Great concept but the game has lost each of my first 2 stories as I was playing them so I am done with this POS. Maybe the developers should focus on keeping the game running smoothly before thinking about endlessly profiting off of their customers. Good luck it out figuring out.,2,0,1.1.147,2022-07-13 11:19:49,,,1.1.147,gam4469,com.aidungeon
95f6bb4e-6efb-444b-93bc-39da9bbeb7d6,VIcTOry2meh,https://play-lh.googleusercontent.com/a-/ALV-UjVUtls7HfyjvPI3Y5i0M0I0oPMf-j_CMpyz5Zmsai5EIuny8Sc,This game is just a waste of money. I really regret paying the master game. The ai is suck can't even remember things like it doesn't make sense anymore it just writes nonsense and doesn't follow the story. What a waste. I feel like I got scum.,1,2,,2023-05-06 03:05:20,Oops. If you don't like it please email us at hey@aitales.app - we'll make a refund. We opened almost all the features before buying for free so you can always see if the game is right for you or not. Wa are sorry you didn't like it and we're still working and preparing a lot of new features. Be sure to email us!,2023-05-06 03:23:45,,gam164,com.feynmanapps.aitales
c8a4bdfa-0af3-476f-a5b0-a5162123ef49,A Google user,https://play-lh.googleusercontent.com/EGemoI2NTXmTsBVtJqk8jxF9rh8ApRWfsIMQSt2uE4OcpQqbFu7f7NbTK05lx80nuSijCz7sc3a277R67g,Model has been vastly improved recently almost no flaws.,5,0,1.1.108,2022-01-18 20:58:45,,,1.1.108,gam16652,com.aidungeon
f0f72275-b418-4930-bde3-d17a8a9d2b29,A Google user,https://play-lh.googleusercontent.com/EGemoI2NTXmTsBVtJqk8jxF9rh8ApRWfsIMQSt2uE4OcpQqbFu7f7NbTK05lx80nuSijCz7sc3a277R67g,This used to be such a fun app even on the free version I've been an advocate of how well I believed the basic AI was if you just worded your actions right. Things required a few retries every now and then to keep it on track or steer the story how you wanted but it was fine. Now you only get limited attempts unless you watch an ad. The entire thing is riddled with ads. So disappointing. You already have a bad reputation with this game why would you think that was smart?,1,5,1.1.147,2022-07-09 02:27:31,Player feedback is vital to us; we've found ways to reduce our AI cost to offer all players gameplay uninterrupted by ads with unlimited actions! We would love to discuss any questions or concerns; please reach out to us at support@aidungeon.io.,2023-01-14 14:25:01,1.1.147,gam1365,com.aidungeon
cc010d00-0c98-41e5-a1bc-8d2c8a888dd1,A Google user,https://play-lh.googleusercontent.com/EGemoI2NTXmTsBVtJqk8jxF9rh8ApRWfsIMQSt2uE4OcpQqbFu7f7NbTK05lx80nuSijCz7sc3a277R67g,Needs work but i see great potential,4,0,,2022-03-27 01:21:42,Thank you Asher! If you have any suggestions or specific areas where you'd like to see improvement then please feel free to share them with support@aidungeon.io. Thanks again!,2022-04-01 17:46:20,,gam17360,com.aidungeon
5dbea8c0-e502-426b-8a03-d20ccb42617e,A Google user,https://play-lh.googleusercontent.com/EGemoI2NTXmTsBVtJqk8jxF9rh8ApRWfsIMQSt2uE4OcpQqbFu7f7NbTK05lx80nuSijCz7sc3a277R67g,If I could put in zero stars I would it didn't even open,1,0,1.1.134,2022-05-08 00:25:27,,,1.1.134,gam20339,com.aidungeon
c3274c53-4766-4a34-a4a4-a2359c3f92eb,A Google user,https://play-lh.googleusercontent.com/EGemoI2NTXmTsBVtJqk8jxF9rh8ApRWfsIMQSt2uE4OcpQqbFu7f7NbTK05lx80nuSijCz7sc3a277R67g,The AI of this game is dumb.,1,1,,2022-03-31 21:59:00,Thanks for your feedback. The AI is trying its best and it helps to guide it into producing meaningful output by typing relevant details to your scenario. Additionally we encourage you to use the Memory (MEMO) and World Info tools to help the AI stay on track. Please email support@aidungeon.io if you have any questions.,2022-04-01 16:13:30,,gam22424,com.aidungeon
b890d590-7080-4e49-b3d5-5243cd48aa05,A Google user,https://play-lh.googleusercontent.com/EGemoI2NTXmTsBVtJqk8jxF9rh8ApRWfsIMQSt2uE4OcpQqbFu7f7NbTK05lx80nuSijCz7sc3a277R67g,Very funny and worth using money on,5,0,1.1.130,2022-03-27 20:39:44,,,1.1.130,gam18088,com.aidungeon
2cf6b6a5-f538-4d3b-ba96-f1b18f59cfb9,A Google user,https://play-lh.googleusercontent.com/EGemoI2NTXmTsBVtJqk8jxF9rh8ApRWfsIMQSt2uE4OcpQqbFu7f7NbTK05lx80nuSijCz7sc3a277R67g,Creates its own stories and doesn't care about any input from the player,1,3,1.1.178,2023-06-15 09:01:57,,,1.1.178,gam16684,com.aidungeon
3f383da6-0e1a-4220-869e-f9625e6edde4,A Google user,https://play-lh.googleusercontent.com/EGemoI2NTXmTsBVtJqk8jxF9rh8ApRWfsIMQSt2uE4OcpQqbFu7f7NbTK05lx80nuSijCz7sc3a277R67g,This game has good and bad moments. It really deserves a higher rating but it's been so buggy lately. Recently they changed all the art images and made it look better. It also loads just fine. The UI change is one of my biggest problems The new one is just weird and not helpful. Also when you add more to the story sections of it disappear. It doesn't delete it they're still there but I can't see them. Also the membership stuff in my opinion is stupidly expensive. I will never buy them.,2,4,1.1.172,2023-11-29 16:36:48,Please try out our newest update called Unchained! Free play allows for unlimited actions on our base AI model (Griffin). Learn more at https://aidungeon.io/unchained. Weve also made other performance improvements with more planned for the future :) Reach out to us at support@aidungeon.io if you have any additional concerns happy to help.,2022-12-16 15:51:03,1.1.172,gam887,com.aidungeon
05f3f7fd-6809-4fff-ae90-6e78e53277f5,A Google user,https://play-lh.googleusercontent.com/EGemoI2NTXmTsBVtJqk8jxF9rh8ApRWfsIMQSt2uE4OcpQqbFu7f7NbTK05lx80nuSijCz7sc3a277R67g,it is honestly really good in my opinion you can basically do anything you want while the AI makes a story some are good some are bad but over all it is fun I have had this for years and I think despite it's flaws it my not be perfect but I still enjoy it a lot I won't go into to much details but if you like stories if you like the idea of lucid dreaming and using your imagination I think this game is at least worth a shot,4,0,1.1.178,2023-07-07 05:10:06,,,1.1.178,gam3212,com.aidungeon
8e9221db-aba4-4aa8-aa89-39fcd5ae66de,A Google user,https://play-lh.googleusercontent.com/EGemoI2NTXmTsBVtJqk8jxF9rh8ApRWfsIMQSt2uE4OcpQqbFu7f7NbTK05lx80nuSijCz7sc3a277R67g,is now utterly terrible why did they have to monetize every aspect of it,1,0,1.1.6,2022-12-19 22:57:36,We recently provided all players with unlimited actions and no interruptions when using our base AI model. Our premium features have a higher cost overtime for us to offer. To learn more about why we charge what we do go to https://latitude.io/blog/ai-magic-what-it-takes-to-play-ai-games. Email us if you have any questions at support@aidungeon.io.,2023-01-05 16:05:25,1.1.6,gam18777,com.aidungeon
40c0e7cd-fad9-440c-aa49-cccbb4d0fae0,A Google user,https://play-lh.googleusercontent.com/EGemoI2NTXmTsBVtJqk8jxF9rh8ApRWfsIMQSt2uE4OcpQqbFu7f7NbTK05lx80nuSijCz7sc3a277R67g,I play this on the browser a lot so i decided to get the app. But no matter what i do in the app it says Error. I cant click a story play my profile anything. But the one on the browser still works fine so why does the app version not work?,2,1,1.1.139,2022-05-30 06:14:38,,,1.1.139,gam6162,com.aidungeon
ef778502-6fbc-424f-a131-74d4e462b445,A Google user,https://play-lh.googleusercontent.com/EGemoI2NTXmTsBVtJqk8jxF9rh8ApRWfsIMQSt2uE4OcpQqbFu7f7NbTK05lx80nuSijCz7sc3a277R67g,This is a damn good app but the problem is ads everytime it pops up I wait for the danm reward granted and I post what I've already typed in then it wouldn't post so i try to post it again and another ad would pop up..and it just repeats itself..,3,1,,2022-06-21 10:01:11,Great news! We released a new update called Unchained. Ads no longer inhibit gameplay; all players have unlimited access to our base AI model (Griffin). Learn more at https://aidungeon.io/unchained :),2023-01-18 15:47:05,,gam5460,com.aidungeon
a763298f-f5e7-4794-b437-840009f4adf9,A Google user,https://play-lh.googleusercontent.com/EGemoI2NTXmTsBVtJqk8jxF9rh8ApRWfsIMQSt2uE4OcpQqbFu7f7NbTK05lx80nuSijCz7sc3a277R67g,I would rate thid app 0 stars if possible. What is the point of the action counter??? I just got on and only did one action and noe im forced to watch an ad. Latitude you are running your own app to the ground.,1,2,1.1.148,2022-07-24 03:19:33,Great news! We released a new update called Unchained. Ads no longer inhibit gameplay; all players have unlimited access to our base AI model (Griffin). Learn more at https://aidungeon.io/unchained :),2023-01-14 16:54:11,1.1.148,gam9090,com.aidungeon
e019ed92-bf70-41f9-86c9-4dc8967895e4,A Google user,https://play-lh.googleusercontent.com/EGemoI2NTXmTsBVtJqk8jxF9rh8ApRWfsIMQSt2uE4OcpQqbFu7f7NbTK05lx80nuSijCz7sc3a277R67g,I don't usually leave reviews but this app is so creative and innovative. it really takes ai to the next level. the stories are all so intriguing and require imagination. AND THE BEST PART IS THAT THERES NO PAYWALL. usually there's a huge pay wall in order to type a certain amount of words but this app obviously respects its users. TLDR I highly recommend this to anybody who enjoys DND replaying or just being overall creative :),5,0,1.2.49,2024-03-28 23:25:47,,,1.2.49,gam3283,com.aidungeon
5d3f360a-c620-48f4-b98d-926861f23ce7,A Google user,https://play-lh.googleusercontent.com/EGemoI2NTXmTsBVtJqk8jxF9rh8ApRWfsIMQSt2uE4OcpQqbFu7f7NbTK05lx80nuSijCz7sc3a277R67g,Just switch over to Dreamily. It's much better the developers are awesome and there's absolutely zero payments. Don't download this. It's awful. It's really changed over the years. There's so much content blocked by an expensive paywall.,1,1,1.1.48,2022-02-08 03:13:03,,,1.1.48,gam4150,com.aidungeon
1588579f-84fc-4b13-b901-7df0304c9bed,A Google user,https://play-lh.googleusercontent.com/EGemoI2NTXmTsBVtJqk8jxF9rh8ApRWfsIMQSt2uE4OcpQqbFu7f7NbTK05lx80nuSijCz7sc3a277R67g,Needs a little adjustment on how the ai grasps the story,5,0,1.1.134,2022-05-19 20:10:12,,,1.1.134,gam18114,com.aidungeon
b245cde0-02e0-4a23-b905-640e60c7d165,Josh Swift,https://play-lh.googleusercontent.com/a-/ALV-UjW6WbM4XaUGL1mnpG7IKqwDXNkwe-foS8l1mxchdRWtuRz_ggs,Your game is irritating me. There's no way I'm going to pay for this if when I describe an enemy in detail in hopes that I get to battle them the games just basically deny. Then I try to force the encounter and it still doesn't enter the encounter. I just wasted all my tokens trying to battle a boss creature. I'm getting tired of describing things for nothing. Aside from that extremely irritating feature. I love that I can create my own relics that the AI use on it's own in lower encounters.,3,1,1.9.0,2024-09-25 18:57:26,Hi! Please bear with us just little longer! An upcoming update is exactly around what you describe I believe a week or two,2024-09-25 19:06:16,1.9.0,gam29456,com.aisuccess.ai_game_master
616e0e84-b6ea-445f-98db-5141f0f57c5e,A Google user,https://play-lh.googleusercontent.com/EGemoI2NTXmTsBVtJqk8jxF9rh8ApRWfsIMQSt2uE4OcpQqbFu7f7NbTK05lx80nuSijCz7sc3a277R67g,Remove the energy system. I played for 10 minutes before completely exhausting my energy. 80% of the actions that used up my energy were completely broken.,1,1,,2022-07-22 16:18:28,We've made some recent changes and improvements to AI Dungeon including our free-play experience. Actions are now unlimited for all players using our Griffin AI model :) Also other performance improvements were made. Learn more here: https://aidungeon.io/unchained.,2023-01-14 18:26:46,,gam8683,com.aidungeon
7e40144f-8f32-4f0e-8ae5-062fb73be04b,A Google user,https://play-lh.googleusercontent.com/EGemoI2NTXmTsBVtJqk8jxF9rh8ApRWfsIMQSt2uE4OcpQqbFu7f7NbTK05lx80nuSijCz7sc3a277R67g,is the app content 5 stars? yes. can you finish a story without spending money? not really. i get the tech involved but unless your forking out serious money welcome to the first and final boss. the gatekeeper lol. what a shame. the monthly os so high.,1,1,,2024-08-12 19:59:42,,,,gam5577,com.aidungeon
b6fec798-0ae9-4d50-bc21-223d69b5a145,A Google user,https://play-lh.googleusercontent.com/EGemoI2NTXmTsBVtJqk8jxF9rh8ApRWfsIMQSt2uE4OcpQqbFu7f7NbTK05lx80nuSijCz7sc3a277R67g,Why can't I play it? I've installed it and there's no play button?,1,3,1.1.52,2022-08-08 11:44:17,,,1.1.52,gam17903,com.aidungeon
646f8ab5-4719-43ad-a40c-312a120145b1,Sofia Fernandes,https://play-lh.googleusercontent.com/a-/ALV-UjXvJ_2-TjyZTfhhyB706p6LuHOCpsEQomoc3Pe5U9hQkU7LmOUL,It would be nice if you could interact with more NPCs.,4,0,1.6.2,2024-05-13 13:25:59,This will be possible in the future. Stay tuned for updates!,2024-05-14 17:06:05,1.6.2,gam29807,com.aisuccess.ai_game_master
ee340ffd-bb40-44a7-8087-76e0f6ca9ce1,A Google user,https://play-lh.googleusercontent.com/EGemoI2NTXmTsBVtJqk8jxF9rh8ApRWfsIMQSt2uE4OcpQqbFu7f7NbTK05lx80nuSijCz7sc3a277R67g,Loving it so far. It's a lot of fun creating different stories and I haven't run into any limits yet.,5,0,1.1.178,2023-03-16 20:53:02,,,1.1.178,gam11096,com.aidungeon
94da7452-d6b9-4a80-b79d-f513fa51a281,A Google user,https://play-lh.googleusercontent.com/EGemoI2NTXmTsBVtJqk8jxF9rh8ApRWfsIMQSt2uE4OcpQqbFu7f7NbTK05lx80nuSijCz7sc3a277R67g,Despite it's quirks it's still pretty good to this day.,4,0,1.1.148,2022-07-22 09:57:07,Thanks for the review! Latitude is not legally responsible for any beloved chocolate cakes that are consumed by the AI without warning ;),2022-07-22 09:54:46,1.1.148,gam19732,com.aidungeon
c52d310e-9474-4f42-85ca-54f23fb6f7fe,A Google user,https://play-lh.googleusercontent.com/EGemoI2NTXmTsBVtJqk8jxF9rh8ApRWfsIMQSt2uE4OcpQqbFu7f7NbTK05lx80nuSijCz7sc3a277R67g,Can't tell if they fixed the broken ads showing up every couple of actions because now I can't even log in. I open the app it takes me to the main menu I click log it but nothing happens for a few moments then it says there was an error. I can get in through a browser but not the actual app.,1,12,1.1.147,2022-06-24 22:50:27,Ads no longer interrupt gameplay; all players have unlimited actions to our base AI model. Learn more at https://aidungeon.io/unchained. We would love to look into any issues you might be experiencing. Please reach out to us at support@aidungeon.io.,2023-01-18 14:56:02,1.1.147,gam1398,com.aidungeon
9e0049d5-2044-49f3-8e27-88a661eb9eac,A Google user,https://play-lh.googleusercontent.com/EGemoI2NTXmTsBVtJqk8jxF9rh8ApRWfsIMQSt2uE4OcpQqbFu7f7NbTK05lx80nuSijCz7sc3a277R67g,AI is goid but can be confused there are better midels out there but they seemingly develop further in that regard. The prices are absolutely fair. They removed the iverbearing and buggy filter as it made it absolutely unplayable. Big gripe: The community scenario browser is horrible you can't scroll through them that far.,4,1,1.1.178,2023-06-11 12:52:01,,,1.1.178,gam3799,com.aidungeon
4e53448c-4e6f-4386-89dd-442c9b5cd095,A Google user,https://play-lh.googleusercontent.com/EGemoI2NTXmTsBVtJqk8jxF9rh8ApRWfsIMQSt2uE4OcpQqbFu7f7NbTK05lx80nuSijCz7sc3a277R67g,Way to many adds and the AI bugs out nonstop or doesn't follow any path. This used to be a really good app but now it's not,2,3,1.1.147,2022-07-04 01:34:19,,,1.1.147,gam9729,com.aidungeon
81ab70bd-7e57-44cd-8639-5e1bf9e00440,A Google user,https://play-lh.googleusercontent.com/EGemoI2NTXmTsBVtJqk8jxF9rh8ApRWfsIMQSt2uE4OcpQqbFu7f7NbTK05lx80nuSijCz7sc3a277R67g,Honestly the ads are such a fail they were never necessary but for some reason you guys implemented them. It used to be a perfectly fine game but now its literally just another money eating ad riddled game. Im disappointed. Whoever came up with this ad issue is just dumb.,1,3,,2022-06-28 16:13:18,We've made some recent changes and improvements to AI Dungeon including our free-play experience. Actions are now unlimited for all players using our Griffin AI model :) Also other performance improvements were made. Learn more here: https://aidungeon.io/unchained.,2023-01-18 14:16:58,,gam5866,com.aidungeon
6dd0aebc-c32c-42de-a6a1-3af19fcfcdb1,A Google user,https://play-lh.googleusercontent.com/EGemoI2NTXmTsBVtJqk8jxF9rh8ApRWfsIMQSt2uE4OcpQqbFu7f7NbTK05lx80nuSijCz7sc3a277R67g,Just to type in a prompt takes ages to load and when it does the ai says so.ething completely off topic. In most cases the ai will forget the names of some of the characters no matter how much I say it. Utterly annoying used to be good but turned into a cash grab.,1,1,1.1.147,2022-06-24 17:45:52,,,1.1.147,gam3560,com.aidungeon
aebb9337-af1d-47d3-972a-fc380f61164d,A Google user,https://play-lh.googleusercontent.com/EGemoI2NTXmTsBVtJqk8jxF9rh8ApRWfsIMQSt2uE4OcpQqbFu7f7NbTK05lx80nuSijCz7sc3a277R67g,the new ui as of today's update is clunky unintuitive and SLOW. not just for actions story events ect in your sessions. but also for navigating your saved stories the new font looks atrocious and overall it just looks and feels like a downgrade,3,3,1.2.40,2023-11-10 01:07:35,,,1.2.40,gam3513,com.aidungeon
957fda35-862f-4a58-9a26-5ce6fe63e324,Waterbird,https://play-lh.googleusercontent.com/a-/ALV-UjVRvmvd3vBEPU47e99eQFDtaWowpX2QGnu0aFkmQoiEs3Ve45s,I am a split mind about this game. The core game is brilliant easily the best AI tool I have used. The world creation is really detailed and you can have a lot of fun experimenting with it. HOWEVER The game's token per action system is really inefficient. You burn through your tokens really quickly but the ways of getting more (aside from paying) are really buggy and don't always work. You find yourself in a position where you are literally unable to use the game even though it's really good.,3,4,1.6.2,2024-04-30 12:31:45,Thank you for your feedback. As a self-funded team the costs of AI technology mean we can't offer the game for free hence the need for tokens. We're working on a subscription model to make it more affordable. If you've had issues with tokens not being granted or lost please email us at gm@aigamemaster.app so we can address this directly.,2024-05-01 03:37:24,1.6.2,gam29534,com.aisuccess.ai_game_master
50216d48-25e6-40b2-944d-7a93c70fc116,A Google user,https://play-lh.googleusercontent.com/EGemoI2NTXmTsBVtJqk8jxF9rh8ApRWfsIMQSt2uE4OcpQqbFu7f7NbTK05lx80nuSijCz7sc3a277R67g,Fun but frustrating. The AI has been improving for sure but every now and then it'll repeat similar things even when I've been rolling for something new or editing it. Dragon is absolutely broken beyond repair so don't bother buying it sadly. I was hyped to try it but after buying it my AI worked like utter garbage. But as of recent it's been good.,4,7,1.1.139,2022-05-26 11:16:18,,,1.1.139,gam1677,com.aidungeon
e14ae8a4-a701-415f-8c84-0a1e4ff7f865,A Google user,https://play-lh.googleusercontent.com/EGemoI2NTXmTsBVtJqk8jxF9rh8ApRWfsIMQSt2uE4OcpQqbFu7f7NbTK05lx80nuSijCz7sc3a277R67g,Sure enjoy putting a bunch of information into the world creator that the AI ultimately completely ignores. What is the point of making a world at all?,2,0,1.1.133,2022-04-07 09:51:07,,,1.1.133,gam14534,com.aidungeon
47ff231c-a83e-4705-8ff5-15d9fffa9caf,A Google user,https://play-lh.googleusercontent.com/EGemoI2NTXmTsBVtJqk8jxF9rh8ApRWfsIMQSt2uE4OcpQqbFu7f7NbTK05lx80nuSijCz7sc3a277R67g,So this is an amazing game but sometimes the game freezes when I'm in the middle of typing an I have to redo the same this over an over cause it keeps freezing an it does get kind of annoying after awhile,3,5,1.1.172,2023-01-15 12:53:39,The freezing only seems to be happening using the default Samsung keyboard. Weve had success with players installing Google's keyboard resolving this problem. We will continue to investigate this issue of freezing and crashing further. Also feel free to reach out to us at support@aidungeon.io. Happy to help :),2023-01-18 09:18:23,1.1.172,gam7289,com.aidungeon
e02746d6-30c3-4a0f-8ff2-8cd824d17f32,A Google user,https://play-lh.googleusercontent.com/EGemoI2NTXmTsBVtJqk8jxF9rh8ApRWfsIMQSt2uE4OcpQqbFu7f7NbTK05lx80nuSijCz7sc3a277R67g,This app is great I often times have to edit or retry what the A.I. says to keep it on track; but the core concept is amazing and well done enough for me to spend hours playing around with the A.I. Edit: a tip to have a good time using it is to use the A.I.'s lines as more of a tool for generating new ideas into a story that you already have in mind. Write most of the lines yourself click the arrow whenever you get stuck let the A.I. write a few lines take the parts you like and edit it in,5,0,1.1.172,2023-01-10 15:31:50,Thank you for the 5-star review Ezra :) Glad you have been able to learn how to work with the AI to have a great experience. If you have any feedback or suggestions on how we can improve please let us know at https://feedback.latitude.io/.,2023-01-10 14:33:07,1.1.172,gam862,com.aidungeon
9219ecc2-bf91-4987-a62d-96440dc2be25,Plipplop the Countess,https://play-lh.googleusercontent.com/a-/ALV-UjWbnHwtg4gZGF21izu_6QwzAdDgxgZJCNi4Y4J8AVEyfRgGHYU,This is the first game where I would actually like to ask for ads. I understand why it is only 5 per day (as to make it affordable) and why you need to pay for turns. I would recommend adding the ability to watch ads to gain more points that way you guys can make money and we can play more than 5 rounds per day.,4,0,,2024-04-23 12:03:42,Thank you for your review and for your suggestion! We are constantly exploring ways to make the game more accessible. Currently ads alone don't balance the costs of using GPT-4 and other premium AI technologies but we are actively looking for ways to integrate them effectively. Update: You now get 5 tokens every 4 hoursjust click to claim!,2024-08-12 11:23:22,,gam29698,com.aisuccess.ai_game_master
319bf2b5-56b5-4fe9-b1a1-ae0d29ccb05b,A Google user,https://play-lh.googleusercontent.com/EGemoI2NTXmTsBVtJqk8jxF9rh8ApRWfsIMQSt2uE4OcpQqbFu7f7NbTK05lx80nuSijCz7sc3a277R67g,It's a good game but it just really lags alot lot,3,1,1.1.172,2023-01-28 22:08:29,Hey Jesca! We are happy to look into this; please reach out to support@aidungeon.io. Thanks :),2023-01-31 22:29:41,1.1.172,gam16967,com.aidungeon
156c35c7-8fd5-4df4-85ee-b68b7cd1d64f,A Google user,https://play-lh.googleusercontent.com/EGemoI2NTXmTsBVtJqk8jxF9rh8ApRWfsIMQSt2uE4OcpQqbFu7f7NbTK05lx80nuSijCz7sc3a277R67g,This game used to be excellent. But its gone downhill significantly. I cannot reccomend it unless they roll it back by months.,2,0,1.1.139,2022-05-26 02:14:30,,,1.1.139,gam9490,com.aidungeon
217c9d8b-28af-4508-ab9f-41cd56f08bd3,A Google user,https://play-lh.googleusercontent.com/EGemoI2NTXmTsBVtJqk8jxF9rh8ApRWfsIMQSt2uE4OcpQqbFu7f7NbTK05lx80nuSijCz7sc3a277R67g,I love this AI stuff helping me with story prompts.,5,0,1.1.119,2022-02-03 21:26:28,,,1.1.119,gam16067,com.aidungeon
9e8b8e21-09b7-4c3c-9d99-e7ae9f2551f4,A Google user,https://play-lh.googleusercontent.com/EGemoI2NTXmTsBVtJqk8jxF9rh8ApRWfsIMQSt2uE4OcpQqbFu7f7NbTK05lx80nuSijCz7sc3a277R67g,The ai often gets off track from the story,3,0,,2022-12-27 21:59:25,We have tools and guides that can help with this! Learn more here: https://help.aidungeon.io/ai-dungeon-101 https://help.aidungeon.io/advanced. Specifically go through our troubleshooting section on our advanced guide. If you have any questions let us know at support@aidungeon.io. Thanks!,2023-01-04 22:10:16,,gam17848,com.aidungeon
9f73f08d-f580-4716-bb8a-800057c5f131,A Google user,https://play-lh.googleusercontent.com/EGemoI2NTXmTsBVtJqk8jxF9rh8ApRWfsIMQSt2uE4OcpQqbFu7f7NbTK05lx80nuSijCz7sc3a277R67g,(The app is currently broken. Some really bad lag when typing followed soon by a crash.) This app has serious highs and lows. At its best it is a lot of fun to mess around in or create decent stories with the AI. At it's worst it is incoherent and buggy. The paywalls are annoying and I'd much rather make a onetime purchase of maybe $20-$30 than pay $10 every month. It's fun when it works annoying when it doesn't and I'll leave it at that.,3,62,1.1.172,2022-12-12 11:43:33,Hey again :) We released a new update called Unchained. Ads no longer inhibit gameplay and all players have unlimited access to our base AI model (Griffin). Learn more at https://aidungeon.io/unchained :) If you are encountering any issues please reach out to us at support@aidungeon.io. Thanks!,2022-12-12 17:51:29,1.1.172,gam954,com.aidungeon
f69cdb53-8e56-4d38-aab4-0eb3fa261daf,A Google user,https://play-lh.googleusercontent.com/EGemoI2NTXmTsBVtJqk8jxF9rh8ApRWfsIMQSt2uE4OcpQqbFu7f7NbTK05lx80nuSijCz7sc3a277R67g,"Older version was better seems the responses was more randomly generated to things. I've gotten looped back with the same thing multiple times. I even tried the $30 ""advanced AI"" same issue and just not as creative as it once was. I remember descriptions of towns and people and all around a good experience. Nothing close to that now.",1,74,1.1.119,2022-02-25 12:01:55,,,1.1.119,gam1226,com.aidungeon
0079225b-1520-4617-8fd9-33b3d57b46cc,A Google user,https://play-lh.googleusercontent.com/EGemoI2NTXmTsBVtJqk8jxF9rh8ApRWfsIMQSt2uE4OcpQqbFu7f7NbTK05lx80nuSijCz7sc3a277R67g,"I don't really understand what is all the fuss about the ai is rather submissive like I literally typed ""kill the dragon"" and the dragon died without effort one of other disappointing experiences. The game should be more challenging not just ""kill the final boss in one line"" sort of thing. Really disappointing",1,1,1.1.178,2023-09-06 15:44:59,,,1.1.178,gam2740,com.aidungeon
e82c3388-8664-468e-b1bf-43875a32047f,A Google user,https://play-lh.googleusercontent.com/EGemoI2NTXmTsBVtJqk8jxF9rh8ApRWfsIMQSt2uE4OcpQqbFu7f7NbTK05lx80nuSijCz7sc3a277R67g,Honestly one of my favorite apps. If you enjoy writing or text-based adventure it's fun. I believe I have a Traveler acct since I bought it on Steam ages ago. I like being able to make a quick scenario when I'm bored and just play for a bit. AI options are a lot better than they used to be and encourage you to mix up your writing styles or it gets repetitive. Occasionally does get a serious bug so if you have a pay acct I bet it's annoying but overall a fun game.,4,21,1.2.66,2024-07-29 13:43:38,,,1.2.66,gam518,com.aidungeon
1de505a4-72f5-4c0f-b823-d85aeedaea8d,A Google user,https://play-lh.googleusercontent.com/EGemoI2NTXmTsBVtJqk8jxF9rh8ApRWfsIMQSt2uE4OcpQqbFu7f7NbTK05lx80nuSijCz7sc3a277R67g,"AI Dungeon was great before it got big and you guys became money hungry. The freedom players had in prior versions was the fun of the app. Now there's energy limiting the amount time someone can play premium worlds and an extremely limited ""quick start."" Disappointing and uninstalled.",1,1,,2022-02-11 04:28:14,,,,gam4918,com.aidungeon
329e2bdb-bbeb-4178-9f24-6978988f966c,A Google user,https://play-lh.googleusercontent.com/EGemoI2NTXmTsBVtJqk8jxF9rh8ApRWfsIMQSt2uE4OcpQqbFu7f7NbTK05lx80nuSijCz7sc3a277R67g,Please make this app available for android 11 again,1,3,,2024-08-24 12:03:58,,,,gam19405,com.aidungeon
65de4978-1c99-45a9-a29f-ba157eaa9b57,Tobi Senpai,https://play-lh.googleusercontent.com/a-/ALV-UjXJHIhAorcqgWGICZiT2ayN_tbczmxjze-6vVEwWLqqMJwiwA,The story kind of doesn't make any sense. And the ai sucks.,3,1,2.3.1,2022-09-28 10:14:31,Got your point Tobi! Thanks for the review. We keep working,2022-09-29 15:59:35,2.3.1,gam378,com.feynmanapps.aitales
9fd25943-dbf4-44b6-9f03-038a4d811431,A Google user,https://play-lh.googleusercontent.com/EGemoI2NTXmTsBVtJqk8jxF9rh8ApRWfsIMQSt2uE4OcpQqbFu7f7NbTK05lx80nuSijCz7sc3a277R67g,Compared to other AI apps liek Chai or Character.AI AI Dungeon actually follows a plot line and it's responses aren't solely trying to encourage nsfw responses. Exactly why AI dungeon is amazing yet under rated,5,0,1.2.66,2024-07-27 08:53:50,,,1.2.66,gam3057,com.aidungeon
840dbb31-4876-46ac-aa7a-90a87130121c,A Google user,https://play-lh.googleusercontent.com/EGemoI2NTXmTsBVtJqk8jxF9rh8ApRWfsIMQSt2uE4OcpQqbFu7f7NbTK05lx80nuSijCz7sc3a277R67g,For some reason I can't sign up but its awesome none the less would recommend to people that know how to sign up plz help me,5,0,1.1.119,2022-01-26 20:05:51,,,1.1.119,gam13995,com.aidungeon
0869c334-289d-4834-9ded-0b265f92ad7e,A Google user,https://play-lh.googleusercontent.com/EGemoI2NTXmTsBVtJqk8jxF9rh8ApRWfsIMQSt2uE4OcpQqbFu7f7NbTK05lx80nuSijCz7sc3a277R67g,My review used to be positive but now I have edit it to reflect my feelings on AI Dungeon as of now. The explore page used to be a great way to experience user content but now it's been downgraded to just hand picked prompts. Another big downgrade would be to the AI it's self it used to work well if you were good with words but now it's just brain dead repeating sentances and phrases.,1,11,1.1.26,2022-06-26 01:56:01,,,1.1.26,gam675,com.aidungeon
1105cad1-b2a6-4df8-86c7-cd8d97805fb1,A Google user,https://play-lh.googleusercontent.com/EGemoI2NTXmTsBVtJqk8jxF9rh8ApRWfsIMQSt2uE4OcpQqbFu7f7NbTK05lx80nuSijCz7sc3a277R67g,Came back recently and it just gotten worse now after a certain amount of actions (about five) it tells you that you either need to subscribe to their overexpensive app or watch an ad (it doesn't show you how to access the ad) this game has unfortunately fallen so far from Grace I don't even want to have it in my apps. Disappointing it has to come to this,1,5,1.1.147,2022-07-24 19:02:02,Please try out our newest update called Unchained! Free play allows for unlimited actions on our base AI model (Griffin). Learn more at https://aidungeon.io/unchained. Weve also made other performance improvements with more planned for the future :) Reach out to us at support@aidungeon.io if you have any additional concerns happy to help.,2023-01-14 16:52:41,1.1.147,gam3537,com.aidungeon
c11ed284-8b03-4e8e-89bb-4c1e2b75c6e2,A Google user,https://play-lh.googleusercontent.com/EGemoI2NTXmTsBVtJqk8jxF9rh8ApRWfsIMQSt2uE4OcpQqbFu7f7NbTK05lx80nuSijCz7sc3a277R67g,The annoying glitch that made it unplayable is no longer affecting this. I don't know what I would do without Ai Dungeon and this may sound like I am exaggerating but it genuinely helps me a ton with my depression. So this is a godsend app for me and I was so disappointed when it was unplayable for a while because of that glitch. But it seems to have fixed itself now and it works better than before the glitch even!,5,22,1.1.151,2022-07-31 13:22:10,Thank you for the epic review Stormy Tanuki We're thrilled that you're enjoying your time in AI Dungeon and glad that glitch got fixed!,2022-08-01 14:09:43,1.1.151,gam660,com.aidungeon
c66133cf-9cc2-4654-b487-106a5223df30,Christopher,https://play-lh.googleusercontent.com/a-/ALV-UjVbS9HDMlSw5clQFmW3tOIZ3Hf2dZALBIamgoR9-cpOnCrIqPNz,I really like the app however I would like there were more ways to get free tokens I wouldn't mind watching one ad for one token and being able to do this multiple times. Also consider making relationship system that you can enable or deactivate if you want it or not during your adventure this could add effects to allies during counters depending on each relationship status with the mc.,5,1,1.8.7,2024-09-19 01:55:00,You can Join our Discord and check our Giveaways channel!,2024-09-17 01:07:24,1.8.7,gam29459,com.aisuccess.ai_game_master
2bbcd94d-f984-4cc8-b6d0-886b4ed7b6c8,A Google user,https://play-lh.googleusercontent.com/EGemoI2NTXmTsBVtJqk8jxF9rh8ApRWfsIMQSt2uE4OcpQqbFu7f7NbTK05lx80nuSijCz7sc3a277R67g,For some reason it didn't accept and commands I gave it fix that and I'll give a better review,1,1,1.1.145,2022-06-18 21:10:22,Hi Max thanks for letting us know! Sounds like you were running into a bug if that's still the case then we encourage you to report it in bugs.aidungeon.io. Thank you!,2022-06-24 17:45:32,1.1.145,gam18944,com.aidungeon
111d6e0d-2c2b-4a7b-95ee-41d17249d87f,A Google user,https://play-lh.googleusercontent.com/EGemoI2NTXmTsBVtJqk8jxF9rh8ApRWfsIMQSt2uE4OcpQqbFu7f7NbTK05lx80nuSijCz7sc3a277R67g,The app was really interesting for a while. It generated unique and interesting stories created worlds almost unimaginable to us today. But now? With the constant ads I feel like that sense of adventure and immersion has been stripped from us. Every two messages we're reminded that we're just in an app. On top of that the artificial intelligence seems to have degraded quite a bit from when I first started. Please do fix these problems. If not the ai itself then at least the ad system.,2,2,,2022-07-21 02:39:53,Please try out our newest update called Unchained! Free play allows for unlimited actions on our base AI model (Griffin). Learn more at https://aidungeon.io/unchained. Weve also made other performance improvements with more planned for the future :) Reach out to us at support@aidungeon.io if you have any additional concerns happy to help.,2023-01-13 17:37:26,,gam1065,com.aidungeon
4d552748-739a-488f-a587-dbfc01143c38,A Google user,https://play-lh.googleusercontent.com/EGemoI2NTXmTsBVtJqk8jxF9rh8ApRWfsIMQSt2uE4OcpQqbFu7f7NbTK05lx80nuSijCz7sc3a277R67g,The original AI was much more responsive a year ago. wow the adds for similar apps are more attractive than the game it's self. Bye AI Dungeon.,1,2,1.1.147,2022-07-08 18:50:56,,,1.1.147,gam9552,com.aidungeon
812b4ca5-4fbc-436f-a098-cbf14c2cd484,cinnamon crunch,https://play-lh.googleusercontent.com/a-/ALV-UjU1aPIyqbjMRRvWfjUGUGCO9PvB2Ih3uzyJVG9_19anl7jtmLiu,"good AI and interesting stories. but sometimes the AI just assumes that i could do anything i want to. if i say something like""kill them with my third generation ultra pro max laser gun"" it would just do it (i accidentally gave it two stars instead of four)",4,0,,2023-07-01 11:04:34,Thank you cinnamon! But then why did you give us a 2? Please write what you didn't like we'd love to hear! Update: Hug you,2023-07-01 12:00:35,,gam136,com.feynmanapps.aitales
2a40d15a-7dfe-4681-88a3-90f3d0f9df09,A Google user,https://play-lh.googleusercontent.com/EGemoI2NTXmTsBVtJqk8jxF9rh8ApRWfsIMQSt2uE4OcpQqbFu7f7NbTK05lx80nuSijCz7sc3a277R67g,Endless fun. You can take any fictional world that exists and be your own character on whichever side/team you want.,5,0,1.2.66,2024-08-21 15:57:36,,,1.2.66,gam5818,com.aidungeon
f37036ca-5919-4890-b6e4-9a56def798f8,A Google user,https://play-lh.googleusercontent.com/EGemoI2NTXmTsBVtJqk8jxF9rh8ApRWfsIMQSt2uE4OcpQqbFu7f7NbTK05lx80nuSijCz7sc3a277R67g,What happened to this app? I used to have so much fun with it and now it feels like it's been stripped bare and anything fun will cost me money. I've been using AI dungeon on and off for year but it's time to just cancel the subscription and delete the app for good. More headache and money than it's been worth. Don't waste your time or cash on this app. You'll regret it.,1,37,1.2.69,2024-09-05 01:11:09,We are sorry to hear that and would love to hear any feedback you have. Please reach out to us at support@aidungeon.com. Free players now have access to new models (Tiefighter MythoMax and Pegasus 8B) increased context advanced settings and our new Memory System. Learn more about these benefits and more at https://aidungeon.com/updates.,2024-09-05 19:54:25,1.2.69,gam1882,com.aidungeon
dfc54d05-9b33-4dde-92a4-76bd9f25f7cb,Morgan,https://play-lh.googleusercontent.com/a/ACg8ocKts5IIkZGweUK7DYbucMTmvaAAfVLaSFdfgA0RncARcOYvJVp5=mo,awesome fun! I wasn't sure what to expect but this has allowed me to freely create stories with some fun twists that actually make sense.,5,0,1.7.9,2024-07-25 19:56:56,Great to hear that! And there are more surprises on the way!,2024-07-28 04:34:32,1.7.9,gam29641,com.aisuccess.ai_game_master
c9f74108-dbd2-46cc-a04c-e0f4602df386,Cory Saunders,https://play-lh.googleusercontent.com/a/ACg8ocJkhkO_cV9QR0RdcLRF57d-9AyiC3E6-jfNywiXS53u__5ySg=mo,Love it! the stories are well put together and and the battles are pretty fun and inventive.,5,1,1.8.2,2024-08-12 14:24:15,Soon there will be :). Update: In the latest version 1.8.2 weve packed in even more free tokens for you! Now youll get 5 tokens every 4 hoursjust tap the button to collect them. Dont miss out!,2024-08-10 08:31:30,1.8.2,gam29616,com.aisuccess.ai_game_master
acf8778e-f81b-4905-b367-304ff78a6625,A Google user,https://play-lh.googleusercontent.com/EGemoI2NTXmTsBVtJqk8jxF9rh8ApRWfsIMQSt2uE4OcpQqbFu7f7NbTK05lx80nuSijCz7sc3a277R67g,Game doesnt allow me to update it. I go to update ot and it says unable to instal update please try again. Otherwise id give it 5 stars.,1,0,1.1.119,2022-03-26 15:07:29,,,1.1.119,gam12781,com.aidungeon
2444d59c-61bf-43da-99e9-6750a3462616,chevalier,https://play-lh.googleusercontent.com/a-/ALV-UjVWpo6KJ6TnWhM-KKOtrdOhnpEqnHzOAK4VIgpp7Pyq9VPxsYFe,Very well done. I downloaded this game with high expectations and it delivered. The AI-generated background is amazing and the controls were very intuitive. I do think that the tutorial is too short a lot of people would probably reach a random ending just by rotating cubes and get confused so there is a room for improvement there. Nevertheless I can see how passionate and supportive the community are which is extremely valuable in the long run. Keep on improving it :D,5,11,1.9.2,2022-02-06 12:25:30,Chevailer thank you so much for your support! Yes we also have a feeling that not everyone understands about the actions on the edges of the cube when turning and we try to make it as clear as possible. It's very interesting that you noted that too. We'll try to make a few more improvements. Cheers!,2022-02-06 12:36:39,1.9.2,gam47,com.feynmanapps.aitales
aa477e30-2847-47fa-9040-574c34fa2ee0,A Google user,https://play-lh.googleusercontent.com/EGemoI2NTXmTsBVtJqk8jxF9rh8ApRWfsIMQSt2uE4OcpQqbFu7f7NbTK05lx80nuSijCz7sc3a277R67g,awesome just wish the purchase was a little more affordable.,4,0,1.2.49,2024-05-11 11:52:21,,,1.2.49,gam12760,com.aidungeon
c2557c51-2a4e-4596-b87e-e9191187169c,A Google user,https://play-lh.googleusercontent.com/EGemoI2NTXmTsBVtJqk8jxF9rh8ApRWfsIMQSt2uE4OcpQqbFu7f7NbTK05lx80nuSijCz7sc3a277R67g,it is really interactive,5,0,1.2.47,2024-02-02 01:13:16,,,1.2.47,gam18573,com.aidungeon
c79e331a-f9ba-4bd6-b25a-4c5aeb7f9318,nico jack,https://play-lh.googleusercontent.com/a/ACg8ocKT9HfTnJq7uReBQZRow56ix56IHwerigjqWp60ldrssBpf2w=mo,glitchy and takes a while to load sometimes but is pretty cool and the AI is so far consistant,3,0,1.7.7,2024-07-09 15:12:50,,,1.7.7,gam29769,com.aisuccess.ai_game_master
0a498ec6-3194-4362-a7c1-fa4a609346ef,A Google user,https://play-lh.googleusercontent.com/EGemoI2NTXmTsBVtJqk8jxF9rh8ApRWfsIMQSt2uE4OcpQqbFu7f7NbTK05lx80nuSijCz7sc3a277R67g,I love this game. Being able to do whatever you want is really cool. But I'm not made of money and even if I was the AI is getting worse. The earlier versions were better. Stop putting content behind a paywall.,2,1,1.1.48,2022-05-22 21:33:30,AI Dungeon is now unchained! Recent changes in AI cost made it possible for us to provide all players with unlimited access to Griffin our base AI model. We hope you will try out the new and improved experience! Learn more at https://aidungeon.io/unchained.,2023-01-19 15:15:19,1.1.48,gam8367,com.aidungeon
d3a587ef-d1d5-48c4-a92b-8053642fc6d5,A Google user,https://play-lh.googleusercontent.com/EGemoI2NTXmTsBVtJqk8jxF9rh8ApRWfsIMQSt2uE4OcpQqbFu7f7NbTK05lx80nuSijCz7sc3a277R67g,Very limited. Just ask chatGPT to act as a dungeon master instead,2,0,1.1.178,2023-05-11 17:17:01,,,1.1.178,gam19086,com.aidungeon
8a100873-2cbc-43e4-8ed8-eb806e44217c,A Google user,https://play-lh.googleusercontent.com/EGemoI2NTXmTsBVtJqk8jxF9rh8ApRWfsIMQSt2uE4OcpQqbFu7f7NbTK05lx80nuSijCz7sc3a277R67g,"It used to be good. Free will of choosing your own story and breaking boredom. But now they've gone and slapped pay walls and ads all over it. Get poor response retry waste actions trying to retry be made to watch ads (mind you they are terrible nowadays) and the cycle restarts. It's just the same ""but muh expensive AI"" when people complain about the ads. Instead of throwing them at us every now and then why not just put ads to the sides of the screen? It's only good for boredom though.",2,3,1.1.151,2022-07-31 12:12:05,Hi Val thanks for the thoughtful review! Ads directly enable us to maintain the free version of the game without them all players would need to subscribe. We understand your frustration with the new system and are actively working to refine and improve our implementation of ads in the game.,2022-08-01 14:12:05,1.1.151,gam2623,com.aidungeon
cc4fccb8-9904-4df4-82ca-4231a11f1160,A Google user,https://play-lh.googleusercontent.com/EGemoI2NTXmTsBVtJqk8jxF9rh8ApRWfsIMQSt2uE4OcpQqbFu7f7NbTK05lx80nuSijCz7sc3a277R67g,Wow this used to be great a year ago now I can't even type an introduction without it freezing up. It is currently unplayable. Update: still unplayable. Freezes up while typing still.,1,2,1.1.172,2023-01-18 12:06:24,Hey Stuart! This shouldn't be happening and we would love to look into this and find a fix. Please provide a detailed explanation of your problem at http://bugs.aidungeon.io/. Your help in fixing this bug is greatly appreciated! If you have any other questions reach out to us at support@aidungeon.io.,2022-11-21 18:10:20,1.1.172,gam4790,com.aidungeon
dce7f011-8ebc-45c7-ae53-371e47512112,A Google user,https://play-lh.googleusercontent.com/EGemoI2NTXmTsBVtJqk8jxF9rh8ApRWfsIMQSt2uE4OcpQqbFu7f7NbTK05lx80nuSijCz7sc3a277R67g,The game refuses to load,2,0,1.1.118,2022-01-18 16:03:49,,,1.1.118,gam21103,com.aidungeon
bbe9a262-f9cc-48c5-b3a0-1fc74ce85c62,A Google user,https://play-lh.googleusercontent.com/EGemoI2NTXmTsBVtJqk8jxF9rh8ApRWfsIMQSt2uE4OcpQqbFu7f7NbTK05lx80nuSijCz7sc3a277R67g,damn I was surprised by how smart the AI is in this game. good job,5,0,1.1.134,2022-04-09 04:57:06,,,1.1.134,gam16994,com.aidungeon
2ee52363-77db-46be-933d-cbf64941630c,A Google user,https://play-lh.googleusercontent.com/EGemoI2NTXmTsBVtJqk8jxF9rh8ApRWfsIMQSt2uE4OcpQqbFu7f7NbTK05lx80nuSijCz7sc3a277R67g,I got banned from Chat Gptand the app uses that system so i cant chat w nobody,3,0,,2023-08-22 03:58:15,,,,gam21019,com.aidungeon
6938a9f6-06e3-4af7-a12e-4bc7706278c8,A Google user,https://play-lh.googleusercontent.com/EGemoI2NTXmTsBVtJqk8jxF9rh8ApRWfsIMQSt2uE4OcpQqbFu7f7NbTK05lx80nuSijCz7sc3a277R67g,The story is repetitive and the annoying thing is the AI is getting worst unless you have a premium and the free AI sucks and other players can't afford the premium because they need the money for food not for wasting a dumb game,1,2,,2023-04-08 07:39:03,,,,gam7796,com.aidungeon
98130e91-6543-483a-81ef-d3ee29bf677c,A Google user,https://play-lh.googleusercontent.com/EGemoI2NTXmTsBVtJqk8jxF9rh8ApRWfsIMQSt2uE4OcpQqbFu7f7NbTK05lx80nuSijCz7sc3a277R67g,a little editing here and there to make the story logical and entertaining is fun to make up a story and good for training your story telling skills.i recommend you try it your self to make things interesting,4,0,1.1.172,2023-02-05 04:02:51,We appreciate your review Kaleb! If you have any feedback or suggestions on how we can improve please let us know at https://feedback.latitude.io/.,2023-02-10 16:59:25,1.1.172,gam8933,com.aidungeon
bb81c408-1cb9-42c6-b724-fdc839c30217,A Google user,https://play-lh.googleusercontent.com/EGemoI2NTXmTsBVtJqk8jxF9rh8ApRWfsIMQSt2uE4OcpQqbFu7f7NbTK05lx80nuSijCz7sc3a277R67g,"The concept is a good idea however the A.I. does not fully comprehend your text or really pays attention to it when you input something. It feels as if whatever you input is a hit or miss and the A.I. will generate whatever it wants despite what the user says. It's almost as if the story isn't directly created by what the user puts. I could say ""I pet a dog and give it food."" and the A.I. can completely ignore your input and say ""You see a book and pick it up reading it's contents.""",1,3,1.1.178,2023-06-09 12:08:02,,,1.1.178,gam2890,com.aidungeon
092efedd-c5a5-4f18-a41c-e0751930f5fb,A Google user,https://play-lh.googleusercontent.com/EGemoI2NTXmTsBVtJqk8jxF9rh8ApRWfsIMQSt2uE4OcpQqbFu7f7NbTK05lx80nuSijCz7sc3a277R67g,incredible a peasant named squimpus choked out a leader of the city guard and ruthlessly bullied him with a pitchfork infront of his whole team.,5,0,1.1.178,2023-10-17 23:11:02,,,1.1.178,gam21141,com.aidungeon
2ee78b94-dd3a-4211-95a4-387c0346af64,Ishanya Joshi,https://play-lh.googleusercontent.com/a/ACg8ocKFmXtn7krmQnmwXADIxQh3a9iMzpxp7uHyiZ0N3rzxnVHM4Q=mo,I love yr game and it's better than it's previous version,5,0,1.9.4,2022-02-24 07:53:02,Thanks! Keep working.,2022-03-06 15:02:30,1.9.4,gam384,com.feynmanapps.aitales
2a826c5c-774e-497d-959f-f9e27f8c08c7,A Google user,https://play-lh.googleusercontent.com/EGemoI2NTXmTsBVtJqk8jxF9rh8ApRWfsIMQSt2uE4OcpQqbFu7f7NbTK05lx80nuSijCz7sc3a277R67g,It's an amazing app which I use to help plan campaigns the only issues are how easily the AI can lose track of what is happening,4,1,1.1.119,2022-01-21 17:16:25,,,1.1.119,gam8584,com.aidungeon
771f1405-1430-430d-aadc-a5998a0fd36c,A Google user,https://play-lh.googleusercontent.com/EGemoI2NTXmTsBVtJqk8jxF9rh8ApRWfsIMQSt2uE4OcpQqbFu7f7NbTK05lx80nuSijCz7sc3a277R67g,Literally top tier AI work,5,0,1.1.178,2023-09-30 02:18:35,,,1.1.178,gam22741,com.aidungeon
70db878a-f3e5-4495-b5f6-d71821a7497c,Raven Rhinehart,https://play-lh.googleusercontent.com/a-/ALV-UjWIi7dJtRuTDotIFy04deLEXoaspJgoJBmR7KjoXiTX2jqYje8,this AI base story telling is beyond awesome,5,0,1.6.3,2024-05-29 14:59:17,,,1.6.3,gam29883,com.aisuccess.ai_game_master
6426379e-b158-4b01-be48-9023e0c8e3cd,A Google user,https://play-lh.googleusercontent.com/EGemoI2NTXmTsBVtJqk8jxF9rh8ApRWfsIMQSt2uE4OcpQqbFu7f7NbTK05lx80nuSijCz7sc3a277R67g,im changing my review for one reason whatever yall did i can't gain access to my account sooo bleh,1,0,1.1.119,2022-03-21 04:43:15,Hey mot if you're still running into issues then please email support@aidungeo.io with your account details and we'll do our best to help from there. Thank you!,2022-03-25 16:40:01,1.1.119,gam21423,com.aidungeon
87a69550-6092-491b-a284-1c7bcbc0db95,A Google user,https://play-lh.googleusercontent.com/EGemoI2NTXmTsBVtJqk8jxF9rh8ApRWfsIMQSt2uE4OcpQqbFu7f7NbTK05lx80nuSijCz7sc3a277R67g,This app used to be great but damn did it go down hill I don't even know how something degrades in quality when it's being updated and improved. The ai is trash asf now.,2,1,,2023-08-31 23:10:13,,,,gam9666,com.aidungeon
e4436e77-6dcc-42f6-91c1-ac93b332842a,A Google user,https://play-lh.googleusercontent.com/EGemoI2NTXmTsBVtJqk8jxF9rh8ApRWfsIMQSt2uE4OcpQqbFu7f7NbTK05lx80nuSijCz7sc3a277R67g,Loaded with ads for premium and can't perform illegal action such as theft which makes rouge role difficult,1,0,,2023-12-18 21:28:25,,,,gam18532,com.aidungeon
5f2c3a4f-037f-42c9-b185-9a62b6ae485a,A Google user,https://play-lh.googleusercontent.com/EGemoI2NTXmTsBVtJqk8jxF9rh8ApRWfsIMQSt2uE4OcpQqbFu7f7NbTK05lx80nuSijCz7sc3a277R67g,So far so great. I've already thinking about making a book and ideas from here would make a good spin off if I'm ever successful (if I make my book),5,0,1.1.172,2023-02-25 05:17:20,,,1.1.172,gam12258,com.aidungeon
8ef7c052-61be-4625-8caa-90e89168767f,Abigail Teare,https://play-lh.googleusercontent.com/a/ACg8ocK38noiYgSJRqT10oB8PGL3FZeFh_xSBxETOqRCszxr6xyYuw=mo,Fun and interesting and I've been able to do some interesting things (like singing to an impervious cursed object in order to weaken it). The generated images feel too generic and don't really fit the story; my character picture has disappeared and the few reads you get makes it feel like a demo.,3,0,1.6.2,2024-05-07 03:50:45,We're always working hard to improve. Stay tuned for updates and we appreciate your feedback!,2024-05-08 08:21:41,1.6.2,gam29468,com.aisuccess.ai_game_master
d88436fa-48f8-40c2-ada4-eb8fd90601f8,A Google user,https://play-lh.googleusercontent.com/EGemoI2NTXmTsBVtJqk8jxF9rh8ApRWfsIMQSt2uE4OcpQqbFu7f7NbTK05lx80nuSijCz7sc3a277R67g,Greatest game ever but if offline was available I would do it,5,0,1.1.172,2023-02-18 18:17:15,,,1.1.172,gam16725,com.aidungeon
01684dda-1659-4cb4-8564-389b51d5aa8d,Sandy Gehrmann,https://play-lh.googleusercontent.com/a-/ALV-UjU41a2cq9c2Me_rWZv2-XgtFKCgNfl_QvE_GaUB4X_TSAw0J_hC,So far seems amazing! The cost of the different memberships is very high but I understand that using GPT-4 and DALL-E is quite expensive however I probably wouldn't buy anything unless the price came down a bit or there were very good sales. apart from that I'm really enjoying this would thoroughly recommend!!,5,0,1.7.4,2024-06-16 10:09:52,Thanks for your feedback and for recommending the game! We understand that the cost of memberships can be high. We're actually considering offering a cheaper subscription option with limited tokenshow does $5 a month for 10 daily tokens sound? We'd love to hear your thoughts.,2024-06-17 01:51:37,1.7.4,gam29540,com.aisuccess.ai_game_master
29a881cc-9147-44aa-8e01-634ec5ea4c50,A Google user,https://play-lh.googleusercontent.com/EGemoI2NTXmTsBVtJqk8jxF9rh8ApRWfsIMQSt2uE4OcpQqbFu7f7NbTK05lx80nuSijCz7sc3a277R67g,I remember when this game first came out it was so much fun albeit there were times where I had to wrestle with the ai a bit; but those times were pretty rare. I eventually deleted it when I noticed the ai started having coronaries after so long in a session. I came back here and there to see if the problem ever got fixed. But not only did the problem persist the ai itself got worse. And seeing the current reviews it seems it has only gotten worse. Rip AI dungeon.,1,5,,2022-05-06 03:17:49,,,,gam552,com.aidungeon
eaff3445-17e8-4619-8682-e7f85c08a461,A Google user,https://play-lh.googleusercontent.com/EGemoI2NTXmTsBVtJqk8jxF9rh8ApRWfsIMQSt2uE4OcpQqbFu7f7NbTK05lx80nuSijCz7sc3a277R67g,The AI doesn't even respond to what you say it gives a completely opposite reaction and actions exist. energy and ads were much better.,1,2,1.1.147,2022-07-08 23:46:27,We would love to look into any issues you might be experiencing. Please reach out to us at support@aidungeon.io. Great news! We released a new update called Unchained. Ads no longer inhibit gameplay; all players have unlimited access to our base AI model (Griffin). Learn more at https://aidungeon.io/unchained :),2023-01-14 14:25:16,1.1.147,gam10661,com.aidungeon
6eb2f5a3-d3d0-479a-b802-9577d2fee3c1,A Google user,https://play-lh.googleusercontent.com/EGemoI2NTXmTsBVtJqk8jxF9rh8ApRWfsIMQSt2uE4OcpQqbFu7f7NbTK05lx80nuSijCz7sc3a277R67g,Personally I liked the app I haven't seen any lag like other reviews say they have I find the AI to be quite helpful in coming up with ideas and I don't mind the ads it's a pretty good overall app if you need to vent out something creative but I just have one flaw with it which is the need for wifi in order to use it I get that alot of the features are online based but it'd be nice to be able to have access and write new stories without the need for a connection.,4,3,1.1.172,2023-01-23 20:55:40,,,1.1.172,gam2314,com.aidungeon
0ef606ce-efb8-4782-a1a3-1bfbc84035b8,A Google user,https://play-lh.googleusercontent.com/EGemoI2NTXmTsBVtJqk8jxF9rh8ApRWfsIMQSt2uE4OcpQqbFu7f7NbTK05lx80nuSijCz7sc3a277R67g,The game used to be fantastic. Now it sucks. The a.i. used to be creative and fun but it's so dumbed down now it does not even try to follow my commands anymore same with 2 other people I know. Unless you pay $15 dollars monthly for the premium version you don't want this app. Not recommended unless they change it back to how it used to be.,1,0,1.1.147,2022-07-10 23:54:51,Thanks for that thoughtful feedback! If there are specific areas of improvement that you'd like to see in AI Dungeon then please email them to support@aidungeon.io.,2022-07-11 10:01:42,1.1.147,gam5004,com.aidungeon
aeb4fa89-d9dc-4e47-aeab-d7bcd5b3f66b,A Google user,https://play-lh.googleusercontent.com/EGemoI2NTXmTsBVtJqk8jxF9rh8ApRWfsIMQSt2uE4OcpQqbFu7f7NbTK05lx80nuSijCz7sc3a277R67g,Complete downgrade what happened this used to be so fun now there's limits on here the bugs,1,1,,2024-05-17 19:45:54,,,,gam15695,com.aidungeon
80be9d2a-1567-4e42-be47-4965c8aaa9b6,A Google user,https://play-lh.googleusercontent.com/EGemoI2NTXmTsBVtJqk8jxF9rh8ApRWfsIMQSt2uE4OcpQqbFu7f7NbTK05lx80nuSijCz7sc3a277R67g,tons of fun to just goof around on.,4,0,1.1.163,2022-08-23 07:38:04,Thanks for the epic review Arro We're happy you're enjoying your time in AI Dungeon!,2022-08-23 14:06:53,1.1.163,gam16953,com.aidungeon
830c8d78-b0f5-4041-a2da-e44bdb8c3ed6,A Google user,https://play-lh.googleusercontent.com/EGemoI2NTXmTsBVtJqk8jxF9rh8ApRWfsIMQSt2uE4OcpQqbFu7f7NbTK05lx80nuSijCz7sc3a277R67g,App was great till the last update now won't load,2,1,1.2.40,2023-11-03 09:23:57,,,1.2.40,gam16102,com.aidungeon
14b56206-f230-415c-a5d0-186a96e4fc91,Red Bingo Face,https://play-lh.googleusercontent.com/a-/ALV-UjV7XG-MopU1LQWvZYnHq2AnUHI0gQ4dnXN0Ge-plEtaSafdkKc,Really love the game; however I am still disappointed knowing the fact that you guys removed Infinite time for a story you get four stars from me only. Would've been really nice If you guys returned back the Infinite time for a story because It doesn't make me feel relax when making choices then the story ends shortly.,4,5,1.9.3,2022-02-10 12:09:01,Thanks for the words of support and glad you like the game! Actually Infinite stories are available when you purchase Game Master. We understand that this requires a fee. But the game is very demanding on GPU resources and we see no other solution than to pay as there is no way to deploy this technology locally yet. We hope on your understanding!,2022-02-10 12:21:44,1.9.3,gam107,com.feynmanapps.aitales
b820e26e-8b73-4579-a51b-bf896d08b55d,A Google user,https://play-lh.googleusercontent.com/EGemoI2NTXmTsBVtJqk8jxF9rh8ApRWfsIMQSt2uE4OcpQqbFu7f7NbTK05lx80nuSijCz7sc3a277R67g,New update made it impossible to even get anywhere. I've tried everything uninstalling the app using guest mode or logging in nothing worked. Every time without fail it would start lagging out and stop responding I couldn't type anything etc. Whatever this new update did fully broke it lmao,1,1,,2023-04-27 05:38:49,Hey there! We would love to look into this more. Please reach out to us at support@aidungeon.io.,2023-04-27 12:56:26,,gam3593,com.aidungeon
f2d38876-da56-44a5-a964-9052d626b782,A Google user,https://play-lh.googleusercontent.com/EGemoI2NTXmTsBVtJqk8jxF9rh8ApRWfsIMQSt2uE4OcpQqbFu7f7NbTK05lx80nuSijCz7sc3a277R67g,It's alright but I don't like how you can't do certain things. And it's frustrating when it won't work with what I'm putting in. And for the NSFW side it needs to be more kink inclusive.,2,0,,2022-12-29 15:18:36,We would love to discuss any suggestions or questions you have; please reach out to us at support@aidungeon.io. Also we can help address any other issues you might be having. Look forward to hearing from you :),2023-01-04 21:43:12,,gam8195,com.aidungeon
d10c11f9-4493-4edf-b1f7-dfe3ee0e33f3,A Google user,https://play-lh.googleusercontent.com/EGemoI2NTXmTsBVtJqk8jxF9rh8ApRWfsIMQSt2uE4OcpQqbFu7f7NbTK05lx80nuSijCz7sc3a277R67g,Fixed problems I had last update.,4,2,1.2.69,2024-09-09 18:18:45,,,1.2.69,gam10703,com.aidungeon
ced5beda-36b0-42cc-bbbd-d482ca6849cd,A Google user,https://play-lh.googleusercontent.com/EGemoI2NTXmTsBVtJqk8jxF9rh8ApRWfsIMQSt2uE4OcpQqbFu7f7NbTK05lx80nuSijCz7sc3a277R67g,Update #4: Alright what the freak it's been like 3 months and I still am not able to login tho tbf I only tried twice but still! I have waited 3 months hoping it would be resolved by now but after redownloading since 5/13/22 I cannot login! Honestly I don't care about all the ads or actions left thing they added I get it I read the other reviews and y'all's response I don't care I'll take as many ads as y'all can give. I JUST WANT TO LOGIN! I don't know if it's a me thing or what but f-,1,1,1.1.148,2022-08-01 09:51:03,This issue should've been resolved please reach out to us at support@aidungeon.io if you still need help. We really want to make sure you can login and play again :) Great news! We released a new update called Unchained. Ads no longer inhibit gameplay; all players have unlimited access to our base AI model (Griffin).,2023-01-12 17:40:35,1.1.148,gam6428,com.aidungeon
630b7015-57df-4d86-8386-5d9228ba1c50,A Google user,https://play-lh.googleusercontent.com/EGemoI2NTXmTsBVtJqk8jxF9rh8ApRWfsIMQSt2uE4OcpQqbFu7f7NbTK05lx80nuSijCz7sc3a277R67g,me and my friend tortured a goblin,4,0,,2024-08-03 02:06:19,,,,gam24224,com.aidungeon
f51d22d4-8b3e-45e2-8c7f-a2e1af9c3d9d,A Google user,https://play-lh.googleusercontent.com/EGemoI2NTXmTsBVtJqk8jxF9rh8ApRWfsIMQSt2uE4OcpQqbFu7f7NbTK05lx80nuSijCz7sc3a277R67g,Payment is not to malfunction [Moto Stylus 5G 2022],5,0,1.2.45,2023-11-29 19:42:00,,,1.2.45,gam19991,com.aidungeon
435a6b5b-11ce-47f8-a47c-71626d4a0906,Shadow,https://play-lh.googleusercontent.com/a/ACg8ocLVYr4pXBlLE6NFa_2WEHp6QgZRxK6nroXOMHCfVd_y4SOkpw=mo,This sees like a good game. shame I cannot play it. It keeps crashing on me but it just might be because my phone is a little old. I'll probably try it again when I get a new device.,3,0,1.7.5,2024-06-23 17:44:55,Hey sorry for this and thanks for the kind words! There's actually an update already waiting Google's approval which would hopefully solve the crash. Please stay tuned!,2024-06-24 00:36:58,1.7.5,gam29666,com.aisuccess.ai_game_master
8a096865-58f6-4071-a314-60a2e592e5fe,A Google user,https://play-lh.googleusercontent.com/EGemoI2NTXmTsBVtJqk8jxF9rh8ApRWfsIMQSt2uE4OcpQqbFu7f7NbTK05lx80nuSijCz7sc3a277R67g,Edited updated review. Well I tried out AI Dungeon after a few months admittedly the ai seems to have improved a little still facing some problems with it's consistency though I hope it can be brought back to what it once was later on,3,1,1.1.63,2022-01-27 07:40:34,,,1.1.63,gam7961,com.aidungeon
539b0d4e-7698-4a1f-86d4-fc9498e1173d,A Google user,https://play-lh.googleusercontent.com/EGemoI2NTXmTsBVtJqk8jxF9rh8ApRWfsIMQSt2uE4OcpQqbFu7f7NbTK05lx80nuSijCz7sc3a277R67g,Wonderful mess and I love it,5,0,1.1.147,2022-07-14 06:44:42,Thank you for the epic review We're happy you're enjoying your time in AI Dungeon! We love it too :),2022-07-22 13:25:30,1.1.147,gam21883,com.aidungeon
dd51fd8b-db59-4be4-93ca-c2baf704bb06,A Google user,https://play-lh.googleusercontent.com/EGemoI2NTXmTsBVtJqk8jxF9rh8ApRWfsIMQSt2uE4OcpQqbFu7f7NbTK05lx80nuSijCz7sc3a277R67g,It keeps crashing can you fix that,4,0,1.1.178,2023-06-15 22:32:23,We would love to look into any issues you might be experiencing. Please reach out to us at support@aidungeon.io. Thanks!,2023-06-21 10:18:50,1.1.178,gam16638,com.aidungeon
eeba63a8-e503-4593-a2f9-6d1c84d872e6,A Google user,https://play-lh.googleusercontent.com/EGemoI2NTXmTsBVtJqk8jxF9rh8ApRWfsIMQSt2uE4OcpQqbFu7f7NbTK05lx80nuSijCz7sc3a277R67g,the game was at its peak a few months ago when it had about 100 actions ive used to be a fan of the game as i played a lot but i stopped and recently reinstalled and its not as fun tbh i hope its does better in the future though,2,0,1.1.172,2022-10-24 18:43:25,Free play is now an unlimited experience! Ads no longer interrupt gameplay; all players have unlimited actions when using Griffin (our base AI model). Learn more at https://aidungeon.io/unchained. We will continue to improve our model and overall game experience. Stay tuned for more exciting updates :),2022-12-16 15:56:59,1.1.172,gam9087,com.aidungeon
eee14107-5f8c-4968-bcdd-7696e8c90176,A Google user,https://play-lh.googleusercontent.com/EGemoI2NTXmTsBVtJqk8jxF9rh8ApRWfsIMQSt2uE4OcpQqbFu7f7NbTK05lx80nuSijCz7sc3a277R67g,Not bad. I was having a pretty good time and the AI didn't get stuck too often. However I could never get past the email verification because it would never send no matter how many times I tried. Now the app is practically useless and thus I should uninstall it at this point. That sucks obviously since this has the potential to be really good as the AI learns more. I was genuinely interested in the storyline created with some of my input.,3,1,1.1.139,2022-06-09 00:19:38,,,1.1.139,gam780,com.aidungeon
b079b67e-d094-48d0-94f0-982d02a5b79c,A Google user,https://play-lh.googleusercontent.com/EGemoI2NTXmTsBVtJqk8jxF9rh8ApRWfsIMQSt2uE4OcpQqbFu7f7NbTK05lx80nuSijCz7sc3a277R67g,Since when did I have to watch ads after doing 10 things now,2,1,1.1.151,2022-08-01 03:06:31,Great news! We released a new update called Unchained. Ads no longer inhibit gameplay; all players have unlimited access to our base AI model (Griffin). Learn more at https://aidungeon.io/unchained :),2023-01-12 17:42:44,1.1.151,gam16041,com.aidungeon
f6012136-6721-4305-b0f0-15b3c7bb74e1,Caleb Todd,https://play-lh.googleusercontent.com/a-/ALV-UjVshLvBK_QSvk0U51ZevJhp4xd6Ji2targYZKhjn4H5zNpvGzCH,you barely get any currency to work with unfortunately it would be 5 stars for sure if you could watch ads for currency.,3,0,1.7.7,2024-07-10 21:49:16,Thanks for the love! We really do wish we could offer more but the AI costs us way more than ads can cover. We rely on the support of our amazing players through subscriptions and token purchases to keep everything running smoothly. Update: You now get 5 tokens every 4 hoursjust click to claim!,2024-08-12 11:19:03,1.7.7,gam29771,com.aisuccess.ai_game_master
52f3c22b-d6df-446a-827c-b0794205f4b5,A Google user,https://play-lh.googleusercontent.com/EGemoI2NTXmTsBVtJqk8jxF9rh8ApRWfsIMQSt2uE4OcpQqbFu7f7NbTK05lx80nuSijCz7sc3a277R67g,Not bad needs more work though it's still too easy to confuse the AI,3,0,1.1.119,2022-02-15 19:39:10,,,1.1.119,gam13396,com.aidungeon
53e1d33f-bbe4-415e-8388-00168fc32988,A Google user,https://play-lh.googleusercontent.com/EGemoI2NTXmTsBVtJqk8jxF9rh8ApRWfsIMQSt2uE4OcpQqbFu7f7NbTK05lx80nuSijCz7sc3a277R67g,Didn't think it would be as good as it is really surprised by the responses and how creative it is. I played a ranger in the basic adventure and had alot of fun so far.,5,0,1.2.49,2024-06-28 13:49:31,,,1.2.49,gam7570,com.aidungeon
6f1513ed-4c78-4aed-b740-0fdf95a5caee,A Google user,https://play-lh.googleusercontent.com/EGemoI2NTXmTsBVtJqk8jxF9rh8ApRWfsIMQSt2uE4OcpQqbFu7f7NbTK05lx80nuSijCz7sc3a277R67g,why did you purposely ruin this app? clearly I'm not the only one who feels this way based on the overwhelmingly negative reviews. they downgraded the AI perhaps in an attempt to financially benifit from us by selling the old superior AI in hopes we'll get frustrated with the new one and spend $$$? very scummy tactics. if your time is precious then do not download this app.,1,2,,2022-09-19 10:38:50,Please try out our newest update called Unchained! Free play allows for unlimited actions on our base AI model (Griffin). Learn more at https://aidungeon.io/unchained. Weve also made other performance improvements with more planned for the future :) Reach out to us at support@aidungeon.io if you have any additional concerns happy to help.,2023-01-06 17:31:10,,gam5057,com.aidungeon
c66a0c3c-2bf2-44c5-b1d6-c0c6b9f82856,A Google user,https://play-lh.googleusercontent.com/EGemoI2NTXmTsBVtJqk8jxF9rh8ApRWfsIMQSt2uE4OcpQqbFu7f7NbTK05lx80nuSijCz7sc3a277R67g,So good best ai ever. Ps (they have nsfw options as well for those who enjoy),5,0,,2023-08-15 02:50:49,,,,gam19681,com.aidungeon
81d5eef7-c492-431a-aacd-96345a64a6fa,ヨハネス,https://play-lh.googleusercontent.com/a-/ALV-UjVmPxzJhNLAUsnBRk-v4iMDIMlB4OjdF078EqqzNSxI_vLktGb1,Really enjoyed your game. Can you tell me what machine learning model you used in this game?,5,0,2.4.2,2023-03-11 07:42:33,Hi! We use a large ensemble of different neural networks including our own such as GPT-like networks for generating texts BERT-like networks for evaluating actions and CLIP-like networks for images. And a lot more I can't fit it all into this message. Thank you for your interest and support!,2023-03-12 03:11:46,2.4.2,gam321,com.feynmanapps.aitales
ac12b510-30df-4f80-b34f-59202454bdae,A Google user,https://play-lh.googleusercontent.com/EGemoI2NTXmTsBVtJqk8jxF9rh8ApRWfsIMQSt2uE4OcpQqbFu7f7NbTK05lx80nuSijCz7sc3a277R67g,Where's custom genre other than that very good,5,0,1.2.72,2024-10-11 12:21:14,Hey Adam! It sounds like you're referring to our new quick-start menu. We quickly added this back soon after our latest update went live. You can find the custom option at the bottom of the genre list.,2024-10-10 00:53:12,1.2.72,gam7228,com.aidungeon
fd075282-9743-432b-a7c0-921778c482b6,A Google user,https://play-lh.googleusercontent.com/EGemoI2NTXmTsBVtJqk8jxF9rh8ApRWfsIMQSt2uE4OcpQqbFu7f7NbTK05lx80nuSijCz7sc3a277R67g,"I played this game a long time ago and loved it! Now for some reason when i load a pre-made user story by someone else the ""settings"" pannel does not go all the way to the right covering the ""send"" button when i input a command meaning I cannot do anything when playing other people's stories :( I'm using a Samsung A52",5,0,1.1.151,2022-07-29 20:07:04,,,1.1.151,gam2701,com.aidungeon
53324952-b40e-4126-8fa5-37a7c9d623cc,A Google user,https://play-lh.googleusercontent.com/EGemoI2NTXmTsBVtJqk8jxF9rh8ApRWfsIMQSt2uE4OcpQqbFu7f7NbTK05lx80nuSijCz7sc3a277R67g,I absolutelyadore this game so much the prompts can literally take me on an hour's long trip through whatever i can think of It reminds me of getting lost in a good book tailored exactly to my liking with a little user input. I still feel asthough im in control of the adventure with a lot less effort and i would like to tell the developers you have done an amazing job with this AI,5,0,1.1.119,2022-02-19 01:31:51,,,1.1.119,gam1610,com.aidungeon
97373be7-e6d3-45f1-ac08-199da4143146,A Google user,https://play-lh.googleusercontent.com/EGemoI2NTXmTsBVtJqk8jxF9rh8ApRWfsIMQSt2uE4OcpQqbFu7f7NbTK05lx80nuSijCz7sc3a277R67g,I admit this is a great app for ANY type of roleplayer.,5,0,1.1.139,2022-06-19 12:39:58,Hi Jaeden thank you for the epic review We're happy you're enjoying your time in AI Dungeon!,2022-06-24 17:15:15,1.1.139,gam17507,com.aidungeon
8c97c970-83dd-49db-ae7f-502dc22cba11,A Google user,https://play-lh.googleusercontent.com/EGemoI2NTXmTsBVtJqk8jxF9rh8ApRWfsIMQSt2uE4OcpQqbFu7f7NbTK05lx80nuSijCz7sc3a277R67g,got an email that said that if the money doesn't go through again my account will be canceled. Hopefully that means just the hero plan instead of my actual account which says hero but can't use premium features because the money didn't go through so i hope this resolves the issue. When i was trying the free trial the other AIs seemed to do worse but i mostly believe that it is becuase what info i put in the world i put some redundant info in there so it repeated things in story badly.,4,4,1.1.172,2023-01-05 01:03:10,Thanks for updating your review Matthew :) Glad we were able to get this resolved. Please reach out if you encounter any other issues or have questions.,2023-01-10 16:28:52,1.1.172,gam4073,com.aidungeon
82740861-e4b4-4897-9557-73c2ab0edd33,John Bachman,https://play-lh.googleusercontent.com/a-/ALV-UjWDZSgAAlNiekgwD_Z9GeD27RjUIvwxQbTY27b_ZakwzRavcRQ8,please please please increase the capabilities of the 'character sheet's displayed part' of the game. if it showed more like class subclass background skill Specialization and ability scores and maybe weapon&armor info if only in words that'd be just epicness-and-a-half,5,0,1.7.7,2024-07-04 03:29:06,Thanks for the awesome suggestions! We totally agree with you. It's on our roadmap and were excited to make it happen in the future. Stay tuned!,2024-07-07 03:59:08,1.7.7,gam29624,com.aisuccess.ai_game_master
7b26d2c5-b354-4505-8a18-72c8d2290990,Daniel Pereira,https://play-lh.googleusercontent.com/a-/ALV-UjXsMMlYe-SFRHy8_zKzzD8SWdmAXDNs1kQiOCi3vbThZqMVtqW5,Nice game but they ask you to review before your 30th turn without informing you that after your 30th turn your free turns take twice the time to renew. A bit sneaky. I wanted to complete a story before writing a review and deciding whether or not to subscribe. Looks like we can't even complete a story.,3,0,,2024-07-04 03:01:27,Sorry for the misunderstanding. Free turns don't take twice the time to renew after 30 turns. Tokens renew daily at 8:00 AM so you might have finished them at a different hour. We offer 25 free tokens (5 daily for 5 days). After that it's up to you to decide if the game is worth investing in. As a small team we can't afford to give more.,2024-07-04 03:14:22,,gam29697,com.aisuccess.ai_game_master
9939080d-741d-4cd0-94f3-3aa2a6a9e4a4,A Google user,https://play-lh.googleusercontent.com/EGemoI2NTXmTsBVtJqk8jxF9rh8ApRWfsIMQSt2uE4OcpQqbFu7f7NbTK05lx80nuSijCz7sc3a277R67g,It's telling me to login yet the game does a poor job of directing or helping the player login. I can't even sign in. The app has rendered itself useless.,1,2,1.1.147,2022-06-24 04:05:29,Eww a bug! Its possible other users have already reported this issue at http://bugs.aidungeon.io/ your help in logging this and other issues is appreciated!,2022-06-24 16:31:03,1.1.147,gam9020,com.aidungeon
c3ddc346-4b66-4d98-bb5b-365ad751a69c,A Google user,https://play-lh.googleusercontent.com/EGemoI2NTXmTsBVtJqk8jxF9rh8ApRWfsIMQSt2uE4OcpQqbFu7f7NbTK05lx80nuSijCz7sc3a277R67g,Use Novelai instead. Affordable better AI and better staff.,1,1,1.1.48,2023-03-02 09:42:31,Hey Spidertwine If your experience did not meet your expectations we would love to hear more and help in any way we can :) Please contact us at support@aidungeon.io.,2023-03-04 22:13:12,1.1.48,gam18836,com.aidungeon
897cfeff-733f-486c-9771-5b562b7f7b30,Lien,https://play-lh.googleusercontent.com/a/ACg8ocL9UeYICIVOmxqr5aVTfWW_1lSsFjiSn8GTACqxDmdrgkslag=mo,The game is very cool and I really like it but it's limited unless you pay but other then that the game is pretty good!,4,0,1.8.5,2022-01-18 08:47:25,Lien glad you liked the game! We understand your point about payment but otherwise we can not maintain GPU servers for the game and develop it. We'll also think about what free features we can open up in the future. Stay in touch!,2022-01-18 09:29:08,1.8.5,gam255,com.feynmanapps.aitales
f12d8f55-dcc0-429b-bef2-0ad44e2e3d75,A Google user,https://play-lh.googleusercontent.com/EGemoI2NTXmTsBVtJqk8jxF9rh8ApRWfsIMQSt2uE4OcpQqbFu7f7NbTK05lx80nuSijCz7sc3a277R67g,Ai dungeon is great and I've had a lot of fun with it but lately I haven't been able to log into my account through the app I've done it on my laptop in the browser and I've done it on my phone in the browser but everytime I try in the app it brings me to the latitude page and trying to put my account info into that doesn't do anything it really sucks cuz I have some old stories I'd like to get back to. Could you fix that or point me in the right direction to solve the problem myself big thx,2,1,1.1.151,2022-07-29 01:52:24,Hey Blades! Thanks for the review we're working on addressing the login issues affecting older devices. We appreciate your patience!,2022-07-29 14:46:46,1.1.151,gam2501,com.aidungeon
0f2fd1b7-ce2f-4d70-abea-06b4d20166ef,A Google user,https://play-lh.googleusercontent.com/EGemoI2NTXmTsBVtJqk8jxF9rh8ApRWfsIMQSt2uE4OcpQqbFu7f7NbTK05lx80nuSijCz7sc3a277R67g,Now that the developer's have now made the game not such a money grabber I changed my rating. Still disappointed though how they were such money grabbers before.,3,2,,2023-02-20 08:38:10,AI Dungeon keeps getting better and better. We recently removed limitations from our free version and added a number of new abilities such as image generation making it better than ever. Upgrades are available for players who want better models and faster speedsbenefits that are cost-prohibitive to offer to free players. Thanks for playing!,2023-01-11 08:37:09,,gam12585,com.aidungeon
e10003ec-eba8-4d08-b2a8-5421ddfc0a3a,A Google user,https://play-lh.googleusercontent.com/EGemoI2NTXmTsBVtJqk8jxF9rh8ApRWfsIMQSt2uE4OcpQqbFu7f7NbTK05lx80nuSijCz7sc3a277R67g,Absolutley love this game. The ai works amazing and creates really captivating scenarios. Almost a perfect game my only suggestion would be in the world maker to add a section for important people/leaders. This would allow you to have certain characters that play a larger role than just meeting them once.,5,0,1.1.151,2022-07-29 11:12:01,Wow! Thanks for the awesome review Dark Alicorn! :D,2022-07-29 14:40:48,1.1.151,gam1815,com.aidungeon
4e8ea480-476a-4158-a32d-c2b5f7ca1a9a,A Google user,https://play-lh.googleusercontent.com/EGemoI2NTXmTsBVtJqk8jxF9rh8ApRWfsIMQSt2uE4OcpQqbFu7f7NbTK05lx80nuSijCz7sc3a277R67g,Didn't work properly and looks like the good stuff is pay to play even if it worked properly.,1,1,1.1.145,2022-06-17 11:42:35,Hey Nathaniel thanks for the feedback! Please post any details relevant to bugs you're running into to bugs.aidungeon.io. If you're curious about the pricing of Premium features then we recommend checking out this article we recently put together: https://latitude.io/blog/ai-magic-what-it-takes-to-play-ai-games,2022-06-17 13:35:30,1.1.145,gam13001,com.aidungeon
bfa18ed0-e16e-41e6-9299-76703d8f4cf4,A Google user,https://play-lh.googleusercontent.com/EGemoI2NTXmTsBVtJqk8jxF9rh8ApRWfsIMQSt2uE4OcpQqbFu7f7NbTK05lx80nuSijCz7sc3a277R67g,Super fun experince even as a free to player such as myself. Not sure what scales do exactly but the daily login is a nice incentive. Ai is great and ads no longer interupting play is super cool.,5,2,1.1.178,2023-08-13 05:42:36,Ads no longer interrupt gameplay; all players have unlimited actions to our base AI model. Learn more at https://aidungeon.io/unchained. Thank you for your review and support :),2023-01-18 15:20:35,1.1.178,gam9521,com.aidungeon
589b8a93-6ee7-4a35-a95e-fa80a04dbde6,A Google user,https://play-lh.googleusercontent.com/EGemoI2NTXmTsBVtJqk8jxF9rh8ApRWfsIMQSt2uE4OcpQqbFu7f7NbTK05lx80nuSijCz7sc3a277R67g,The AI is good enough to make a story but there's some negative and too many other options are premium.,4,0,1.1.178,2023-03-30 12:23:28,,,1.1.178,gam10318,com.aidungeon
db26ccf6-d08d-4278-8ff1-0b2e318ca276,A Google user,https://play-lh.googleusercontent.com/EGemoI2NTXmTsBVtJqk8jxF9rh8ApRWfsIMQSt2uE4OcpQqbFu7f7NbTK05lx80nuSijCz7sc3a277R67g,Thanks to you changing stuff the Keyboard keeps disappearing and won't reappear. Good Job -. -,2,0,1.1.147,2022-06-25 11:09:03,,,1.1.147,gam10270,com.aidungeon
27b379da-ae40-496e-9c88-84cbf3136849,A Google user,https://play-lh.googleusercontent.com/EGemoI2NTXmTsBVtJqk8jxF9rh8ApRWfsIMQSt2uE4OcpQqbFu7f7NbTK05lx80nuSijCz7sc3a277R67g,I used to love the game until it became almost like pay-to-play,2,0,,2022-02-25 09:27:24,,,,gam17221,com.aidungeon
ae1fc823-5ee2-44c6-bed2-e7f1d46eb3b9,A Google user,https://play-lh.googleusercontent.com/EGemoI2NTXmTsBVtJqk8jxF9rh8ApRWfsIMQSt2uE4OcpQqbFu7f7NbTK05lx80nuSijCz7sc3a277R67g,Okay I understand ads but it all feels like I spend more time watching ads than playing the game. I like that they are stackable now but you only get 10 actions per ad and you oftentimes have to redo it multiple times because the ai doesn't output a good quality response half the time i mean its all a waste. Even if it was just increased to just 15 actions per ad it would make alot more people happy.,3,65,1.1.152,2022-08-22 01:04:45,Great news! We released a new update called Unchained. Ads no longer inhibit gameplay; all players have unlimited access to our base AI model (Griffin). Learn more at https://aidungeon.io/unchained :),2023-01-11 14:20:14,1.1.152,gam1495,com.aidungeon
6186fbe4-e555-4eb6-b124-704c1d05907d,A Google user,https://play-lh.googleusercontent.com/EGemoI2NTXmTsBVtJqk8jxF9rh8ApRWfsIMQSt2uE4OcpQqbFu7f7NbTK05lx80nuSijCz7sc3a277R67g,A lot of fun and a very interesting learning AI,4,0,1.1.119,2022-02-13 02:10:54,,,1.1.119,gam16010,com.aidungeon
833be203-855b-483d-91a3-63a144481949,A Google user,https://play-lh.googleusercontent.com/EGemoI2NTXmTsBVtJqk8jxF9rh8ApRWfsIMQSt2uE4OcpQqbFu7f7NbTK05lx80nuSijCz7sc3a277R67g,Cool concept. Bad execution,1,0,1.1.177,2023-03-05 17:37:44,Sorry to hear that! If you don't mind we would like to get additional feedback about why you feel that way and help however we can. Please reach out to us at support@aidungeon.io :),2023-03-07 17:48:08,1.1.177,gam22577,com.aidungeon
c09fe9c2-42f1-4fad-8bfb-7a357c8afe19,A Google user,https://play-lh.googleusercontent.com/EGemoI2NTXmTsBVtJqk8jxF9rh8ApRWfsIMQSt2uE4OcpQqbFu7f7NbTK05lx80nuSijCz7sc3a277R67g,I remember the early days of AI Dungeon. The app in itself was fun and I saw why people rated it a good 4+ stars. Now AI Dungeon's hard enough to deal with. Many bugs sometimes it adds nonsense to the story the restrictions?! The game USED to be fun but now that they're taking away all the good for me to have no choice but to upgrade to Dragon it's terrible.,4,138,1.1.119,2022-03-23 20:09:56,"Thanks for sharing your feedback as a longtime AI Dungeon player Riazkiel! If you're running into specific/persistent bugs then please email support@aidungeon.io for help. Re: restrictions we'd like to point you to an article in our FAQ titled ""What triggers the AI filter?"" in faq.latitude.io which links to a longer article about our policies.",2022-03-25 14:57:41,1.1.119,gam2172,com.aidungeon
99a2687c-d1ca-4478-b7b2-0d2c7891df62,A Google user,https://play-lh.googleusercontent.com/EGemoI2NTXmTsBVtJqk8jxF9rh8ApRWfsIMQSt2uE4OcpQqbFu7f7NbTK05lx80nuSijCz7sc3a277R67g,The AI has taken a turn for the worsr,2,0,,2022-05-20 23:19:34,,,,gam21950,com.aidungeon
46478caf-7009-4470-abbf-b132a701299c,A Google user,https://play-lh.googleusercontent.com/EGemoI2NTXmTsBVtJqk8jxF9rh8ApRWfsIMQSt2uE4OcpQqbFu7f7NbTK05lx80nuSijCz7sc3a277R67g,I noticed August 8 it's missing from my phone screen I went through my phone it said it's still downloaded try to uninstall it and reinstalling it same thing it says it's installed but it's not showing up nor will let me open it from here,5,2,1.1.164,2022-08-27 16:05:46,Thanks for the review! We're aware of the issue and have since solved it but the changes are waiting to be reviewed by Google. The game should be up and running in no more than a couple of days until then we suggest you play on web! Thanks for your patience!,2022-08-09 13:16:51,1.1.164,gam9741,com.aidungeon
af20641c-ad3d-412e-ac93-570fe3c21c0f,A Google user,https://play-lh.googleusercontent.com/EGemoI2NTXmTsBVtJqk8jxF9rh8ApRWfsIMQSt2uE4OcpQqbFu7f7NbTK05lx80nuSijCz7sc3a277R67g,I feel it's quite downhill from when I discovered it years ago. I preferred the more simple classic layout. It really added to the atmosphere. Now there's far too much going on.,2,0,1.2.66,2024-08-28 13:51:55,,,1.2.66,gam1947,com.aidungeon
faeb5f6e-cdf7-4ff5-a899-e08a9616226d,A Google user,https://play-lh.googleusercontent.com/EGemoI2NTXmTsBVtJqk8jxF9rh8ApRWfsIMQSt2uE4OcpQqbFu7f7NbTK05lx80nuSijCz7sc3a277R67g,Literally almost everything is behind a pay wall that is not worth buying I understand that the company needs money but make stuff cheaper and have the things that are almost necessary free,1,2,,2022-05-25 01:18:51,Hey there! We've found ways to reduce our AI cost to offer all players gameplay uninterrupted by ads with unlimited actions! Premium upgrades are available that remain cost-prohibitive to offer for free. We would love to discuss any questions or concerns; please reach out to us at support@aidungeon.io.,2023-01-19 15:20:21,,gam12044,com.aidungeon
4efb7923-9e31-45e5-85fd-3aa37f5424a1,A Google user,https://play-lh.googleusercontent.com/EGemoI2NTXmTsBVtJqk8jxF9rh8ApRWfsIMQSt2uE4OcpQqbFu7f7NbTK05lx80nuSijCz7sc3a277R67g,I haven't tried it yet but I'm sure it's not easy making a ai dungeon game( I played it now and it's so great but I can't find out how to play with other people sadness I wish I could) (ps my player is not a zombie) that's my name,3,0,1.1.172,2023-01-17 22:32:36,,,1.1.172,gam8501,com.aidungeon
6b7edfab-4043-4be8-bca2-bd2dcf1624c0,A Google user,https://play-lh.googleusercontent.com/EGemoI2NTXmTsBVtJqk8jxF9rh8ApRWfsIMQSt2uE4OcpQqbFu7f7NbTK05lx80nuSijCz7sc3a277R67g,When I bores I make OCs off the story i made.,4,0,1.1.178,2023-04-24 06:26:04,,,1.1.178,gam19052,com.aidungeon
8188cb2c-215c-46f1-9eab-a9cbaabf77e9,A Google user,https://play-lh.googleusercontent.com/EGemoI2NTXmTsBVtJqk8jxF9rh8ApRWfsIMQSt2uE4OcpQqbFu7f7NbTK05lx80nuSijCz7sc3a277R67g,it's great it's immersive and free,5,0,1.1.178,2023-09-03 09:11:31,,,1.1.178,gam18530,com.aidungeon
47c54ed1-5adc-4fc7-9629-3f782640272e,A Google user,https://play-lh.googleusercontent.com/EGemoI2NTXmTsBVtJqk8jxF9rh8ApRWfsIMQSt2uE4OcpQqbFu7f7NbTK05lx80nuSijCz7sc3a277R67g,Would have rated it 5 but it has a tendency to freeze And then crash quite consistently,4,0,1.2.66,2024-08-12 06:02:02,,,1.2.66,gam3089,com.aidungeon
1c5d094f-a691-4d7e-90d1-0bbaa6a81d22,A Google user,https://play-lh.googleusercontent.com/EGemoI2NTXmTsBVtJqk8jxF9rh8ApRWfsIMQSt2uE4OcpQqbFu7f7NbTK05lx80nuSijCz7sc3a277R67g,I used to be able to log in with Steam since I had paid 10$ USD for it there. But now I can't and I lost all my stories all my story progress and all my daily currency. I just want the original AI Dungeon back.,1,2,1.2.45,2023-11-30 09:54:54,,,1.2.45,gam7520,com.aidungeon
4a1614a7-6082-4a97-97a3-8856faaa0145,Donovan Loreman,https://play-lh.googleusercontent.com/a/ACg8ocIA5W4Mg4LUTT7lk2zDleZWypI8wAPlBp9rnfHDpj78o30cqA=mo,Great idea but the system is very. difficult to get used to.,1,0,2.7.2,2024-03-28 08:26:13,Hey Donovan! Thank you for your honest review. We would be very glad if you could write a little more what exactly caused difficulties? Rotating the cube? Or the menu itself? Or something else?,2024-03-28 09:04:05,2.7.2,gam316,com.feynmanapps.aitales
d5d0190b-8786-4f9d-a6ca-2f0a29e5d62f,A Google user,https://play-lh.googleusercontent.com/EGemoI2NTXmTsBVtJqk8jxF9rh8ApRWfsIMQSt2uE4OcpQqbFu7f7NbTK05lx80nuSijCz7sc3a277R67g,this Is honestly the best ai chose your own adventure game I've ever played,5,0,1.1.134,2022-05-13 03:47:25,We're so happy to hear that you're enjoying your AI Dungeon adventures Malikie! Thank you for the feedback!,2022-05-13 12:42:44,1.1.134,gam17933,com.aidungeon
d18c1fe4-e8de-4095-82b9-3e890994d803,A Google user,https://play-lh.googleusercontent.com/EGemoI2NTXmTsBVtJqk8jxF9rh8ApRWfsIMQSt2uE4OcpQqbFu7f7NbTK05lx80nuSijCz7sc3a277R67g,ai doesn't work and constantly spews nonsense and repeats stuff. it costs $30 a month if you want to talk to a robot that is slightly less dumb. not worth it at all. ai used to be good when it was in beta now the ai is as smart as a brick,1,18,1.1.52,2022-04-20 00:15:05,,,1.1.52,gam8644,com.aidungeon
b80d4c7d-9562-44f6-baa4-3ad2dc1aa0e7,A Google user,https://play-lh.googleusercontent.com/EGemoI2NTXmTsBVtJqk8jxF9rh8ApRWfsIMQSt2uE4OcpQqbFu7f7NbTK05lx80nuSijCz7sc3a277R67g,Everything in the original post have come back as off this update massively improved over what it was like in 2021,4,12,1.1.178,2023-07-21 14:08:11,,,1.1.178,gam13333,com.aidungeon
f28a172d-fef9-4782-aecd-634b3a158106,Marvin Falkner,https://play-lh.googleusercontent.com/a/ACg8ocL4w8S6tYPazjdr1PLwUbMoTOelgpGna4PjdQBCBPfjjm5kFg=mo,The illusion of choice the game. You cannot fail. If the Ai wants you to kill something your input will be twisted to that effect. This is even true in your own tales. I also feel certain vibes are enforced. Kind tranquil heroic. and of course happy ends. Aside from that continuity is very weak and nonsense isn't rare either. Neat graphics though especially with the stable diffusion beta.,2,0,2.7.7,2024-04-15 19:12:50,Hi Marvin! Thank you for sharing your experience. Criticism is useful to improve. In the coming days we are releasing a big update which will contain new AI models quests and new graphics. We hope it meets your expectations. Will keep you updated.,2024-04-26 02:43:14,2.7.7,gam70,com.feynmanapps.aitales
858535dc-963d-428f-84ef-c0039193674d,Nitiyahhh!!! O_l_/\___,https://play-lh.googleusercontent.com/a-/ALV-UjW4antdaRr_8-XH6df-ZuZD7pFjQIj6hD0QYRQUBBZgodj3Poxx,The game crashed. Like it always pops out every time while I'm playing (Vivo Y15s),1,0,2.1.0,2022-07-05 06:51:12,Hi Nitiyahhh! The news is not the best we will deal with your specific device try to fix it and let you know.,2022-07-05 09:30:30,2.1.0,gam298,com.feynmanapps.aitales
fb61ccd7-0e19-4fee-b092-d3c78b6c61c0,A Google user,https://play-lh.googleusercontent.com/EGemoI2NTXmTsBVtJqk8jxF9rh8ApRWfsIMQSt2uE4OcpQqbFu7f7NbTK05lx80nuSijCz7sc3a277R67g,Never subscribed or signed up for premium but they went ahead and charged me $150 anyways. They're crooks. Don't give them your money.,1,2,1.1.178,2023-06-29 11:19:32,Hi Hraefncin. If you could email support@latitude.io we can get to the bottom of this and make sure you get a refund. The app isn't able to charge you unless you sign up for premium through Stripe or the Google Play store but regardless we can handle things if you reach out.,2023-06-30 14:59:34,1.1.178,gam10591,com.aidungeon
d5f27759-a6ce-4ac4-9984-10f740e07e67,A Google user,https://play-lh.googleusercontent.com/EGemoI2NTXmTsBVtJqk8jxF9rh8ApRWfsIMQSt2uE4OcpQqbFu7f7NbTK05lx80nuSijCz7sc3a277R67g,"Playing at first is fun but you quickly realize after you've taken a few paths it's hard set that you're no longer in control and any attempt to change anything puts the AI into a looping narrative it refuses to stray from breaking any sense of immersion ripping you back to ""oh yeah I'm chatting with a dumb bot and I'm only allowed so many messages."" It feels much more bot than AI which I'd hope they're really trying to avoid. It's cool but really needs more polish to be worth spending on.",3,23,1.1.119,2022-03-07 07:43:01,,,1.1.119,gam695,com.aidungeon
9dc923f5-4357-47dd-bbbe-907d1c9b601d,A Google user,https://play-lh.googleusercontent.com/EGemoI2NTXmTsBVtJqk8jxF9rh8ApRWfsIMQSt2uE4OcpQqbFu7f7NbTK05lx80nuSijCz7sc3a277R67g,I remember when it was first released and it was fun and it kinda still it,5,0,,2022-12-28 22:21:08,We are glad you are still with us and are enjoying your experience! If you have any feedback or suggestions on how we can improve please let us know at https://feedback.latitude.io/. Thanks for your continued support :),2023-01-04 22:02:37,,gam18406,com.aidungeon
67034000-fb81-4b78-ae97-2bf5212dcd38,A Google user,https://play-lh.googleusercontent.com/EGemoI2NTXmTsBVtJqk8jxF9rh8ApRWfsIMQSt2uE4OcpQqbFu7f7NbTK05lx80nuSijCz7sc3a277R67g,"App is no longer compatible with my device apparently; of course it still launches and there wasn't any notification aside from when I checked the playstore to see if the 'Unknown Type ""World""' error could l be. Clearly it's just time to put it down even though it's ran before and would presumably still run now if I could open a scenario beyond the quickfire ones.",1,2,1.2.49,2024-08-25 04:58:42,,,1.2.49,gam1950,com.aidungeon
3cb6f87f-3c7c-4134-a318-af22687555d9,A Google user,https://play-lh.googleusercontent.com/EGemoI2NTXmTsBVtJqk8jxF9rh8ApRWfsIMQSt2uE4OcpQqbFu7f7NbTK05lx80nuSijCz7sc3a277R67g,[ Updated Review ] The app itself is fine and it seems latitude has made griffin free again. Griffin is fine you just need to use pins to help remind the AI. Also image generation is free for pixel images I believe. Overall latitude is taking steps in the right direction for AI Dungeon good app.,4,7,,2023-01-18 19:10:00,We've made some recent changes and improvements to AI Dungeon including our free-play experience. Actions are now unlimited for all players using our Griffin AI model :) Also other performance improvements were made. Learn more here: https://aidungeon.io/unchained.,2023-01-18 15:34:49,,gam3125,com.aidungeon
f1577c84-d0b9-41b5-8601-acb4d0e6cf8a,A Google user,https://play-lh.googleusercontent.com/EGemoI2NTXmTsBVtJqk8jxF9rh8ApRWfsIMQSt2uE4OcpQqbFu7f7NbTK05lx80nuSijCz7sc3a277R67g,Pretty good but they need to stop treating us like babies. We should be able to do whatever we want even inappropriate things.,2,0,1.1.178,2023-04-23 13:44:05,Unpublished stories aren't moderated. You can publish NSFW content on our platform as long as it's designated properly and is in accordance with our community guidelines listed here: https://help.aidungeon.io/community-guidelines. If you have any questions or concerns please reach out to us at support@aidungeon.io.,2023-04-25 17:47:27,1.1.178,gam13998,com.aidungeon
a792e192-086f-4810-9265-24dac71f4663,A Google user,https://play-lh.googleusercontent.com/EGemoI2NTXmTsBVtJqk8jxF9rh8ApRWfsIMQSt2uE4OcpQqbFu7f7NbTK05lx80nuSijCz7sc3a277R67g,A year or so ago I was really impressed it was like writing with a partner who usually understood where you were trying to take the story even if every now and then they'd include something out of left field. Over the course of the year update after update degraded the quality of the ai to the point where its responses were formulaic at best gibberish at worst. Finally had to cancel my subscription when writing with it became more frustrating than writing solo.,1,5,1.1.52,2022-01-09 20:14:29,,,1.1.52,gam728,com.aidungeon
b379122f-3eb8-4f15-a7ee-d25d63b53998,A Google user,https://play-lh.googleusercontent.com/EGemoI2NTXmTsBVtJqk8jxF9rh8ApRWfsIMQSt2uE4OcpQqbFu7f7NbTK05lx80nuSijCz7sc3a277R67g,I have no problems with the app itself just the fact that I can't get the premium subscription by itself. I have no interest in the other content like voyage etc. just the Ai Dungeon stuff and I don't really wanna pay 10 to 14 dollars for features that I have no interest in using. In other words please allow me to purchase the subscription to Ai Dungeon alone.,3,1,1.1.147,2022-07-11 02:09:56,Thanks for that thoughtful feedback. We are actually working to reimplement AI Dungeon-specific subscriptions right now! If you have any other feedback for the team please email us at support@aidungeon.io.,2022-07-11 09:56:24,1.1.147,gam1648,com.aidungeon
aefd6b21-7712-49ad-8e46-031e1e3d0ea1,A Google user,https://play-lh.googleusercontent.com/EGemoI2NTXmTsBVtJqk8jxF9rh8ApRWfsIMQSt2uE4OcpQqbFu7f7NbTK05lx80nuSijCz7sc3a277R67g,This update suck it has ads Fix the ai,3,1,1.1.145,2022-06-17 16:33:48,Please try out our newest update called Unchained! Free play allows for unlimited actions on our base AI model (Griffin). Learn more at https://aidungeon.io/unchained. Weve also made other performance improvements with more planned for the future :) Reach out to us at support@aidungeon.io if you have any additional concerns happy to help.,2023-01-18 16:15:28,1.1.145,gam17190,com.aidungeon
26d79e9b-4db0-4ca7-a7a6-68cdc1d664ab,A Google user,https://play-lh.googleusercontent.com/EGemoI2NTXmTsBVtJqk8jxF9rh8ApRWfsIMQSt2uE4OcpQqbFu7f7NbTK05lx80nuSijCz7sc3a277R67g,I had fun with this app back in 2021 but now it's just a worse C.AI,1,2,1.1.48,2024-05-22 14:16:31,,,1.1.48,gam14643,com.aidungeon
c7fce1f1-7b8c-43ac-97d9-d20c029f31d4,Yehor Inozemtsev,https://play-lh.googleusercontent.com/a-/ALV-UjVcCBDOp2sj-WfEgGQNu0UwC6KDE5gT32YUx0duDUeHtVj_42cvLw,Can't restore purchases :/ Seriously? I've just reinstalled this app. [UPD] Yeap. It really has been fixed. Works great idea with Hall intriguing and your own stories works fine.,5,2,1.8.8,2022-01-28 20:57:45,Please email us (the email is in the description of the game in Google Play). We will definitely help! UPDATE: Egor we fixed purchases restoring in the game. Please update to the latest version and try to restore again. It will work!,2021-10-21 11:21:07,1.8.8,gam196,com.feynmanapps.aitales
2eeb66c2-b6f3-4454-8300-ed354ed8a36f,A Google user,https://play-lh.googleusercontent.com/EGemoI2NTXmTsBVtJqk8jxF9rh8ApRWfsIMQSt2uE4OcpQqbFu7f7NbTK05lx80nuSijCz7sc3a277R67g,I really love the experience only thing I dont like about it is the action points. You are very limited on what you can do before having to watch an add or spend money. Some people like myself don't have the money to pay for stuff like the memberships.,4,0,,2022-10-09 21:23:56,Hey Rhett thanks for your review! In case you didn't know you can store actions so you don't have to interrupt your gameplay. Also daily rewards can be redeemed for additional actions just login and collect them :) Ads help us keep the game sustainable. Any feedback you have will be considered: https://feedback.latitude.io/.,2022-10-12 17:07:37,,gam6114,com.aidungeon
8c9b6da4-b772-4ae3-8b69-f066d04b074c,Nympha Medina,https://play-lh.googleusercontent.com/a/ACg8ocIO85wpKbnNi3umCofC2HFP9UIsD1_YYU09HJKMnXporhS06Q=mo,greatest ai of them all but they must put a dice function to make it fun,5,0,2.120,2024-09-03 08:11:53,Hm. Really interesting idea Nympha do you mean dice like in DnD?,2024-09-03 10:44:57,2.120,gam75,com.feynmanapps.aitales
69fa05d0-286e-4723-83ac-4fbae2f76863,A Google user,https://play-lh.googleusercontent.com/EGemoI2NTXmTsBVtJqk8jxF9rh8ApRWfsIMQSt2uE4OcpQqbFu7f7NbTK05lx80nuSijCz7sc3a277R67g,Very fun a diverse set of options. This game allows you to bring your greatest fantasies to life through story. I have experience deep journeys spanning days and don't regret a second. You are able to udergo scenarios made by players or even create your own. The new world's feature is a great addition to the game. After the update I noticed that players don't get the same access to plot lines as before many times not allowing you to input information. 4 Can't wait to get Premium one day.,4,0,1.1.48,2022-01-26 14:14:49,,,1.1.48,gam2560,com.aidungeon
5505ec96-00dc-4ce8-a8f9-87d33a19d222,A Google user,https://play-lh.googleusercontent.com/EGemoI2NTXmTsBVtJqk8jxF9rh8ApRWfsIMQSt2uE4OcpQqbFu7f7NbTK05lx80nuSijCz7sc3a277R67g,fun but ai seems to weirdly lower in quality the more you use it?? Maybe it's just me (.or the really weird plots I try to get it to go along with.) People complain about the energy system but it seems to be just enough energy for me. They gotta make their money somehow! Edit: as the other reviews say the kinda sucks now. I keep playing just bc it's one of the best free AI story writers thingies out there but the ai can do much better and has in the past.,3,2,1.1.52,2022-02-15 16:25:34,,,1.1.52,gam1672,com.aidungeon
206232a4-5f10-452c-a040-f98f5ffee4d1,A Google user,https://play-lh.googleusercontent.com/EGemoI2NTXmTsBVtJqk8jxF9rh8ApRWfsIMQSt2uE4OcpQqbFu7f7NbTK05lx80nuSijCz7sc3a277R67g,Creative mode is hilarious,5,0,1.1.139,2022-06-07 12:30:38,,,1.1.139,gam20553,com.aidungeon
547a606b-8f82-428c-abe0-8ea59d240304,A Google user,https://play-lh.googleusercontent.com/EGemoI2NTXmTsBVtJqk8jxF9rh8ApRWfsIMQSt2uE4OcpQqbFu7f7NbTK05lx80nuSijCz7sc3a277R67g,At first I wasn't sure how to use it but as time passed it seemed like the best way to get my ideas noted down. It was really helpful and I still use it to this day. Edit: it takes too long to load and it doesn't help or work like it used to. I'm gradually losing interest in it.,1,0,1.1.134,2022-05-16 09:08:18,,,1.1.134,gam7110,com.aidungeon
dc528532-22b7-46ca-b506-e9e3b4306c9f,A Google user,https://play-lh.googleusercontent.com/EGemoI2NTXmTsBVtJqk8jxF9rh8ApRWfsIMQSt2uE4OcpQqbFu7f7NbTK05lx80nuSijCz7sc3a277R67g,Twhe ads have gotten ridiculous and it feels like the ai has gotten dumber to force you to watch more ads.,1,3,1.1.147,2022-07-01 04:51:47,Ads no longer interrupt gameplay; all players have unlimited actions to our base AI model. Learn more at https://aidungeon.io/unchained. If there's anything else we can help with please let us know at support@aidungeon.io :),2023-01-14 16:34:53,1.1.147,gam10978,com.aidungeon
be2cc3c4-8f20-43d4-bd4e-177f2b42e78e,A Google user,https://play-lh.googleusercontent.com/EGemoI2NTXmTsBVtJqk8jxF9rh8ApRWfsIMQSt2uE4OcpQqbFu7f7NbTK05lx80nuSijCz7sc3a277R67g,App no longer works as of 2/3/2021 update,5,3,1.1.170,2022-10-07 00:54:29,We appreciate you changing your review to 5 stars! Let us know if you encounter any other issues always happy to help. Reach out to us at support@aidungeon.io.,2022-10-07 18:09:43,1.1.170,gam17491,com.aidungeon
c5e15336-2e87-45f1-8f13-416a27f45106,A Google user,https://play-lh.googleusercontent.com/EGemoI2NTXmTsBVtJqk8jxF9rh8ApRWfsIMQSt2uE4OcpQqbFu7f7NbTK05lx80nuSijCz7sc3a277R67g,I am enjoying my first adventure. I find it however limited in actions like being able to see the worlds map or my inventory. I believe that would enhance the in-role experience and the story continuity :),3,0,1.1.172,2023-05-08 09:48:00,Thank you for the suggestion and feedback! We will consider this as we move forward with our roadmap.,2023-05-08 19:08:51,1.1.172,gam3644,com.aidungeon
25d56bed-9e74-46ce-9b5b-a1a1254f12dc,DIO but hes Confused?,https://play-lh.googleusercontent.com/a-/ALV-UjU_8UngwTe62DZavKWwNdxy43vJHf7N7iHq7Wofd8xsmbT1Iizo,"So i recently tried the new update and whoever thought to make the stops for 40 and unlimited should get fired that was such a poor decision it can not say how bad it was could imagine if you were playing something like red dead 2 and in lets say chapter 3 you got sent a message saying ""ops you have to pay 40 dollars to continue the game"" besides that the ai i see did get some improvements which is nice but still that was such a poor decision",2,1,2.4.2,2023-03-09 13:08:40,Edit: Hello DIO! in fact we have not changed anything yet and everything remains the same as it was before. Previously it was impossible to choose the number of steps in the game but there were no more than 20 of them and now you can leave the automatic mode or do 20. We continue to conduct experiments. Would you like more free steps?,2023-03-09 13:33:15,2.4.2,gam92,com.feynmanapps.aitales
74338015-1f98-4ac1-81ae-0916ac9a3266,James Marchbanks,https://play-lh.googleusercontent.com/a-/ALV-UjXhkAQz7mXUORJ0GrhMUOeAyrJ6j4V1pp8ZdbxJXuw6JaP_0GS-,I love what you guys did what I hope with a up date you let us continue with are current character to continue the story after the end,5,1,1.3.0,2024-02-28 11:56:47,"Thank you for the kind words! We're actively working on enabling players to carry their characters into new adventures post-""The End "" enhancing the continuity of our AI-driven text RPG experience. We aim to introduce this feature in an upcoming update soon. Stay tuned for more immersive text-based game enhancements!",2024-02-28 14:17:07,1.3.0,gam29932,com.aisuccess.ai_game_master
f928f4fa-0f14-42d9-8850-a580d4d14a46,A Google user,https://play-lh.googleusercontent.com/EGemoI2NTXmTsBVtJqk8jxF9rh8ApRWfsIMQSt2uE4OcpQqbFu7f7NbTK05lx80nuSijCz7sc3a277R67g,Ads and i hate the changes with ui,2,0,1.1.147,2022-06-26 15:33:06,Great news! We released a new update called Unchained. Ads no longer inhibit gameplay; all players have unlimited access to our base AI model (Griffin). Learn more at https://aidungeon.io/unchained :) If you have any feedback or suggestions on how we can improve please let us know at https://feedback.latitude.io/.,2023-01-18 14:39:01,1.1.147,gam16680,com.aidungeon
e421f95b-2beb-47d6-aad3-3a4d65c73601,Irisfang,https://play-lh.googleusercontent.com/a-/ALV-UjVNrl09F05rHeQBQvB7npNA94ZzPczXY8tsR7mPHRtqjAPxYunH,Overall it was a good game I really enjoyed it but I feel like a monthly membership to gain acess to the rest of it is a little much. A one time payment would be fine but I simply cannot afford a membership for this game,3,0,2.4.1,2023-02-17 00:36:09,Hey IrisfangFeb! We know what you mean there is also a one-time Lifetime payment but it is not cheap. We buy and rent servers with Tesla GPU cards for hosting and developing AI and we hope you understand us Thank you for the review and feedback!,2023-02-18 03:38:05,2.4.1,gam144,com.feynmanapps.aitales
a893fba3-ef68-47d8-b1c7-315f7c42b466,A Google user,https://play-lh.googleusercontent.com/EGemoI2NTXmTsBVtJqk8jxF9rh8ApRWfsIMQSt2uE4OcpQqbFu7f7NbTK05lx80nuSijCz7sc3a277R67g,New update limits play. When you submit something in the story a very core feature in the game you use an action. I don't know how much you get from the get go but it isn't very many. The AI will very frequently mess up and you can use a reset button that also costs an action. When you run out of actions you can choose to watch an ad to get only 10 more. This game promotes telling a story and you can hardly get one out of 10 turns. And if you do it hardly makes sense. Its Pay to play.,1,37,1.1.151,2022-08-01 03:02:58,Please try out our newest update called Unchained! Free play allows for unlimited actions on our base AI model (Griffin). Learn more at https://aidungeon.io/unchained. Weve also made other performance improvements with more planned for the future :) Reach out to us at support@aidungeon.io if you have any additional concerns happy to help.,2023-01-12 18:13:19,1.1.151,gam1177,com.aidungeon
94731655-02e4-4d3a-a036-47da2ef73606,Horst Simco II,https://play-lh.googleusercontent.com/a/ACg8ocL6FNMrtsqJu1w4xbYWpyjEBGgs5j2RiCVL7XKsTBcZc98ycg=mo,This is incredibly fun if you are used to playing ttrpg's!,5,0,1.9.2,2024-10-06 00:40:01,Thanks so much have fun adventuring!,2024-10-06 01:40:36,1.9.2,gam29717,com.aisuccess.ai_game_master
1c962bbf-89c3-4b66-87c4-ae9947f8eddc,A Google user,https://play-lh.googleusercontent.com/EGemoI2NTXmTsBVtJqk8jxF9rh8ApRWfsIMQSt2uE4OcpQqbFu7f7NbTK05lx80nuSijCz7sc3a277R67g,How do you charged so high for something so unstable?,1,0,1.1.178,2023-06-08 06:10:07,,,1.1.178,gam20139,com.aidungeon
197d42bc-6d63-425e-a701-9bb7673e71bc,A Google user,https://play-lh.googleusercontent.com/EGemoI2NTXmTsBVtJqk8jxF9rh8ApRWfsIMQSt2uE4OcpQqbFu7f7NbTK05lx80nuSijCz7sc3a277R67g,So far so good. Best text based adventure game simulator I've tried so far.,5,0,1.1.119,2022-03-21 02:19:22,,,1.1.119,gam13287,com.aidungeon
a057038a-9777-49d8-a36d-26500db2bc3a,A Google user,https://play-lh.googleusercontent.com/EGemoI2NTXmTsBVtJqk8jxF9rh8ApRWfsIMQSt2uE4OcpQqbFu7f7NbTK05lx80nuSijCz7sc3a277R67g,"Stuck on ""downloading package"" after installing the app",1,1,1.1.178,2023-09-30 09:02:42,,,1.1.178,gam18580,com.aidungeon
369aa270-f2d4-4128-a6f5-a38390305fd5,A Google user,https://play-lh.googleusercontent.com/EGemoI2NTXmTsBVtJqk8jxF9rh8ApRWfsIMQSt2uE4OcpQqbFu7f7NbTK05lx80nuSijCz7sc3a277R67g,Runined the game miss the old version.,1,0,1.1.170,2022-09-12 16:56:24,Hey Billy! We want to help improve your experience please reach out to us at support@aidungeon.io and let us know what issues you are having or if there is anything you need help with. Thanks :),2023-01-10 16:36:48,1.1.170,gam16263,com.aidungeon
5db63973-1a0a-4474-b534-70faba47c91b,A Google user,https://play-lh.googleusercontent.com/EGemoI2NTXmTsBVtJqk8jxF9rh8ApRWfsIMQSt2uE4OcpQqbFu7f7NbTK05lx80nuSijCz7sc3a277R67g,"It was a good game. ""Was"" is the key word. They made it garbage. Absolute trash. They added energy so you can barely play. And now they added ads that you need to watch if you even want to play without even telling you how to watch one. It literally says ""Please watch an ad or subscrib"" (they dont even know how to write it seems) but doesnt give you a button to watch an ad. Please developers if you're wondering why only 3 people still play your game this is why.",1,1,1.1.134,2022-07-17 06:16:40,Free play is now an unlimited experience! Ads no longer interrupt gameplay; all players have unlimited actions when using Griffin (our base AI model). Learn more at https://aidungeon.io/unchained. We will continue to improve our model and overall game experience. Stay tuned for more exciting updates :),2023-01-13 18:08:52,1.1.134,gam3314,com.aidungeon
8f15d8e1-5d40-424a-9c09-82e9a5f948e2,A Google user,https://play-lh.googleusercontent.com/EGemoI2NTXmTsBVtJqk8jxF9rh8ApRWfsIMQSt2uE4OcpQqbFu7f7NbTK05lx80nuSijCz7sc3a277R67g,You can find a better AI,2,6,1.1.178,2023-05-02 04:20:22,We are working on improvements to all of our AI models if you have any questions or concerns please reach out to us at support@aidungeon.io. Thanks!,2023-05-02 13:16:53,1.1.178,gam23500,com.aidungeon
d062d9a2-ecdc-41d0-a5ad-4dc828054cae,Elijah Manzanares,https://play-lh.googleusercontent.com/a-/ALV-UjUXmaOe27NAPJq6jVPUEqJUBs-hJhFxADuw4QGud2e0u1T4B_sv,This is the best AI game master or storyteller that I have experienced so far but the free trial is limited and upgrading is kind of pricey. I don't know if I'm willing to commit without a better deal.,4,0,1.9.2,2024-10-01 11:21:11,Hopefully that game will be your support in the future thanks!!,2024-10-04 03:25:18,1.9.2,gam29512,com.aisuccess.ai_game_master
a13a6283-f4ab-4767-a769-4d285fb2076d,A Google user,https://play-lh.googleusercontent.com/EGemoI2NTXmTsBVtJqk8jxF9rh8ApRWfsIMQSt2uE4OcpQqbFu7f7NbTK05lx80nuSijCz7sc3a277R67g,"I used this as a dungeons and dragons player let the AI be most of the Dm track numbers and DCs myself and with slight dialog issues (that I can correct) I had an amazing session last night. It seems to have issues tracking more than two NPCs at a time so I often had to write actions for them. Because I was doing dialog from my own perspective I think it added a character it named ""You"" to the party. I just ignore or rewrite those prompts. Very fun I hope I can be beneficial to development.",4,0,1.1.172,2022-11-21 18:57:01,Scott! That is awesome that you were able to use the AI as a player and had an amazing session :) Please help us prioritize your feedback by leaving it here as well: https://feedback.latitude.io/. We also encourage you to join our discord aidungeon.io/discord (if you haven't already) our community is full of tips and tricks!,2022-11-22 13:11:41,1.1.172,gam572,com.aidungeon
4acb29bd-85f1-4fae-a62c-9efdbc3852c2,A Google user,https://play-lh.googleusercontent.com/EGemoI2NTXmTsBVtJqk8jxF9rh8ApRWfsIMQSt2uE4OcpQqbFu7f7NbTK05lx80nuSijCz7sc3a277R67g,I won't lie I was a bit hard on the devs in my last review. This is a solid ai generator. Yh it sometimes goes a bit weird but doesn't all ai. Would recommend,4,0,1.2.66,2024-08-28 16:09:41,Thanks for your feedback! We offer multiple free AI models with unlimited actions and no ads. If you're interested in premium features we have various subscription options. For any questions about our pricing or features please reach out to support@aidungeon.com.,2024-07-18 18:03:28,1.2.66,gam3034,com.aidungeon
aac38d4b-43af-460a-9e2c-5225ddaed242,A Google user,https://play-lh.googleusercontent.com/EGemoI2NTXmTsBVtJqk8jxF9rh8ApRWfsIMQSt2uE4OcpQqbFu7f7NbTK05lx80nuSijCz7sc3a277R67g,Very well done. lots of story options and good character depth.dialogue is top notch and plus more content is able to be added. nicely done.,5,0,1.1.178,2023-04-17 20:17:58,,,1.1.178,gam7988,com.aidungeon
1330bf2b-fd41-4bcc-a0ce-bd55e682dd30,A Google user,https://play-lh.googleusercontent.com/EGemoI2NTXmTsBVtJqk8jxF9rh8ApRWfsIMQSt2uE4OcpQqbFu7f7NbTK05lx80nuSijCz7sc3a277R67g,App simply doesn't load anymore Wow.,1,3,1.2.49,2024-03-25 19:01:15,Thanks for the review! Ads help us keep the game sustainable and free for players as well as enabling unlimited game play. Learn more on our blog: https://share.voyage/bUpLNXp9xyk,2022-08-01 09:41:13,1.2.49,gam19923,com.aidungeon
13492529-3e32-466a-8001-93ead285453a,A Google user,https://play-lh.googleusercontent.com/EGemoI2NTXmTsBVtJqk8jxF9rh8ApRWfsIMQSt2uE4OcpQqbFu7f7NbTK05lx80nuSijCz7sc3a277R67g,It was good then they ruined the AI,1,3,1.1.108,2022-02-03 00:57:41,,,1.1.108,gam21671,com.aidungeon
dd7e89aa-ebb5-4c24-a02d-3143b9595a88,A Google user,https://play-lh.googleusercontent.com/EGemoI2NTXmTsBVtJqk8jxF9rh8ApRWfsIMQSt2uE4OcpQqbFu7f7NbTK05lx80nuSijCz7sc3a277R67g,Fun game too expensive. It does really help get creativity flowing if you're having some block but the base AI is. not great sometimes and the upgraded AI model starts at $10 a month which really adds up. They moved the highest tier of AI to the $10/mo membership though so that's progress.,4,6,1.1.119,2022-01-22 12:29:20,,,1.1.119,gam3840,com.aidungeon
55510e80-4843-434f-8056-2d6c29f12588,A Google user,https://play-lh.googleusercontent.com/EGemoI2NTXmTsBVtJqk8jxF9rh8ApRWfsIMQSt2uE4OcpQqbFu7f7NbTK05lx80nuSijCz7sc3a277R67g,Hm.you had done better.hope this update is too.,1,0,1.1.177,2023-03-06 14:50:55,Hey there! If there is anything we can do to improve your experience please let us know at support@aidungeon.io.,2023-03-07 14:18:30,1.1.177,gam20287,com.aidungeon
15dc69d2-5ded-4d59-8bb8-5b7736023adf,Isaac King,https://play-lh.googleusercontent.com/a/ACg8ocLwporQfwngmOc1kcEQrmCYvjaohr-XmyXvw0Jm3_TZ3KK_ag=mo,the game itself is awesome but the move tokens they need more ways to get more,4,0,1.9.2,2024-10-01 10:02:19,We're a small team and AI costs are still quite high but we're giving out as many free tokens as we can while working hard to create a game that's truly worth your support,2024-10-04 03:27:15,1.9.2,gam29618,com.aisuccess.ai_game_master
d8f04ab3-da32-46bc-9bee-183c576ce00d,A Google user,https://play-lh.googleusercontent.com/EGemoI2NTXmTsBVtJqk8jxF9rh8ApRWfsIMQSt2uE4OcpQqbFu7f7NbTK05lx80nuSijCz7sc3a277R67g,Most expensive game I've ever seen. The mythic premium subscription costs around 4950 $ which is close to 4.3 lakh rupees which definitely an average indian gamer can't subscribe to!!!! Uninstalling now.,3,1,1.2.49,2024-08-11 04:30:59,,,1.2.49,gam6795,com.aidungeon
1a8e8743-9812-4f48-b264-2618664c00b9,Mike Fevens,https://play-lh.googleusercontent.com/a/ACg8ocKy5aXpy_usA9YNqrcHIKV1YyBekmnzUoGPsvsVfFfsFpi9Rg=mo,only reason i did not give 5 stars was because of a lack of an option to purchase full unlock or even a subscription (no more tokens) otherwise one of the best ai DMs I've ever played.,4,0,1.5.2,2024-04-12 17:04:14,Thank you for your feedback and for the high praise! We're glad to hear you enjoy our AI DM. We take your comments seriously and are currently exploring a new subscription model. Stay tuned and we hope to earn that 5th star from you soon!,2024-04-15 02:48:40,1.5.2,gam29796,com.aisuccess.ai_game_master
65994de3-b581-4260-94ac-f312394f7442,A Google user,https://play-lh.googleusercontent.com/EGemoI2NTXmTsBVtJqk8jxF9rh8ApRWfsIMQSt2uE4OcpQqbFu7f7NbTK05lx80nuSijCz7sc3a277R67g,"Everytime I try and make an adventure the game crashes when I reopen adventurer is gone Whenever it doesn't disappear it says ""please create an account before continuing"" even though I'm on a verified account already when I click on the ""sign in"" button it pulls up the UI.then immediately closes it before I can so anything This genuinely sucks and has been happening since the legacy version was removed and there's been plenty more bugs aside from this please fix your game",1,19,1.2.66,2024-07-10 05:27:25,,,1.2.66,gam519,com.aidungeon
9773e894-4853-4488-beb9-d26a01023f1c,A Google user,https://play-lh.googleusercontent.com/EGemoI2NTXmTsBVtJqk8jxF9rh8ApRWfsIMQSt2uE4OcpQqbFu7f7NbTK05lx80nuSijCz7sc3a277R67g,It has improved a lot since my last review and I have even subscribed to the champion level but today the app won't load I'm hoping that is due to some maintenance or something.,4,0,1.2.69,2024-09-12 16:03:12,,,1.2.69,gam1927,com.aidungeon
62bb6068-b9aa-4922-a219-b9aafa1b59fd,Fugginkent kent,https://play-lh.googleusercontent.com/a/ACg8ocLEcSkJVX1ZZODlrNlGY6tW-I7uONVtx3u5qHgs14C0aSYmDw=mo,great game. we will see in time how it holds up but for now i think ita great.,4,0,1.7.0,2024-06-06 02:07:22,,,1.7.0,gam29790,com.aisuccess.ai_game_master
1bf4f509-ef5c-4e30-b6a2-2ea5a30cff9c,A Google user,https://play-lh.googleusercontent.com/EGemoI2NTXmTsBVtJqk8jxF9rh8ApRWfsIMQSt2uE4OcpQqbFu7f7NbTK05lx80nuSijCz7sc3a277R67g,"It's a pretty interesting experience for sure the AI is genuinely very good at generating a story and remembering events. It does however get extremely passive in allowing you to steer the story however you want unlike a human Game Master. Editing* Clarifying that it's *difficult* to play as a female because the AI always assumes the player is male unless you state that yourself in the story. It's like reminding the GM every session ""I'm a girl"" or creating a custom scenario every time.",3,0,,2023-01-04 17:07:15,You can create scenarios where you indicate the gender. You can also add this information to your memory and author's notes section so the AI remembers what's important to you in your story. Thanks for your feedback :),2023-01-04 16:38:25,,gam1315,com.aidungeon
03c16afc-ca0f-4e9d-9031-37569089f658,A Google user,https://play-lh.googleusercontent.com/EGemoI2NTXmTsBVtJqk8jxF9rh8ApRWfsIMQSt2uE4OcpQqbFu7f7NbTK05lx80nuSijCz7sc3a277R67g,This is fun I started a story in here and it really helped when I had no idea what was going to happen next (writers will understand) Overall great app and nice idea,4,0,1.1.137,2022-05-23 23:33:35,,,1.1.137,gam10579,com.aidungeon
8247eb50-708a-4127-a6d6-3e0da8d65a9b,A Google user,https://play-lh.googleusercontent.com/EGemoI2NTXmTsBVtJqk8jxF9rh8ApRWfsIMQSt2uE4OcpQqbFu7f7NbTK05lx80nuSijCz7sc3a277R67g,In theory a good idea: it works like a text adventure but freeform: you can do or say literally anything and the AI attempts to continue the story. Two problems: 1) The AI is weak and stupid and constantly churns out bizarre non sequiturs. 2) The pricing structuren is insane. Even the weakest crappiest AI is no longer free to use. To access the slightly better version without restrictions will cost you THIRTY DOLLARS A MONTH. Add to that a total lack of privacy. Avoid.,1,19,1.1.170,2022-09-17 18:18:39,Great news! We released a new update called Unchained. Ads no longer inhibit gameplay; all players have unlimited access to our base AI model (Griffin). Learn more at https://aidungeon.io/unchained :) Our players' privacy is very important to us if you have any concerns let us know at support@aidungeon.io.,2023-01-06 21:09:29,1.1.170,gam2195,com.aidungeon
80adbf59-db3a-4af2-a374-578e0e3b387b,Blake Chambers,https://play-lh.googleusercontent.com/a-/ALV-UjXRzueqBhDdej9vElaycHV0AAUqA4mbqr1BrIcrK-OUWNlyfA1X9Q,Really loving this game environment! The AI is dynamic and keeps the gameplay consistent and moving forward. I can tell it's going to get even better so I expect I'll come back to up this review to five stars soon.,4,0,1.7.5,2024-06-22 13:03:28,Thanks so much for the awesome feedback! We're glad to hear you're enjoying the game. If you have any ideas or suggestions to help us make it a 5-star experience we'd love to hear them.,2024-06-23 02:04:58,1.7.5,gam29605,com.aisuccess.ai_game_master
8feb325d-4949-495b-9759-7950a08a5036,A Google user,https://play-lh.googleusercontent.com/EGemoI2NTXmTsBVtJqk8jxF9rh8ApRWfsIMQSt2uE4OcpQqbFu7f7NbTK05lx80nuSijCz7sc3a277R67g,An add after every new story or even after 10-20 inputs is understandable but an ad after EVERY input? This used to be a good app did you really have to ruin it by spamming ads?,1,5,1.1.145,2022-06-20 19:40:56,Ads no longer interrupt gameplay; all players have unlimited actions to our base AI model. Learn more at https://aidungeon.io/unchained :) If you have any feedback or suggestions on how we can improve please let us know at https://feedback.latitude.io/.,2023-01-18 15:55:01,1.1.145,gam8744,com.aidungeon
acf8ae1b-61d6-4936-bf89-a113eb05036a,BA Guthrie,https://play-lh.googleusercontent.com/a-/ALV-UjWsXjF3A81tHfjK1IpLJ1KIlJpQzGC6anIDUnlGMPKtx02zlki2,Its a great game but it has SERIOUS hiccups at Character creation especially when playing as a group.,4,0,1.5.0,2024-04-05 02:14:39,Thanks for the love! Sorry about the character creation glitches. Mind shooting us an email at GM@aigamemaster.app? Wed love to sort it out. Cheers!,2024-04-07 05:42:03,1.5.0,gam29876,com.aisuccess.ai_game_master
22d83715-a03c-48a1-8520-64d9a7efd5e3,Phillip Sadler,https://play-lh.googleusercontent.com/a-/ALV-UjVnfmaPC7HpgK0U81ctcM1FuL7tAHwvZllxHZDUtHg6SBOek4JsFw,pretty darn good. I am suitably impressed and still trying to push the limits of what it can do,5,0,1.7.9,2024-07-18 21:25:49,Let us know how it goes!,2024-07-21 16:10:13,1.7.9,gam29746,com.aisuccess.ai_game_master
67a3f1b2-3acc-4593-9aa2-8ea6944f6e64,A Google user,https://play-lh.googleusercontent.com/EGemoI2NTXmTsBVtJqk8jxF9rh8ApRWfsIMQSt2uE4OcpQqbFu7f7NbTK05lx80nuSijCz7sc3a277R67g,Like all the other comments they have ruined a good ai story game by making it worse and hard to deal with,4,0,1.1.172,2023-01-17 20:51:47,We are sorry to hear you feel that way Audon. We would love to look into any issues you've been having and help however we can. Please reach out to us at support@aidungeon.io. Thanks!,2023-01-18 08:56:31,1.1.172,gam18642,com.aidungeon
f6572d9c-7271-4415-8c44-71ae43c452a9,A Google user,https://play-lh.googleusercontent.com/EGemoI2NTXmTsBVtJqk8jxF9rh8ApRWfsIMQSt2uE4OcpQqbFu7f7NbTK05lx80nuSijCz7sc3a277R67g,perfect ai text generator.,5,0,1.1.172,2023-02-11 13:17:15,We appreciate the awesome review! Glad you've enjoyed your experience :),2023-02-17 21:19:29,1.1.172,gam20979,com.aidungeon
01760dc6-52ac-495c-84f8-f41182a3aa7e,A Google user,https://play-lh.googleusercontent.com/EGemoI2NTXmTsBVtJqk8jxF9rh8ApRWfsIMQSt2uE4OcpQqbFu7f7NbTK05lx80nuSijCz7sc3a277R67g,"Fun to think about not so much to play. The AI is pretty good at not taking my story plots into account and ignoring basic things like being a wizard and doing the following ""cast invisibility and wait for the man to walk by"". The energy system won't let me turn on autoplaying ads to restore energy and I have to redo so many actions to progress slightly that it's not even fun to play anymore. Used to be a 5 star rating from me. Unfortunately not anymore :(",3,1,1.1.33,2022-08-05 11:54:37,Hey there! We have tools to help keep the AI on track and remember the things important to you in your story. Please see our guidebook pages: https://help.aidungeon.io/ai-dungeon-101 and https://help.aidungeon.io/advanced. Email us at support@aidungeon.io with questions. Also all players now have unlimited actions ads don't interrupt gameplay.,2023-01-12 16:55:13,1.1.33,gam905,com.aidungeon
26c4f343-53f8-4663-9e31-32b872b70d91,A Google user,https://play-lh.googleusercontent.com/EGemoI2NTXmTsBVtJqk8jxF9rh8ApRWfsIMQSt2uE4OcpQqbFu7f7NbTK05lx80nuSijCz7sc3a277R67g,very impressive love the AI,5,0,1.1.139,2022-06-10 14:34:54,,,1.1.139,gam21004,com.aidungeon
0f8b6f1b-c87d-4488-9ebd-2af5c674d538,A Google user,https://play-lh.googleusercontent.com/EGemoI2NTXmTsBVtJqk8jxF9rh8ApRWfsIMQSt2uE4OcpQqbFu7f7NbTK05lx80nuSijCz7sc3a277R67g,It leaves you at such random spots where you don't even know what to type,2,0,,2023-05-10 21:18:59,,,,gam17699,com.aidungeon
3fb9d393-f411-480a-904b-837fca1c2995,A Google user,https://play-lh.googleusercontent.com/EGemoI2NTXmTsBVtJqk8jxF9rh8ApRWfsIMQSt2uE4OcpQqbFu7f7NbTK05lx80nuSijCz7sc3a277R67g,If I could rate this game 1-100 I would rate it 100 for people who either want the wildest of ideas to come true written by a AI and it's almost perfect but it's perfect once you create a account and suggestion create a account before making a little scenario that they have planned of making for a long time and probably even then when it says create a new account to continue playing and it doesn't take 10 mins for it to say that it almost takes 20 for me 5 out of 5 stars great job people,5,0,1.1.178,2023-03-12 23:16:23,Thank you for your support and outstanding review! More updates to come :),2023-03-29 13:38:24,1.1.178,gam4808,com.aidungeon
8766732c-0823-4b64-86c8-881ee1b36a4c,A Google user,https://play-lh.googleusercontent.com/EGemoI2NTXmTsBVtJqk8jxF9rh8ApRWfsIMQSt2uE4OcpQqbFu7f7NbTK05lx80nuSijCz7sc3a277R67g,Game finally got a fair action ad reward only thing it is missing some improvements on the AI (Memory),3,0,,2022-09-09 12:49:26,AI Dungeon is now unchained! Recent changes in AI cost made it possible for us to provide all players with unlimited access to Griffin our base AI model. We hope you will try out the new and improved experience! Learn more at https://aidungeon.io/unchained. More updates coming this year :),2023-01-10 17:11:30,,gam10932,com.aidungeon
28b575b2-d0b8-454b-9ff9-cb7e814787ea,Yabbo !,https://play-lh.googleusercontent.com/a-/ALV-UjUDMJZOlRvN8iXpBRx5InHibHxsnIBNtI0Ai7qj17x5r7Bfjo4,Would be great. You either have to pay ALOT or wait days to get tokens. If they had a way to earn them I would give a better rating but for the cost this is a 1 star game.,1,0,,2024-03-22 18:12:54,Thank you for your feedback. We understand your concerns about the cost and waiting time for tokens. As a small team we face high costs using cutting-edge AI but we're constantly exploring ways to balance accessibility with sustainability including potential ways for players to earn tokens. We appreciate your patience and hope to improve,2024-03-24 04:30:47,,gam29820,com.aisuccess.ai_game_master
915a046c-3d92-4014-b9dd-7d7f46b48e55,A Google user,https://play-lh.googleusercontent.com/EGemoI2NTXmTsBVtJqk8jxF9rh8ApRWfsIMQSt2uE4OcpQqbFu7f7NbTK05lx80nuSijCz7sc3a277R67g,Do not bother installing this ad application literally unplayable since it will play add every 3 new prompts. Absolutely garbage app. Update: can't even update the app what a joke.,1,3,1.1.152,2022-08-07 17:16:03,If you are still having issues please reach out to us at support@aidungeon.io we want to get this resolved :) Great news! We released a new update called Unchained. Ads no longer inhibit gameplay; all players have unlimited access to our base AI model (Griffin). Learn more at https://aidungeon.io/unchained :),2023-01-12 18:02:06,1.1.152,gam6894,com.aidungeon
4ef834ef-5bc0-42e7-ac85-9d40f9ceadf3,A Google user,https://play-lh.googleusercontent.com/EGemoI2NTXmTsBVtJqk8jxF9rh8ApRWfsIMQSt2uE4OcpQqbFu7f7NbTK05lx80nuSijCz7sc3a277R67g,The add system spoiled it completely.,1,4,1.1.52,2022-07-01 04:13:45,,,1.1.52,gam20416,com.aidungeon
6164d136-9c09-4480-b5a7-2843adbed170,A Google user,https://play-lh.googleusercontent.com/EGemoI2NTXmTsBVtJqk8jxF9rh8ApRWfsIMQSt2uE4OcpQqbFu7f7NbTK05lx80nuSijCz7sc3a277R67g,The free AI is so much better now. I hope they don't change it for the worst. The AI is able to remember information and make responses with 9/10 time. Incredible work if I could give it 4.5 I would,4,1,1.2.40,2023-11-19 08:30:23,Hey there! We are actively working on updates to improve the AI and overall experience we appreciate your feedback. Let us know if you have any questions at support@aidungeon.io.,2023-04-05 13:52:30,1.2.40,gam5590,com.aidungeon
289d1e92-1d32-44ba-8655-56213b6032b4,A Google user,https://play-lh.googleusercontent.com/EGemoI2NTXmTsBVtJqk8jxF9rh8ApRWfsIMQSt2uE4OcpQqbFu7f7NbTK05lx80nuSijCz7sc3a277R67g,This game was better before all the updates now its just ai garbage with plots that repeat themselves,3,2,1.1.170,2023-04-04 16:07:16,We understand your frustration and are sorry about your recent negative experience. We are working on improvements to the game and our AI models. Using Memory and Author's note can help with keeping the AI on track. Let us know if you have any other questions at support@aidungeon.io. We want to help :),2023-04-05 13:59:53,1.1.170,gam14177,com.aidungeon
68cfcfae-94b6-4158-a65a-7dee801cdaa5,A Google user,https://play-lh.googleusercontent.com/EGemoI2NTXmTsBVtJqk8jxF9rh8ApRWfsIMQSt2uE4OcpQqbFu7f7NbTK05lx80nuSijCz7sc3a277R67g,I love it. I love the storytelling and the diversity of what i can do but there needs to be a save option or something! Ill exit and when i come back to continue the story it would have me start from scratch! This isnt fair!,3,0,1.2.49,2024-03-22 22:01:29,Hey there! In order for your adventure to be saved you will need to set up an account so we have somewhere to save it. If this issue persists after signing in please reach out to us at support@aidungeon.com. Thanks!,2024-03-22 23:09:04,1.2.49,gam4406,com.aidungeon
850b42a1-e58a-4610-ba0b-9d0fbf654f4d,A Google user,https://play-lh.googleusercontent.com/EGemoI2NTXmTsBVtJqk8jxF9rh8ApRWfsIMQSt2uE4OcpQqbFu7f7NbTK05lx80nuSijCz7sc3a277R67g,After the recent retirement of the old dragon model into the latest version it is a fundamental devolution. The latest version will practically repeat itself with only two to three word changes regardless of all attempts to steer it or flat out disregard player input. Add to the matter that a prompt with a slight edit results in identical stories even down to exact wording and there's is no further point me supporting this product.,1,19,1.1.178,2023-06-24 21:16:58,This issue should be fixed now. If the issue continues please reach out to us at support@aidungeon.io so we can help :),2023-06-28 21:52:26,1.1.178,gam2316,com.aidungeon
97a95470-fbc6-4c1f-a9b2-659b467a1023,A Google user,https://play-lh.googleusercontent.com/EGemoI2NTXmTsBVtJqk8jxF9rh8ApRWfsIMQSt2uE4OcpQqbFu7f7NbTK05lx80nuSijCz7sc3a277R67g,This game is. actually awesome In spite of its flaws the game tends to run smoothly all in all the AI is pretty good at creating stories and you can create some real amazing stories if you put time and effort into it so yeah! Edit: 23/6?/2023 Hey guys uhh. can't help but notice that the game is trying to do multiple outputs simultaneously without consulting me in any way also It has suddenly been taking a LONG time to make outputs. Please try to resolve or tell me how to resolve.,4,13,1.1.178,2023-06-22 23:18:35,If this issue persists please reach out to us at support@aidungeon.io. Thanks!,2023-06-28 22:08:40,1.1.178,gam2272,com.aidungeon
865d5268-6217-4449-baae-c28ae47e6435,A Google user,https://play-lh.googleusercontent.com/EGemoI2NTXmTsBVtJqk8jxF9rh8ApRWfsIMQSt2uE4OcpQqbFu7f7NbTK05lx80nuSijCz7sc3a277R67g,I love ai dungeon!,5,0,1.1.172,2022-10-26 15:14:13,We are so glad you are enjoying our game Em! If you have any feedback or suggestions on how we can improve please let us know at https://feedback.latitude.io/. Thanks for your support and the 5-star review :),2022-11-01 22:42:04,1.1.172,gam24733,com.aidungeon
3770c369-bc3c-4bc4-85d3-98e5b45ae9b2,Nick Campbell,https://play-lh.googleusercontent.com/a/ACg8ocJmNw6tbaTuJAVAVh994hsZbGn6dAkCBCf3r8s1iFQk7-EYmQ=mo,good app but the token system gets kind of annoying because unless you wanna pay for more you just have to wait.,4,0,,2024-06-17 18:20:38,Thanks! We understand that the token system can be frustrating. As a small team we need it to balance the costs of running the AI and maintaining the game. The free tokens are meant to give a taste of the experience. We appreciate your understanding and support!,2024-06-18 05:00:05,,gam29839,com.aisuccess.ai_game_master
0c81ca53-f9f5-458c-8186-3081de117395,Joshua Exclusa,https://play-lh.googleusercontent.com/a-/ALV-UjXwSCO3xqw9WfCWIW-h_Iig922qH37igd7sXoF1G35xXVgr7qID,what a great and awesome experience! keep up the great work and good job on the recent update.,5,0,1.8.9,2024-09-21 21:15:08,Thanks! Hope you love the next ones too,2024-09-22 04:54:12,1.8.9,gam29963,com.aisuccess.ai_game_master
6f21ff10-2379-4499-9f92-7f51ffe6c77c,DrTheriss,https://play-lh.googleusercontent.com/a-/ALV-UjUildX3PAs9qJ_ByeMJIF7B6ce_4fTdq5EO2uahNJ65tA0Wp-M,quite a bit of fun sometimes I feel like the ai decides your just going to die. and I've been encountering a few errors lately but this game is worth the time to play.,5,0,1.3.4,2024-03-16 21:55:03,We're glad you're enjoying the game! We've fixed the latest bug and are actively working on ways to ensure a smoother adventure with fewer forced fights aiming for a more balanced experience. Your feedback is invaluable as we continue to improve. Thanks for sticking with us!,2024-03-18 04:42:53,1.3.4,gam29818,com.aisuccess.ai_game_master
db81d2c5-516f-4c43-8782-a98f76d6c960,A Google user,https://play-lh.googleusercontent.com/EGemoI2NTXmTsBVtJqk8jxF9rh8ApRWfsIMQSt2uE4OcpQqbFu7f7NbTK05lx80nuSijCz7sc3a277R67g,used to love this game then they removed the energy meter when I had it full now I have to suffer through watching through ads that I didn't even need in the first place,1,0,,2022-07-20 05:30:56,Great news! We released a new update called Unchained. Ads no longer inhibit gameplay; all players have unlimited access to our base AI model (Griffin). Learn more at https://aidungeon.io/unchained :),2023-01-13 17:38:27,,gam10550,com.aidungeon
af4546c8-7985-4969-907a-4bf669b5ea18,A Google user,https://play-lh.googleusercontent.com/EGemoI2NTXmTsBVtJqk8jxF9rh8ApRWfsIMQSt2uE4OcpQqbFu7f7NbTK05lx80nuSijCz7sc3a277R67g,Great AI for a story!,5,0,1.1.119,2022-02-28 08:46:53,,,1.1.119,gam21470,com.aidungeon
4b433dd9-f24c-4cdf-b015-aafd2907e57d,A Google user,https://play-lh.googleusercontent.com/EGemoI2NTXmTsBVtJqk8jxF9rh8ApRWfsIMQSt2uE4OcpQqbFu7f7NbTK05lx80nuSijCz7sc3a277R67g,it's a really good app but please add a feature where you just use these ** to show that you're doing something,5,0,1.2.69,2024-09-03 04:59:22,,,1.2.69,gam1968,com.aidungeon
5e9c76fe-c62b-4a01-bff2-617ed25db413,A Google user,https://play-lh.googleusercontent.com/EGemoI2NTXmTsBVtJqk8jxF9rh8ApRWfsIMQSt2uE4OcpQqbFu7f7NbTK05lx80nuSijCz7sc3a277R67g,Loving the app though now it crashes as soon as I launch it now.,3,1,1.1.148,2022-07-26 16:30:04,Hi there! We JUST pushed a fix for this issue please update the app! If you're still experiencing anything just let us know at support@aidungeon.io and we'll get it handled! :D,2022-07-26 19:14:15,1.1.148,gam13854,com.aidungeon
e4eff799-2126-431f-b1d4-c9379689d4a2,A Google user,https://play-lh.googleusercontent.com/EGemoI2NTXmTsBVtJqk8jxF9rh8ApRWfsIMQSt2uE4OcpQqbFu7f7NbTK05lx80nuSijCz7sc3a277R67g,"This is really fun but being an AI it's not perfect. Sometimes it forgets parts of the story or tries to create a new one as you go along. Once I was trying to do a historical fiction thing but the AI made it about the X-Men. It tried to cram the X-Men into a lot of stories at least in my experience. There is also a strange cast of the AI's original characters that pop up in many different player's stories. Some of them attack the player like ""Dr. Kessel"" and ""the Craxil "" so watch out.",4,1,1.1.119,2022-02-26 23:23:27,,,1.1.119,gam6076,com.aidungeon
e8231f1a-1898-4b76-8b3d-5a0c6aa7358d,A Google user,https://play-lh.googleusercontent.com/EGemoI2NTXmTsBVtJqk8jxF9rh8ApRWfsIMQSt2uE4OcpQqbFu7f7NbTK05lx80nuSijCz7sc3a277R67g,Sad to see where this app has gone. To be honest it's not worth it. Everyone else has already made it clear why so if you wanna know why you can find better reviews.,1,30,1.1.133,2022-04-06 22:36:58,,,1.1.133,gam17650,com.aidungeon
d5f40b1d-c428-4dc0-903b-fd394cf56eec,A Google user,https://play-lh.googleusercontent.com/EGemoI2NTXmTsBVtJqk8jxF9rh8ApRWfsIMQSt2uE4OcpQqbFu7f7NbTK05lx80nuSijCz7sc3a277R67g,I used to use this game and uninstalled it because of all the updates I was going to give it another chance but I couldn't log in I have tried everything even reseting my password but I can't play it.,2,1,1.1.108,2022-01-08 01:04:05,So sorry to hear this. Please reach out to us at support@aidungeon.io so we can help!,2022-01-11 13:13:26,1.1.108,gam8119,com.aidungeon
ed274fc1-92c9-47d7-a908-d29b86e8f678,A Google user,https://play-lh.googleusercontent.com/EGemoI2NTXmTsBVtJqk8jxF9rh8ApRWfsIMQSt2uE4OcpQqbFu7f7NbTK05lx80nuSijCz7sc3a277R67g,"The app is a bit soft. I understand not allowing CP and stuff like that but I can't even steal supplies in an apocalypse without the AI going ""stealing supplies from innocent survivors you just met is not a good thing to do you think it over and walk away instead"" like bro aren't I allowed to make my own decisions? Why is the AI deciding for me?",3,2,1.1.178,2023-10-27 12:06:29,,,1.1.178,gam6492,com.aidungeon
6b669a8d-a592-4c13-bc5d-680c5784eb3f,A Google user,https://play-lh.googleusercontent.com/EGemoI2NTXmTsBVtJqk8jxF9rh8ApRWfsIMQSt2uE4OcpQqbFu7f7NbTK05lx80nuSijCz7sc3a277R67g,Love the game beautiful AI but anytime I try to login it tells me that it's having trouble reaching ai dungeon I've tried multiple times,4,0,1.1.139,2022-05-27 17:10:55,There are others that have reported a similar issue. We're trying to get more information at bugs.aidungeon.io if you would like to help us in fixing this problem. Until it's fixed you can play at play.aidungeon.io,2022-05-27 19:08:53,1.1.139,gam10284,com.aidungeon
0cf4d0cb-a002-49a0-b6bc-bf29fbb07267,A Google user,https://play-lh.googleusercontent.com/EGemoI2NTXmTsBVtJqk8jxF9rh8ApRWfsIMQSt2uE4OcpQqbFu7f7NbTK05lx80nuSijCz7sc3a277R67g,id give it a 5 star but i dislike the new updates.:/,3,0,1.1.147,2022-07-06 00:47:02,,,1.1.147,gam20051,com.aidungeon
06522c1a-d361-4d4a-916a-dc17d90d83a6,A Google user,https://play-lh.googleusercontent.com/EGemoI2NTXmTsBVtJqk8jxF9rh8ApRWfsIMQSt2uE4OcpQqbFu7f7NbTK05lx80nuSijCz7sc3a277R67g,Fantastic and fun AI misadventures.,5,0,1.1.161,2022-08-18 07:10:23,Thanks for the epic review We're happy you're enjoying your time in AI Dungeon!,2022-08-18 12:37:50,1.1.161,gam16760,com.aidungeon
e4ecc7df-f03c-44d3-af22-92d8ab3a7c5a,A Google user,https://play-lh.googleusercontent.com/EGemoI2NTXmTsBVtJqk8jxF9rh8ApRWfsIMQSt2uE4OcpQqbFu7f7NbTK05lx80nuSijCz7sc3a277R67g,I love love this app it's really addicting and very fun and I love playing this game and making senarios and adventures in the wonderful app. There is a few flaws however sometimes the AI needs some work and too many errors but otherwise this is a super amazing and good app. 3/5 stars,3,0,,2022-05-20 20:41:39,,,,gam4663,com.aidungeon
98acc718-349d-46e1-b6f9-6ba89546a683,A Google user,https://play-lh.googleusercontent.com/EGemoI2NTXmTsBVtJqk8jxF9rh8ApRWfsIMQSt2uE4OcpQqbFu7f7NbTK05lx80nuSijCz7sc3a277R67g,This game is fun. The AI is a little quirky but if you keep an open mind and edit along the way you get a really good story. I enjoy how funny some circumstances get. I hope they keep improving it. I'd love a more consistant story.,4,0,1.1.172,2023-01-23 20:58:51,,,1.1.172,gam4455,com.aidungeon
5c7865df-8f08-4ba4-ba3b-8bbbfb985305,A Google user,https://play-lh.googleusercontent.com/EGemoI2NTXmTsBVtJqk8jxF9rh8ApRWfsIMQSt2uE4OcpQqbFu7f7NbTK05lx80nuSijCz7sc3a277R67g,I kept coming back and I gotta say it's improving even thought the improvements are small the only thing that has improved for me is that the griffin AI is becoming better a bit by bit,2,1,1.1.33,2022-04-14 09:44:31,Hey Ritz thanks for the feedback on Griffin we're happy you're seeing progress with it! Our development team will consider any feedback to make AI Dungeon even better. Please feel free to email specific suggestions to support@latitude.io.,2022-04-15 13:27:07,1.1.33,gam10069,com.aidungeon
70fbe954-f283-4325-bf34-125f873170af,A Google user,https://play-lh.googleusercontent.com/EGemoI2NTXmTsBVtJqk8jxF9rh8ApRWfsIMQSt2uE4OcpQqbFu7f7NbTK05lx80nuSijCz7sc3a277R67g,Not bad. Needs more tune up on AI Story Making.,3,0,,2022-05-13 01:01:10,Hi DragonStar thanks for the feedback! If you haven't already we suggest trying to use more detailed input in your stories and to experiment with tools like Retry Edit Memo and World Info. We'd be happy to answer any questions you have via support@aidungeon.io. Thank you!,2022-05-13 12:48:42,,gam14592,com.aidungeon
53b6bede-3426-4562-bab9-04db95163c62,A Google user,https://play-lh.googleusercontent.com/EGemoI2NTXmTsBVtJqk8jxF9rh8ApRWfsIMQSt2uE4OcpQqbFu7f7NbTK05lx80nuSijCz7sc3a277R67g,Well I'm still early though I'm holding my judgement of course. It's pretty fun I guess especially the AI can predict what's already in my mind and I'm glad that there's no weird kinky things. I just want some action and cool adventure with like of Dark Fantasy. That's all.,5,0,,2022-03-18 06:45:57,,,,gam7746,com.aidungeon
61c3900f-b612-496a-9dd9-db816641880e,Name?thereisnoname,https://play-lh.googleusercontent.com/a-/ALV-UjXv27YMT4X5c5rGofb3-Qc0DAPBRZqNxY-aF8NojlsvC4rdOvho,Quite literally one of the best games i've played yet the game is good the dev(s) are great and the amount of potential this game has is insane. I cant wait for this game to get its well deserved fame. Edit: it is very nice to see the audience that the game is dragging in and Im sure the developer(s) are very proud to see so I truly believe that with a few (good) advertisements the game will receive the attention it very well deserves I just hope it doesn't go out like that of ai dungeon.,5,1,,2022-11-18 02:44:27,Wow! Thank you for such an empathetic review! We are working as hard as we can there are still lots of ideas and even more energy Update: It is very pleased to hear such words of support!,2022-11-18 03:28:31,,gam108,com.feynmanapps.aitales
e1a7677d-48d5-4026-9500-ca2561405bd3,A Google user,https://play-lh.googleusercontent.com/EGemoI2NTXmTsBVtJqk8jxF9rh8ApRWfsIMQSt2uE4OcpQqbFu7f7NbTK05lx80nuSijCz7sc3a277R67g,Hey Ai dungeons! loving your new update but their is another bug everytime I make a story card and leave it unedited for a while I can't delete them on demand and when I close the app their already delete it can you fix that pls :(,4,0,1.2.66,2024-08-12 02:30:13,,,1.2.66,gam2547,com.aidungeon
6d4e92c5-c088-4597-bdb6-a31d0a4ebd06,A Google user,https://play-lh.googleusercontent.com/EGemoI2NTXmTsBVtJqk8jxF9rh8ApRWfsIMQSt2uE4OcpQqbFu7f7NbTK05lx80nuSijCz7sc3a277R67g,It won't let me log in for some reason I created an account and all but it still won't BRING ME TO THE LOG IN PART it just keeps saying the same thing if someone can help me out please do,1,2,1.1.139,2022-05-25 21:06:56,,,1.1.139,gam11333,com.aidungeon
acec687c-b53c-4906-af09-e153b18b8e65,A Google user,https://play-lh.googleusercontent.com/EGemoI2NTXmTsBVtJqk8jxF9rh8ApRWfsIMQSt2uE4OcpQqbFu7f7NbTK05lx80nuSijCz7sc3a277R67g,Bug Report - Images (Profile Pictures mostly) don't load. At all.,3,0,1.1.139,2022-06-02 03:22:19,,,1.1.139,gam12854,com.aidungeon
4b1a933d-d64d-4075-a9bb-22fe610ffa13,A Google user,https://play-lh.googleusercontent.com/EGemoI2NTXmTsBVtJqk8jxF9rh8ApRWfsIMQSt2uE4OcpQqbFu7f7NbTK05lx80nuSijCz7sc3a277R67g,last time i played this game it was smooth and good. but this time i couldnt start a scenario. everytime i do something or do something in the story it just doesnt register for the ai. please fix this. this game is good but it doesn't work.,1,1,1.1.145,2022-06-18 03:55:50,Hi Elijah thanks for letting us know! Sounds like you were running into a bug of sorts. If that's still the case then it's possible other users have already reported this issue at http://bugs.aidungeon.io/ your help in logging this and other issues is appreciated!,2022-06-24 18:04:23,1.1.145,gam5395,com.aidungeon
5ed33b01-8c2e-44cd-b4a7-f13619a93542,A Google user,https://play-lh.googleusercontent.com/EGemoI2NTXmTsBVtJqk8jxF9rh8ApRWfsIMQSt2uE4OcpQqbFu7f7NbTK05lx80nuSijCz7sc3a277R67g,Its really good ive been playing it for over a year and I think its really great :D,5,46,1.1.178,2023-07-13 15:03:32,,,1.1.178,gam13942,com.aidungeon
e2757b03-e498-41d2-ab2a-c7e0f54f6f09,Refat Abdeljaber,https://play-lh.googleusercontent.com/a/ACg8ocKOlBwx6i9MtnXM95w-TNv9512Eglhd4suY4W3TViC6KXZxCg=mo,very good AI (at least so far) but I can't reasonably rate this higher than a 3 when I'm only allowed 5 moves (about 3 minutes of game play) a day. especially because I can't save tokens so even if I wanted to wait a week to actually make progress in one sitting then I still only have 5 tokens not 35. really would be awesome if it wasn't for that. right now it's more annoying than it is awesome. Response: I understand but i think either putting ads in the free version or just make it not f2p.,3,1,1.2.0,2024-02-03 22:03:58,The really good AI costs us money so it's hard supporting everyone's free play. We tried finding a good balance between letting players experience the game and not lose our homes while at it :-D. Update: You now get 5 tokens every 4 hoursjust click to claim!,2024-08-12 11:24:00,1.2.0,gam29498,com.aisuccess.ai_game_master
f9bad054-ca39-4eab-b160-a8600d1fff2a,A Google user,https://play-lh.googleusercontent.com/EGemoI2NTXmTsBVtJqk8jxF9rh8ApRWfsIMQSt2uE4OcpQqbFu7f7NbTK05lx80nuSijCz7sc3a277R67g,Please stop ruining AI dungeon by changing how it works stop trying to get me to subscribe I am way too broke for a stupid subscription.,2,5,1.1.172,2023-02-08 21:34:52,Hey Carly! We are happy to address any issues you are having with recent changes. Please reach out to us at support@aidungeon.io.,2023-02-09 21:55:54,1.1.172,gam12228,com.aidungeon
0efb548d-adcc-49bc-a252-db63d91e5ec6,A Google user,https://play-lh.googleusercontent.com/EGemoI2NTXmTsBVtJqk8jxF9rh8ApRWfsIMQSt2uE4OcpQqbFu7f7NbTK05lx80nuSijCz7sc3a277R67g,The concept is really cool and I got excited but nothing is happening no matter what I type. Am I doing something wrong or is there an error with the app. Based on other reviews is seems you've fallen from your former glory. I will keep the app installed in case you fix it but I'm rather disappointed,2,1,1.1.145,2022-06-17 23:21:41,Hi Kakashi! Sounds like you were running into a bug of sorts. If that's still the case then its possible other users have already reported this issue at http://bugs.aidungeon.io/ your help in logging this and other issues is appreciated!,2022-06-24 18:08:33,1.1.145,gam3027,com.aidungeon
16a5b1f6-acc1-41ae-9b3b-be94e45a8a01,A Google user,https://play-lh.googleusercontent.com/EGemoI2NTXmTsBVtJqk8jxF9rh8ApRWfsIMQSt2uE4OcpQqbFu7f7NbTK05lx80nuSijCz7sc3a277R67g,It was great until censorship ruined everything.,1,3,1.2.40,2023-10-27 14:52:18,,,1.2.40,gam20318,com.aidungeon
949d8bef-9e5c-4f5d-ba39-5c83d8f02648,A Google user,https://play-lh.googleusercontent.com/EGemoI2NTXmTsBVtJqk8jxF9rh8ApRWfsIMQSt2uE4OcpQqbFu7f7NbTK05lx80nuSijCz7sc3a277R67g,very good story telling,5,0,1.2.69,2024-09-02 18:30:11,,,1.2.69,gam10717,com.aidungeon
582bc0be-54b9-4d48-9990-26cfe0b2b396,A Google user,https://play-lh.googleusercontent.com/EGemoI2NTXmTsBVtJqk8jxF9rh8ApRWfsIMQSt2uE4OcpQqbFu7f7NbTK05lx80nuSijCz7sc3a277R67g,"Love the concept and over all like the app. Although anytime I try to edit my worlds I get an ""ie is not a function"" error.",3,0,1.1.134,2022-05-02 00:23:02,,,1.1.134,gam9249,com.aidungeon
ce4b00f2-509e-45c5-9a29-5b0596254d96,A Google user,https://play-lh.googleusercontent.com/EGemoI2NTXmTsBVtJqk8jxF9rh8ApRWfsIMQSt2uE4OcpQqbFu7f7NbTK05lx80nuSijCz7sc3a277R67g,Its alright but i cant even update it for some reason since the latest update (fixed now),4,1,1.1.161,2022-08-17 19:28:19,Hey there! The Google Play App issue was fixed and the Android app should be working for all players. If youre still having trouble after this update please let us know. Thanks for your patience as we resolved this issue!,2022-08-17 14:48:43,1.1.161,gam17101,com.aidungeon
54aff76d-c2e4-4be7-9167-eb10e3599b65,A Google user,https://play-lh.googleusercontent.com/EGemoI2NTXmTsBVtJqk8jxF9rh8ApRWfsIMQSt2uE4OcpQqbFu7f7NbTK05lx80nuSijCz7sc3a277R67g,Forgets and repeats a lot,3,0,,2023-05-29 14:30:06,,,,gam23186,com.aidungeon
a9882b99-4ac6-4900-9cb3-6c476a4aa001,A Google user,https://play-lh.googleusercontent.com/EGemoI2NTXmTsBVtJqk8jxF9rh8ApRWfsIMQSt2uE4OcpQqbFu7f7NbTK05lx80nuSijCz7sc3a277R67g,I'm so hyped! I check in on the app every so often I still use it even if I didn't quite enjoy the past changes. I'm changing the 2 star back to 5 because of the new update. It really improved the app. I love the idea of using scales for more actions! That's awesome even if it still gives you guys (hopefully) enough profit for the ai. Which you NEED! But im so glad you are all able to try your best satisfying the fans even if it can be hard to satisfy them all. Thank you!,5,14,1.1.172,2022-10-07 02:30:05,Hey Animation Nation Productions we are so glad you've enjoyed the recent updates. Another big update is coming! You can learn more about it here: https://latitude.io/blog/next-steps-on-ai-dungeon. Thank you so much for this 5-star review! Please reach out if you ever encounter any issues or have any questions at support@aidungeon.io.,2022-10-21 20:09:06,1.1.172,gam3094,com.aidungeon
2d56ab1b-5ff1-49f7-a4d1-5e5d88592756,Joseph McC,https://play-lh.googleusercontent.com/a/ACg8ocJJXoADnGRHLUGLBNy8a8_BFSVZHlNMTDJFBUvBf3ZmE1pcEA=mo,it's fun. the only downside is you can only progress the story incrementally each day unless you wanna pay for coins. the app Talkie allows for longer plays. other than that this is pretty good.,4,0,1.6.3,2024-05-21 14:49:10,,,1.6.3,gam29576,com.aisuccess.ai_game_master
af6c7b7a-73af-439e-96f1-a5e6cf254cb0,A Google user,https://play-lh.googleusercontent.com/EGemoI2NTXmTsBVtJqk8jxF9rh8ApRWfsIMQSt2uE4OcpQqbFu7f7NbTK05lx80nuSijCz7sc3a277R67g,I'm here to help fix the rating due to the game not working since I really do love this. I do wish the ai would remember more info on its own but I'm still enjoy this game :) Edit: Well this changed a lot I understand ads are needed but they are so many now that it feels like you are watching more ads than actually using the app.,2,3,1.1.164,2022-08-23 14:56:27,Free play is now an unlimited experience! Ads no longer interrupt gameplay; all players have unlimited actions when using Griffin (our base AI model). Learn more at https://aidungeon.io/unchained. We will continue to improve our model and overall game experience. Stay tuned for more exciting updates :),2023-01-11 14:19:44,1.1.164,gam1744,com.aidungeon
2625f1d1-26bc-49b5-978b-8ad920bd6a93,A Google user,https://play-lh.googleusercontent.com/EGemoI2NTXmTsBVtJqk8jxF9rh8ApRWfsIMQSt2uE4OcpQqbFu7f7NbTK05lx80nuSijCz7sc3a277R67g,So far I've had a great time with this app one of the best apps I've ever had,5,0,1.1.119,2022-03-04 20:43:01,,,1.1.119,gam17468,com.aidungeon
7db7a050-4d6e-47a9-8e51-a920bde3908d,A Google user,https://play-lh.googleusercontent.com/EGemoI2NTXmTsBVtJqk8jxF9rh8ApRWfsIMQSt2uE4OcpQqbFu7f7NbTK05lx80nuSijCz7sc3a277R67g,Its stuck on downloading package,3,2,1.1.164,2022-08-26 12:01:20,It sounds like youve run into a nasty bug Ayaan! Its possible other users have already reported this issue at http://bugs.aidungeon.io/ your help in logging this and other issues is appreciated!,2022-09-02 00:06:44,1.1.164,gam21876,com.aidungeon
091c0253-c44e-4922-8a2c-9f87da7be34e,Caleb G,https://play-lh.googleusercontent.com/a-/ALV-UjWH4c_AH45wnperzBBc7Jgwn0GLIwvraMAIp8gdgs4SgsGFysXi,It's a really good experience however it has a limit on how much you can play. I'll explain. In the game there is this token currency this acts as the fee for each turn. In other words each turn has a cost of these tokens and there's a daily replenish time period. I actually just reached this point and plan to find a better app. But it is pretty good you get to custom create your player or the ai gm gives you a a character. But ultimately it's a great app that has the ability to be the best,4,16,1.6.3,2024-05-15 12:03:04,,,1.6.3,gam29475,com.aisuccess.ai_game_master
9ad327e8-d6bf-419f-a709-4b9bcbd2d0ba,A Google user,https://play-lh.googleusercontent.com/EGemoI2NTXmTsBVtJqk8jxF9rh8ApRWfsIMQSt2uE4OcpQqbFu7f7NbTK05lx80nuSijCz7sc3a277R67g,It was great till you changed the actions it was nice to save them up and I understand the ads but they won't ever load and you got to watch so many just to get a tiny bit of generation. I'm also very disappointed to com back after having saved up a entire 2 000 energy then have only 30 and be forced to watch adds that never work.,2,2,1.1.166,2022-08-29 19:44:17,Great news! We released a new update called Unchained. Ads no longer inhibit gameplay; all players have unlimited access to our base AI model (Griffin). Learn more at https://aidungeon.io/unchained. Reach out to us at support@aidungeon.io if you are still disappointed or have any concerns we want to help :),2023-01-11 14:04:04,1.1.166,gam3191,com.aidungeon
083dca7d-3143-4f2c-9352-6a23863a07c5,A Google user,https://play-lh.googleusercontent.com/EGemoI2NTXmTsBVtJqk8jxF9rh8ApRWfsIMQSt2uE4OcpQqbFu7f7NbTK05lx80nuSijCz7sc3a277R67g,Play this for around 10 minutes then realise it's terrible ai especially pitting into aspect that you need to have an account and pay for it 1/5.,1,2,,2022-07-08 20:31:51,,,,gam12508,com.aidungeon
1589c222-a648-4a29-bf8a-7f6f397b0336,A Google user,https://play-lh.googleusercontent.com/EGemoI2NTXmTsBVtJqk8jxF9rh8ApRWfsIMQSt2uE4OcpQqbFu7f7NbTK05lx80nuSijCz7sc3a277R67g,It's like trying to do something with your mom in the room. 0 privacy and nosey admins. Unless you're writing children's novels like 'The Very Hungry Caterpillar' you're better off using something else. They got so bad that I switched to Novel AI. It's a much better experience with far more privacy and a better lorebook system for world building.,1,1,1.2.49,2024-08-18 03:23:19,,,1.2.49,gam2768,com.aidungeon
23db5a08-0ba0-42a1-b252-70cb310b6485,A Google user,https://play-lh.googleusercontent.com/EGemoI2NTXmTsBVtJqk8jxF9rh8ApRWfsIMQSt2uE4OcpQqbFu7f7NbTK05lx80nuSijCz7sc3a277R67g,The AI has gotten better again over time. It still feels like way in the beginning it was the best like there were no restrictions on the story back then. But it's improved again. I was disappointed to learn that the Steam version doesn't come with the more advanced AIs but so be it.,4,64,1.1.172,2022-10-13 20:40:21,Hugo thanks for your favorable review! Significant updates are underway that will improve the way players experience AI Dungeon. Read more here: https://latitude.io/blog/next-steps-on-ai-dungeon. Advanced AI models cost more to run. Learn more here about why we charge what we do: https://latitude.io/blog/ai-magic-what-it-takes-to-play-ai-games.,2022-10-18 20:50:27,1.1.172,gam3397,com.aidungeon
9748194a-dc2b-4651-9fcd-97b5f2f61c3a,A Google user,https://play-lh.googleusercontent.com/EGemoI2NTXmTsBVtJqk8jxF9rh8ApRWfsIMQSt2uE4OcpQqbFu7f7NbTK05lx80nuSijCz7sc3a277R67g,I love this AI the updates before weren't that bad imo they weren't there were worlds and abunch of new stuff (away from banning players). This update though what in the world you got rid of default world selection and creation for search. There are no ways to create custom worlds or a scenario with the new worlds button and my biggest problem scales are useless now. How are you going to get money after the first purchase if there's nothing to use them on? Theres no custom worlds or used energy!,1,1,,2022-02-11 07:08:55,,,,gam5772,com.aidungeon
51d856e5-b753-4789-86c5-35e2072ae2ae,A Google user,https://play-lh.googleusercontent.com/EGemoI2NTXmTsBVtJqk8jxF9rh8ApRWfsIMQSt2uE4OcpQqbFu7f7NbTK05lx80nuSijCz7sc3a277R67g,"Changed to 2 stars. Used to work perfectly fine but NOW apparently ""This phone isn't compatible with this app"" and only the Pathfinder introduction appears on my home page.",2,0,1.2.64,2024-09-14 21:00:32,Hey there! Our app is available on Android versions that are fully supported by Google (currently Android 12+) which you can read about here: https://endoflife.date/android. For a better experience we recommend playing on our site through your browser. Please reach out to us at support@aidungeon.com with questions.,2024-09-16 20:07:09,1.2.64,gam1945,com.aidungeon
7d1ab8eb-b105-4c08-a13c-f9699f293609,A Google user,https://play-lh.googleusercontent.com/EGemoI2NTXmTsBVtJqk8jxF9rh8ApRWfsIMQSt2uE4OcpQqbFu7f7NbTK05lx80nuSijCz7sc3a277R67g,Good but The AI would always Misgender me when I'm making mlm content LMFAO,5,5,1.1.148,2022-07-26 12:42:58,Hi Akiko! When you watch ads or subscribe to AI Dungeon you are helping pay part of the cost of your AI-driven experience. This in turn allows us to continue to offer a free version of AI Dungeon and to build the best place in the world to find play and create experiences with AI. Learn more on our blog: https://share.voyage/bUpLNXp9xyk,2022-06-24 16:16:53,1.1.148,gam22129,com.aidungeon
930d6809-188a-4ee6-b0d9-be3ec77f0480,A Google user,https://play-lh.googleusercontent.com/EGemoI2NTXmTsBVtJqk8jxF9rh8ApRWfsIMQSt2uE4OcpQqbFu7f7NbTK05lx80nuSijCz7sc3a277R67g,Sometimes it works beautifully and flows logically which is great! Sometimes it doesn't and that can be hilarious. Really a win-win.,5,2,1.1.119,2022-01-22 14:06:58,,,1.1.119,gam8947,com.aidungeon
d618e931-34f8-49fd-a2ab-ba43ad757cf9,A Google user,https://play-lh.googleusercontent.com/EGemoI2NTXmTsBVtJqk8jxF9rh8ApRWfsIMQSt2uE4OcpQqbFu7f7NbTK05lx80nuSijCz7sc3a277R67g,Enjoyable but crashes whenever I try to interact with or create a story card. No way to contact support easily either.,1,2,1.2.66,2024-08-14 07:54:26,Hey there! Thanks for emailing our support team we will follow up with them and make sure they saw your message.,2024-08-14 20:50:46,1.2.66,gam2542,com.aidungeon
2389e578-7d5b-464b-b92b-51155bb3b94e,A Google user,https://play-lh.googleusercontent.com/EGemoI2NTXmTsBVtJqk8jxF9rh8ApRWfsIMQSt2uE4OcpQqbFu7f7NbTK05lx80nuSijCz7sc3a277R67g,this is an innovative mobile game that offers a unique experience in every game thanks to the impressive quality of its AI. I believe that the developers have worked hard to add new features and improve the gameplay. The game deserves all the recognition it has received and much more!,5,0,1.1.172,2023-02-26 00:03:10,,,1.1.172,gam6731,com.aidungeon
987dba85-9929-488a-b1e3-7a8f4046e8e2,A Google user,https://play-lh.googleusercontent.com/EGemoI2NTXmTsBVtJqk8jxF9rh8ApRWfsIMQSt2uE4OcpQqbFu7f7NbTK05lx80nuSijCz7sc3a277R67g,When I first started using this app about a little over a month ago things were pretty fine. Everything ran very smoothly. But now it gives me an ad after every action I do and it's even got to the point where it won't even let me do anything besides watch an ad. Please fix this soon if it's a bug. Thanks,1,0,1.1.147,2022-06-29 22:29:35,Free play is now an unlimited experience! Ads no longer interrupt gameplay; all players have unlimited actions when using Griffin (our base AI model). Learn more at https://aidungeon.io/unchained. We will continue to improve our model and overall game experience. Stay tuned for more exciting updates :),2023-01-18 16:27:12,1.1.147,gam4425,com.aidungeon
7fb9ed0f-b89d-4495-ad63-d1c7ebb0ad99,A Google user,https://play-lh.googleusercontent.com/EGemoI2NTXmTsBVtJqk8jxF9rh8ApRWfsIMQSt2uE4OcpQqbFu7f7NbTK05lx80nuSijCz7sc3a277R67g,Unplayable I used to like this app but this year it just completely freezes up and won't let me rp I do hope you fix this I really want to play it again.,1,1,,2023-02-15 15:18:21,Hey Aisah! We would love to look into any issues with freezing you might be experiencing. Please reach out to us at support@aidungeon.io. Thanks!,2023-02-16 19:00:23,,gam9157,com.aidungeon
f0e1fb74-c86f-4ec2-9ae0-78ec0bbcfbf1,A Google user,https://play-lh.googleusercontent.com/EGemoI2NTXmTsBVtJqk8jxF9rh8ApRWfsIMQSt2uE4OcpQqbFu7f7NbTK05lx80nuSijCz7sc3a277R67g,The app breaks every other week. The ads on the website are 15 seconds while the app is 30 seconds there's not really any reason to use the app over the website at all.,1,0,1.1.148,2022-07-22 05:27:44,Please try out our newest update called Unchained! Free play allows for unlimited actions on our base AI model (Griffin). Learn more at https://aidungeon.io/unchained. Weve also made other performance improvements with more planned for the future :) Reach out to us at support@aidungeon.io if you have any additional concerns happy to help.,2023-01-13 17:10:49,1.1.148,gam6352,com.aidungeon
f9b73262-2031-43bd-a71f-fac5151ad1b7,A Google user,https://play-lh.googleusercontent.com/EGemoI2NTXmTsBVtJqk8jxF9rh8ApRWfsIMQSt2uE4OcpQqbFu7f7NbTK05lx80nuSijCz7sc3a277R67g,although the ai still repeats sometimes it has become a little less often.i am very happy with the free ai right now as I can now even access advanced settings now to customise ai responses since I can't afford premium right now I can even access the premium ai a little very day which is great! Latitude is finally going in the right direction,5,0,1.1.172,2024-05-07 22:41:57,,,1.1.172,gam3008,com.aidungeon
18fd2237-7526-4310-935f-39a740402ef2,Nathan,https://play-lh.googleusercontent.com/a/ACg8ocLGO2HnJx2RR3jM614ciMjUQ6vwdNkWQyA8YVicbsTGhPxwnQ=mo,This game is by far the best of the four other similar game systems I've plaid one of them also being run by Chat-GPT4. The price to play is steep but the multiple pay options make it fair and manageable. The music gets monotonous and a more extensive soundtrack could be added . Some of the pictures are not relevant to the story but are generated by keywords (I believe) that could be updated or come up with a system that allows Chat-GPT to auto create the scenes.,4,2,1.7.7,2024-06-29 21:40:33,Thanks so much for your feedback and for the kind words! We're glad you're enjoying the game. We're happy to share that we'll be adding some new music soon. We'll also continue working on enhancing the overall experience. Your support and suggestions are greatly appreciated!,2024-06-30 02:33:05,1.7.7,gam29472,com.aisuccess.ai_game_master
ce1ff6d7-3011-4b40-a686-4226d6e58989,A Google user,https://play-lh.googleusercontent.com/EGemoI2NTXmTsBVtJqk8jxF9rh8ApRWfsIMQSt2uE4OcpQqbFu7f7NbTK05lx80nuSijCz7sc3a277R67g,They made the game worse but it's still good enough to play.,3,0,1.1.172,2022-11-23 12:18:49,Please try out our newest update called Unchained! Free play allows for unlimited actions on our base AI model (Griffin). Learn more at https://aidungeon.io/unchained. Weve also made other performance improvements with more planned for the future :) Reach out to us at support@aidungeon.io if you have any additional concerns happy to help.,2022-12-13 19:49:27,1.1.172,gam19292,com.aidungeon
e65f2a9d-6314-4218-ba23-7c081421ee8e,A Google user,https://play-lh.googleusercontent.com/EGemoI2NTXmTsBVtJqk8jxF9rh8ApRWfsIMQSt2uE4OcpQqbFu7f7NbTK05lx80nuSijCz7sc3a277R67g,ai is still more forgetful that a goldfish with alzheimers dementia and is senile. Unless you hammer down and edit or build a whole the memory in settings your gonna be stuck in a loop or some random thing entirely. And lemme tell ya it made so many cool scenarios get old real quick.,2,0,1.1.172,2022-12-09 16:14:06,When you encounter issues like this please use the AI Feedback button so that we can work to improve this going forward :) Happy to look into any other issues you might be having reach out to us at support@aidungeon.io. Also if you haven't already check out our newest update: https://aidungeon.io/unchained,2022-12-13 14:10:13,1.1.172,gam2938,com.aidungeon
6c60259f-3a78-4ce5-96a4-2e3f54637740,A Google user,https://play-lh.googleusercontent.com/EGemoI2NTXmTsBVtJqk8jxF9rh8ApRWfsIMQSt2uE4OcpQqbFu7f7NbTK05lx80nuSijCz7sc3a277R67g,The game is just hard crashing.,1,1,,2022-07-26 16:46:47,Hey there! We just pushed an update that should solve this issue please update the app! If you're still experiencing issues let us know at support@aidungeon.io,2022-07-26 19:12:31,,gam16399,com.aidungeon
77d1aeec-ce8b-438e-85aa-cad7b9b6ebe3,A Google user,https://play-lh.googleusercontent.com/EGemoI2NTXmTsBVtJqk8jxF9rh8ApRWfsIMQSt2uE4OcpQqbFu7f7NbTK05lx80nuSijCz7sc3a277R67g,The app keeps getting worse. At this point the app doesn't even acknowledge what you type making it so that you cant do anything in any of the scenarios.,1,18,1.1.119,2022-06-18 07:30:26,Hey Tyler sorry you're running into issues please email support@aidungeon.io with additional details including your account info and we'll do our best to help you from there.,2022-03-25 16:40:49,1.1.119,gam10755,com.aidungeon
b24a6c00-9265-489b-818f-1196eeabe13b,Justin Tucker,https://play-lh.googleusercontent.com/a/ACg8ocL5JMRLaubHWKzbQtieOSQyi3Dg2pAsqby5DQL0Fj2ycihPBg=mo,this is such a a fun app you get lost in the game for hours .it's the best,5,0,,2024-04-09 01:59:49,Justin thank you! Very nice review and we are glad you liked our creation!,2024-04-11 01:45:53,,gam348,com.feynmanapps.aitales
73e9aec5-14f2-449c-9c7d-15b5c6280470,A Google user,https://play-lh.googleusercontent.com/EGemoI2NTXmTsBVtJqk8jxF9rh8ApRWfsIMQSt2uE4OcpQqbFu7f7NbTK05lx80nuSijCz7sc3a277R67g,Would be cool if there was a way to make a one time purchase to remove ads. But that's the world we live in now. Everything has to be subscription based. This was a cool idea but definitely going to delete this app. Stay away if you too are tired of the subscription only choice.,1,1,1.1.152,2022-08-06 07:03:01,Ads no longer interrupt gameplay; all players have unlimited actions to our base AI model. Learn more at https://aidungeon.io/unchained. Thanks for your support :),2023-01-12 16:48:41,1.1.152,gam4998,com.aidungeon
9bd0a187-ffa7-4caa-8b22-d3cbdde8b3b0,exemida,https://play-lh.googleusercontent.com/a-/ALV-UjU3Knyf35_AEnMTZZoJd4oIYu7VBoOlJBRQ_PArPQlJD2QNb0wn,The Image generation seems to be from an old version of Chatgpt as it tends to be off. but the adventures are fun. Response: When asking for certain appearances it would fail drastically. Asking for a Mace and shield for example would result in it generating an image of a character with a staff that has a kite shield attacked to the top like a gem. Or swords floating near the hand rather than in the hand.Also I cant seem to get this guy to join forced it keeps running into an error.,5,0,1.9.6,2024-10-10 18:14:20,Thanks what was wrong with the images?,2024-10-10 08:32:01,1.9.6,gam29457,com.aisuccess.ai_game_master
e42d8aaf-2c60-45b2-aead-d07fc7291dfa,A Google user,https://play-lh.googleusercontent.com/EGemoI2NTXmTsBVtJqk8jxF9rh8ApRWfsIMQSt2uE4OcpQqbFu7f7NbTK05lx80nuSijCz7sc3a277R67g,I paid for this app to get the extended features now that it has moved over to latitude I am getting ads. I bought the app before the contract exchange so therefore I should not get ads. Now you can't even continue adventures as you have to watch ads to progress. Can I get a response as to why? Even though I paid for the full setting unlock in the past I'm now not even able to play without extra pay?,1,13,1.1.147,2022-07-10 09:52:16,Hope you were able to reach out to us and get help with this issue you were having. Great news! We released a new update called Unchained. Ads no longer inhibit gameplay; all players have unlimited access to our base AI model (Griffin). Please let us know if there's anything we can do to improve your experience :),2023-01-14 14:08:46,1.1.147,gam2673,com.aidungeon
c8d410eb-a712-4f53-9d6d-220f7ffe7ac8,A Google user,https://play-lh.googleusercontent.com/EGemoI2NTXmTsBVtJqk8jxF9rh8ApRWfsIMQSt2uE4OcpQqbFu7f7NbTK05lx80nuSijCz7sc3a277R67g,I've used this app many times loved it sense its release still do. I recently downloaded it to my new phone. It's never done this in the past but I'm unable to see a play button in the play store or the symbol of the app itself at my home screen. I can see it in my apps in settings though. I'm just unable to play it.,4,1,1.1.153,2022-08-09 11:54:58,Thanks for the sweet review! We're aware of a Google Play issue and have pushed a fix. We're just waiting for Google to review the changes and resolve the issue. Thanks so much for your patience and the game should be back online in a day or two!,2022-08-09 13:06:00,1.1.153,gam1629,com.aidungeon
cdf17020-7274-4d5b-be4e-8655decbf8ca,A Google user,https://play-lh.googleusercontent.com/EGemoI2NTXmTsBVtJqk8jxF9rh8ApRWfsIMQSt2uE4OcpQqbFu7f7NbTK05lx80nuSijCz7sc3a277R67g,Can't even open up my worlds recently. It always crashes and takes ages to load. AI kinda writes irrelevant junk as well. Not worth it anymore tbh I'm better off writing my own stories,1,4,1.2.49,2024-05-29 08:11:55,,,1.2.49,gam7578,com.aidungeon
524c7d69-9773-4d21-b2f9-f0960ad25a0c,A Google user,https://play-lh.googleusercontent.com/EGemoI2NTXmTsBVtJqk8jxF9rh8ApRWfsIMQSt2uE4OcpQqbFu7f7NbTK05lx80nuSijCz7sc3a277R67g,They seemed to have resolved the privacy problems from earlier this year but the app still feels mediocre at best. You could easily find better AI elsewhere. The UI is really tedious and the search function doesn't work. Player-made scenarios are very hard to find with all the walls they put behind them as well as the wonky search function.,1,29,1.1.108,2022-01-17 10:25:28,,,1.1.108,gam865,com.aidungeon
29d02b84-77cb-4f4e-a582-9cfbecfdd386,A Google user,https://play-lh.googleusercontent.com/EGemoI2NTXmTsBVtJqk8jxF9rh8ApRWfsIMQSt2uE4OcpQqbFu7f7NbTK05lx80nuSijCz7sc3a277R67g,The ads just won't play. I love that you don't get daily recharge anymore so since they won't let me watch their ads the app is now completely useless. The AI is not worth the subscription money to circumvent the issue and the tech support is useless.,2,0,,2022-08-18 17:32:23,Please try out our newest update called Unchained! Free play allows for unlimited actions on our base AI model (Griffin). Learn more at https://aidungeon.io/unchained. Weve also made other performance improvements with more planned for the future :) Reach out to us at support@aidungeon.io if you have any additional concerns happy to help.,2023-01-11 14:31:01,,gam3790,com.aidungeon
9f32afa2-c7f8-4ee9-b1ea-f8d8f3cf4aeb,A Google user,https://play-lh.googleusercontent.com/EGemoI2NTXmTsBVtJqk8jxF9rh8ApRWfsIMQSt2uE4OcpQqbFu7f7NbTK05lx80nuSijCz7sc3a277R67g,AI dungeon used to be good. Now it's a mess with bad gui (which like the AI was actually good back then) Reverting to the older version would save this a lot,1,0,1.1.172,2023-02-18 09:39:11,,,1.1.172,gam10140,com.aidungeon
5031e2d4-872e-4fba-aa54-53dbac5d111e,A Google user,https://play-lh.googleusercontent.com/EGemoI2NTXmTsBVtJqk8jxF9rh8ApRWfsIMQSt2uE4OcpQqbFu7f7NbTK05lx80nuSijCz7sc3a277R67g,I'm actually in love with the app. I'm giving 4's but I am bummed how expensive the higher tiers are. But I loved it enough to subscribe to the second tier. The 'tips' and scales need to be fixed so users can ACTUALLY tip authors that equates to cash value when they want to support the authors.,4,0,1.2.69,2024-09-08 19:59:27,,,1.2.69,gam1861,com.aidungeon
6a1fcd64-9a32-43ba-a861-d548419520c4,A Google user,https://play-lh.googleusercontent.com/EGemoI2NTXmTsBVtJqk8jxF9rh8ApRWfsIMQSt2uE4OcpQqbFu7f7NbTK05lx80nuSijCz7sc3a277R67g,Pass on this App! Used to love it and use it daily when depressed Stupid ads first it kill my data because Thoses ads play on high quality second never wanted ads yes I know the problems with cost Thirdly hate subscription want to make a one time payment I'll be fine with that but monthly subscription with everything now asking for one no one have that money. I hate the longevity of the ads and how frequently it happens and feel like they dumbed down the free AI to get you to subscribe too.,1,19,1.1.147,2022-07-04 04:41:26,Player feedback is vital to us; we've found ways to reduce our AI cost to offer all players gameplay uninterrupted by ads with unlimited actions! Premium upgrades are available that remain cost-prohibitive to offer for free. We would love to discuss any questions or concerns; please reach out to us at support@aidungeon.io.,2023-01-14 16:14:10,1.1.147,gam2598,com.aidungeon
940abef7-641c-415f-a6a8-210f1cd04b47,A Google user,https://play-lh.googleusercontent.com/EGemoI2NTXmTsBVtJqk8jxF9rh8ApRWfsIMQSt2uE4OcpQqbFu7f7NbTK05lx80nuSijCz7sc3a277R67g,over the years it's been getting worse and worse they also censor the output too harshly at times. Not to mention it's getting more and more repetative and with less variety.,2,2,1.2.49,2024-02-29 00:50:56,Hey there! We would love to hear more about this experience. It's possible that you may not be triggering our filter which is indicated by a yellow pop-up. Instead the model you are using might have ignored your input or given a moralizing response. Please reach out to us at support@aidungeon.com so we can look into this more. Thanks!,2024-02-29 13:47:44,1.2.49,gam6522,com.aidungeon
4b9c7f51-b980-4de3-a827-7a302d6d7ae5,A Google user,https://play-lh.googleusercontent.com/EGemoI2NTXmTsBVtJqk8jxF9rh8ApRWfsIMQSt2uE4OcpQqbFu7f7NbTK05lx80nuSijCz7sc3a277R67g,i would give it a full 5 if the chat be free because the ai on story telling is really good,3,0,1.2.72,2024-10-10 04:43:28,,,1.2.72,gam1982,com.aidungeon
8b071eeb-8fed-4efb-8c91-1c3add2bbfbe,James Arnott,https://play-lh.googleusercontent.com/a-/ALV-UjVe60XsXERV0Fy8wJcBVqJGZycN_H-Y4WqpNtCqkDNjXBDtazU,fun time waster. I get it might not be for everyone but I'm having a lot of fun. the free mode has enough to stay entertained and the paid content really expands on what you can play.,5,1,2.117,2024-08-16 19:38:44,Hey hey James thank you for your review! Enjoy!,2024-08-19 12:33:22,2.117,gam33,com.feynmanapps.aitales
7c66b756-02ec-456b-a073-0970a1169beb,Jacob Frashier,https://play-lh.googleusercontent.com/a-/ALV-UjX9KUmhrYjF8Cq3YC73cLw2gJVAuELNqjDwjQD_wZVoDC2MdtI,I really love this game its awesome.,5,0,1.6.3,2024-05-14 02:02:53,,,1.6.3,gam29894,com.aisuccess.ai_game_master
ac1186d3-962f-475e-b169-3ec35a7796e4,A Google user,https://play-lh.googleusercontent.com/EGemoI2NTXmTsBVtJqk8jxF9rh8ApRWfsIMQSt2uE4OcpQqbFu7f7NbTK05lx80nuSijCz7sc3a277R67g,I've been using this AI program for about 4 years and it used to be so good. They've now restricted so much of it and really pigeonholed it into a very bland boring AI system..I wish I never updated it.,2,1,,2022-08-23 03:41:41,Sorry to hear that Chris! If there are specific areas of improvement that you'd like to see in AI Dungeon then please add them to our feature requests page at https://feedback.latitude.io/.,2022-08-23 14:07:11,,gam7444,com.aidungeon
6a22369f-5733-401e-a7e1-53cc021cf32a,A Google user,https://play-lh.googleusercontent.com/EGemoI2NTXmTsBVtJqk8jxF9rh8ApRWfsIMQSt2uE4OcpQqbFu7f7NbTK05lx80nuSijCz7sc3a277R67g,Very good at fuelling creative thinking. I do think that removing the limit on context items for free users would be better since many stories rely on them to have good flow.,4,0,1.2.49,2024-04-18 08:36:59,,,1.2.49,gam5775,com.aidungeon
1a5c288d-ff98-4c23-802b-f902b27e173f,A Google user,https://play-lh.googleusercontent.com/EGemoI2NTXmTsBVtJqk8jxF9rh8ApRWfsIMQSt2uE4OcpQqbFu7f7NbTK05lx80nuSijCz7sc3a277R67g,An overall great game. I love it and really enjoy playing. But sometimes it will log me out of my account and then will say my password is invalid even if i reset it with the links it gives me. This has happened to me at least 2 times already. But otherwise its enjoyable.,3,0,1.1.119,2022-03-16 16:38:49,,,1.1.119,gam3257,com.aidungeon
084a41d3-42c0-49af-91eb-a66a95444ad5,A Google user,https://play-lh.googleusercontent.com/EGemoI2NTXmTsBVtJqk8jxF9rh8ApRWfsIMQSt2uE4OcpQqbFu7f7NbTK05lx80nuSijCz7sc3a277R67g,It has improved greatly but now it will not load in at all. It is frozen on the loadong screen when I first open the app. I assumed it was my connection and connected to wifi and restarted my phone but it still remains frozen. Even cleared the chache. Hopefully it'll be fixed soon. I just recently subscribed back to the membership.,3,24,1.2.47,2024-01-18 10:41:51,,,1.2.47,gam1523,com.aidungeon
2807a160-ac3d-42c7-836b-0fb96f764756,A Google user,https://play-lh.googleusercontent.com/EGemoI2NTXmTsBVtJqk8jxF9rh8ApRWfsIMQSt2uE4OcpQqbFu7f7NbTK05lx80nuSijCz7sc3a277R67g,No good no that you have to pay for the decent ai,3,0,,2022-04-06 11:41:27,,,,gam19591,com.aidungeon
dc892ad6-d52c-4807-8a34-986cf44b1df3,A Google user,https://play-lh.googleusercontent.com/EGemoI2NTXmTsBVtJqk8jxF9rh8ApRWfsIMQSt2uE4OcpQqbFu7f7NbTK05lx80nuSijCz7sc3a277R67g,Amazing! You can do anything sure the AI is a little jank but if you keep playing there aren't much adds and you can create some asome story's,5,0,1.1.178,2023-04-30 14:50:52,,,1.1.178,gam7712,com.aidungeon
7bb88bd0-d584-4993-a869-f9ab2e2a4479,A Google user,https://play-lh.googleusercontent.com/EGemoI2NTXmTsBVtJqk8jxF9rh8ApRWfsIMQSt2uE4OcpQqbFu7f7NbTK05lx80nuSijCz7sc3a277R67g,"(EDIT)Well you see things from the start to the end from 5 star to 1. Welcome to Ad hell where games die. I know that someone somehow has to pay for the game but that's not the criticism I have to give. sure you could use adverts for getting payment but at least make it optional because when yoy don't and they see ""3 left tell ad"" it really makes you rethink even getting the app. couple that with the DRASTIC downgrade of the free ai(understandable for profit) makes it not worth the time spent",1,9,1.1.147,2022-07-14 02:27:36,Please try out our newest update called Unchained! Free play allows for unlimited actions on our base AI model (Griffin). Learn more at https://aidungeon.io/unchained. Weve also made other performance improvements with more planned for the future :) Reach out to us at support@aidungeon.io if you have any additional concerns happy to help.,2023-01-14 17:46:56,1.1.147,gam4091,com.aidungeon
3557dbdf-622b-4b4d-b27a-7f1b2cf76a65,A Google user,https://play-lh.googleusercontent.com/EGemoI2NTXmTsBVtJqk8jxF9rh8ApRWfsIMQSt2uE4OcpQqbFu7f7NbTK05lx80nuSijCz7sc3a277R67g,None of the game responded to what i was typing and was just doing its own thing. But it alsp expected me to write in what all other characters i met said? I tried multiple plays and nothing worked as would expected.,1,1,1.1.178,2023-08-25 00:23:45,,,1.1.178,gam10086,com.aidungeon
a4d24278-7e43-4822-ab4f-51c95325bac9,A Google user,https://play-lh.googleusercontent.com/EGemoI2NTXmTsBVtJqk8jxF9rh8ApRWfsIMQSt2uE4OcpQqbFu7f7NbTK05lx80nuSijCz7sc3a277R67g,I don't really rate apps but I force my self to do it in this. It's really great especially when you are a writer. With this app help there will be no 'writers block'. Over all its great but the problem is sometimes the app run slow.,4,0,1.1.178,2023-03-10 05:57:01,Thanks for your review! We can look into any issues you are having with the app being slow please reach out to us at support@aidungeon.io.,2023-03-10 11:35:20,1.1.178,gam4126,com.aidungeon
d1f9e294-85dd-4171-b2a6-0df237a856e3,A Google user,https://play-lh.googleusercontent.com/EGemoI2NTXmTsBVtJqk8jxF9rh8ApRWfsIMQSt2uE4OcpQqbFu7f7NbTK05lx80nuSijCz7sc3a277R67g,The picture generating thing is dumb because what it's showing doesn't match up to what I typed. Also the ads are annoying I liked it better before.,1,2,1.1.145,2022-06-20 00:11:07,Hey Destiny! We are happy to look into any issues you are having with image generation. We want all of our players to have a fantastic experience with our game. This is why we've been working so hard to find ways to reduce AI costs and can now offer all players gameplay uninterrupted by ads. Hope you enjoy the update and unlimited actions :),2023-01-18 16:01:13,1.1.145,gam8663,com.aidungeon
2f81e7e2-c6b6-4c50-a7e0-745a2a1be51a,A Google user,https://play-lh.googleusercontent.com/EGemoI2NTXmTsBVtJqk8jxF9rh8ApRWfsIMQSt2uE4OcpQqbFu7f7NbTK05lx80nuSijCz7sc3a277R67g,Has potential but the first few stories I tried were filled with nonsensical responses and narrations. It made it hard to follow the story and it felt like the bot was trying to corrall me into specific options. I'll check back in a few months and update my response accordingly but for now this is pretty janky even if the concept is brilliant.,2,0,,2023-02-10 03:36:48,Hey Joseph! Glad you are excited about the concept of our game. We have tools to help keep the AI on track and remember the things important to you in your story. Please see our guidebook pages: https://help.aidungeon.io/ai-dungeon-101 and https://help.aidungeon.io/advanced. Email us at support@aidungeon.io with any questions.,2023-02-10 15:06:36,,gam733,com.aidungeon
c7d0508b-45e8-4759-bcab-8c38fea24489,A Google user,https://play-lh.googleusercontent.com/EGemoI2NTXmTsBVtJqk8jxF9rh8ApRWfsIMQSt2uE4OcpQqbFu7f7NbTK05lx80nuSijCz7sc3a277R67g,I'm glad I kept my eye on this game because the vet developers have really turned it around and making Griffin completely and entirely removing of energy and adjusting the prices free subscription to a reasonable rate I do not feel bad and actually paying for it the only downside is the slowness of app and I do have good Wi-Fi.,4,1,1.1.172,2023-01-15 04:03:05,,,1.1.172,gam3725,com.aidungeon
7ded0a20-b072-4bfc-81d9-01ff9b4bc00c,A Google user,https://play-lh.googleusercontent.com/EGemoI2NTXmTsBVtJqk8jxF9rh8ApRWfsIMQSt2uE4OcpQqbFu7f7NbTK05lx80nuSijCz7sc3a277R67g,There's a bug that doesn't allow you to edit without reseting the entire set of text.,3,11,1.1.52,2022-06-20 18:10:11,Hi JayJ! Eww a bug! Its possible other users have already reported this issue at http://bugs.aidungeon.io/ your help in logging this and other issues is appreciated!,2022-06-24 16:33:47,1.1.52,gam12608,com.aidungeon
544de755-151e-4d66-8c13-ca0df9f334ba,A Google user,https://play-lh.googleusercontent.com/EGemoI2NTXmTsBVtJqk8jxF9rh8ApRWfsIMQSt2uE4OcpQqbFu7f7NbTK05lx80nuSijCz7sc3a277R67g,Such a different experience than what I've faced on other apps,5,0,,2022-01-03 16:56:55,,,,gam20007,com.aidungeon
06dba380-7ab9-4016-af3e-261ebd47fa25,A Google user,https://play-lh.googleusercontent.com/EGemoI2NTXmTsBVtJqk8jxF9rh8ApRWfsIMQSt2uE4OcpQqbFu7f7NbTK05lx80nuSijCz7sc3a277R67g,Used to play this during the pandemic it was probably one of the best AI story writer's I have ever laid my eyes on but then they added energy and made it pay to win just for you to enjoy it. The free ai is not even great and you can't even do much of anything unless you type most of it in. I strongly urge you to find another AI platform.,1,0,1.1.71,2023-09-28 23:44:14,,,1.1.71,gam1533,com.aidungeon
196b0416-38ae-4101-ae7f-c95f2fda505f,A Google user,https://play-lh.googleusercontent.com/EGemoI2NTXmTsBVtJqk8jxF9rh8ApRWfsIMQSt2uE4OcpQqbFu7f7NbTK05lx80nuSijCz7sc3a277R67g,Okay so I've noticed various glitches since add implementation. One being having to back out and go back in to see new posts. Another being the type screen for story comments to author doesn't adjust best way to put it is you can't see what your typing. Also with add update I don't know if this was intended but I had over 1500 actions to play with before update afterwards it dropped me to 10.,3,0,1.1.152,2022-08-05 03:31:30,Please try out our newest update called Unchained! Free play allows for unlimited actions on our base AI model (Griffin). Learn more at https://aidungeon.io/unchained. Weve also made other performance improvements with more planned for the future :) Reach out to us at support@aidungeon.io if you have any additional concerns happy to help.,2023-01-12 18:42:35,1.1.152,gam1764,com.aidungeon
cf9e4f02-966b-46fe-a773-d77068c0a987,quinlan pauley,https://play-lh.googleusercontent.com/a/ACg8ocLogm78t4a5q-icYxr73GRtYuG-kjMOjvsBNDJ9-_KJ9vzIVQ=mo,best game ever only bad part most of the game costs money,5,0,2.1.5,2022-08-14 04:43:58,Thanks! Fortune favors the brave Update: AI technology that we develop (both for texts and images) requires very powerful GPU servers we try to make the price as affordable as possible. And in each section we opened several free features. We hope on your understanding!,2022-08-14 04:49:46,2.1.5,gam353,com.feynmanapps.aitales
4c64c686-8baa-49e3-b4e5-bb8fa9a9d5fc,A Google user,https://play-lh.googleusercontent.com/EGemoI2NTXmTsBVtJqk8jxF9rh8ApRWfsIMQSt2uE4OcpQqbFu7f7NbTK05lx80nuSijCz7sc3a277R67g,The app is great but sometimes it just do the Me part and it hilarious .,5,0,1.1.172,2022-12-17 18:30:43,Glad you are enjoying our game! Thanks for your review :),2023-01-05 21:16:44,1.1.172,gam14986,com.aidungeon
8e3d671b-c158-4af3-b74c-41a36405b151,A Google user,https://play-lh.googleusercontent.com/EGemoI2NTXmTsBVtJqk8jxF9rh8ApRWfsIMQSt2uE4OcpQqbFu7f7NbTK05lx80nuSijCz7sc3a277R67g,Absolutely fascinating an excellent story writing tool and Unbelievably Dynamic. Energy is never an issue it now generates remarkably coherent and complex plots. It's down to you a little though try to think if a response could make sense even if it wasn't your expectation. It's not a film but recently only an occasional edit is required that said don't be afraid to edit and especially redo some outputs collaboration breeds creativity. You will find yourself coming back months later.,5,4,1.1.134,2022-04-26 02:10:41,Hi Crab Bell thank you for your support & the review! It's awesome that you've familiarized yourself with the best ways to collaborate with the AI to create the best stories possible!,2022-04-29 15:00:03,1.1.134,gam3585,com.aidungeon
219c50e0-b2a1-446d-9dbd-814fe387d8e5,Robert Stinnett,https://play-lh.googleusercontent.com/a-/ALV-UjXbbi06m_5mMcA4nJdTLmcou0_ItIM3fEWeSrRY3Y1ra2QbJ9w,A great app. But it still has it's problems. Currently the latest update seems to have muted the narrative. And that takes a lot away from the app itself. I must say however that I've been very happy with the stories I've been able to spin. A writer's joy to be sure. Edit: Noticed this morning. Lovin' it!,4,0,,2024-10-04 11:36:59,Narrator is back now!,2024-10-04 03:22:30,,gam29630,com.aisuccess.ai_game_master
90825c74-3607-455f-87e5-46a4e3f52148,A Google user,https://play-lh.googleusercontent.com/EGemoI2NTXmTsBVtJqk8jxF9rh8ApRWfsIMQSt2uE4OcpQqbFu7f7NbTK05lx80nuSijCz7sc3a277R67g,Alright but I wish there was an x on the banner things that say to upgrade to premium so I wouldn't have to click then close them to get back to making garbage adventures,4,0,1.1.177,2023-02-27 21:59:17,Thank you for your 5 star review! If you have any feedback or suggestions on how we can improve your experience we would love to hear them! You can leave those here: https://feedback.latitude.io/. We appreciate your support!,2022-09-30 13:36:59,1.1.177,gam9405,com.aidungeon
c8dd2382-3648-43e8-bd50-9aea8afe6ae1,assassingod2004,https://play-lh.googleusercontent.com/a-/ALV-UjU0UE5y0O4GJAvbHBFbX15yo4wSP1yHlIqWs4LxE2IJc4ee33jM,It's a pretty good app. I just wish there was more to do without paying. The paywall really limits what you can do. Other than that it's good the ai is pretty good at following the story. Would be 4-5 stars if there was more to do for free.,3,1,2.3.8,2022-12-31 15:47:07,Thank you for sharing your experience! And what content would you like more? Basic tales chat heroes your own stories? Write to us here or by email ( at@aitales.art ) or on discord ( https://discord.gg/eqMedhAZMq ).,2023-01-03 02:09:50,2.3.8,gam113,com.feynmanapps.aitales
ab81f95a-a228-4974-8dd4-6a105db817b1,A Google user,https://play-lh.googleusercontent.com/EGemoI2NTXmTsBVtJqk8jxF9rh8ApRWfsIMQSt2uE4OcpQqbFu7f7NbTK05lx80nuSijCz7sc3a277R67g,This game is actually really fun to play!!,4,0,1.2.66,2024-07-06 16:29:39,,,1.2.66,gam12928,com.aidungeon
6a58d85b-31c8-4ef2-8abd-25af50e8dbcf,A Google user,https://play-lh.googleusercontent.com/EGemoI2NTXmTsBVtJqk8jxF9rh8ApRWfsIMQSt2uE4OcpQqbFu7f7NbTK05lx80nuSijCz7sc3a277R67g,It still does not allow me to play on phone only way I can is on the website specifically the legacy website,1,1,1.2.45,2023-12-02 10:20:14,,,1.2.45,gam15602,com.aidungeon
94caaae2-c436-458f-9764-6656a68ec89b,A Google user,https://play-lh.googleusercontent.com/EGemoI2NTXmTsBVtJqk8jxF9rh8ApRWfsIMQSt2uE4OcpQqbFu7f7NbTK05lx80nuSijCz7sc3a277R67g,Ai sometimes kinda acts dumb,4,0,,2022-08-14 16:37:59,Sorry to hear that! We recommend using in-game tools like Memory Retry and World Info to help the AI maintain your adventures context as planned. Our community is buzzing with helpful tips try checking out our Discord! aidungeon.io/discord,2022-08-16 13:20:49,,gam24639,com.aidungeon
05a638a9-6ee3-4345-bafc-d40682187879,Scary Monsters,https://play-lh.googleusercontent.com/a-/ALV-UjXwfkKmMq9vCnctCjCcT5NHrMn_URxLkh4wCYXtFfBQEUdwjE-J,The sign in system seems a little broken but the game seems pretty cool,4,0,1.5.0,2024-04-03 12:37:15,Thanks for the heads-up about the sign-in trouble and the props for the game! Could you please send us an email at gm@aigamemaster.app with more details about the issue you're facing? This will help us understand what's wrong and make the necessary improvements.,2024-04-04 04:42:07,1.5.0,gam29892,com.aisuccess.ai_game_master
26221b28-f1e9-498d-860f-f243de73371c,A Google user,https://play-lh.googleusercontent.com/EGemoI2NTXmTsBVtJqk8jxF9rh8ApRWfsIMQSt2uE4OcpQqbFu7f7NbTK05lx80nuSijCz7sc3a277R67g,Please make an option to make your profile private or something,4,2,1.1.130,2022-04-07 22:10:26,,,1.1.130,gam23081,com.aidungeon
3d822439-7704-40ea-bf22-f82c417f13b7,Scott Gonzalez,https://play-lh.googleusercontent.com/a/ACg8ocIQ4MOEZr22cv049J7F1COH7-gyHnBtUf4Mhk6OPxP5gT8L5Q=mo,from the little that I've tried it seems to be able to keep the story together without forgetting details I just wish it would provide more images when you meet new people or got to new locations.,4,0,1.7.0,2024-05-30 18:09:41,"Glad you're having fun and thanks for the input! We experiemented with more images at the time and having too many took away from the experience a bit - so we introduced the ""Generate Scene"" button - if an image wasn't generated you can tap the eye button near the image and it will generate an image for the cost of a token.",2024-05-31 01:02:17,1.7.0,gam29615,com.aisuccess.ai_game_master
9fc49365-3ffa-441e-81b8-2fffc811135e,jim pantazis,https://play-lh.googleusercontent.com/a/ACg8ocJeqy4-bIO9h0OZ6Pwm8MVncEbVESlRo2aeFCwA81UtdbHIyQ=mo,2 min of game time then use tokens to continue.uninstalled,1,2,,2024-06-09 04:00:01,I'm sorry to hear that you had a frustrating experience with the game. As a small team we rely on token purchases to help cover the costs of developing and maintaining the AI. We understand that this might be disappointing but it's necessary for us to continue improving the game.,2024-06-10 11:00:22,,gam29901,com.aisuccess.ai_game_master
d26fc3be-7678-44d9-8ada-a1888af1e535,A Google user,https://play-lh.googleusercontent.com/EGemoI2NTXmTsBVtJqk8jxF9rh8ApRWfsIMQSt2uE4OcpQqbFu7f7NbTK05lx80nuSijCz7sc3a277R67g,The Ai is actually pretty good. The problem is the UI very buggy and consumes to much RAM causing the app to always drop fps heck it even consumes more RAM than heavy games like genshin impact,1,2,1.2.40,2023-12-05 08:43:12,,,1.2.40,gam5393,com.aidungeon
e3dbc449-f37a-4036-840b-ce771b94926f,A Google user,https://play-lh.googleusercontent.com/EGemoI2NTXmTsBVtJqk8jxF9rh8ApRWfsIMQSt2uE4OcpQqbFu7f7NbTK05lx80nuSijCz7sc3a277R67g,Just a perfect example of how capitalism can ruin something amazing.,1,2,,2022-11-09 12:54:48,Great news! Recent changes in AI cost made it possible for us to provide all players with unlimited access to Griffin our base AI model. We hope you will try out the new and improved experience! Learn more at https://aidungeon.io/unchained.,2022-12-14 20:25:04,,gam20593,com.aidungeon
90a5d4bd-d2ed-4df1-973c-34c265761cc1,A Google user,https://play-lh.googleusercontent.com/EGemoI2NTXmTsBVtJqk8jxF9rh8ApRWfsIMQSt2uE4OcpQqbFu7f7NbTK05lx80nuSijCz7sc3a277R67g,the ai has the same memory as my grandma who has dementia not to sure how it got worse as time goes on but you somehow managed to do it fantastic,1,1,1.2.47,2024-04-08 13:41:55,We are sorry to hear that! Please reach out to us at support@aidungeon.com with any specifics about your experience. We recommend using in-game tools like Memory Authors Note and World info to tell the AI what is important in your story learn more at https://help.aidungeon.com/faq/why-does-the-ai-forget-or-mix-things-up.,2024-04-12 17:11:37,1.2.47,gam16130,com.aidungeon
1d3a3311-dbc8-4e5c-99d3-372a2d961032,A Google user,https://play-lh.googleusercontent.com/EGemoI2NTXmTsBVtJqk8jxF9rh8ApRWfsIMQSt2uE4OcpQqbFu7f7NbTK05lx80nuSijCz7sc3a277R67g,fun app with interesting story,5,0,1.1.172,2023-02-03 18:27:42,,,1.1.172,gam20972,com.aidungeon
328075c6-d6f2-4d79-a7ec-ccd0568e7171,A Google user,https://play-lh.googleusercontent.com/EGemoI2NTXmTsBVtJqk8jxF9rh8ApRWfsIMQSt2uE4OcpQqbFu7f7NbTK05lx80nuSijCz7sc3a277R67g,This app is a roller-coaster. It used to be extremely good then they dumbed down the AI then they made the AI smart again but put an energy bar and a $15 monthly fee (or obnoxious ads) now the energy is gone but the AI has never been dumber. Lately it's not been a very pleasant experience playing. I'll come back soon and see how it evolved. Good luck Latitude.,2,9,1.1.172,2023-01-02 17:53:40,We appreciate you wishing us luck and would love any feedback or suggestions you might have on how we can improve your experience :) Please let us know at https://feedback.latitude.io/. More exciting updates are scheduled for this year; excited for you to try them out!,2023-01-04 17:03:06,1.1.172,gam2246,com.aidungeon
4d46f1f2-d1c5-4011-96f4-6d6e3a9685c3,A Google user,https://play-lh.googleusercontent.com/EGemoI2NTXmTsBVtJqk8jxF9rh8ApRWfsIMQSt2uE4OcpQqbFu7f7NbTK05lx80nuSijCz7sc3a277R67g,The constant ads really have ruined it.,2,0,1.1.170,2022-09-22 11:29:55,Great news! We released a new update called Unchained. Ads no longer inhibit gameplay; all players have unlimited access to our base AI model (Griffin). Learn more at https://aidungeon.io/unchained :),2023-01-06 16:07:57,1.1.170,gam15105,com.aidungeon
9ebb528e-37df-439f-b133-3ba0e468f6e2,peppersgc,https://play-lh.googleusercontent.com/a-/ALV-UjWqYCOyB6k0KGhx-ZDHveqe2UQYM30y1d7tg01gcuX54aO9bkbg,The game's AI really stands out when you make your own adventures. I created one with a black robed figure igniting a red lightsaber and the AI turned the prompt into a lightsaber duel that was fought to a standstill. Decently dramatic and action packed. I'm loving it.,5,0,,2023-06-12 00:05:48,We're glad you enjoyed the game! Thanks for the feedback peppersgc!,2023-07-01 05:09:15,,gam146,com.feynmanapps.aitales
9d8eb6e7-18ff-4f21-b037-70cac03ef893,A Google user,https://play-lh.googleusercontent.com/EGemoI2NTXmTsBVtJqk8jxF9rh8ApRWfsIMQSt2uE4OcpQqbFu7f7NbTK05lx80nuSijCz7sc3a277R67g,I would reccomend going back to the old design it was a lot more streamlined and easier to use. If you really want a way to continue the story without submitting an empty text box than I would reccomend just adding a continue story button with the rest of the function buttons.,4,1,1.2.40,2023-11-02 18:24:47,,,1.2.40,gam3258,com.aidungeon
6a9ab7fb-ac47-4e69-b63b-a98820ccf812,A Google user,https://play-lh.googleusercontent.com/EGemoI2NTXmTsBVtJqk8jxF9rh8ApRWfsIMQSt2uE4OcpQqbFu7f7NbTK05lx80nuSijCz7sc3a277R67g,Very much enjoy it looking forward to more updates!,5,1,1.1.118,2022-01-21 05:22:46,,,1.1.118,gam16314,com.aidungeon
a98245b6-1d37-4f02-8e3c-d0ece4e4a8f8,A Google user,https://play-lh.googleusercontent.com/EGemoI2NTXmTsBVtJqk8jxF9rh8ApRWfsIMQSt2uE4OcpQqbFu7f7NbTK05lx80nuSijCz7sc3a277R67g,I absolutly love this game! Aside from the fact I find it a bit hard to earn scales I cant seem to find much wrong with it. The bot can sometimes be confusing but it doesnt change my rating! I highly reccomend you download this game. It is fun to play and if you command the ai correctly you can easily create a story that will be entertaining to play with.,5,1,1.1.139,2022-05-29 17:09:55,,,1.1.139,gam4128,com.aidungeon
d618131d-80b8-4fc8-8db8-b95653430d79,A Google user,https://play-lh.googleusercontent.com/EGemoI2NTXmTsBVtJqk8jxF9rh8ApRWfsIMQSt2uE4OcpQqbFu7f7NbTK05lx80nuSijCz7sc3a277R67g,Just make the game paid acess if the free AI's generate the same nonsense thing over and over again. This used to be a good app before they got greedy and made paid mode required to get good responses. Buggy glitchy and constantly breaks being unplayable. Not very good to the community; like when they removed explore and posts. Also completely relies on users for content.,1,4,1.1.139,2022-06-01 15:57:46,Please try out our newest update called Unchained! Free play allows for unlimited actions on our base AI model (Griffin). Learn more at https://aidungeon.io/unchained. Weve also made other performance improvements with more planned for the future :) Reach out to us at support@aidungeon.io if you have any additional concerns happy to help.,2023-01-18 17:22:39,1.1.139,gam1597,com.aidungeon
ad9e29c5-a6f6-44cb-a9a4-73e7e1c83dc2,A Google user,https://play-lh.googleusercontent.com/EGemoI2NTXmTsBVtJqk8jxF9rh8ApRWfsIMQSt2uE4OcpQqbFu7f7NbTK05lx80nuSijCz7sc3a277R67g,It keeps telling me to refresh the browser when I'm very obviously using the app which doesn't have a means of refreshing.,3,0,1.1.147,2022-06-27 09:18:03,,,1.1.147,gam8450,com.aidungeon
0fdf5c67-1ef3-408a-908a-e9d2000536a8,A Google user,https://play-lh.googleusercontent.com/EGemoI2NTXmTsBVtJqk8jxF9rh8ApRWfsIMQSt2uE4OcpQqbFu7f7NbTK05lx80nuSijCz7sc3a277R67g,So true story game said some wildly inappropriate stuff all on it's own apparently read what it itself wrote and decided I should be banned for a day because of it! These morons wouldn't know the meaning of customer service if it hit them upside the head. They think you get people to spend money by persecuting their own use base for stuff their game does. Never gonna spend a dime or remove this rating! Please leave a one star so they go out of business. Edit: deleted to repost please share,1,2,1.1.139,2022-06-01 21:36:24,,,1.1.139,gam16636,com.aidungeon
4f28b326-a3d2-4eb3-89fd-648eb0b0abc4,A Google user,https://play-lh.googleusercontent.com/EGemoI2NTXmTsBVtJqk8jxF9rh8ApRWfsIMQSt2uE4OcpQqbFu7f7NbTK05lx80nuSijCz7sc3a277R67g,It's a amazing app for storytelling and much more but the only problem I think I had was that the ai will sometimes go off on it's own and do it's own things that I don't mind but sometimes it's confusing because when it's add a dialogue to the story of the characters it doesn't display the hole dialogue and I think it's confused the ai on what to say next or what it's going on. But otherwise the app is great it's just need some upgrades. Also can someone tell me what the scale use for?,4,0,1.1.178,2023-03-07 18:04:39,Hey there! Please reach out to us at support@aidungeon.io we are happy to address any issues and answer questions about how to play. You can learn more about scales and what they are used for here: https://help.aidungeon.io/faq/how-can-players-spend-scales.,2023-03-09 17:19:58,1.1.178,gam1422,com.aidungeon
3331304b-3e34-4f2c-97b5-9fc85af6f9de,A Google user,https://play-lh.googleusercontent.com/EGemoI2NTXmTsBVtJqk8jxF9rh8ApRWfsIMQSt2uE4OcpQqbFu7f7NbTK05lx80nuSijCz7sc3a277R67g,The game was good back in 2019 but it sucks now,1,1,1.1.178,2023-03-26 02:56:35,We are working on improvements to the game and our AI models. If there is anything we can do to improve your experience let us know at support@aidungeon.io. Thanks!,2023-03-28 18:22:23,1.1.178,gam20607,com.aidungeon
7e465b66-463f-4c82-8480-1a937b2df55b,A Google user,https://play-lh.googleusercontent.com/EGemoI2NTXmTsBVtJqk8jxF9rh8ApRWfsIMQSt2uE4OcpQqbFu7f7NbTK05lx80nuSijCz7sc3a277R67g,This is cool (Latitude Inc is crazy! :O) This is like NovelAI but better! You don't have limited characters and you can do a story from a poor guy to a famous celebrity! Truly an 5 star review!,5,0,1.2.47,2024-01-26 20:13:22,We appreciate your very favorable review! More exciting updates coming this year :),2024-01-26 20:11:49,1.2.47,gam12510,com.aidungeon
d40f8e47-bb54-4e50-b4b3-c44bd65e7b68,A Google user,https://play-lh.googleusercontent.com/EGemoI2NTXmTsBVtJqk8jxF9rh8ApRWfsIMQSt2uE4OcpQqbFu7f7NbTK05lx80nuSijCz7sc3a277R67g,Love it unlimited potential.,5,0,,2022-07-26 16:18:33,Wow thanks for the awesome review! :D,2022-07-26 19:14:35,,gam20670,com.aidungeon
156bbb9a-1e46-4580-bfdf-332f11b5755d,PadSmid,https://play-lh.googleusercontent.com/a-/ALV-UjUNiRfR313P9SS7JvwqSJEbXVRFQVeeApxZDjtCnLpYOSPzLsEb,Ish good game master is really expensive tho but i can sorta see why wish the story could go more grim as well like i want to be fighting for my life attacking an eldritch monster.,3,0,2.8.0,2024-05-20 04:03:34,Hi PadSmid! Thank you for sharing your thoughts. I understand that the price is not small. We have tried to open as many features as possible for free,2024-05-24 02:34:03,2.8.0,gam80,com.feynmanapps.aitales
88c00933-743b-4a66-aa1b-e3e52c3bcab1,A Google user,https://play-lh.googleusercontent.com/EGemoI2NTXmTsBVtJqk8jxF9rh8ApRWfsIMQSt2uE4OcpQqbFu7f7NbTK05lx80nuSijCz7sc3a277R67g,Love the game and output response is very slow and kicks you out of the game after 35 actions,1,0,1.1.167,2022-09-09 04:11:42,Tess we want to help! Please reach out to us at support@aidungeon.io. Also great news! We released a new update called Unchained. Ads no longer inhibit gameplay; all players have unlimited access to our base AI model (Griffin). Learn more at https://aidungeon.io/unchained :),2023-01-11 07:45:19,1.1.167,gam13109,com.aidungeon
87771503-4eaa-4695-be1c-4906ee64d694,A Google user,https://play-lh.googleusercontent.com/EGemoI2NTXmTsBVtJqk8jxF9rh8ApRWfsIMQSt2uE4OcpQqbFu7f7NbTK05lx80nuSijCz7sc3a277R67g,The ai is pretty good at creating stories however the system in place for limiting use for non premium members by limiting actions is pretty badly implemented,2,1,1.1.147,2022-07-16 20:06:31,Free play is now an unlimited experience! Ads no longer interrupt gameplay; all players have unlimited actions when using Griffin (our base AI model). Learn more at https://aidungeon.io/unchained. We will continue to improve our model and overall game experience. Stay tuned for more exciting updates :),2023-01-18 10:34:51,1.1.147,gam12685,com.aidungeon
1655a5d2-163e-4758-9f6f-27f34eb1ba9a,A Google user,https://play-lh.googleusercontent.com/EGemoI2NTXmTsBVtJqk8jxF9rh8ApRWfsIMQSt2uE4OcpQqbFu7f7NbTK05lx80nuSijCz7sc3a277R67g,So it's giving me a hard time on typing my turn with the text bar goes behind the text buttons. Everytime and it gives me two options done or something else that what's to continue with out my text? I don't understand why.,1,2,1.2.47,2024-02-10 12:29:20,This sounds like a bug! Please reach out to us at support@aidungeon.com or report it in our Discord server at https://aidungeon.com/discord. We want to dig into this more. Thanks!,2024-02-13 21:18:58,1.2.47,gam5405,com.aidungeon
b4bdb106-c001-466e-98e8-70b393d62d24,A Google user,https://play-lh.googleusercontent.com/EGemoI2NTXmTsBVtJqk8jxF9rh8ApRWfsIMQSt2uE4OcpQqbFu7f7NbTK05lx80nuSijCz7sc3a277R67g,Pretty stable and entertaining but the longer an adventure goes on the harder it is for the app to keep track of events and causes the AI to spit out nonsense which can be funny,3,1,1.1.170,2022-10-03 20:35:06,Mjolnir exciting new updates are coming soon that will help to improve this experience learn more here: https://latitude.io/blog/next-steps-on-ai-dungeon :) If you have any feedback or suggestions on how we can improve please let us know at https://feedback.latitude.io/.,2022-10-21 23:58:16,1.1.170,gam6924,com.aidungeon
afc8ee30-3a8b-441e-a721-dbcf137c0ec0,A Google user,https://play-lh.googleusercontent.com/EGemoI2NTXmTsBVtJqk8jxF9rh8ApRWfsIMQSt2uE4OcpQqbFu7f7NbTK05lx80nuSijCz7sc3a277R67g,Great for the imagination you can get a lot of laughs out of it too. It's a little scary to mess with because sometimes it feels like a real person is writing back to whatever topic you get on. It's a little to open ended as in You literally can do anything to progress the story. You almost die and you can make up anything to get out of the situation. It's fun to make silly or gross stories though haha.,4,0,,2023-02-26 04:49:40,,,,gam1317,com.aidungeon
24b37e43-1038-4a30-93ab-5eacd5e3ce35,A Google user,https://play-lh.googleusercontent.com/EGemoI2NTXmTsBVtJqk8jxF9rh8ApRWfsIMQSt2uE4OcpQqbFu7f7NbTK05lx80nuSijCz7sc3a277R67g,I created an account to use but it made me verify on each story by email,4,0,,2022-06-03 20:29:39,Hey Tosha thanks for letting us know! If you're running into verification issues then please email support@aidungeon.io with more details and we'll do our best to help from there.,2022-06-06 18:17:50,,gam18909,com.aidungeon
522b0788-1e54-41d5-acd1-e5af412ae525,A Google user,https://play-lh.googleusercontent.com/EGemoI2NTXmTsBVtJqk8jxF9rh8ApRWfsIMQSt2uE4OcpQqbFu7f7NbTK05lx80nuSijCz7sc3a277R67g,The premise is there but it forgets the prompt right away. For a story thats bad.,1,0,,2023-04-29 07:03:38,We are working on improvements to our AI models thanks for your feedback :) Stay tuned for more updates!,2023-05-02 13:21:59,,gam13569,com.aidungeon
d05a385f-8f3a-4bca-9de3-3dfd98a998be,A Google user,https://play-lh.googleusercontent.com/EGemoI2NTXmTsBVtJqk8jxF9rh8ApRWfsIMQSt2uE4OcpQqbFu7f7NbTK05lx80nuSijCz7sc3a277R67g,Nothing says boredom buster like pure custom adventure.,5,1,1.1.134,2022-05-02 08:23:54,,,1.1.134,gam16923,com.aidungeon
e68047d6-d11d-4048-bf6c-f8973097615a,A Google user,https://play-lh.googleusercontent.com/EGemoI2NTXmTsBVtJqk8jxF9rh8ApRWfsIMQSt2uE4OcpQqbFu7f7NbTK05lx80nuSijCz7sc3a277R67g,This game is definitely one for the creative minds. To play it requires good reading skills and an ability to fix other's mistakes along with the ability to ignore plot loopholes or continuity issues. Those are to be expected since it's ai generated but your best friends will be the redo undo and edit text buttons. Overall you can have extremely fun times or commit heinous crimes or both. 4 stars now because Latitude not only axe'd classic ai but also finished implementing filters.,4,242,1.1.118,2022-01-20 15:33:36,,,1.1.118,gam973,com.aidungeon
7b31d6a6-58cf-4505-9f6b-feca0a6f7d4d,A Google user,https://play-lh.googleusercontent.com/EGemoI2NTXmTsBVtJqk8jxF9rh8ApRWfsIMQSt2uE4OcpQqbFu7f7NbTK05lx80nuSijCz7sc3a277R67g,I have enjoyed this game for a long time although recently I've been having a problem that makes it unplayable. I'd enter the app like normal but after a couple of seconds it would go to the ai loading screen and continue to do this repeatedly in which I can't do anything. This is a pretty big problem since I can't use the app otherwise.,4,2,1.1.170,2022-09-12 21:28:32,If you are still having this issue we want to get it resolved so you can get back to playing :) Please reach out to us at support@aidungeon.io. Thanks!,2023-01-06 21:44:07,1.1.170,gam2640,com.aidungeon
f8e51639-543b-44d6-9e09-354bc8dccfb5,dark fox,https://play-lh.googleusercontent.com/a-/ALV-UjWMHsbECd_ZQzHxR5SYlxDfBJKwaLO2-yOvJOKhOYb3Tv6Kvi-c,The ai is basically a lil dum because it sometime foeget what it is saying and it make me kinda frustrated pls fix it :) appreciated :),3,0,,2023-05-27 12:11:33,We are working on AI. Stay tuned dark fox!,2023-06-01 08:20:20,,gam277,com.feynmanapps.aitales
22c70820-2962-4e06-b839-c9eb9b475848,A Google user,https://play-lh.googleusercontent.com/EGemoI2NTXmTsBVtJqk8jxF9rh8ApRWfsIMQSt2uE4OcpQqbFu7f7NbTK05lx80nuSijCz7sc3a277R67g,It is really good it is in desprate need of polishing. I'm glad the dev team is still sticking with it and i hope it continues to improve.,5,1,1.1.108,2022-01-18 03:03:31,,,1.1.108,gam9168,com.aidungeon
a1b69497-5870-4d43-892a-cefeffc0d27a,A Google user,https://play-lh.googleusercontent.com/EGemoI2NTXmTsBVtJqk8jxF9rh8ApRWfsIMQSt2uE4OcpQqbFu7f7NbTK05lx80nuSijCz7sc3a277R67g,Honestly this whole thing has gone through a lot of changes and hardships but I still love it it's just fun even in its current state good for storytelling or pure chaos.,5,0,1.1.153,2022-08-11 01:22:45,Thank you for the epic review We're happy you're enjoying your time in AI Dungeon!,2022-08-16 14:28:23,1.1.153,gam7537,com.aidungeon
e04d86c2-ba36-4b7a-8655-39282c951628,A Google user,https://play-lh.googleusercontent.com/EGemoI2NTXmTsBVtJqk8jxF9rh8ApRWfsIMQSt2uE4OcpQqbFu7f7NbTK05lx80nuSijCz7sc3a277R67g,Remove the energy limit for people who can't afford your subscriptions. The fact that y'all are trying to push and force people to subscribe is ridiculous. Putting a energy limit on a ai app is dumbfounded. When will you people learn to start being considerate of everyone.,2,0,1.2.49,2024-06-09 21:24:55,Hey there! Free premium actions are only required to use Mixtral. MythoMax and Tiefighter all have unlimited free actions. New features are available for free players including advanced settings custom model instructions and double context/response length. If you need help please contact us at support@aidungeon.com. Thank you!,2024-06-18 16:38:32,1.2.49,gam7577,com.aidungeon
9290c146-4525-41e6-8ae9-da2b29289170,A Google user,https://play-lh.googleusercontent.com/EGemoI2NTXmTsBVtJqk8jxF9rh8ApRWfsIMQSt2uE4OcpQqbFu7f7NbTK05lx80nuSijCz7sc3a277R67g,buggy hardly ever works crashes often,1,0,1.1.172,2023-02-16 22:40:58,Hey there! We would love to look into any issues you might be experiencing. Please reach out to us at support@aidungeon.io.,2023-02-17 13:55:48,1.1.172,gam16700,com.aidungeon
4c6ceb19-3abb-403a-815c-191e90416b6b,A Google user,https://play-lh.googleusercontent.com/EGemoI2NTXmTsBVtJqk8jxF9rh8ApRWfsIMQSt2uE4OcpQqbFu7f7NbTK05lx80nuSijCz7sc3a277R67g,Works for one time after that I have to Uninstal and reinstall to use again. Update: Doesn't work at all anymore,1,1,,2023-08-07 07:11:55,We are sorry to hear this Jordan and want to help! Please reach out to us at support@aidungeon.io so we can dig into this.,2023-08-17 19:10:28,,gam12638,com.aidungeon
f4193a33-3f33-421b-8df5-4dcbb87f634d,A Google user,https://play-lh.googleusercontent.com/EGemoI2NTXmTsBVtJqk8jxF9rh8ApRWfsIMQSt2uE4OcpQqbFu7f7NbTK05lx80nuSijCz7sc3a277R67g,"AI Dungeon was a Text-Based Sandbox game. The AI was great for making a truely freeform sandbox where your imagination is the limit. There were also countless community-made prompts to play! Unfortunately the developers of the app have decided to shoe-horn ads that you can only circumvent if you ""buy"" the app from Steam. Do not get this app. Do not waste space on your phone for this app. Use a browser if you want to check it out it's all the same. If you want to rp chat rooms are better.",1,27,1.1.52,2022-06-17 21:27:58,Great news! We released a new update called Unchained. Ads no longer inhibit gameplay; all players have unlimited access to our base AI model (Griffin). Learn more at https://aidungeon.io/unchained :),2023-01-18 16:14:16,1.1.52,gam3856,com.aidungeon
f5623965-b73e-4418-bb29-c33b9b01604f,Izreal Mack,https://play-lh.googleusercontent.com/a/ACg8ocKVqy6sfh8sE20BDs4ruVn9mzpynzGXm4nC3zKxCYgKvth1Sw=mo,by far the best ai game master on the playstore just wish you gave more free tokens like others there's some where you start with 300 tokes and get 100 everyday after. so I don't see the problem with your app doing the same. it just sucks you only give 5 free tokens every 4 hours. please give more tokens. there is just no excuse for it.,3,0,1.9.6,2024-10-09 23:33:16,Thanks for your feedback! We're a small team and running a premium AI-driven game comes with high costs. While we'd love to offer more free tokens the current setup helps us cover those expenses and keep improving the game. We appreciate your support!,2024-10-10 08:30:41,1.9.6,gam29508,com.aisuccess.ai_game_master
8bb5cc7a-3260-4ab5-8035-a372082889b8,A Google user,https://play-lh.googleusercontent.com/EGemoI2NTXmTsBVtJqk8jxF9rh8ApRWfsIMQSt2uE4OcpQqbFu7f7NbTK05lx80nuSijCz7sc3a277R67g,Used to be good and simple. Overcluttered with functions and display is a mess.,2,2,1.1.178,2023-09-30 04:35:29,,,1.1.178,gam10009,com.aidungeon
030b8bbc-c12d-49f0-9cec-7ac260f1b5e5,A Google user,https://play-lh.googleusercontent.com/EGemoI2NTXmTsBVtJqk8jxF9rh8ApRWfsIMQSt2uE4OcpQqbFu7f7NbTK05lx80nuSijCz7sc3a277R67g,pretty good but I wish I could make pictures of my character so i can see it more clearly and see how he killa his enemies,5,0,,2024-03-21 14:14:59,Thanks for your 5-star review Jay! If you haven't already be sure to check out our See mode which allows you to generate AI images https://help.aidungeon.com/prompt-guide.,2024-03-21 17:53:45,,gam12157,com.aidungeon
ddebfb89-3798-4228-b1aa-5d123b4da336,A Google user,https://play-lh.googleusercontent.com/EGemoI2NTXmTsBVtJqk8jxF9rh8ApRWfsIMQSt2uE4OcpQqbFu7f7NbTK05lx80nuSijCz7sc3a277R67g,Omg the Ai greatly improved as i recently use the Griffin Beta not once was i disappointed. Im back for another review im very proud of the updates and it's really amazing the Ai has definitely improve im here to say that it's almost perfect the way it was and i hope you see this comment to continue giving more contents,5,0,1.1.119,2022-03-18 23:24:29,,,1.1.119,gam8552,com.aidungeon
7b08be76-d16d-41ef-b542-30cf9eef48ba,A Google user,https://play-lh.googleusercontent.com/EGemoI2NTXmTsBVtJqk8jxF9rh8ApRWfsIMQSt2uE4OcpQqbFu7f7NbTK05lx80nuSijCz7sc3a277R67g,I've been tolerable in the changes that have be made to the game for a year or so now however the app is so buggy that I can't even open the app. The adds are too predatory to play the game With the free version needing A LOT of help to get a story going 10 actions per ad is too little. Either make the free AI much smarter or make the ads give more I understand monetization reasons but giving people room to get into somthing can lead people to be into somthing much more then what you have now.,1,0,,2022-09-25 17:10:58,Please try out our newest update called Unchained! Free play allows for unlimited actions on our base AI model (Griffin). Learn more at https://aidungeon.io/unchained. Weve also made other performance improvements with more planned for the future :) Reach out to us at support@aidungeon.io if you have any additional concerns happy to help.,2023-01-06 15:18:12,,gam1652,com.aidungeon
d9a941e9-a057-45d7-8ab6-0f6b133818e2,A Google user,https://play-lh.googleusercontent.com/EGemoI2NTXmTsBVtJqk8jxF9rh8ApRWfsIMQSt2uE4OcpQqbFu7f7NbTK05lx80nuSijCz7sc3a277R67g,You guys have ruined this game tbh. I used to play this ALL the time but now I have to pay just to even use the app?? Seems kinda dumb to me.,2,1,1.1.152,2022-08-04 02:59:01,,,1.1.152,gam16302,com.aidungeon
b80af685-b06d-462b-a911-5f136bc9b490,A Google user,https://play-lh.googleusercontent.com/EGemoI2NTXmTsBVtJqk8jxF9rh8ApRWfsIMQSt2uE4OcpQqbFu7f7NbTK05lx80nuSijCz7sc3a277R67g,Very interesting i like the style very well done,5,0,1.1.172,2022-10-29 12:54:23,Thank you for your review! Glad you are enjoying AI Dungeon. We will continue to make improvements to the game :) If you have any feedback or suggestions on how we can improve your experience we would love to hear them: https://feedback.latitude.io/. We appreciate your support!,2022-11-01 22:24:15,1.1.172,gam18153,com.aidungeon
d84bfcc0-77a7-4c9c-94bf-39a84a55c5b5,Riley,https://play-lh.googleusercontent.com/a-/ALV-UjV62dzNengSJfSnNePEU9dLkfwFbJdtV-nMX85TSFgyT-nfiyFt,It somehow manages to gamify the feeling of chat rp. It's not perfectly dnd but it's very close.,5,0,1.7.4,2024-06-16 14:05:55,Thank you so much for the review! It's exactly the feeling we set out to achieve so many months back so I'm delighted to receive this review! Thanks again! And as for the game system we had many debates over this - currently keeping it relatively light and people are liking it. Maybe we'll add more advanced systems in the future. Cheers!,2024-06-16 14:17:04,1.7.4,gam29741,com.aisuccess.ai_game_master
67fbfff5-48ae-4b72-96e7-0a5c7ed2abd7,Colton Morrow,https://play-lh.googleusercontent.com/a-/ALV-UjVJidlneMuwxghuEBaPudRfq6HngNtKa5jDTC8hMOSqmBPt_YDl,great game with the character creation and combat but the memory of the ai and the length of what it's able to type is in need of improvement,3,0,1.9.6,2024-10-09 18:01:41,Thanks for your feedback!,2024-10-10 08:36:25,1.9.6,gam29544,com.aisuccess.ai_game_master
b6c3b394-2cae-4560-89d7-426b055cc10c,Josh Escorids,https://play-lh.googleusercontent.com/a/ACg8ocJGKKHwytrmcXaGxMYCv7TL0o_fsQ5YBmBgos1iR2xBblTzEw=mo,I was a scientist kissed a man killed him killed everyone around me drove a spaceship destroyed the earth with that spaceship destroyed the solar system destroyed the sun fleed the scene and traveled the whole galaxy to destroy other planets. I love this game it's so calming. 10/10,5,0,2.4.2,2023-03-24 19:29:38,Josh we get your humor :D Thank you for the rating and the original review!,2023-04-28 03:12:11,2.4.2,gam178,com.feynmanapps.aitales
b6be8bf5-39b8-4810-9417-a428745a60b5,A Google user,https://play-lh.googleusercontent.com/EGemoI2NTXmTsBVtJqk8jxF9rh8ApRWfsIMQSt2uE4OcpQqbFu7f7NbTK05lx80nuSijCz7sc3a277R67g,You've turned the game around from the disaster it was to making it fantastic big props,5,0,1.2.49,2024-06-15 05:30:41,,,1.2.49,gam12749,com.aidungeon
5fa88453-ec47-46d4-8610-d56e885cd9fb,A Google user,https://play-lh.googleusercontent.com/EGemoI2NTXmTsBVtJqk8jxF9rh8ApRWfsIMQSt2uE4OcpQqbFu7f7NbTK05lx80nuSijCz7sc3a277R67g,My only problem with the app is if I am searching and I press a scenario that interests me when I hit the back button it goes back to the main page and not the search results. It's a real bummer.,4,0,1.2.49,2024-05-21 05:19:19,,,1.2.49,gam3361,com.aidungeon
3cb48e16-b7bf-46fc-9427-81e40435d74c,A Google user,https://play-lh.googleusercontent.com/EGemoI2NTXmTsBVtJqk8jxF9rh8ApRWfsIMQSt2uE4OcpQqbFu7f7NbTK05lx80nuSijCz7sc3a277R67g,After messing around for 2 weeks I have to say I'm impressed. Once you figure out the ins and outs it almost feels like you're controlling a dream. -1 star for repetitive responses. -1 star for repetitive. (retry)! Thanks for the app guys.,4,0,1.2.49,2024-06-17 22:32:52,Thanks for your review Mike! AI models can give repetitive responses due to various factors (repetition written into the story prompt instructions other Plot Components etc.). If you need help contact us at support@aidungeon.com or join our Discord community at https://aidungeon.com/discord and post in any of our help channels.,2024-06-18 16:11:12,1.2.49,gam3162,com.aidungeon
d2b1d026-e787-4f67-9b27-7bb3af332878,Tk venoms,https://play-lh.googleusercontent.com/a-/ALV-UjWMUF_fh1D-CL4X6K5nOxEIXu_CeWjhrjGnsokJ0-YuSlWWtJM,good game so far and the interactivity of your own Imput do well.,4,0,1.7.7,2024-07-14 12:12:44,Thanks! What can we do to get five stars? :),2024-07-15 02:26:21,1.7.7,gam29802,com.aisuccess.ai_game_master
327fa9af-5ed2-4db5-b5d8-1e6373f25db3,A Google user,https://play-lh.googleusercontent.com/EGemoI2NTXmTsBVtJqk8jxF9rh8ApRWfsIMQSt2uE4OcpQqbFu7f7NbTK05lx80nuSijCz7sc3a277R67g,I love the app however this recent update has stopped me from being able to play at all as soon as i open it it will crash to my phones screen,2,0,1.1.152,2022-08-04 08:30:59,,,1.1.152,gam9433,com.aidungeon
50f6a765-8bdd-4f57-9f19-5991bf8b4470,A Google user,https://play-lh.googleusercontent.com/EGemoI2NTXmTsBVtJqk8jxF9rh8ApRWfsIMQSt2uE4OcpQqbFu7f7NbTK05lx80nuSijCz7sc3a277R67g,I am trying to use this to aid me in creating a D&D campaign. It can not handle the amount of description change and world idea change and will lock up and crash.,3,0,1.1.178,2023-04-04 18:33:18,Thanks for letting us know! We would be happy to look into this and help however we can. Please reach out to us at support@aidungeon.io.,2023-04-05 13:57:05,1.1.178,gam8576,com.aidungeon
a949e1fa-5875-4443-b9b7-0e1277ed6368,Prince Gonzales,https://play-lh.googleusercontent.com/a-/ALV-UjWWy1vjLI4pD5L1pCUnI4dODAUls9Lh7VHyYHuD-EtWX045jIOu,very very good AI game with a genius AI engine but one thing I'd like added: maybe make the Sage tales free for non-Game Master users.? that'd be great. anyway cool visuals too!,5,0,1.5.1,2022-04-01 08:52:45,Hey Prince Gonzales! Glad you liked the game and the engine. Please email us what do you mean by Sage mode? UPDATE: We get your point you mean Sage tales. Yes you're right in order to keep working on the game we're leaving some of the functionality in Game Master mode. We hope for your understanding!,2021-10-26 03:12:44,1.5.1,gam195,com.feynmanapps.aitales
62755a8c-d7cd-4d05-ac05-73ff40922c6d,A Google user,https://play-lh.googleusercontent.com/EGemoI2NTXmTsBVtJqk8jxF9rh8ApRWfsIMQSt2uE4OcpQqbFu7f7NbTK05lx80nuSijCz7sc3a277R67g,This is the only thing that has been keeping my sanity together since 2019. I recommend it to anyone who wants a experience in adventurous gameplay.,5,0,1.1.147,2022-07-14 22:53:55,Thank you for the glowing recommendation We're happy you're enjoying your time in AI Dungeon!,2022-07-22 13:20:39,1.1.147,gam9472,com.aidungeon
d4ab29a7-b5f8-4d7a-92d3-ee628cfecc34,Nicholas Goldsborough,https://play-lh.googleusercontent.com/a-/ALV-UjW9JJloSFrQukldz0fQKstgvdxxRE8Ib3wrLtwQN4KQWNglgM1-aQ,Straight up Great Ai story telling. Works flawlessly. It guides the narrative and also posses good questions for you (the character) to answer very well.,5,0,1.6.2,2024-05-10 19:06:48,,,1.6.2,gam29632,com.aisuccess.ai_game_master
1161fca5-0124-410f-8006-20d3a440dadd,A Google user,https://play-lh.googleusercontent.com/EGemoI2NTXmTsBVtJqk8jxF9rh8ApRWfsIMQSt2uE4OcpQqbFu7f7NbTK05lx80nuSijCz7sc3a277R67g,Filters and the requirement of setting up an account to continue your story has significantly ruined the game. Until the requirement to create an account for story continuation is removed I can't see myself playing this game.,1,2,1.1.20,2022-01-02 17:14:26,Should be fixed now!,2020-04-18 22:02:47,1.1.20,gam5034,com.aidungeon
67ba56ef-f1b7-44de-98e2-88093e6eec51,Nick W,https://play-lh.googleusercontent.com/a/ACg8ocJQ9t4kv6K7XtSdiwcl4nqmA7Fxgo3Qgg3BW36ZLROGHT9PNw=mo,So let me get this straight you have to basically pay to interact and when you do you're either railroaded to some higher purpose or attacked in encounters that don't even make sense til you're dead and have to restart? Worst ai I've ever used shame it wasn't worth it,1,2,1.2.2,2024-02-20 18:50:01,Sorry to hear that. We value your feedback to improve! We've received positive feedback on our encounters and many players enjoy long adventures with wins. Remember healing is possible during and between fights. Your feedback is crucial - feel free to reach out with ideas to support@aigamemaster.app or write to us here.,2024-02-21 03:41:25,1.2.2,gam29733,com.aisuccess.ai_game_master
3e9cf616-edd5-4944-8beb-7242914b1e4f,Anto,https://play-lh.googleusercontent.com/a-/ALV-UjXKzDF2pI_rpMxo9r01KZJpBlqagTOc2ven2romt_QzmvoPyGd1,its an great game not only that you get lead your story but it's just great! it's still great even still if you don't have the gamemaster thing,5,0,2.4.1,2023-02-07 05:31:56,Anto we are very glad that you liked the game. Love peace and interesting games!,2023-02-07 17:55:44,2.4.1,gam263,com.feynmanapps.aitales
758adc3b-7336-4dee-ac58-49894ef25182,A Google user,https://play-lh.googleusercontent.com/EGemoI2NTXmTsBVtJqk8jxF9rh8ApRWfsIMQSt2uE4OcpQqbFu7f7NbTK05lx80nuSijCz7sc3a277R67g,"Weak. "". You shoot the guard between the eyes and he falls dead to the ground. You keep running and run for an hour and still the guard is not far behind.""",3,0,1.1.178,2023-05-11 02:29:12,,,1.1.178,gam12426,com.aidungeon
95caf385-aa1b-480c-b410-a168f3240113,A Google user,https://play-lh.googleusercontent.com/EGemoI2NTXmTsBVtJqk8jxF9rh8ApRWfsIMQSt2uE4OcpQqbFu7f7NbTK05lx80nuSijCz7sc3a277R67g,Bring back old Ai Dungeon,5,1,,2022-09-20 08:01:35,Thanks for your review! We have made many improvements and updates this last year with more plans for this year. If you have any feedback or suggestions on how we can improve please let us know at https://feedback.latitude.io/. Any questions or concerns? We are happy to help reach out to support@aidungeon.io. Thanks!,2023-01-06 17:23:41,,gam25012,com.aidungeon
d16b2484-fb5c-47d2-b7d3-f34a04503e9b,A Google user,https://play-lh.googleusercontent.com/EGemoI2NTXmTsBVtJqk8jxF9rh8ApRWfsIMQSt2uE4OcpQqbFu7f7NbTK05lx80nuSijCz7sc3a277R67g,Decided to get back into AI Dungeon on moble after a long time and so far it's great in terms of immersion and performance however I ran into this issue where my keyboard will cover the textbox making it a little difficult to play. I have an android so I'm not sure if it's completely compatible.,4,0,1.2.49,2024-04-17 06:08:40,,,1.2.49,gam1256,com.aidungeon
39a5911b-7c03-431a-80da-e0af237b693d,A Google user,https://play-lh.googleusercontent.com/EGemoI2NTXmTsBVtJqk8jxF9rh8ApRWfsIMQSt2uE4OcpQqbFu7f7NbTK05lx80nuSijCz7sc3a277R67g,great concept i loved this game edit : this became pay to play,1,1,1.1.119,2022-03-18 04:19:03,,,1.1.119,gam16887,com.aidungeon
cb82bc47-2e43-46d2-94ee-ae3ea9efb0fc,supersplash gamer,https://play-lh.googleusercontent.com/a-/ALV-UjWMmDqohjuOxmzFE6OGMOw8vZdGQOMDxeianEZM1DGJpEeVtf3k,I really enjoyed this I do not have many things to fault it for. I love the music and art and it seems to understand and remember previous information very well made. However I think it can definitely improve so I restrain myself from giving it 5 stars.,4,0,,2023-02-19 20:43:56,Thank you for the rating and feedback! We're making a cool update with new AI hope you check it out and enjoy Supersplash!,2023-02-20 16:23:29,,gam94,com.feynmanapps.aitales
a093bc9f-edac-44da-bdca-4499605646b9,A Google user,https://play-lh.googleusercontent.com/EGemoI2NTXmTsBVtJqk8jxF9rh8ApRWfsIMQSt2uE4OcpQqbFu7f7NbTK05lx80nuSijCz7sc3a277R67g,Am unable to login on the app which forces me to use the browser version which makes the app useless.,1,0,1.1.134,2022-05-17 23:47:35,We're pushing out a new app release by next week that we hope will solve this issue for most people. Thanks for your patience as we work to get that out.,2022-05-18 09:12:09,1.1.134,gam14028,com.aidungeon
04c8895f-9a14-4fa1-8dc5-66de55e7910a,A Google user,https://play-lh.googleusercontent.com/EGemoI2NTXmTsBVtJqk8jxF9rh8ApRWfsIMQSt2uE4OcpQqbFu7f7NbTK05lx80nuSijCz7sc3a277R67g,"The game is alright but I've encountered an upsetting bug where the screen is stuck on ""updating""",3,0,1.1.130,2022-04-03 23:01:24,,,1.1.130,gam10567,com.aidungeon
74b8c151-5f1c-444c-9b9a-b583e67c7fed,A Google user,https://play-lh.googleusercontent.com/EGemoI2NTXmTsBVtJqk8jxF9rh8ApRWfsIMQSt2uE4OcpQqbFu7f7NbTK05lx80nuSijCz7sc3a277R67g,Too much an expansive app-game. But still pretty good game,3,0,,2022-09-17 10:26:29,AI Dungeon is now unchained! Recent changes in AI cost made it possible for us to provide all players with unlimited access to Griffin our base AI model. We hope you will try out the new and improved experience! Learn more at https://aidungeon.io/unchained.,2023-01-06 21:10:54,,gam17175,com.aidungeon
66059965-b9bd-4c67-a2ef-ec33f09d96ac,A Google user,https://play-lh.googleusercontent.com/EGemoI2NTXmTsBVtJqk8jxF9rh8ApRWfsIMQSt2uE4OcpQqbFu7f7NbTK05lx80nuSijCz7sc3a277R67g,I want to have full control over my character! The ai always steering the story and deciding actions. Is there anything we can do to prevent this like making AI focus on the consequences or just respond passively.,4,0,1.2.66,2024-07-11 10:25:13,,,1.2.66,gam1952,com.aidungeon
de07fef4-9848-48c7-abaa-771f5ad36a7b,A Google user,https://play-lh.googleusercontent.com/EGemoI2NTXmTsBVtJqk8jxF9rh8ApRWfsIMQSt2uE4OcpQqbFu7f7NbTK05lx80nuSijCz7sc3a277R67g,I'm fine with the ads. It's an improvement really. Way better than the energy system. However. The quality of the AI has been decreasing lately. Now thats disappointing. It used to be a better more intelligent app-- it's called artificial intelligence for a reason haha.. I hope you fix that developers no offense but nobody is going to come back to using this app until that gets better.,3,1,,2022-06-25 22:26:46,Please try out our newest update called Unchained! Free play allows for unlimited actions on our base AI model (Griffin). Learn more at https://aidungeon.io/unchained. Weve also made other performance improvements with more planned for the future :) Reach out to us at support@aidungeon.io if you have any additional concerns happy to help.,2023-01-18 14:41:53,,gam4259,com.aidungeon
b5b73ae6-7967-4a1b-964a-fea7fc9d9c58,Gem Byrne,https://play-lh.googleusercontent.com/a/ACg8ocLnXKsOBouDDUutLHpD6RdzsLRU47sDorgACES6IfvhxR62Bg=mo,Talking to that chat thing and it kept talking about religion calling me a homophob3 God and how being gay isn't OK. Love the game otherwise but you do have to fix that.,2,0,,2022-08-01 01:46:57,Got it Gem! Thanks for the feedback yes the chat is in beta and we are actively developing and upgrading it. And will try to do everything soon.,2022-08-01 02:00:19,,gam375,com.feynmanapps.aitales
2d93ee24-3113-4027-b249-6069bf5a1693,A Google user,https://play-lh.googleusercontent.com/EGemoI2NTXmTsBVtJqk8jxF9rh8ApRWfsIMQSt2uE4OcpQqbFu7f7NbTK05lx80nuSijCz7sc3a277R67g,"I used to love AI dungeon it was a fun passtime whenever I had nothing better to do. Now whenever I try to play it I have ""energy"" that I spend whenever I play even with the new ""unchained"" bit. Energy has NEVER helped anything every mobile game with energy has plummeted nobody likes it and it BAFFLES me why they'd put that in this app",1,5,1.2.40,2023-11-07 09:03:11,"Hey there! ChatGPT Azure is cost-prohibitive to offer for free but we wanted to give players a way to try it out besides having Griffin which doesn't require ""energy"" and has an unlimited number of actions. If you have any questions please reach out to us at support@aidungeon.com. Thanks!",2023-11-08 18:38:09,1.2.40,gam1612,com.aidungeon
7a3a19f2-c907-4245-b983-3fd593f7004c,A Google user,https://play-lh.googleusercontent.com/EGemoI2NTXmTsBVtJqk8jxF9rh8ApRWfsIMQSt2uE4OcpQqbFu7f7NbTK05lx80nuSijCz7sc3a277R67g,After 3 days the Story edit does not work well anymore. FIX YOUR EDITING ON THE STORY. I can't edit the mistake words that I have placed now. Fix this damn issue.,1,5,,2023-10-31 17:06:38,,,,gam9861,com.aidungeon
5ade891b-8219-4fac-a007-2dc00699b49e,A Google user,https://play-lh.googleusercontent.com/EGemoI2NTXmTsBVtJqk8jxF9rh8ApRWfsIMQSt2uE4OcpQqbFu7f7NbTK05lx80nuSijCz7sc3a277R67g,Became low quality over time I used to enjoy it for niche reasons ai has lost quality over time and has no fun when you have to correct it miss when this project was good.,1,1,1.1.48,2022-02-21 22:54:47,,,1.1.48,gam7391,com.aidungeon
9a3be917-f97c-4d53-b54c-ff7a594cc3f6,Fangbyte Drake,https://play-lh.googleusercontent.com/a-/ALV-UjVdruhnElXw8vS-A06wcDsoUL5pziH5cJBDmNX3BYKoAbdQSbf0,it's great too bad it has a point system,4,0,1.7.7,2024-07-11 04:18:43,Thanks!! We wish we could offer unlimited turns for free but maintaining the AI is costly especially for a small team like ours. That's why we rely on subscriptions and token purchases. We hope you continue to support us and enjoy the game!,2024-07-11 04:29:15,1.7.7,gam29866,com.aisuccess.ai_game_master
844595a7-07e1-45d0-943c-1cf2cac21ee7,A Google user,https://play-lh.googleusercontent.com/EGemoI2NTXmTsBVtJqk8jxF9rh8ApRWfsIMQSt2uE4OcpQqbFu7f7NbTK05lx80nuSijCz7sc3a277R67g,As many have said before I the energy system that requires you to watch adds is ridiculous and completely ruins the experience.,1,0,1.1.161,2022-08-16 06:32:33,Great news! We released a new update called Unchained. Ads no longer inhibit gameplay; all players have unlimited access to our base AI model (Griffin). Learn more at https://aidungeon.io/unchained :),2023-01-12 18:53:16,1.1.161,gam8379,com.aidungeon
e410a8d0-8bd3-4143-a135-2bd96108e559,M Naufal Rusdan Firdaus,https://play-lh.googleusercontent.com/a-/ALV-UjW_nUng4jN3r4yhdN2ELZkUwPSwO7qUzuDbCZezrLWkTmaWCqMO,a very good game design but with a very poor and dumb ai with a constant loop even with a game master overall it's pretty good the only bad thing about this game is its Ai which is quite literally the main point of this game so you'll probably know why i gave this a 2 stars,2,0,2.3.7,2022-11-29 23:40:51,Thanks for your opinion and explanation! We continue to work and will be very grateful to you if you write more details (what kind of loops how often what did not suit you yet and what did you like) in our Discord ( https://discord.gg/eqMedhAZMq ) or email us ( at@aitales.art ). It will 100% help us improve AI,2022-12-01 08:35:28,2.3.7,gam181,com.feynmanapps.aitales
84d0e8c3-38f1-4afd-9f26-adf0c7751ccb,A Google user,https://play-lh.googleusercontent.com/EGemoI2NTXmTsBVtJqk8jxF9rh8ApRWfsIMQSt2uE4OcpQqbFu7f7NbTK05lx80nuSijCz7sc3a277R67g,Hey Ai dungeon! I have a problem. whenever I look on popular/trending scenarios it shows me nothing? Please fix this as soon as possible.,3,1,,2022-04-19 11:07:07,,,,gam11232,com.aidungeon
e5bd0165-42cd-48c4-bb8e-349572590bcd,A Google user,https://play-lh.googleusercontent.com/EGemoI2NTXmTsBVtJqk8jxF9rh8ApRWfsIMQSt2uE4OcpQqbFu7f7NbTK05lx80nuSijCz7sc3a277R67g,The AI is okay nowadays but it's still feature limited if you don't want to pay. Still it can definitely make interesting things if you feed it enough and at least the energy system is very forgiving.,3,5,1.1.139,2022-05-25 23:46:19,Hey Aero! Player feedback is vital to us; we've found ways to reduce our AI cost to offer all players gameplay uninterrupted by ads with unlimited actions (no more energy)! Premium upgrades are available that remain cost-prohibitive to offer for free. We're happy to discuss any questions or concerns; please reach out to us at support@aidungeon.io.,2023-01-19 14:46:44,1.1.139,gam5326,com.aidungeon
65e58bd1-c2ca-4ef0-a1a5-85424dc995dd,A Google user,https://play-lh.googleusercontent.com/EGemoI2NTXmTsBVtJqk8jxF9rh8ApRWfsIMQSt2uE4OcpQqbFu7f7NbTK05lx80nuSijCz7sc3a277R67g,Honestly I appreciate having a game like this. I hope they do fix the glitches eventually. Although truthfully all games will have some sort of glitch or error. This is an ai. I Hope it goes well for them.,5,8,1.1.50,2022-02-02 16:53:25,,,1.1.50,gam8016,com.aidungeon
2c61bbe2-3d6f-4a7b-bdb9-66c6ba0072c6,A Google user,https://play-lh.googleusercontent.com/EGemoI2NTXmTsBVtJqk8jxF9rh8ApRWfsIMQSt2uE4OcpQqbFu7f7NbTK05lx80nuSijCz7sc3a277R67g,Bring back the old ai dungeon like before scales and world were still a thing only genre like apocalypse and fantasies cause that's the version were everything works out fine unlike this version,1,1,,2022-05-17 06:45:33,,,,gam9458,com.aidungeon
a662b50a-03ca-41c8-bba4-b2e4531ec00e,A Google user,https://play-lh.googleusercontent.com/EGemoI2NTXmTsBVtJqk8jxF9rh8ApRWfsIMQSt2uE4OcpQqbFu7f7NbTK05lx80nuSijCz7sc3a277R67g,Game was okay until things got slower and you had to pay for more things it was fun ages ago. And it's worse now,2,2,1.1.155,2023-02-16 17:48:46,Hey Xander we would love to look into any issues you are having and address any concerns. Please reach out to us at support@aidungeon.io :),2023-02-16 18:36:09,1.1.155,gam12424,com.aidungeon
d43a60ab-4067-43e6-af55-310259042a8d,A Google user,https://play-lh.googleusercontent.com/EGemoI2NTXmTsBVtJqk8jxF9rh8ApRWfsIMQSt2uE4OcpQqbFu7f7NbTK05lx80nuSijCz7sc3a277R67g,What's up with the ads? I read something about it being related to energy and not having to recharge during gameplay but I didn't even know about that until I read the reply. I rarely ever write reviews but this just seems like a cash grab with the ads now. Not to mention with bad internet you can end up having to watch multiple ads back to back. You could have put them anywhere and you chose the worst possible place from a user's perspective.,2,3,1.1.145,2022-06-17 14:23:58,We want all of our players to have a fantastic experience with our game. This is why we've been working so hard to find ways to reduce AI costs and can now offer all players gameplay uninterrupted by ads. Hope you enjoy the update and unlimited actions :) Let us know if you have any feedback at https://feedback.latitude.io/.,2023-01-18 16:16:13,1.1.145,gam1423,com.aidungeon
12674714-97ef-4f52-8fd7-616affd72f1c,A Google user,https://play-lh.googleusercontent.com/EGemoI2NTXmTsBVtJqk8jxF9rh8ApRWfsIMQSt2uE4OcpQqbFu7f7NbTK05lx80nuSijCz7sc3a277R67g,"Very"""" Good But sometimes so confusing.",5,0,1.1.134,2022-05-21 13:01:39,,,1.1.134,gam16920,com.aidungeon
5a69260c-1317-45db-af9f-c8acd5cdb644,A Google user,https://play-lh.googleusercontent.com/EGemoI2NTXmTsBVtJqk8jxF9rh8ApRWfsIMQSt2uE4OcpQqbFu7f7NbTK05lx80nuSijCz7sc3a277R67g,this app doesnt comply with Googles embedded webview policy. So can't log in with google,1,1,1.1.108,2022-01-16 05:25:32,,,1.1.108,gam13574,com.aidungeon
812dc0fd-d2ad-4494-9be1-347573bbda2b,A Google user,https://play-lh.googleusercontent.com/EGemoI2NTXmTsBVtJqk8jxF9rh8ApRWfsIMQSt2uE4OcpQqbFu7f7NbTK05lx80nuSijCz7sc3a277R67g,The AI is somehow worse than its older versions. It struggles to stay on topic and doesn't understand conversations as well as it once did. Mistaking one characters word for another or some others. But everything else is fine. It simply struggles to do what it did better in the past,3,22,1.1.177,2023-02-27 19:05:13,Hey Max! Our team is continuing to work on improving the AI. We would like to hear more about your experience and help however we can. Please reach out to us at support@aidungeon.io. Thanks :),2023-03-07 18:50:29,1.1.177,gam1824,com.aidungeon
1659181a-38fd-43a7-b646-715d29e55977,A Google user,https://play-lh.googleusercontent.com/EGemoI2NTXmTsBVtJqk8jxF9rh8ApRWfsIMQSt2uE4OcpQqbFu7f7NbTK05lx80nuSijCz7sc3a277R67g,Don't play this if you don't have time to spare it will suck you in I spend 90 percent of my free time on it hahaha,5,2,1.2.49,2024-05-24 20:46:30,,,1.2.49,gam15726,com.aidungeon
8bf64a8d-9b9a-4b73-876c-d3a6cc780a50,A Google user,https://play-lh.googleusercontent.com/EGemoI2NTXmTsBVtJqk8jxF9rh8ApRWfsIMQSt2uE4OcpQqbFu7f7NbTK05lx80nuSijCz7sc3a277R67g,Despite the. questionable past the game seems to be getting better,4,0,1.1.136,2022-05-21 01:40:04,,,1.1.136,gam17802,com.aidungeon
87205d97-5e5a-4cfb-a867-7b41b6e81596,Maruy Luther,https://play-lh.googleusercontent.com/a-/ALV-UjXtcPwwiGRTCrrTd8920FYSlMN4E-lQlq0hP6aJ1g9f1Igliref,This is what I've been looking for in an AI RPG. You've done it you've put a tear in my eye. I don't normally make reviews.but you absolutely deserves my five stars. Only thing I have to say is that I'd like to recommend a Monthly or Yearly subscription for tokens and one where there can be unlimited tokens. That's all I have to say. I can't wait for future development. I will be here through thick and thin. Happy development to the team I hope to see great things <3 <3 <3,5,4,1.5.1,2024-04-09 16:59:23,Wow your review truly warms our hearts! It's exactly the encouragement we've been longing for. And don't worry a subscription model is definitely in the pipeline. Your enthusiasm fuels our journey forward!,2024-04-10 11:57:50,1.5.1,gam29497,com.aisuccess.ai_game_master
8d480b9d-b03c-4923-a3a7-9b1c6ba80034,A Google user,https://play-lh.googleusercontent.com/EGemoI2NTXmTsBVtJqk8jxF9rh8ApRWfsIMQSt2uE4OcpQqbFu7f7NbTK05lx80nuSijCz7sc3a277R67g,It's gotten worse (especially with the explore function gone) but I do want it to get better. It also just stops everything at random times too which isn't the best.,2,0,1.1.52,2023-02-15 08:42:56,,,1.1.52,gam6541,com.aidungeon
ffce0975-af2b-420c-80d8-1045b90f10b9,Michael Nodine,https://play-lh.googleusercontent.com/a-/ALV-UjW82JgvxW7P8p-ouCpEesVEcOSwH_dwwugEcdIvWoKmR4RaW6OG,Awesome but please put in a way to earn tokens like watching videos or perhaps some in game way. awesome game no matter what though. Edit OK thanks.,5,0,1.8.7,2024-09-10 23:56:13,Join our discord and visit the giveaways channel :),2024-09-10 06:43:09,1.8.7,gam29613,com.aisuccess.ai_game_master
deae123f-7a3f-4233-a0dd-124797eb65bb,A Google user,https://play-lh.googleusercontent.com/EGemoI2NTXmTsBVtJqk8jxF9rh8ApRWfsIMQSt2uE4OcpQqbFu7f7NbTK05lx80nuSijCz7sc3a277R67g,Super fun to play around with. I use it as a tool to help keep the flow going while I am writing and it works great for that! Definitely also recommend you check it out if you read 'Choose Your Own Adventure' type books as a child or enjoy pen and paper role-playing. It's easy to use and has a nice looking interface as well. Love it and will stay subscribed for the foreseeable future. Thanks to the dev team :),5,2,1.1.134,2022-05-16 11:27:46,,,1.1.134,gam2797,com.aidungeon
703660a2-dcb2-4401-a2f7-2ca9401dbf5f,A Google user,https://play-lh.googleusercontent.com/EGemoI2NTXmTsBVtJqk8jxF9rh8ApRWfsIMQSt2uE4OcpQqbFu7f7NbTK05lx80nuSijCz7sc3a277R67g,Used to be such a great app but now it's iffy you have to pay because of the most idiotic system to ever exist an energy system. It's cool and all and developers gotta be supported for their work somehow but.. really an energy system???,2,0,,2022-10-01 19:13:00,AI Dungeon is now unchained! Recent changes in AI cost made it possible for us to provide all players with unlimited access to Griffin our base AI model. We hope you will try out the new and improved experience! Learn more at https://aidungeon.io/unchained.,2023-01-05 22:14:35,,gam7769,com.aidungeon
5baf5aaa-0ea8-4669-bbe4-701b1add2b96,A Google user,https://play-lh.googleusercontent.com/EGemoI2NTXmTsBVtJqk8jxF9rh8ApRWfsIMQSt2uE4OcpQqbFu7f7NbTK05lx80nuSijCz7sc3a277R67g,This is amazing! I love the ability to do anything and change the story if you wish. Although I wish you could talk infinitely with the ai and not have to wait for energy. And maybe instead there where pop up adds say at the top instead so the devs still get paid but it's better for the community.,4,0,1.2.69,2024-08-23 21:34:56,,,1.2.69,gam1860,com.aidungeon
687248d3-0419-4fe0-9775-f81c86b4d947,Aaron Hamilton,https://play-lh.googleusercontent.com/a-/ALV-UjU7uJLc52Mqn0B6_gcprKRq2IgQzLzfSyZI_y_qOhK-PcuZQlw,very much like sitting at a d&d table minus the die rolls. entertaining,5,0,1.6.0,2024-08-03 04:46:54,Exactly what we were going for! Glad you like it :),2024-08-04 03:48:41,1.6.0,gam29799,com.aisuccess.ai_game_master
59268bf2-8186-437f-b368-a74c4055768d,A Google user,https://play-lh.googleusercontent.com/EGemoI2NTXmTsBVtJqk8jxF9rh8ApRWfsIMQSt2uE4OcpQqbFu7f7NbTK05lx80nuSijCz7sc3a277R67g,It was good I used it all the time then came the energy bar now I could tolerate to that be because you could go for a long while but this new action system is so dumb I get having to have ads but this is rediculious. :|,3,0,1.1.167,2022-09-11 00:55:50,Great news! We released a new update called Unchained. Ads no longer inhibit gameplay; all players have unlimited access to our base AI model (Griffin). Learn more at https://aidungeon.io/unchained :),2023-01-10 16:46:40,1.1.167,gam7123,com.aidungeon
7b8b22a3-6707-4268-924d-c876f873b0e4,Robert Hamel,https://play-lh.googleusercontent.com/a/ACg8ocKeYl0dDANiTUTThM1fPtuZeXxrwiYBhGWPF14GFcFAgIXo-g=mo,I love this app just wish I could do more I have no way to buy tokens,5,0,1.7.3,2024-06-12 22:35:55,Thanks for your love for the app! We wish we could offer more free play too. As a small team we need to balance the costs of running the AI with gameplay availability. We appreciate your understanding!,2024-06-13 04:46:33,1.7.3,gam29801,com.aisuccess.ai_game_master
66b44231-d713-423c-8248-6ae17a5b0f9a,A Google user,https://play-lh.googleusercontent.com/EGemoI2NTXmTsBVtJqk8jxF9rh8ApRWfsIMQSt2uE4OcpQqbFu7f7NbTK05lx80nuSijCz7sc3a277R67g,A simple and unique concept that gives you an incredible amount of control. There's a ton to do on this app but I wish they would remove all the paywalls.,4,0,1.1.46,2023-12-16 02:59:12,,,1.1.46,gam5807,com.aidungeon
191bd8f1-c880-4c5d-8c47-63aa3a84615f,A Google user,https://play-lh.googleusercontent.com/EGemoI2NTXmTsBVtJqk8jxF9rh8ApRWfsIMQSt2uE4OcpQqbFu7f7NbTK05lx80nuSijCz7sc3a277R67g,I love the stories I can roleplay in it's just that y'all should add a begin with a group option? Cause that'd be cool,4,0,,2023-03-14 22:31:42,Hey there! If you haven't already try out our multiplayer mode. If you have any questions let us know at support@aidungeon.io.,2023-03-29 13:34:23,,gam13649,com.aidungeon
4b701270-73a7-4aaa-8e4d-e4d485be258a,A Google user,https://play-lh.googleusercontent.com/EGemoI2NTXmTsBVtJqk8jxF9rh8ApRWfsIMQSt2uE4OcpQqbFu7f7NbTK05lx80nuSijCz7sc3a277R67g,I played this game a while ago and I easily would've given it 5 stars. Now I will give it 4 stars because now there are ads but to be fair the developers do need to earn money somehow. There are endless scenarios to play through and even player made ones which can be great if you find the scenarios interesting. I used to have a problem where I couldn't do anything but I tried this again and it works now. Can't wait for the Steam release.,4,3,,2022-06-30 18:35:46,AI Dungeon is now unchained! Recent changes in AI cost made it possible for us to provide all players with unlimited access to Griffin our base AI model. We hope you will try out the new and improved experience! Learn more at https://aidungeon.io/unchained.,2023-01-18 14:03:05,,gam1540,com.aidungeon
b576f5a9-f047-4b90-ba7d-b9cccf662de3,A Google user,https://play-lh.googleusercontent.com/EGemoI2NTXmTsBVtJqk8jxF9rh8ApRWfsIMQSt2uE4OcpQqbFu7f7NbTK05lx80nuSijCz7sc3a277R67g,Made it worse and slower,1,2,,2023-05-25 22:38:48,,,,gam21657,com.aidungeon
66060607-0078-4f61-8731-1d9173865423,A Google user,https://play-lh.googleusercontent.com/EGemoI2NTXmTsBVtJqk8jxF9rh8ApRWfsIMQSt2uE4OcpQqbFu7f7NbTK05lx80nuSijCz7sc3a277R67g,The many random glitches or bugs that appear really seem to piss me off. Then it comes with the problem of typing I can really see that this is is meant for pc and not a phone. There is that one damned bug or something that wont let me type anything and just doesn't let my digital board or whatever it is appear. Atleast include a feature were most mobile players csn actually enjoy the typing because the keyboard wont appear no matter how much I type.,3,2,1.2.49,2024-04-08 08:23:42,,,1.2.49,gam4766,com.aidungeon
1e4d6b77-e99b-4038-99b1-d1fb3d068e04,A Google user,https://play-lh.googleusercontent.com/EGemoI2NTXmTsBVtJqk8jxF9rh8ApRWfsIMQSt2uE4OcpQqbFu7f7NbTK05lx80nuSijCz7sc3a277R67g,AI Dungeon is so fun to mess with! As a fan of D&D I love how you can customize the way it tells your story! The pixel images you can create are pretty nice too. Everything is amazing for a free app. You don't really need premium to use it unless you want HD pictures generated.,5,0,1.1.178,2023-04-27 07:36:44,,,1.1.178,gam2931,com.aidungeon
c36fe2ea-6fe4-4eb8-b32c-996352093481,A Google user,https://play-lh.googleusercontent.com/EGemoI2NTXmTsBVtJqk8jxF9rh8ApRWfsIMQSt2uE4OcpQqbFu7f7NbTK05lx80nuSijCz7sc3a277R67g,"Garbage the game was heavily lobotomize for twitter puritans what the hell just happen on thus game??? I created a scenarion where i approach a beautiful princess and the A.I responded ""the girl scream ""rape"" for being sexually harass"" this game is garbage i hope your wifesboyfriend loves this game and allow you to pay for your wifes full year subscription on only fans",1,0,1.1.172,2023-02-15 04:06:33,,,1.1.172,gam15405,com.aidungeon
729288a2-2615-4e17-ae4c-ab361a7ab0ef,A Google user,https://play-lh.googleusercontent.com/EGemoI2NTXmTsBVtJqk8jxF9rh8ApRWfsIMQSt2uE4OcpQqbFu7f7NbTK05lx80nuSijCz7sc3a277R67g,The technology is only getting better but the price is becoming ridiculous. They raised the subscription price so much that I had to cancel it (about 300% more for the same features) and now it's not even playable for extended periods of time due to a limit on actions. I love the game but it's on this downward spiral that I have a hard time respecting. Hope it continues to improve!,2,51,1.1.164,2022-08-25 03:46:15,Please try out our newest update called Unchained! Free play allows for unlimited actions on our base AI model (Griffin). Learn more at https://aidungeon.io/unchained. Weve also made other performance improvements with more planned for the future :) Reach out to us at support@aidungeon.io if you have any additional concerns happy to help.,2023-01-12 18:29:53,1.1.164,gam559,com.aidungeon
6a038636-9379-4e5a-99de-0422dc464942,A Google user,https://play-lh.googleusercontent.com/EGemoI2NTXmTsBVtJqk8jxF9rh8ApRWfsIMQSt2uE4OcpQqbFu7f7NbTK05lx80nuSijCz7sc3a277R67g,No longer amazing. They've become greedy. They now spam you with ads. Even if you pay you are still forced to watch ads. They ruined it. I'm so disappointed.,1,4,1.1.147,2022-07-05 04:24:27,Player feedback is vital to us; we've found ways to reduce our AI cost to offer all players gameplay uninterrupted by ads with unlimited actions! Premium upgrades are available that remain cost-prohibitive to offer for free. We would love to discuss any questions or concerns; please reach out to us at support@aidungeon.io.,2023-01-14 16:08:45,1.1.147,gam8813,com.aidungeon
f21104d5-c6f6-4827-be38-fc2ed0f12576,A Google user,https://play-lh.googleusercontent.com/EGemoI2NTXmTsBVtJqk8jxF9rh8ApRWfsIMQSt2uE4OcpQqbFu7f7NbTK05lx80nuSijCz7sc3a277R67g,I think the stamina system back then is way better than this. Bring it back zamn,3,1,1.1.148,2022-07-23 17:18:34,,,1.1.148,gam13948,com.aidungeon
046ffa3c-106b-419f-896d-240f4e947861,Eric Schaller,https://play-lh.googleusercontent.com/a/ACg8ocLEZbYInXtErx1E7l0kDFIqSqboYguKpHUNg1nOZGPy9mD4hQ=mo,The keyboard goes off screen,1,0,,2022-07-27 16:21:45,Hey Eric! Can you tell us the device you are using? Please send a screenshot with broken keyboard by email (email is in the app description at Google Play) or by Discord (link in the game) we will try to fix it and get back to you.,2022-07-29 04:33:20,,gam431,com.feynmanapps.aitales
185f6c1a-98b9-4707-a5c7-265f64e655d4,A Google user,https://play-lh.googleusercontent.com/EGemoI2NTXmTsBVtJqk8jxF9rh8ApRWfsIMQSt2uE4OcpQqbFu7f7NbTK05lx80nuSijCz7sc3a277R67g,It is enjoyable for a bit but after a while it begins to repeat lines constantly or if you attempt the roleplay sort of aspects it constantly would take control of your character,2,1,,2023-12-06 00:56:53,,,,gam7701,com.aidungeon
e978d435-141a-4b62-be23-2faf06405cfd,A Google user,https://play-lh.googleusercontent.com/EGemoI2NTXmTsBVtJqk8jxF9rh8ApRWfsIMQSt2uE4OcpQqbFu7f7NbTK05lx80nuSijCz7sc3a277R67g,"It used to be good. The ads as many have stated are annoying at best and immersion destroying at worst. ""Ads were added to keep free play sustainable""? With this model you won't have any free players left! Uninstalled unfortunately and certainly won't be coming back.",2,0,1.1.52,2022-12-09 00:18:09,AI Dungeon is now unchained! Recent changes in AI cost made it possible for us to provide all players with unlimited access to Griffin our base AI model. We hope you will try out the new and improved experience! Learn more at https://aidungeon.io/unchained.,2022-12-13 14:24:06,1.1.52,gam1361,com.aidungeon
f5d27076-dd32-4a18-b1ba-51f634a4c335,A Google user,https://play-lh.googleusercontent.com/EGemoI2NTXmTsBVtJqk8jxF9rh8ApRWfsIMQSt2uE4OcpQqbFu7f7NbTK05lx80nuSijCz7sc3a277R67g,Love the game to death but the paywall for certain things is outrageous. You shouldn't have to pay to have a better experience.,5,1,1.1.119,2022-01-23 04:23:40,,,1.1.119,gam13145,com.aidungeon
0cc8093f-31d3-486d-8b6a-3107b311f1f0,A Google user,https://play-lh.googleusercontent.com/EGemoI2NTXmTsBVtJqk8jxF9rh8ApRWfsIMQSt2uE4OcpQqbFu7f7NbTK05lx80nuSijCz7sc3a277R67g,I love how adaptive the ai is :D thank you developers!,5,0,1.1.130,2022-03-22 22:40:42,You're welcome.,2022-03-17 10:20:34,1.1.130,gam19178,com.aidungeon
4ad4b96a-e056-4879-903d-b4322bde2f34,Scott Smith,https://play-lh.googleusercontent.com/a/ACg8ocIx54LHb9Tb5b12K-9th_bSBz1_1nQFB2OQ8i04tNjVVZGFig=mo,this is a lot of fun and offers almost an endless opportunity for adventure,5,0,1.7.5,2024-06-21 17:38:02,Thanks! We're glad you're having fun. That's exactly what we wanted to offer :),2024-06-23 02:06:47,1.7.5,gam29806,com.aisuccess.ai_game_master
6d67455b-2268-4f36-b9ba-a32a37d1f603,A Google user,https://play-lh.googleusercontent.com/EGemoI2NTXmTsBVtJqk8jxF9rh8ApRWfsIMQSt2uE4OcpQqbFu7f7NbTK05lx80nuSijCz7sc3a277R67g,Can't produce romance stories for some reason anymore NovelAI provides more freedom. I live in America baby freedom and liberty are the name of the game.,1,0,1.1.52,2023-03-13 05:57:25,Hey Raymond! You can create any stories you want; if you choose to publish they must follow our community guidelines. Reach out to us at support@aidungeon.io if you have any questions.,2023-03-17 15:41:02,1.1.52,gam18540,com.aidungeon
b3982fa0-625a-4a5e-9d56-6e3f04d1b7c4,A Google user,https://play-lh.googleusercontent.com/EGemoI2NTXmTsBVtJqk8jxF9rh8ApRWfsIMQSt2uE4OcpQqbFu7f7NbTK05lx80nuSijCz7sc3a277R67g,2 Stars. App is WAS fair overall until a certain bug appeared. The app is completely limited to a few actions per scenario/world if you decide to play without logging in. The problem here is the app comes across a error trying to enter the login section telling you to retry or attempt another login. Both sends you back to the story menu and nothing else happens. It repeats the same thing over. I haven't been able to find a way through. Edit - Deleted last review sorry.,2,7,1.1.139,2022-06-14 15:06:20,Hey! We would love to look into any issues you might be experiencing. Please reach out to us at support@aidungeon.io :),2023-01-18 16:54:45,1.1.139,gam1558,com.aidungeon
6c87f08e-eabb-4629-a3cf-f4a50854ff61,A Google user,https://play-lh.googleusercontent.com/EGemoI2NTXmTsBVtJqk8jxF9rh8ApRWfsIMQSt2uE4OcpQqbFu7f7NbTK05lx80nuSijCz7sc3a277R67g,With the ad system replacing the energy one it leaves me unable to use the free version. No matter what I do it is impossible to load the ads on my phone making the app useless. It used to be great,1,0,,2022-08-07 13:43:30,We've made some recent changes and improvements to AI Dungeon including our free-play experience :) Actions are now unlimited for all players using our Griffin AI model. Also other performance improvements were made. Learn more here: https://aidungeon.io/unchained.,2023-01-12 16:44:34,,gam4390,com.aidungeon
3be1a184-f91b-4376-8cb4-21120b9dc54c,A Google user,https://play-lh.googleusercontent.com/EGemoI2NTXmTsBVtJqk8jxF9rh8ApRWfsIMQSt2uE4OcpQqbFu7f7NbTK05lx80nuSijCz7sc3a277R67g,I love this very fun just finished a zombie adventure with my friends some issues though. Continuity like I said I get all of my survivors into a bus and drive to the evacuation center but when we arrived the AI said we where in a truck. later I had some weird stuff happen I tried talking to the AI and it talked for itself and me. It's really fun and I do recommend just a little creepy at times.,5,0,1.1.178,2023-04-20 09:59:30,,,1.1.178,gam1302,com.aidungeon
964208ad-4b62-45c7-a43e-14ea786d6ac8,A Google user,https://play-lh.googleusercontent.com/EGemoI2NTXmTsBVtJqk8jxF9rh8ApRWfsIMQSt2uE4OcpQqbFu7f7NbTK05lx80nuSijCz7sc3a277R67g,"Won't log in just says error ""error""",3,0,1.1.52,2022-08-18 04:52:30,,,1.1.52,gam17234,com.aidungeon
48fcfd4f-a64e-4cf2-9daf-ad958d221e83,A Google user,https://play-lh.googleusercontent.com/EGemoI2NTXmTsBVtJqk8jxF9rh8ApRWfsIMQSt2uE4OcpQqbFu7f7NbTK05lx80nuSijCz7sc3a277R67g,I no longer enjoy this game with all the ads in game purchases and worst of all the ai. It's just gotten completely random and off topic.,1,0,1.1.37,2022-11-11 03:50:35,AI Dungeon is now unchained! Recent changes in AI cost made it possible for us to provide all players with unlimited access to Griffin our base AI model. We hope you will try out the new and improved experience! Learn more at https://aidungeon.io/unchained.,2022-12-14 20:20:09,1.1.37,gam8787,com.aidungeon
c6e59cef-36fd-4b54-a125-26c0409be6b8,A Google user,https://play-lh.googleusercontent.com/EGemoI2NTXmTsBVtJqk8jxF9rh8ApRWfsIMQSt2uE4OcpQqbFu7f7NbTK05lx80nuSijCz7sc3a277R67g,I used to love this game I was actually addicted. But these new updates makes the game no longer fun. It makes me sad to see a great game turn into this please bring back the old one I grew to love.,1,0,1.1.52,2022-09-22 20:54:56,Free play is now an unlimited experience! Ads no longer interrupt gameplay; all players have unlimited actions when using Griffin (our base AI model). Learn more at https://aidungeon.io/unchained. We will continue to improve our model and overall game experience. Stay tuned for more exciting updates :) Email us at support@aidungeon.io.,2023-01-06 16:05:04,1.1.52,gam9183,com.aidungeon
193afe0b-b569-433f-858f-0a7daa19888d,A Google user,https://play-lh.googleusercontent.com/EGemoI2NTXmTsBVtJqk8jxF9rh8ApRWfsIMQSt2uE4OcpQqbFu7f7NbTK05lx80nuSijCz7sc3a277R67g,Terrible loading times buggy slow interface. I'm willing to put up with passable generations and slower replies but the general ui is terrible to interact with It takes several complete restarts of app to actually load up a story and it's not a data speed issue. Freezes up and needs a complete restart of app in the middle of a story as well sometimes. I really hope they improve and bring down their prices in relation to what country the purchases are from.,1,9,1.2.49,2024-06-18 21:34:11,,,1.2.49,gam1969,com.aidungeon
d97bb783-1ecd-4185-9203-5dff1374c9fb,A Google user,https://play-lh.googleusercontent.com/EGemoI2NTXmTsBVtJqk8jxF9rh8ApRWfsIMQSt2uE4OcpQqbFu7f7NbTK05lx80nuSijCz7sc3a277R67g,still too many features for free. don't you guys need like. more money?,1,1,1.1.119,2022-02-01 10:53:00,,,1.1.119,gam17640,com.aidungeon
21fbf338-d61e-4651-9e29-018eaf389ef4,Reubens WulF,https://play-lh.googleusercontent.com/a-/ALV-UjUwSUwMYuC-rMXlxO_q9yOZXzqhDjnhO4nX_nfjtPcU_WsBQ0nM,The storytelling is amazing and the fact it allows full fledged creativity for your character.I thoroughly enjoy this so far I hope.you guys continue,5,0,1.6.3,2024-05-28 01:43:55,,,1.6.3,gam29722,com.aisuccess.ai_game_master
85fa3293-c744-45be-8bb7-c565e47a2812,A Google user,https://play-lh.googleusercontent.com/EGemoI2NTXmTsBVtJqk8jxF9rh8ApRWfsIMQSt2uE4OcpQqbFu7f7NbTK05lx80nuSijCz7sc3a277R67g,Fun game can be anything you want it to be the Ai needs some work. Edit: The Ai got better but the game got much worse due to all the things they added in updates still a good game as long as you like giving up time or money.,2,1,1.1.134,2022-08-27 02:27:47,Thanks for the review we hear you! Let us know how we can help at feedback.latitude.io!,2022-09-01 23:59:37,1.1.134,gam7766,com.aidungeon
5459ad39-753f-41fd-a035-806d7f875bd6,A Google user,https://play-lh.googleusercontent.com/EGemoI2NTXmTsBVtJqk8jxF9rh8ApRWfsIMQSt2uE4OcpQqbFu7f7NbTK05lx80nuSijCz7sc3a277R67g,Had a teeny tiny problem but I contacted the developers and they were very helpful.,5,0,1.1.136,2022-05-20 22:54:54,,,1.1.136,gam12998,com.aidungeon
bc8458bd-d985-4415-9210-f18475b9291e,A Google user,https://play-lh.googleusercontent.com/EGemoI2NTXmTsBVtJqk8jxF9rh8ApRWfsIMQSt2uE4OcpQqbFu7f7NbTK05lx80nuSijCz7sc3a277R67g,"Paid $10 for a permanent membership back when it was an option. Now been degraded to an average user with the ""Traveler"" title. I'd argue the AI is worse now as it doesn't adapt or remember as much as it used to. Likely due to changing them to features now. If it weren't for the payment structure changing to a subscription basis I may be more inclined to play. But now it feels like another cash grab app. Being able to play on my PC and Phone was a sweet deal. But much has changed for the worse",1,162,1.2.49,2024-05-14 01:31:27,We're grateful to travelers like you! Travelers had access to several benefits like unlimited Griffin generations and advanced settings. However our one-time purchase model hasn't kept pace with the improvements and upgraded models now available to all players. Happy to discuss more if you could reach out to us at support@aidungeon.com.,2024-06-12 14:27:57,1.2.49,gam526,com.aidungeon
a07b1317-8d75-4ba9-b19b-bbff2b034e0c,ElementalofAir,https://play-lh.googleusercontent.com/a-/ALV-UjWi5M_mAlB9U8zcY0NNxGlzYpnG96lImCsLn9PTvCYCYq6da3Ml,What would really turn the tables for me is a settings bar in each story so I can set info about the story rather than using an action. Especially gender since I want to play as a girl in every story and the ai tends to assume that 'you' is male. Sometimes I have to remind it that I'm playing a female character. I would also imagine you could include other basic info such as occupation names of other characters + relation to you i.e. Andrew - your brother. But the ai seems really smart.,3,1,,2022-11-19 14:11:31,Interesting ideas! We will definitely think about how we could do character gender customization. We will start with this challenge and will keep you informed. There are already several hypotheses on how this can be implemented. Thank you for the review!,2022-11-21 03:22:29,,gam105,com.feynmanapps.aitales
c5052636-b697-42a3-932d-9581f1085f51,A Google user,https://play-lh.googleusercontent.com/EGemoI2NTXmTsBVtJqk8jxF9rh8ApRWfsIMQSt2uE4OcpQqbFu7f7NbTK05lx80nuSijCz7sc3a277R67g,The app used to be great back in August 2020 but now in early May/June it's pretty much an app where everyone is concerned about their privacy. RIP AI Dungeon X(.,5,1,,2022-02-23 19:26:27,,,,gam9828,com.aidungeon
faa4840d-cdd9-4c3d-b79e-3fff95e152cb,A Google user,https://play-lh.googleusercontent.com/EGemoI2NTXmTsBVtJqk8jxF9rh8ApRWfsIMQSt2uE4OcpQqbFu7f7NbTK05lx80nuSijCz7sc3a277R67g,Game is glitchy but it's okay and I have been playing for sometime now. But the manage action is not really working. It just says Error. Trying again. Over and over again even though I have good internet so it's now forcing me to pay to play.,2,1,1.1.148,2022-07-20 03:39:27,We would love to look into any issues you might be experiencing. Please reach out to us at support@aidungeon.io :),2023-01-18 10:58:19,1.1.148,gam4953,com.aidungeon
fb2bc627-a087-46b5-8aab-b92c65d57df6,A Google user,https://play-lh.googleusercontent.com/EGemoI2NTXmTsBVtJqk8jxF9rh8ApRWfsIMQSt2uE4OcpQqbFu7f7NbTK05lx80nuSijCz7sc3a277R67g,It's pretty good I don't like how you can't ad multiple characters and the game dosent save once you leave the app and I can't find anything that will make it save,4,0,1.1.178,2023-08-02 16:45:09,,,1.1.178,gam7767,com.aidungeon
5bccb55c-b116-44bd-91d7-6ef0c59da27a,A Google user,https://play-lh.googleusercontent.com/EGemoI2NTXmTsBVtJqk8jxF9rh8ApRWfsIMQSt2uE4OcpQqbFu7f7NbTK05lx80nuSijCz7sc3a277R67g,It can use some work. However I have never seen anything better than this and it is only going to get better.,4,0,1.1.172,2023-02-02 08:08:49,We appreciate your review Douglas! Many exciting plans for 2023 :) Our team is committed to finding ways to improve AI Dungeon. If you have any feedback or suggestions please let us know at https://feedback.latitude.io/.,2023-02-02 17:56:25,1.1.172,gam17255,com.aidungeon
1622fd37-3949-4f02-8006-a25923fa051d,A Google user,https://play-lh.googleusercontent.com/EGemoI2NTXmTsBVtJqk8jxF9rh8ApRWfsIMQSt2uE4OcpQqbFu7f7NbTK05lx80nuSijCz7sc3a277R67g,I enjoy this game but the AI always forget what happened before. It was enjoyable at first but it became annoying as you play further through the game. It's good but yeah that happens. Please fix/improve the AI.,3,1,1.2.49,2024-04-12 10:50:51,Hey there! We would appreciate any specific feedback you can share about your experience. Please reach out to us at support@aidungeon.com. We recommend using in-game tools like Memory Authors Note and World info to tell the AI what is important in your story learn more at https://help.aidungeon.com/faq/why-does-the-ai-forget-or-mix-things-up.,2024-04-12 16:57:47,1.2.49,gam6229,com.aidungeon
509d0be7-ced3-4250-80af-f26d66185dc4,A Google user,https://play-lh.googleusercontent.com/EGemoI2NTXmTsBVtJqk8jxF9rh8ApRWfsIMQSt2uE4OcpQqbFu7f7NbTK05lx80nuSijCz7sc3a277R67g,It will not let me open the app it donst even give me the option,1,0,,2022-08-07 14:48:21,,,,gam19790,com.aidungeon
4c65f00a-1113-40d0-b4a0-146d16956ff5,A Google user,https://play-lh.googleusercontent.com/EGemoI2NTXmTsBVtJqk8jxF9rh8ApRWfsIMQSt2uE4OcpQqbFu7f7NbTK05lx80nuSijCz7sc3a277R67g,This app in a single word: Downhill. Started out as an experience I was happy to pay monthly for. Then they added the filter that was false flagging stories and now they've added forced ads. It's only going to get worse from here don't invest at all.,1,1,,2022-06-26 16:35:01,We've made some recent changes and improvements to AI Dungeon including our free-play experience. Actions are now unlimited for all players using our Griffin AI model. Also other performance improvements were made. Learn more here: https://aidungeon.io/unchained. If you have any questions or concerns please contact us at support@aidungeon.io.,2023-01-18 14:36:48,,gam3691,com.aidungeon
eff67276-a8a0-43d9-aa55-5e91abf1ff45,David Henry,https://play-lh.googleusercontent.com/a-/ALV-UjUpYm5H326aqWqGIiZXo_OLByOn4YI893_k9AeULSEeCI1hddSP,Completely unplayable the screen is not formatted correctly so buttons or options you need to interact with cannot be seen or tapped on.,1,2,,2022-06-20 23:17:15,Hey David. Please send us a screenshot with wrong layout and your device name by email [ at@aitales.art ] or with Discord. Players write to us about similar problems on different devices trying to figure out what's wrong.,2022-08-14 05:52:01,,gam215,com.feynmanapps.aitales
58200ac6-0862-4fdb-bde9-faac0e280b47,A Google user,https://play-lh.googleusercontent.com/EGemoI2NTXmTsBVtJqk8jxF9rh8ApRWfsIMQSt2uE4OcpQqbFu7f7NbTK05lx80nuSijCz7sc3a277R67g,The ember update just dropped and I've gotta say that a subscription has never been more worth it. The premium models (Mistral Small specifically) are AMAZING and actually worth the money.,5,32,1.2.72,2024-10-09 18:16:40,Hey Drum! Thank you for your 5-star review. We are thrilled to hear you've enjoyed our latest update.,2024-10-10 00:46:03,1.2.72,gam1896,com.aidungeon
26442506-da6b-42ff-b5c6-c0f9f431f5b2,A Google user,https://play-lh.googleusercontent.com/EGemoI2NTXmTsBVtJqk8jxF9rh8ApRWfsIMQSt2uE4OcpQqbFu7f7NbTK05lx80nuSijCz7sc3a277R67g,Devs actually fixed the censorship 10/10,5,7,1.1.139,2022-06-03 14:44:23,Thank you for following our efforts on that Allexandrie! We appreciate the 5-star review and hope we can continue to make AI Dungeon a fun & meaningful experience for all players.,2022-06-06 18:18:47,1.1.139,gam22123,com.aidungeon
77da739d-9e89-4584-879c-80fb97d3841c,A Google user,https://play-lh.googleusercontent.com/EGemoI2NTXmTsBVtJqk8jxF9rh8ApRWfsIMQSt2uE4OcpQqbFu7f7NbTK05lx80nuSijCz7sc3a277R67g,It's really fun and good time passer. I love reading the random scenarios and situations I find myself in during my gameplay,5,3,1.2.40,2023-11-10 23:29:46,,,1.2.40,gam9505,com.aidungeon
3ef81235-1ce8-44f8-9cf2-2fa79188e4ab,A Google user,https://play-lh.googleusercontent.com/EGemoI2NTXmTsBVtJqk8jxF9rh8ApRWfsIMQSt2uE4OcpQqbFu7f7NbTK05lx80nuSijCz7sc3a277R67g,most other ai story generators are mostly choppy and inconsistent on what's going on and the characters personalities but this one does that great sometimes the ai generators something not to my liking but thats just me you can always edit what the ai says so I think this ai is great and I 100% recommend you atleast try it,5,0,1.1.139,2022-06-06 07:46:47,,,1.1.139,gam7272,com.aidungeon
ba3eb0e1-9202-4583-93b1-6ddca7a81aa1,A Google user,https://play-lh.googleusercontent.com/EGemoI2NTXmTsBVtJqk8jxF9rh8ApRWfsIMQSt2uE4OcpQqbFu7f7NbTK05lx80nuSijCz7sc3a277R67g,Like every other game greedy and wants money from you.,3,2,,2022-08-03 01:18:41,Greedy? Hardly. Free play costs us over $500k USD every year. Ads help us keep the game sustainable and free for players as well as enabling unlimited game play. AI is expensive and we chose to implement ads rather than to cut off free players. Learn more on our blog: https://share.voyage/bUpLNXp9xyk,2022-08-03 15:57:07,,gam16439,com.aidungeon
26fb876d-1268-46fb-834e-d0337a12bd59,Jordan Byrnes,https://play-lh.googleusercontent.com/a-/ALV-UjXrIreb3OIFb459kvMGi-fBPZ_m298k5qiSfU_I7y34FhKYJMlf,It literally will not just simply let you set up the characters manually and I'm so sick of it starting the quest without me saying I'm ready. 0/5 stars could've been good but it legit feels like devs got lazy and pushed it out before it was ready.,1,0,1.6.2,2024-05-06 15:17:58,Hey there we're sorry about your experience. To set up your character just describe them in a single sentence and the AI will take care of the rest. If you have more feedback or concerns we're listening. Thanks for giving us a shot!,2024-05-07 02:19:35,1.6.2,gam29599,com.aisuccess.ai_game_master
85ce3944-b098-4baa-9d3e-2846c1c49779,A Google user,https://play-lh.googleusercontent.com/EGemoI2NTXmTsBVtJqk8jxF9rh8ApRWfsIMQSt2uE4OcpQqbFu7f7NbTK05lx80nuSijCz7sc3a277R67g,I really like the app and ads aren't that big of a problem anymore.,5,0,1.1.147,2022-06-24 10:13:38,Great news! We released a new update called Unchained. Ads no longer inhibit gameplay; all players have unlimited access to our base AI model (Griffin). Learn more at https://aidungeon.io/unchained :),2023-01-18 15:00:16,1.1.147,gam14622,com.aidungeon
c2943261-db95-4ab5-832f-e78e8917273f,A Google user,https://play-lh.googleusercontent.com/EGemoI2NTXmTsBVtJqk8jxF9rh8ApRWfsIMQSt2uE4OcpQqbFu7f7NbTK05lx80nuSijCz7sc3a277R67g,Revive update: this game has come along way the only limits is the imagination though on complaint I have is the ai sometimes change the story attempt to change your character to one of the others or your name but easily fixed with an edit,5,0,1.2.49,2024-04-01 01:13:49,,,1.2.49,gam8223,com.aidungeon
8b379e91-46c1-476d-b735-5d5b53e37879,A Google user,https://play-lh.googleusercontent.com/EGemoI2NTXmTsBVtJqk8jxF9rh8ApRWfsIMQSt2uE4OcpQqbFu7f7NbTK05lx80nuSijCz7sc3a277R67g,I'm genuinely upset right now. My experiences with the AI are usually pretty good but lately the interactions havent been as good the responses it gives is just sort of 'meh'. Which i can get past truly same with the ads I've not a problem with them (currently). However what I am upset about is I just spent a good 30 minutes typing a reply to the AI only to find out there's a character limit which I've never had a problem with before. It deleted everything I wrote which is annoying as f,3,1,,2022-08-19 23:53:34,Please try out our newest update called Unchained! Free play allows for unlimited actions on our base AI model (Griffin) including other performance improvements. Learn more at https://aidungeon.io/unchained. Happy to look into any issues you are having reach out to us at support@aidungeon.io. Thanks :),2023-01-11 14:26:56,,gam748,com.aidungeon
447c3763-5c9e-471c-bd38-390ff7e1527a,A Google user,https://play-lh.googleusercontent.com/EGemoI2NTXmTsBVtJqk8jxF9rh8ApRWfsIMQSt2uE4OcpQqbFu7f7NbTK05lx80nuSijCz7sc3a277R67g,The game was fun and I didn't mind the ads the Ai is at times not very good at following the text I've written down but I always am okay with retrying. Overall great game and I'm glad the app issue got fixed. My apologies for editing it again but for some reason safe search is stuck on strict mode whenever I turn it off all of a sudden if this is a temporary thing I understand but please look into it.,5,5,1.1.155,2022-08-11 09:34:15,Hey again :) Recent changes in AI cost made it possible for us to provide all players with unlimited access to Griffin our base AI model. We hope you will try out the new and improved experience! If you still have issues with safe mode please reach out to us at support@aidungeon.io. Thanks!,2023-01-11 15:30:04,1.1.155,gam2741,com.aidungeon
43522f88-8d5c-4c90-abfd-4fef8d74496b,A Google user,https://play-lh.googleusercontent.com/EGemoI2NTXmTsBVtJqk8jxF9rh8ApRWfsIMQSt2uE4OcpQqbFu7f7NbTK05lx80nuSijCz7sc3a277R67g,You decided that you wanted to milk as much money as you can. At least allow us to choose between energy or ads. I prefer a no ad experience even if it limits how much i can play.,1,6,1.1.147,2022-06-24 01:54:43,Player feedback is vital to us; we've found ways to reduce our AI cost to offer all players gameplay uninterrupted by ads with unlimited actions! Premium upgrades are available that remain cost-prohibitive to offer for free. We would love to discuss any questions or concerns; please reach out to us at support@aidungeon.io.,2023-01-18 15:00:38,1.1.147,gam8546,com.aidungeon
31bcd58a-936b-4d79-8544-5bd034717ced,A Google user,https://play-lh.googleusercontent.com/EGemoI2NTXmTsBVtJqk8jxF9rh8ApRWfsIMQSt2uE4OcpQqbFu7f7NbTK05lx80nuSijCz7sc3a277R67g,It feels like the updates have made the AI dumber. Why does the AI confuse characters so often? Even if I put the characters or locations in World Info the AI will either get the name completely wrong or only partially correct. Also the AI seems to repeat things wayyy too much. UPDATE: They have made it so you have to pay a pretty costly monthly subscription for it not worth it for an experimental app which has many issues. Probably better to just wait for the tech to improve.,1,2,1.1.50,2022-09-22 20:53:03,Great news! We released a new update called Unchained. Ads no longer inhibit gameplay; all players have unlimited access to our base AI model (Griffin). Learn more at https://aidungeon.io/unchained :) If you have any questions or need help with anything please reach out to us at support@aidungeon.io. Thanks!,2023-01-06 16:05:57,1.1.50,gam2043,com.aidungeon
4c874c3c-5e09-414e-bd68-e40b9f686277,A Google user,https://play-lh.googleusercontent.com/EGemoI2NTXmTsBVtJqk8jxF9rh8ApRWfsIMQSt2uE4OcpQqbFu7f7NbTK05lx80nuSijCz7sc3a277R67g,"Ai Dungeon is done for you guys had an AMAZING engine with limitless capabilities but you made literally every wrong choice. The ""energy"" system is the biggest turd though even the description for it is a joke. You became money hungry you wanted more than you had and now your ratings are paying for it. It's a shame though I had a ton of fun making mock Fallout worlds and doing whatever I wanted. Oh well in a way it is kind of funny at the same time to see your greed become your downfall.",1,3,1.1.45,2022-03-02 07:08:43,,,1.1.45,gam6120,com.aidungeon
c9ad5283-b81f-4707-8dac-508943e13271,A Google user,https://play-lh.googleusercontent.com/EGemoI2NTXmTsBVtJqk8jxF9rh8ApRWfsIMQSt2uE4OcpQqbFu7f7NbTK05lx80nuSijCz7sc3a277R67g,I think that the world menu should have a page where you can write about the history of a kindom or of the world facts rules . And also create a system like a personal system or like a system that controls the world gives people power etc. Othen than that I like it although it find its hard to recall events.,4,1,1.1.178,2023-07-23 10:07:03,,,1.1.178,gam4395,com.aidungeon
c43f56cf-87c8-4a39-ac44-649286c8103f,A Google user,https://play-lh.googleusercontent.com/EGemoI2NTXmTsBVtJqk8jxF9rh8ApRWfsIMQSt2uE4OcpQqbFu7f7NbTK05lx80nuSijCz7sc3a277R67g,"I really liked this app when it first came back a couple of my friends even paid for some things. I just don't understand why you had to update it. like ads every 10 actions I miss the energy bar and how it would refill everyday. It'd be nice to have full actions everyday without having to watch an ad first. Not sure why you had to add ads now all my friends that ever paid into your app have realized that it was a waste of money to support you when you ""upgrade"" to ads. Hope steam deletes u",2,13,1.1.148,2022-07-25 13:29:19,Free play is now an unlimited experience! Ads no longer interrupt gameplay; all players have unlimited actions when using Griffin (our base AI model). Learn more at https://aidungeon.io/unchained. We will continue to improve our model and overall game experience. Stay tuned for more exciting updates :),2023-01-13 16:51:29,1.1.148,gam755,com.aidungeon
39083827-77d5-4c24-bf6e-3ecfd6a428d5,A Google user,https://play-lh.googleusercontent.com/EGemoI2NTXmTsBVtJqk8jxF9rh8ApRWfsIMQSt2uE4OcpQqbFu7f7NbTK05lx80nuSijCz7sc3a277R67g,I've never thought I would ever write here a review but after using this App for this long I'll have to say they made Free Tier pretty good and outstanding from other ai apps by a bunch.. Not making it too OP of an update but still making free users feel good.. They don't force ads at you. I nearly even reach 1k context but making it 2k is phenomenal.,5,0,1.2.49,2024-05-02 15:30:08,,,1.2.49,gam3479,com.aidungeon
8dc17d57-5a80-4060-af88-83343472df3b,A Google user,https://play-lh.googleusercontent.com/EGemoI2NTXmTsBVtJqk8jxF9rh8ApRWfsIMQSt2uE4OcpQqbFu7f7NbTK05lx80nuSijCz7sc3a277R67g,It's extremely sad what this game has become. Such incredible potential that was thrown away into a dumpster fire. The dumpster fire being insane censorship. What was once an app that I spent literally hours in is now an app that's become nearly unplayable. The new ad system for actions is just a spit in the face at this point. There's absolutely nothing here now that any normal non-AI RPG game can't give you and do it a thousand times better.,1,176,1.1.172,2022-10-16 02:37:53,Hey Michael! Appreciate your feedback and concerns. We want to provide the best possible experience and a safe creative environment for our players. You can learn more here: https://help.aidungeon.io/community-guidelines. Major updates are underway that will improve free play. Learn more here: https://latitude.io/blog/next-steps-on-ai-dungeon/.,2022-10-18 19:30:18,1.1.172,gam3558,com.aidungeon
e56ea0fd-705d-40bc-8552-1629fdee283f,A Google user,https://play-lh.googleusercontent.com/EGemoI2NTXmTsBVtJqk8jxF9rh8ApRWfsIMQSt2uE4OcpQqbFu7f7NbTK05lx80nuSijCz7sc3a277R67g,Good. But can you please make 2d mode free? Please?,2,0,1.1.119,2022-02-22 00:03:32,,,1.1.119,gam16612,com.aidungeon
1f408af3-06b8-453b-9032-77c2564c7a6f,A Google user,https://play-lh.googleusercontent.com/EGemoI2NTXmTsBVtJqk8jxF9rh8ApRWfsIMQSt2uE4OcpQqbFu7f7NbTK05lx80nuSijCz7sc3a277R67g,A very good app the AI is incredible and I also like the stories very much keep it up.,5,0,1.1.172,2022-11-11 07:52:04,Thank you for this epic review Seemi! If you have any feedback or suggestions on how we can improve please let us know at https://feedback.latitude.io/.,2022-12-01 20:58:20,1.1.172,gam11221,com.aidungeon
f2089a4d-8558-468e-b0f2-d22625177e8a,A Google user,https://play-lh.googleusercontent.com/EGemoI2NTXmTsBVtJqk8jxF9rh8ApRWfsIMQSt2uE4OcpQqbFu7f7NbTK05lx80nuSijCz7sc3a277R67g,"Not so good but funny. ""You choose multiverse with infinity people to eat"". AI said. ""Every people in this universe is dead"". AI said. Also it spelt wrong: you eat every living people. It should be: you ate every living people.",4,0,1.1.134,2022-05-06 16:01:15,,,1.1.134,gam14108,com.aidungeon
b385bbec-ac6b-425a-b8b4-e45d9a522662,A Google user,https://play-lh.googleusercontent.com/EGemoI2NTXmTsBVtJqk8jxF9rh8ApRWfsIMQSt2uE4OcpQqbFu7f7NbTK05lx80nuSijCz7sc3a277R67g,You fixed it! Thank you latitude! I also have an idea. A scenario mode where it rolls a dice and depending on what you roll you fail or succeed. Or a stat system where if your stats are adequate you fail or succeed.,5,0,1.1.178,2023-03-07 00:01:19,Glad it's fixed; thanks for updating your review! Also we appreciate your suggestion and feedback :),2023-03-07 14:10:21,1.1.178,gam6595,com.aidungeon
dec8b6e8-0114-4efc-8736-6cea95ff5ccc,A Google user,https://play-lh.googleusercontent.com/EGemoI2NTXmTsBVtJqk8jxF9rh8ApRWfsIMQSt2uE4OcpQqbFu7f7NbTK05lx80nuSijCz7sc3a277R67g,aside from the technical issue this is a good app bro,4,0,1.1.178,2023-04-28 05:15:45,,,1.1.178,gam17520,com.aidungeon
d26a576f-5889-415a-86c2-28caf57104c5,Irena Grabovitch-Zuyev,https://play-lh.googleusercontent.com/a-/ALV-UjURCTQAXUO7HPVfOs6QQ44K11SYEsoGcmS1Mhu2fGXk8pMRFyXX,I didn't like the tokens limit.,5,1,1.0.2,2024-01-10 13:04:42,We understand and are working on providing more tokens. Tokens are there to cover the AI expenses but we'll try to lower the prices or offer more tokens. In the meantime you can share an adventure and rate the app for more tokens.,2024-01-11 01:22:57,1.0.2,gam29949,com.aisuccess.ai_game_master
73a8677b-03e3-4940-a8df-0186b0650241,A Google user,https://play-lh.googleusercontent.com/EGemoI2NTXmTsBVtJqk8jxF9rh8ApRWfsIMQSt2uE4OcpQqbFu7f7NbTK05lx80nuSijCz7sc3a277R67g,The app is good but honestly even the free version should be given atleast a little bit more of creativity and coherence.,3,2,1.1.134,2022-04-10 13:27:45,Hi Boss thanks for the feedback! If you haven't already we highly recommend using the tools above the input box (specifically Retry Memory (MEMO) and World Info) to give the AI more context about your story and hopefully a more coherent experience.,2022-04-15 14:29:13,1.1.134,gam8656,com.aidungeon
30f02e1b-3974-411b-94e2-8bf6ad633c2a,A Google user,https://play-lh.googleusercontent.com/EGemoI2NTXmTsBVtJqk8jxF9rh8ApRWfsIMQSt2uE4OcpQqbFu7f7NbTK05lx80nuSijCz7sc3a277R67g,so far Excellent fun,5,0,1.1.178,2023-08-26 08:57:48,,,1.1.178,gam21292,com.aidungeon
0442861d-328b-4910-9f25-d26d8d57c195,A Google user,https://play-lh.googleusercontent.com/EGemoI2NTXmTsBVtJqk8jxF9rh8ApRWfsIMQSt2uE4OcpQqbFu7f7NbTK05lx80nuSijCz7sc3a277R67g,Bruh I can't open the app literally! there's no icon I can't even open it in the Google app store. Fix it.,2,4,1.1.108,2022-08-08 08:12:23,Thanks for the review Evandle! We are aware of an issue with the Android App where the icon displays incorrectly for some users' devices. We have a new build Google is currently reviewing and which we hope will be live for all users in the next day or so. We appreciate your patience!,2022-08-08 14:54:34,1.1.108,gam11986,com.aidungeon
57bd03a4-47b1-4078-9fc1-144059d62151,A Google user,https://play-lh.googleusercontent.com/EGemoI2NTXmTsBVtJqk8jxF9rh8ApRWfsIMQSt2uE4OcpQqbFu7f7NbTK05lx80nuSijCz7sc3a277R67g,Good way to play text base game,5,0,1.1.134,2022-05-16 14:18:05,,,1.1.134,gam19473,com.aidungeon
9b37d4bd-ad0b-4c7a-9915-8dd70553c904,A Google user,https://play-lh.googleusercontent.com/EGemoI2NTXmTsBVtJqk8jxF9rh8ApRWfsIMQSt2uE4OcpQqbFu7f7NbTK05lx80nuSijCz7sc3a277R67g,I like the game but the energy is not refreshing. I thought I could play for free. Guess not. Since I can't finish the story time to uninstall.,2,0,1.2.69,2024-08-24 23:13:52,,,1.2.69,gam1934,com.aidungeon
bc86de40-b725-483e-a475-6478d19dfbf6,A Google user,https://play-lh.googleusercontent.com/EGemoI2NTXmTsBVtJqk8jxF9rh8ApRWfsIMQSt2uE4OcpQqbFu7f7NbTK05lx80nuSijCz7sc3a277R67g,Played on and off for a couple years now AI is getting better and better although it does glitch a lot which is annoying and honestly cost the game a star,3,0,1.1.178,2023-06-26 19:57:23,We want to dig into this and resolve any glitches. Please contact us at support@aidungeon.io and include any details about the glitch and the steps to reproduce it. Thanks!,2023-06-28 16:29:07,1.1.178,gam9636,com.aidungeon
4cc88c31-ccec-4bfc-819c-1a0e52312d71,A Google user,https://play-lh.googleusercontent.com/EGemoI2NTXmTsBVtJqk8jxF9rh8ApRWfsIMQSt2uE4OcpQqbFu7f7NbTK05lx80nuSijCz7sc3a277R67g,First timer but i am a fan of text-based games and so far i am delighted to have come across this game,5,0,1.2.72,2024-10-07 04:25:41,,,1.2.72,gam1981,com.aidungeon
c20bf33c-a8fa-468c-abc6-1222ada7eff0,A Google user,https://play-lh.googleusercontent.com/EGemoI2NTXmTsBVtJqk8jxF9rh8ApRWfsIMQSt2uE4OcpQqbFu7f7NbTK05lx80nuSijCz7sc3a277R67g,I can get immersed into this for hours the ai is great and engaging as well as creative this is great for writers or people who just wanna mess around and be a cop or a criminal or a dragon or a dragon hunter you can be and do anything the choice is literally yours.,5,0,,2022-09-03 02:52:46,Hey Riaz! We appreciate the awesome review :) If you have any feedback or feature requests we would love to hear about it! You can leave it on our page here:https://feedback.latitude.io/. Thanks again!,2022-09-23 12:47:31,,gam8356,com.aidungeon
4b537763-22b5-4226-b574-ce347d3f19a9,A Google user,https://play-lh.googleusercontent.com/EGemoI2NTXmTsBVtJqk8jxF9rh8ApRWfsIMQSt2uE4OcpQqbFu7f7NbTK05lx80nuSijCz7sc3a277R67g,This game is fun to play for a while but it suddenly dissappeared off of my phone I didn't uninstall it. My phone says it is still installed but It can't play the game at all now. Is this some kind of new bug where it doesn't show me that the game is downloaded on my phone now?,2,1,1.1.153,2022-08-09 11:04:45,Thanks for the heads up! We've found the issue and solved it just waiting now for Google to approve the changes. The app should be back up soon. Thanks a million for your patience as we resolve this issue!,2022-08-09 13:22:38,1.1.153,gam6243,com.aidungeon
e16fb58e-8ca0-4385-b170-a82be47c1bd0,Vlad Spatariu,https://play-lh.googleusercontent.com/a-/ALV-UjWti3CeD-aIZ2FbHXGJZ4DPZrv9FN-WLC0aUms7Gs1vRfrBJ9nZww,Loving it! Out of personal curiosity do you guys use gpt3 for it under the hood? Later edit: Thanks for the info you guys are awesome! Will definitely buy it the next time I play around with it. :),5,0,1.9.9,2022-04-02 17:37:43,Vlad thanks for the review! You are right GPU servers for hosting AI models are expensive. Thank you for your kind words and support! UPDATE: We use lighter models but with similar architecture (GPTJ-like). And there are additional sets of our own architectures on top of the main one but this is the secret sauce,2022-04-02 17:08:59,1.9.9,gam250,com.feynmanapps.aitales
0bfe63db-b77f-4227-a364-40ea90e62e2f,A Google user,https://play-lh.googleusercontent.com/EGemoI2NTXmTsBVtJqk8jxF9rh8ApRWfsIMQSt2uE4OcpQqbFu7f7NbTK05lx80nuSijCz7sc3a277R67g,It used to be great but now everything it generates is just incoherent nonsense.,1,0,1.1.33,2022-05-07 14:44:57,,,1.1.33,gam14406,com.aidungeon
a24d4c82-8153-41cb-9593-1e95b9463ce7,A Google user,https://play-lh.googleusercontent.com/EGemoI2NTXmTsBVtJqk8jxF9rh8ApRWfsIMQSt2uE4OcpQqbFu7f7NbTK05lx80nuSijCz7sc3a277R67g,"I've tried it for the first time today and I'm hooked! My first story was zombie themed and was moved by what a stranger the A.I. invented said when I snuck up behind him and asked ""who are you?"" the sad eyed man turned to me and said "" it's been too long since someone asked me who I was most people just rob me and leave. Times must be rough out here."" I genuinely didn't expect to feel for the guy. These stories are completely made up on the spot like a highly skilled DM. I'm loving all of it!",5,0,1.1.172,2022-12-10 01:08:58,So fun! It's always interesting to see what the AI will come up with and work together to create exciting adventures. Thank you for your 5-star review this means a lot to our team :) If you haven't be sure to check out our latest update: https://aidungeon.io/unchained. Let us know if you have any feedback at https://feedback.latitude.io/.,2022-12-13 13:49:59,1.1.172,gam10895,com.aidungeon
d40a1189-6a33-43cd-bd8c-a9a0ca7ce7ef,A Google user,https://play-lh.googleusercontent.com/EGemoI2NTXmTsBVtJqk8jxF9rh8ApRWfsIMQSt2uE4OcpQqbFu7f7NbTK05lx80nuSijCz7sc3a277R67g,The game is entertaining of course you should not expect perfection if you just started playing. The only thing that i could suggest for improvement is increasing the quota for Prompt Info cause World Info barely doing anything when playing.,4,0,1.1.178,2023-06-29 04:35:20,,,1.1.178,gam6750,com.aidungeon
dad560f4-00c7-49f4-aba3-67a70d51b676,Plyr,https://play-lh.googleusercontent.com/a/ACg8ocKE2hrad8evUNxkRIflzXdjeCE_KE-Eau-SOsopwE9awHYO6g=mo,My friends. you've got a great idea here -no doubts about it! 20 years from now it might be like the Holodeck on Star Trek. But please do not worry about the art Instead focus on getting the story/AI interaction fixed up! It (both) need a lot of work yet. Artists will fall all over you to produce art if you get the AI interactive story concept totally down pat. Keep on working on this (type of) App - I foresee it changing the gaming world immensely I've got my on you!,3,2,2.4.6,2023-04-14 21:03:31,Wow Plyr! It's great that you suggest such ideas. We agree with you in many ways and continue to work in the direction of AI,2023-04-28 02:53:40,2.4.6,gam72,com.feynmanapps.aitales
06fd02a7-d438-4c89-8afe-37b07e1dd76d,A Google user,https://play-lh.googleusercontent.com/EGemoI2NTXmTsBVtJqk8jxF9rh8ApRWfsIMQSt2uE4OcpQqbFu7f7NbTK05lx80nuSijCz7sc3a277R67g,I made an account on this but after a few days the app restarts and im not in my account anymore but other from that the game is great!,3,0,1.1.136,2022-05-21 12:29:28,,,1.1.136,gam10980,com.aidungeon
5513ceef-df7b-4783-99da-ab4768f28dfe,A Google user,https://play-lh.googleusercontent.com/EGemoI2NTXmTsBVtJqk8jxF9rh8ApRWfsIMQSt2uE4OcpQqbFu7f7NbTK05lx80nuSijCz7sc3a277R67g,The update sucks and latitude no longer responds to the community.,3,1,1.1.170,2022-10-06 11:55:56,Clober! We are sorry you've had a negative experience recently we definitely want to hear about it and do what we can to help. Please reach out to us at support@aidungeon.io. Changes and adjustments continue to be made you can see our progress and future direction here: https://latitude.io/blog/next-steps-on-ai-dungeon/.,2022-10-06 16:43:51,1.1.170,gam14754,com.aidungeon
6cd74cd5-561f-46d9-99ae-586d22e401df,A Google user,https://play-lh.googleusercontent.com/EGemoI2NTXmTsBVtJqk8jxF9rh8ApRWfsIMQSt2uE4OcpQqbFu7f7NbTK05lx80nuSijCz7sc3a277R67g,"So the game is still pretty good. Just grinded a ton of actions while working on other stuff. Though I'm always stuck on the loading screen on both the mobile web and mobile version. On mobile it says: ""User Error: JSON Parse error: Unexpected token: <"" or to clear the cache on the mobile web version it just says ""failed to fetch"". Though I'm glad you guys are sticking by this game even when most (other reviewers) are against you. It just shows you guys care and I love that. Thank you.",4,12,1.1.170,2022-09-20 17:41:04,This issue should now be fixed; let us know if you are still having issues at support@aidungeon.io. Great news! We released a new update called Unchained. Ads no longer inhibit gameplay; all players have unlimited access to our base AI model (Griffin). Learn more at https://aidungeon.io/unchained :),2023-01-06 17:20:40,1.1.170,gam2970,com.aidungeon
66850579-724f-44aa-9020-c91d215f544e,A Google user,https://play-lh.googleusercontent.com/EGemoI2NTXmTsBVtJqk8jxF9rh8ApRWfsIMQSt2uE4OcpQqbFu7f7NbTK05lx80nuSijCz7sc3a277R67g,It's like speaking and interacting with creatures of the first dimension while holding the powers of a being in the third dimension that they would call a god,5,0,1.1.172,2022-10-30 03:24:12,Thank you for the 5-star review Yellow Grumpy Dog! That is a very unique description of our game :) So glad you are enjoying your experience. Updates are coming that will improve the way players experience AI Dungeon. Read more about them at https://latitude.io/blog/next-steps-on-ai-dungeon.,2022-11-01 22:12:20,1.1.172,gam12304,com.aidungeon
b5d7aba8-5252-429d-b599-e0eb01dc5aff,A Google user,https://play-lh.googleusercontent.com/EGemoI2NTXmTsBVtJqk8jxF9rh8ApRWfsIMQSt2uE4OcpQqbFu7f7NbTK05lx80nuSijCz7sc3a277R67g,Hello The story is good but. I have a problem regarding the ads this ad problem or bug is annoying. I can't even play the game without action and getting through the ads anyways here is my problem everytime i watch an ad to gain an action it will turn into a BLAck screen and will go back to the game but the ad button wont work too. i tried restarting the app and reinstalling it wont work but will work once please fix this i cant even play without money.,3,0,,2022-11-26 07:44:01,AI Dungeon is now unchained! Recent changes in AI cost made it possible for us to provide all players with unlimited access to Griffin our base AI model :) We hope you will try out the new and improved experience! Learn more at https://aidungeon.io/unchained. If you have any feedback or suggestions let us know at https://feedback.latitude.io/.,2022-12-13 19:10:55,,gam2210,com.aidungeon
58baf103-c4c3-4fbf-984e-92f20bb5c068,A Google user,https://play-lh.googleusercontent.com/EGemoI2NTXmTsBVtJqk8jxF9rh8ApRWfsIMQSt2uE4OcpQqbFu7f7NbTK05lx80nuSijCz7sc3a277R67g,I am still a fan of the app and i do understand why the ads where added to the app but the new actions system when trying to do an adventure i am personally not a fan of that the app is in a downward spiral i am hopeing that it improves but if things keep up this way i may just uninstall the app.,1,1,1.1.147,2022-07-07 01:51:20,AI Dungeon is now unchained! Recent changes in AI cost made it possible for us to provide all players with unlimited access to Griffin our base AI model. We hope you will try out the new and improved experience! Learn more at https://aidungeon.io/unchained.,2023-01-14 14:51:09,1.1.147,gam5485,com.aidungeon
5968c1e3-7c1a-447c-8155-293d403ea784,A Google user,https://play-lh.googleusercontent.com/EGemoI2NTXmTsBVtJqk8jxF9rh8ApRWfsIMQSt2uE4OcpQqbFu7f7NbTK05lx80nuSijCz7sc3a277R67g,If only the text box followed the keyboard everything else is nice. I don't have an older device I have a freshly updated S24 ultra it would be nice to see this fixed.,4,0,1.2.49,2024-05-09 22:56:28,,,1.2.49,gam5303,com.aidungeon
135dc821-36d7-44f1-8b6b-3211bbeaf48e,A Google user,https://play-lh.googleusercontent.com/EGemoI2NTXmTsBVtJqk8jxF9rh8ApRWfsIMQSt2uE4OcpQqbFu7f7NbTK05lx80nuSijCz7sc3a277R67g,It is a very nice app and helps you with a lot of your creativity. of course it gets some things wrong but it's bound to happen like autocorrect and things like that. Edit: use to love it before the update now some of my adventures are gone and so is all the progress that came with it. Without that everything is fine but I do wish there was less ads.,4,2,1.1.147,2022-07-12 05:36:20,Ads no longer interrupt gameplay; all players have unlimited actions to our base AI model. Learn more at https://aidungeon.io/unchained. We appreciate your review and support :),2023-01-13 20:54:39,1.1.147,gam3216,com.aidungeon
51dba27a-a059-4be6-bece-6179793e8b0d,A Google user,https://play-lh.googleusercontent.com/EGemoI2NTXmTsBVtJqk8jxF9rh8ApRWfsIMQSt2uE4OcpQqbFu7f7NbTK05lx80nuSijCz7sc3a277R67g,I hope the continue to update. Heroes update should be good fingers crossed.,5,0,1.2.66,2024-07-26 03:42:39,,,1.2.66,gam5857,com.aidungeon
2a897a12-a043-48cf-bca2-d6edd5c75fb6,Jacob Stillwagon,https://play-lh.googleusercontent.com/a/ACg8ocLCg21WmCRslrGjOExYzBmxVtlOmHAhEzo_covgA8BQjXcxjg=mo,it is definitely entertaining and you can basically do anything you want in the story.,5,0,1.7.9,2024-07-17 21:46:11,Thank you very much for your 5-star review!!!,2024-07-18 04:44:53,1.7.9,gam29745,com.aisuccess.ai_game_master
d8a4c68a-8cd0-4a8c-add9-b1b9059c3122,A Google user,https://play-lh.googleusercontent.com/EGemoI2NTXmTsBVtJqk8jxF9rh8ApRWfsIMQSt2uE4OcpQqbFu7f7NbTK05lx80nuSijCz7sc3a277R67g,I cant even play the game because it keeps crashing,1,0,1.1.134,2022-05-08 15:18:43,,,1.1.134,gam15663,com.aidungeon
f35c50f5-6fde-44f9-b2fb-3aa682c9a86a,A Google user,https://play-lh.googleusercontent.com/EGemoI2NTXmTsBVtJqk8jxF9rh8ApRWfsIMQSt2uE4OcpQqbFu7f7NbTK05lx80nuSijCz7sc3a277R67g,The game crashes whenever I try to create a character,3,36,1.2.49,2024-08-16 04:56:24,,,1.2.49,gam13092,com.aidungeon
80acba4d-2a06-452c-b5d2-8a61f51223a4,A Google user,https://play-lh.googleusercontent.com/EGemoI2NTXmTsBVtJqk8jxF9rh8ApRWfsIMQSt2uE4OcpQqbFu7f7NbTK05lx80nuSijCz7sc3a277R67g,It used to be a 5 star rating but ever since they put a limit on your actions it's become worse and worse. Now it's to the point where you are forced to watch ads just to perform basic actions. A far cry from the amazing app it once was.,1,0,1.1.148,2022-07-19 04:02:09,Great news! We released a new update called Unchained. Ads no longer inhibit gameplay; all players have unlimited access to our base AI model (Griffin). Learn more at https://aidungeon.io/unchained :),2023-01-13 17:53:22,1.1.148,gam7321,com.aidungeon
2b2751ce-544a-4f1c-a4bf-b9cfb2cef19f,A Google user,https://play-lh.googleusercontent.com/EGemoI2NTXmTsBVtJqk8jxF9rh8ApRWfsIMQSt2uE4OcpQqbFu7f7NbTK05lx80nuSijCz7sc3a277R67g,All my stories were completely deleted and now I have no way of getting them back. This is very frustrating and I genuinely enjoyed this game. I want my storied back.,1,1,1.1.147,2022-07-08 16:04:08,,,1.1.147,gam9275,com.aidungeon
e26fb583-d1e2-44d3-81a2-22a67c9bfc72,A Google user,https://play-lh.googleusercontent.com/EGemoI2NTXmTsBVtJqk8jxF9rh8ApRWfsIMQSt2uE4OcpQqbFu7f7NbTK05lx80nuSijCz7sc3a277R67g,This is pretty good. Better than what I expected. I even tried to throw some curveball at it and it was surprisingly well at keeping track of what I said. I wish it was more deadset on rule sets for characters but the role playing is very good. I can cast any spell I want and said I have a Pegasus right off the bat. It remembers what has happened and moves the story forward at a normal pace. Sure I could teleport but hanging with the npc was more fun,4,5,1.2.69,2024-09-11 17:30:08,,,1.2.69,gam511,com.aidungeon
0d97c1b7-97eb-4ff8-9940-f512bbc6c140,A Google user,https://play-lh.googleusercontent.com/EGemoI2NTXmTsBVtJqk8jxF9rh8ApRWfsIMQSt2uE4OcpQqbFu7f7NbTK05lx80nuSijCz7sc3a277R67g,The game is great but is it possible for you guys to add an option to change the UI into the old one? I apologize if I'm asking too much as I see how much effort you all did to make the new UI but unfortunately it's too laggy for my phone but I'll still keep it a 5 star review because the app is genuinely great.,5,0,,2023-12-13 08:44:13,,,,gam4765,com.aidungeon
90dd0af9-e72c-4b16-b1ae-cff9074bcf71,A Google user,https://play-lh.googleusercontent.com/EGemoI2NTXmTsBVtJqk8jxF9rh8ApRWfsIMQSt2uE4OcpQqbFu7f7NbTK05lx80nuSijCz7sc3a277R67g,Changed my review upon the removal of action limit,5,1,1.1.172,2023-01-13 18:11:06,Ads no longer interrupt gameplay; all players have unlimited actions to our base AI model. Learn more at https://aidungeon.io/unchained. If you have any questions or concerns please let us know at support@aidungeon.io. Thanks :),2023-01-12 18:33:17,1.1.172,gam24356,com.aidungeon
968555ad-709f-4280-ba8f-69aff8d6cace,A Google user,https://play-lh.googleusercontent.com/EGemoI2NTXmTsBVtJqk8jxF9rh8ApRWfsIMQSt2uE4OcpQqbFu7f7NbTK05lx80nuSijCz7sc3a277R67g,it's excellent I can guide stories however I want them to I have been looking for an ai generator for stories like this for a while now and this one is perfect,5,0,1.2.49,2024-05-04 12:50:42,,,1.2.49,gam10666,com.aidungeon
91b5b801-4d2b-4957-aa42-748dee55abb4,Austin Baker,https://play-lh.googleusercontent.com/a-/ALV-UjXXO3mX90cvHC1wcBAJ5jF-lpcdTLudVXp0AaTLulTzABCb0WUk,"Unable to find any way to phrase the fact that I want to make my own char. It always randomly generates one. Not great when it outright offers the choice of making your own or letting the app make one for you at random Edit: The developer responded on how to do it but my rating still stands. If it asks ""custom or random char?"" then logic dictates you answer that question. Apparently you must describe your char immediately not answer the question. Illogical and confusing. Fix it for other ppl",1,1,1.3.3,2024-03-13 12:34:39,To create your own character start a solo campaign and describe your desired character in free-form text. The AI will generate both your character and the adventure based on your input. Remember avoid the 'surprise me' buttonjust send your character description and the AI will take care of the rest ensuring your adventure is also AI-crafted.,2024-03-13 06:42:24,1.3.3,gam29740,com.aisuccess.ai_game_master
e2278295-75a1-43d6-8bd3-c9575217d5b5,A Google user,https://play-lh.googleusercontent.com/EGemoI2NTXmTsBVtJqk8jxF9rh8ApRWfsIMQSt2uE4OcpQqbFu7f7NbTK05lx80nuSijCz7sc3a277R67g,I was amazed at how well the Ai was in character and created a very well interactive story that i was looking for and knowledge of the scene.,5,0,1.2.47,2024-02-19 00:12:11,,,1.2.47,gam11838,com.aidungeon
76568e56-cf76-4ec3-8598-5be8c0bbffa3,A Google user,https://play-lh.googleusercontent.com/EGemoI2NTXmTsBVtJqk8jxF9rh8ApRWfsIMQSt2uE4OcpQqbFu7f7NbTK05lx80nuSijCz7sc3a277R67g,It's amazing there have been so many features that have been added though having to pay for things can get annoying I don't really see the need to pay. All I do is do the stories. Getting better AI isn't needed can it be that bad to just do some things yourself. Also it does not stop you from saying or doing ANYTHING. You can do anything. You can screw the planet. You can even conquer the world with Geckos. You can do literally anything regardess of controversy. Stop complaing it's fine.,5,0,1.1.134,2022-04-12 21:06:44,We love that you're conquering the world with geckos; they make quite the army We also appreciate your feedback & that you're enjoying AI Dungeon! The Premium features cost what they do in order to run the cost of said AI. We're happy to hear from players who have awesome adventures even with the free Griffin model y'all are incredible!,2022-04-15 13:46:12,1.1.134,gam4832,com.aidungeon
40d78b01-8515-45fb-808c-99761db0321e,A Google user,https://play-lh.googleusercontent.com/EGemoI2NTXmTsBVtJqk8jxF9rh8ApRWfsIMQSt2uE4OcpQqbFu7f7NbTK05lx80nuSijCz7sc3a277R67g,It use to be amazing when it came out but when I re-downloaded it became uter garbage that limits what u can do by limiting how many actions you can do by only giving you 100 actions and locks the rest behind stupid expensive pay walls. I understand it is probably expensive to have the ai run but I think they should have done some ads rather than a pay wall. If the devs did that I think this app could have been amazing but my point is don't download this it's just a cash grab by greedy people,1,1,,2024-09-21 00:42:07,,,,gam2694,com.aidungeon
3de013ef-f7e1-4806-8acd-f63b78ab8351,A Google user,https://play-lh.googleusercontent.com/EGemoI2NTXmTsBVtJqk8jxF9rh8ApRWfsIMQSt2uE4OcpQqbFu7f7NbTK05lx80nuSijCz7sc3a277R67g,It's pretty fun but the buttons aren't working very well right this second. Update: a lot has happened since wrote that initial review. And AI dungeon has been a source of fun relief and respite. But these new AI models you've switched us all to are an incoherent mess. I hope you get these new AI models working coherently soon since you've discontinued the ones that were working somewhat.,4,2,1.1.178,2023-06-01 01:24:01,Hey there! We are actively working on a new Griffin model expected to be included in the official release of Phoenix. We will continue to make improvements to all of our models.,2023-06-01 17:26:00,1.1.178,gam3114,com.aidungeon
f511f1d0-ad6f-41b6-ac4a-da37f3fb04bd,A Google user,https://play-lh.googleusercontent.com/EGemoI2NTXmTsBVtJqk8jxF9rh8ApRWfsIMQSt2uE4OcpQqbFu7f7NbTK05lx80nuSijCz7sc3a277R67g,I really like the game but I don't really understand the idea of credits and with not having any means I can't play the game but overall it is great,2,0,,2022-08-22 19:45:39,,,,gam11459,com.aidungeon
9bc941de-22ff-4610-8aa0-1112c22e4efa,A Google user,https://play-lh.googleusercontent.com/EGemoI2NTXmTsBVtJqk8jxF9rh8ApRWfsIMQSt2uE4OcpQqbFu7f7NbTK05lx80nuSijCz7sc3a277R67g,Its good but i just accidentally press the back button and now i cant continue my previous game,3,0,1.2.66,2024-08-15 16:05:49,,,1.2.66,gam7353,com.aidungeon
1b832d04-57fb-4cbf-8fbf-899f64d0a39e,A Google user,https://play-lh.googleusercontent.com/EGemoI2NTXmTsBVtJqk8jxF9rh8ApRWfsIMQSt2uE4OcpQqbFu7f7NbTK05lx80nuSijCz7sc3a277R67g,It seems good so far unlike other ai sorry feels this one seems to follow a plot. no complaints so far.,5,0,1.2.49,2024-07-01 04:03:46,,,1.2.49,gam10826,com.aidungeon
f1dedc9a-e258-4d12-a0eb-3a7b9ff3138a,A Google user,https://play-lh.googleusercontent.com/EGemoI2NTXmTsBVtJqk8jxF9rh8ApRWfsIMQSt2uE4OcpQqbFu7f7NbTK05lx80nuSijCz7sc3a277R67g,Idk if this is a problom with my phone or not but something is wrong with my al its been awhile when i played this game but now when i try to play it i cant even get passed the loading screen it keeps saying i need to update it when i already did,3,0,,2022-01-21 20:40:23,,,,gam9981,com.aidungeon
fd2225e0-8908-4497-83b0-63a7faf8f8e5,A Google user,https://play-lh.googleusercontent.com/EGemoI2NTXmTsBVtJqk8jxF9rh8ApRWfsIMQSt2uE4OcpQqbFu7f7NbTK05lx80nuSijCz7sc3a277R67g,The app was amazing. Then the ads came. But instead of ignoring all of your playerbase you listened to our complaints and made it possible for us to use the app again. This simple thing makes the app so much better. Thank you.,5,42,1.1.172,2023-01-18 16:18:51,We want all of our players to have a fantastic experience with our game. This is why we've been working so hard to find ways to reduce AI costs and can now offer all players gameplay uninterrupted by ads. Hope you enjoy the update and unlimited actions :) Let us know if you have any feedback at https://feedback.latitude.io/.,2023-01-18 16:15:20,1.1.172,gam5527,com.aidungeon
ce9ac5d6-49d0-4b1b-98bf-393937aab6ee,A Google user,https://play-lh.googleusercontent.com/EGemoI2NTXmTsBVtJqk8jxF9rh8ApRWfsIMQSt2uE4OcpQqbFu7f7NbTK05lx80nuSijCz7sc3a277R67g,What happened I love this app but when I play it now it brings me to app info,1,1,1.1.153,2022-08-08 02:33:00,,,1.1.153,gam19374,com.aidungeon
ad537616-39b5-4dc7-9dce-25bc2f909a72,Zach N.,https://play-lh.googleusercontent.com/a-/ALV-UjXdnXrZALPbFzQkB9UsKbmnTnt4tXCNnOepcA4BCLb6qqggva3h,It's subscription only (it stops giving out free tokens after about a week) and I'm not sure who would want to pay money for an AI app of all things when there are lots of free alternatives available. But I guess if you don't mind spending money it's a fine app.,3,0,1.7.7,2024-07-05 01:55:28,The free tokens are meant to give you a taste of the game. As a small team we can't offer unlimited free tokens due to the costs of the premium AI models we use. We strive to provide a high-quality experience and subscriptions help us achieve that. We appreciate your understanding and support!,2024-07-07 03:55:40,1.7.7,gam29566,com.aisuccess.ai_game_master
a2d0d6bf-3f1e-4f4e-9946-bf766d1a04ee,A Google user,https://play-lh.googleusercontent.com/EGemoI2NTXmTsBVtJqk8jxF9rh8ApRWfsIMQSt2uE4OcpQqbFu7f7NbTK05lx80nuSijCz7sc3a277R67g,The idea itself is great and why i give it more than 2 stars but sorry the technology you use/is available to the devs apparently is really not ready yet to allow for immersive and realistic storytelling and keeping up with the user's input. The AI answers i got even after multiple retries either weren't in continuation with what the AI answered before or completely ignored my input and continued the previous AI answer. I'll check the app or similar ones again in another 5 years or so.,3,0,,2022-06-14 13:13:18,Hi Shiro thanks for the feedback! We're continuously working to improve the AI in its current state of tech but in the meantime and for AI Dungeon recommend using tools like MEMO Retry and World Info to help the AI maintain some of your adventures context as planned.,2022-06-16 17:56:39,,gam2657,com.aidungeon
c3d46d4e-f15e-4863-b6dc-eb1be360609d,A Google user,https://play-lh.googleusercontent.com/EGemoI2NTXmTsBVtJqk8jxF9rh8ApRWfsIMQSt2uE4OcpQqbFu7f7NbTK05lx80nuSijCz7sc3a277R67g,I absolutely love this game I mean I had a story where I had 5 wives and 25 children slain the dragon and became king of Larion looking for more adventure. Keep up the good work guys.,5,0,1.1.119,2022-01-25 20:42:45,,,1.1.119,gam8077,com.aidungeon
1b84bcdb-c603-40f1-96e9-567fa7b03a0e,A Google user,https://play-lh.googleusercontent.com/EGemoI2NTXmTsBVtJqk8jxF9rh8ApRWfsIMQSt2uE4OcpQqbFu7f7NbTK05lx80nuSijCz7sc3a277R67g,It would generate a story like normal. However when I tried to get it to do anything it just wouldn't. I would type my command and then when I entered it it would take a few seconds to load and then the same story message would pop up.it wouldn't generate any NEW story.no matter what I typed whether SAY DO or STORY it wouldn't actually do anything.seems like it would be really cool if it actually worked,1,1,,2022-06-19 21:24:09,Hi Sam! Thanks for letting us know. Sounds like you're running into an odd bug. Its possible other users have already reported this issue at http://bugs.aidungeon.io/ your help in logging this and other issues is appreciated!,2022-06-24 16:57:37,,gam3827,com.aidungeon
3af71324-a059-408a-aa86-77e625bb6676,adlai parry,https://play-lh.googleusercontent.com/a-/ALV-UjUvogYhSXQ9q9u0kTyF3Ys_XPJlIXXFgqhwnyyWS3n-chID0UzM,This game is probably better on a computer the voice talks really slow and it is not creative. You feel no connection with the story and even when I try to create my own it still messes with it. It turned my phone screen when I entered the chat thingy without warning. There is no reason for it to do that. I was really hopeful for this app. Don't get it and if you do don't pay for a subscription.,1,1,,2024-07-21 15:51:36,Thank you for your feedback. Were sorry to hear that your experience didnt meet expectations. We appreciate your comments about the voice speed creativity and screen rotation. We're continuously working on improving the app to ensure a more engaging seamless & immersive experience for all users and your feedback is important to us. Thank you!,2024-07-31 04:45:29,,gam29448,com.compy.Beast
5bec1a51-1693-476c-b428-f61fd63fbb6b,A Google user,https://play-lh.googleusercontent.com/EGemoI2NTXmTsBVtJqk8jxF9rh8ApRWfsIMQSt2uE4OcpQqbFu7f7NbTK05lx80nuSijCz7sc3a277R67g,It's pretty fun making your own scenarios to play out or to have a somewhat dnd experience. If you can imagine it you can do it. Just remember it is a highly text based game.,5,2,1.1.155,2022-08-10 07:18:12,Thanks for the sweet review Soran! We think it's pretty fun too!,2022-08-10 14:17:30,1.1.155,gam6181,com.aidungeon
2d64a7ee-8383-4a80-a876-33ed87376026,A Google user,https://play-lh.googleusercontent.com/EGemoI2NTXmTsBVtJqk8jxF9rh8ApRWfsIMQSt2uE4OcpQqbFu7f7NbTK05lx80nuSijCz7sc3a277R67g,I loved playing the game but now i cant even sign in without getting an error message. I contacted support but it didnt help in the slightest Edit: The issue was resolved and i can play again. I am glad i can experience the game again,5,0,1.1.178,2023-03-18 10:37:44,Thanks for updating your review! Glad you are able to play again and have enjoyed your experience :),2023-03-28 19:50:55,1.1.178,gam4561,com.aidungeon
e0009094-cc16-4702-ad52-c775a884f58b,A Google user,https://play-lh.googleusercontent.com/EGemoI2NTXmTsBVtJqk8jxF9rh8ApRWfsIMQSt2uE4OcpQqbFu7f7NbTK05lx80nuSijCz7sc3a277R67g,Another 'pointless' ai game with no goal. Despite the claims here you can literally defy logic and everything and it will work since THIS is the product being delivered here. Not an 'ai dungeon' where you can explore and do stuff. Basically a persons delusions being pulled out of their head and presented on a phone app,1,0,,2023-04-26 05:41:22,Thanks for your feedback. We are continuing to work on improvements and furthering our roadmap. You can see what our vision is for the future by following our updates on our website: https://latitude.io/. If you have any questions please let us know at support@aidungeon.io.,2023-04-26 15:05:06,,gam6774,com.aidungeon
dc42af3b-84c1-4b59-af32-9be3a800b396,No You,https://play-lh.googleusercontent.com/a-/ALV-UjXLRtMD2Tm9C31imnhpsVusfLR1OxK0sRF0FHotzILHLT06U8hGDA,Don't pay for premium. I was a happy paid premium user but with the new update I put in a prompt that was slightly NSFW and got instant permanent ban! No warning on what words are not meant to be used in the app. Just instant ban and your done. A system like this is very poorly made and will definitely ruin people's experiences. Conclusion: Just go buy AI dungeon subscription. They have most features this app has but better implemented and won't instant ban you for small errors.,1,5,2.0.1,2022-10-18 02:41:21,"Thanks for your feedback. Actually there is no such thing like ""permanent ban"" and even ""ban"" in our app. We don't do such things. Ai not always answer or react to your actions but you can always slightly change your phrase. We don't ban anyone. Hope for your understanding!",2022-10-18 06:14:27,2.0.1,gam150,com.feynmanapps.aitales
bec418a7-54c7-456f-9ad4-554d1c15116e,A Google user,https://play-lh.googleusercontent.com/EGemoI2NTXmTsBVtJqk8jxF9rh8ApRWfsIMQSt2uE4OcpQqbFu7f7NbTK05lx80nuSijCz7sc3a277R67g,Although the game can have its downsides I'd say that it is at least worth a shot since it is a one of a kind. I personally really enjoy the game coming up with creative and stupid ideas for the ai to work with is really fun/funny. The game is pretty restrictive to non subscribers however I'm not opposed to this since the game needs money somehow to develop the ai. Edit: As time has progressed the ai tends to avoid some stories by starting completely new ones irrelevant to the current story.,3,8,1.1.133,2022-04-07 12:29:26,,,1.1.133,gam2902,com.aidungeon
85f64a4c-f63d-4862-8e79-f20965d05e80,A Google user,https://play-lh.googleusercontent.com/EGemoI2NTXmTsBVtJqk8jxF9rh8ApRWfsIMQSt2uE4OcpQqbFu7f7NbTK05lx80nuSijCz7sc3a277R67g,Dispite what you type the storyline follows a predetermined course,2,0,,2022-07-18 08:19:21,So sorry to hear that! We recommend starting a new story if you feel like your current one isn't working the way you want. Each story is new and different! If there are specific areas of improvement that you'd like to see in AI Dungeon then please add them to our feature requests page at https://feedback.latitude.io/.,2022-07-18 10:22:55,,gam21920,com.aidungeon
b90783df-9b04-4288-8033-8b14a8f42f1f,A Google user,https://play-lh.googleusercontent.com/EGemoI2NTXmTsBVtJqk8jxF9rh8ApRWfsIMQSt2uE4OcpQqbFu7f7NbTK05lx80nuSijCz7sc3a277R67g,The AI was dumbed down for non premium users and absurd amount of ads make it unplayable for free players. They could still have premium without punishing free users so much.,1,1,,2022-08-28 13:10:22,We've made some recent changes and improvements to AI Dungeon including our free-play experience. Actions are now unlimited for all players using our Griffin AI model. Also other performance improvements were made. Learn more here: https://aidungeon.io/unchained.,2023-01-11 14:13:28,,gam9437,com.aidungeon
daa2a00d-07ec-4220-ad3b-36a38fb11ed1,A Google user,https://play-lh.googleusercontent.com/EGemoI2NTXmTsBVtJqk8jxF9rh8ApRWfsIMQSt2uE4OcpQqbFu7f7NbTK05lx80nuSijCz7sc3a277R67g,Its really good game but why i give it 3 star because i cant save world that others made and continue playing them so please add a save button for worlds edit: i figure it out thx,5,0,1.1.119,2022-04-06 13:25:43,Hi Mani thanks for the feedback! Can you please clarify if the issue you're running into is that you cannot bookmark other players' scenarios to find later? You should be able to do that by clicking Bookmark on the vertical dot menu on their scenario; please email support@aidungeon.io if you need help finding it. Thanks again!,2022-03-16 10:40:54,1.1.119,gam13013,com.aidungeon
8b8001bc-5d58-4e18-921e-c00c02b97725,A Google user,https://play-lh.googleusercontent.com/EGemoI2NTXmTsBVtJqk8jxF9rh8ApRWfsIMQSt2uE4OcpQqbFu7f7NbTK05lx80nuSijCz7sc3a277R67g,love making stories with the ai but some big problems I have is that at times when I press the button to have the ai write something it just gets stuck in a infinite loading loop and doesn't respond or post what I say at all. And at times the game won't undo stuff no matter how many times I press undo. Lastly I wish ai dungeon 2D would have art that was more accurate to what's going on in my stories. The images just don't match anything I or the ai make. It gets less accurate thw more you go.,3,1,1.1.136,2022-05-23 12:13:44,,,1.1.136,gam676,com.aidungeon
69ddf825-3549-451c-b05c-c223d4a813a9,A Google user,https://play-lh.googleusercontent.com/EGemoI2NTXmTsBVtJqk8jxF9rh8ApRWfsIMQSt2uE4OcpQqbFu7f7NbTK05lx80nuSijCz7sc3a277R67g,This phone isn't compatable with this app on my Galaxy Note 9+ and they removed reading aloud as we play.,2,1,1.1.134,2024-09-04 04:18:56,,,1.1.134,gam10874,com.aidungeon
904248b7-875c-4c2d-9711-afdc47b02177,A Google user,https://play-lh.googleusercontent.com/EGemoI2NTXmTsBVtJqk8jxF9rh8ApRWfsIMQSt2uE4OcpQqbFu7f7NbTK05lx80nuSijCz7sc3a277R67g,This review has bounced from 5 3 and after some updates now 4 where I will be leaving it. I recommend giving AI Novel a try or googling KoboldAI but this is still solid.,3,2,1.1.119,2022-01-21 14:15:50,,,1.1.119,gam10596,com.aidungeon
fd21a987-a034-414c-b0b4-1c0c396e9272,A Google user,https://play-lh.googleusercontent.com/EGemoI2NTXmTsBVtJqk8jxF9rh8ApRWfsIMQSt2uE4OcpQqbFu7f7NbTK05lx80nuSijCz7sc3a277R67g,The good thing about this is that you can decide whether or not it should be Rated R with graphic or ero scenes without being censored.,5,1,,2024-06-02 21:58:44,,,,gam12984,com.aidungeon
7b447e4c-7faa-40e6-b693-48f84ea3c2c7,A Google user,https://play-lh.googleusercontent.com/EGemoI2NTXmTsBVtJqk8jxF9rh8ApRWfsIMQSt2uE4OcpQqbFu7f7NbTK05lx80nuSijCz7sc3a277R67g,Deleted my whole story that I loved very upset,1,1,,2022-04-20 09:54:02,,,,gam23190,com.aidungeon
580431e8-538c-47b2-8bfb-03a9c33e1ff7,A Google user,https://play-lh.googleusercontent.com/EGemoI2NTXmTsBVtJqk8jxF9rh8ApRWfsIMQSt2uE4OcpQqbFu7f7NbTK05lx80nuSijCz7sc3a277R67g,I can't even play it keeps on staying insufficient currencys! Like damn is there no free trial or is anything even free in the app huh? Update:What the hell! Does the problem keep getting bad like oh my god! It has been 30 minutes yet the chat still hasn't been loaded it keeps on saying loading loading loading if I could give it negative stars I would give this game negative infinity,1,0,1.2.72,2024-10-04 13:02:29,It sounds like you encountered some server turbulence we apologize for any interruption. Please reach out to us at support@aidungeon.com if this issue persists. Thanks!,2024-10-04 19:01:02,1.2.72,gam1858,com.aidungeon
88d9148a-5870-4ad8-9e3e-06e2b5573a0f,A Google user,https://play-lh.googleusercontent.com/EGemoI2NTXmTsBVtJqk8jxF9rh8ApRWfsIMQSt2uE4OcpQqbFu7f7NbTK05lx80nuSijCz7sc3a277R67g,Used to be great but the AI now acts like it has the world's worst case of ADHD,2,1,,2022-03-27 17:57:53,Hey Foolhardy thanks for the feedback! We recommend using the Memory (MEMO) and Word Info so the AI retains details relevant to your adventure. If you're running into any specific or continuous bugs then please email support@aidungeon.io. Thanks!,2022-04-01 17:41:10,,gam14522,com.aidungeon
02acec82-29fb-452c-925a-5756471d0505,A Google user,https://play-lh.googleusercontent.com/EGemoI2NTXmTsBVtJqk8jxF9rh8ApRWfsIMQSt2uE4OcpQqbFu7f7NbTK05lx80nuSijCz7sc3a277R67g,Was amazing before updates made it broken and unplayable. I recommend going back to earlier versions.,1,3,,2022-04-14 09:56:29,Hi Justin thanks for the feedback! Please email support@aidungeon.io with additional info about the issues you've been facing since the update and we'll see how we can help you from there.,2022-04-15 13:25:51,,gam10836,com.aidungeon
edeb7aa0-d41f-47c9-a77c-8108e461122b,A Google user,https://play-lh.googleusercontent.com/EGemoI2NTXmTsBVtJqk8jxF9rh8ApRWfsIMQSt2uE4OcpQqbFu7f7NbTK05lx80nuSijCz7sc3a277R67g,Amazing fun. I punched a guy who wanted to help me fight a dragon. Then went to sleep in an inn. Then when I woke up he was outside the window so I threw a potted plant at him. Threatened to throw a chair at him if he didn't leave in 5 seconds. Started counting. He ran away when I got to 3 then I found a stable punched the owner in the testicles and stole a horse. Rode off into the woods and now im in a treee house. Cannot wait to play with my wife!,5,0,1.1.178,2023-03-20 15:43:53,,,1.1.178,gam14045,com.aidungeon
cfaa4a8d-3c1e-4837-b68c-dcb2a79b5e08,A Google user,https://play-lh.googleusercontent.com/EGemoI2NTXmTsBVtJqk8jxF9rh8ApRWfsIMQSt2uE4OcpQqbFu7f7NbTK05lx80nuSijCz7sc3a277R67g,Love how open world this is and truly wish I could go for the unlimited option cause this is the one thing my endless boredom can never take away from me pls try it if you into having your imagination run wild highly recommend,5,0,,2024-08-28 20:35:54,,,,gam7931,com.aidungeon
9f36d95f-9958-436d-8e42-035669ded5a4,A Google user,https://play-lh.googleusercontent.com/EGemoI2NTXmTsBVtJqk8jxF9rh8ApRWfsIMQSt2uE4OcpQqbFu7f7NbTK05lx80nuSijCz7sc3a277R67g,Finally see it fit to return this review to the 5 stars it originally had back in 2021. AI Dungeon and its team has come a long way in fixing what they've done wrong and although I do dislike a few changes still present (namely the removal of the world system) I can understand most of them from a technical and logistical standpoint. tl;dr: AI Dungeon feels akin to being back in its glory days again and I'm happy to see it be enjoyable again,5,8,1.2.49,2024-05-07 11:47:07,,,1.2.49,gam536,com.aidungeon
077408dc-7995-4f19-b525-c2b79831b92d,A Google user,https://play-lh.googleusercontent.com/EGemoI2NTXmTsBVtJqk8jxF9rh8ApRWfsIMQSt2uE4OcpQqbFu7f7NbTK05lx80nuSijCz7sc3a277R67g,Ai can be a bit weird and the company has lost a lot of its player base because of what happened back around 2020. But bc it is a business they added a lot of micro transactions probably to maintain the ai its fun But wound not recommend.,3,0,,2023-03-15 02:06:18,,,,gam6672,com.aidungeon
95656637-8f14-4005-9d7d-e6a85f48b27e,A Google user,https://play-lh.googleusercontent.com/EGemoI2NTXmTsBVtJqk8jxF9rh8ApRWfsIMQSt2uE4OcpQqbFu7f7NbTK05lx80nuSijCz7sc3a277R67g,I cant make any story cards it keeps saying story card model not found but I can play stuff and I do recommend it,3,0,1.2.72,2024-09-27 17:07:19,Hey there! Thanks for letting us know. We looked into this bug and found that a recent fix defaulted new players to an unintended premium model resulting in an error message. This issue has now been resolved! Please refresh your browser or close and reopen your app before starting a new game.,2024-09-16 19:44:10,1.2.72,gam1973,com.aidungeon
1ccfe51f-2cec-4e17-b7b2-b6c70c8a349f,A Google user,https://play-lh.googleusercontent.com/EGemoI2NTXmTsBVtJqk8jxF9rh8ApRWfsIMQSt2uE4OcpQqbFu7f7NbTK05lx80nuSijCz7sc3a277R67g,Used to be great but recently they limited actions and the ads are not working so you can only do so much in one day. I'll be in the middle of a story and I am out if actions and can't do anything. Currently the ads are also not working so it's just taking up space in my phone. Wish that the actions refilled daily so I can at least do something. At this point it is UNPLAYABLE. Even more I I tried to use customer support which did nothing. Way too many problems!,1,12,1.1.151,2022-07-29 16:06:26,Please try out our newest update called Unchained! Free play allows for unlimited actions on our base AI model (Griffin). Learn more at https://aidungeon.io/unchained. Weve also made other performance improvements with more planned for the future :) Reach out to us at support@aidungeon.io if you have any additional concerns happy to help.,2023-01-13 16:26:21,1.1.151,gam727,com.aidungeon
a810360f-ebfc-4ea3-9392-06be3d0a5466,A Google user,https://play-lh.googleusercontent.com/EGemoI2NTXmTsBVtJqk8jxF9rh8ApRWfsIMQSt2uE4OcpQqbFu7f7NbTK05lx80nuSijCz7sc3a277R67g,This used to be fun. I prefer stamina way than this abomination. Ik you need money but this is too much. (Edit : Oh nvm I went to read the info and news and 10 actions per ad is alr good. Thank you.) Also new request. Inappropriate ads are showing way too much. Please consider removing it. Thank you.,4,0,,2022-07-19 09:14:56,Great news! We released a new update called Unchained. Ads no longer inhibit gameplay; all players have unlimited access to our base AI model (Griffin). Learn more at https://aidungeon.io/unchained :) We apologize for any issue with the ads; unfortunately we didn't have control over which ads were shown.,2023-01-13 17:50:01,,gam5400,com.aidungeon
d2f61fcc-3f6b-4483-a4b3-8f9c04705dd5,A Google user,https://play-lh.googleusercontent.com/EGemoI2NTXmTsBVtJqk8jxF9rh8ApRWfsIMQSt2uE4OcpQqbFu7f7NbTK05lx80nuSijCz7sc3a277R67g,New update is not good . Why the hell do I need to pay money for some ai generated images when it is free on the internet everywhere .,1,0,1.1.172,2023-01-10 05:24:57,Hey Adi we wish we could generate free images; unfortunately there is a cost to us each time an image is created. If you have any other concerns or questions we are happy to address them; please reach us at support@aidungeon.io.,2023-01-12 19:04:34,1.1.172,gam13523,com.aidungeon
38fe0a8b-251d-477e-99d6-c4a3e5475ead,A Google user,https://play-lh.googleusercontent.com/EGemoI2NTXmTsBVtJqk8jxF9rh8ApRWfsIMQSt2uE4OcpQqbFu7f7NbTK05lx80nuSijCz7sc3a277R67g,It has improved I don't know what you guys did but I can now enjoy this. Still the AI can be very forgetful of the plot otherwise it's the app is great,4,0,1.1.108,2022-01-18 19:39:50,Sorry to hear this. Is there anything specific we can do to improve? Please write to us at support@aidungeon.io.,2020-12-29 16:24:48,1.1.108,gam8807,com.aidungeon
a0850f1d-c151-4bdb-887c-4aa8548eb818,A Google user,https://play-lh.googleusercontent.com/EGemoI2NTXmTsBVtJqk8jxF9rh8ApRWfsIMQSt2uE4OcpQqbFu7f7NbTK05lx80nuSijCz7sc3a277R67g,It's good. It's a little buggy but that's to be expected from this kind of thing.,5,1,1.1.134,2022-05-20 19:35:29,,,1.1.134,gam17573,com.aidungeon
85d384b8-cb72-4700-bbde-50f5b54ec3ab,A Google user,https://play-lh.googleusercontent.com/EGemoI2NTXmTsBVtJqk8jxF9rh8ApRWfsIMQSt2uE4OcpQqbFu7f7NbTK05lx80nuSijCz7sc3a277R67g,Unplayable I used to play all the time and create custom stories without any care in the world now it just suck with all the edits to the game everything has changed I never wanna play this again,1,1,,2022-07-31 11:20:12,So sorry to hear that Brownie! If there are specific areas of improvement that you'd like to see in AI Dungeon then please add them to our feature requests page at https://feedback.latitude.io/.,2022-08-01 14:12:26,,gam9859,com.aidungeon
c59c353b-f3af-4375-9201-eb0c807b7382,A Google user,https://play-lh.googleusercontent.com/EGemoI2NTXmTsBVtJqk8jxF9rh8ApRWfsIMQSt2uE4OcpQqbFu7f7NbTK05lx80nuSijCz7sc3a277R67g,When I first played this a few years back before quarantine it was amazing and at it's peak! However the first time I returned I immediately Uninstaller it it wasn't worth it anymore and the final time I returned (this time) 90% of the scenarios I liked were removed. The AI has a lot of problems now as it can't seem to even finish a sentence.,3,18,1.1.178,2023-05-10 19:42:42,,,1.1.178,gam2390,com.aidungeon
b179135a-53a3-4aa7-b8e4-688394a1b88a,A Google user,https://play-lh.googleusercontent.com/EGemoI2NTXmTsBVtJqk8jxF9rh8ApRWfsIMQSt2uE4OcpQqbFu7f7NbTK05lx80nuSijCz7sc3a277R67g,I genuinely don't have a issue with this app. It's fun and enjoyable but the most part it's extremely repetitive.,4,0,1.1.178,2023-05-17 16:30:05,,,1.1.178,gam10330,com.aidungeon
4d37ed2f-8e51-4579-8487-10ea71560bfa,Alendra King,https://play-lh.googleusercontent.com/a-/ALV-UjW1OVpxyvBVzFMwHVgn-7p5tU9PfaTS79m1O2vuCGvqZ9br-xs,Really cool Ai RP Chat but it's not free and have to pay for the other stories so one star for now. I completely understand I really like your ai system it's pretty cool but I just don't have the money to buy the rest of the cool features but hope you guys be successful in the future,1,1,2.112,2024-07-31 02:38:28,Oh Alendra got your point we tried to open up the free stuff as much as possible. We need to maintain GPU server for AI so there is a fee. Hope for your understanding Update: Thank you Alendra may everything work out for you!,2024-07-31 02:47:57,2.112,gam37,com.feynmanapps.aitales
71ac58eb-1e24-406f-a0a3-6d844e5cd934,Darkonus Gaming,https://play-lh.googleusercontent.com/a/ACg8ocJEQnGsNFsb-dwCLbVXBTJoXBo8W3DbwtFvLiJWVLSbeRL1Vw=mo,honestly it's pretty decent but what sets it back is the 5 credits a day system. it feels like there's too few turns to be made before you're suddenly out.,4,0,1.3.8,2024-03-31 12:50:43,Thank you for your feedback! We're keen on offering more free tokens and appreciate your interest. However as a small team leveraging GPT-4 and other premium AI modelswhich come with significant costswe must balance our resources. Our aim is to let you sample the app's value before deciding on purchases balancing quality with accessibility.,2024-04-01 01:15:23,1.3.8,gam29793,com.aisuccess.ai_game_master
20fc3a37-3826-4a8e-a33f-84a7df590514,A Google user,https://play-lh.googleusercontent.com/EGemoI2NTXmTsBVtJqk8jxF9rh8ApRWfsIMQSt2uE4OcpQqbFu7f7NbTK05lx80nuSijCz7sc3a277R67g,So far I haven't spotted any bugs or issues. All seem to be working well. The AI doesn't only follow your stories it also gives twists and turns in the story ( like playing a ww2 story and then suddenly a zombie apocalypse starts). I like this app because it is different than most other games. Very simulative very gud. Keep up the good work.,5,5,1.1.130,2022-03-24 11:40:05,Thank you we're glad you're enjoying your AI Dungeon adventures!,2022-03-25 15:35:25,1.1.130,gam3244,com.aidungeon
756b22a4-6d32-48f5-a503-b61eb088f22e,A Google user,https://play-lh.googleusercontent.com/EGemoI2NTXmTsBVtJqk8jxF9rh8ApRWfsIMQSt2uE4OcpQqbFu7f7NbTK05lx80nuSijCz7sc3a277R67g,I used to love this game so much everything was just perfect I would rather buy the game for 5 bucks and have it be the old version I hope the producer or devs of this game see it,1,2,,2022-06-22 18:56:38,,,,gam9920,com.aidungeon
7d12fc88-f403-4224-8dde-b95992762d3d,Kirill Kuznetsov,https://play-lh.googleusercontent.com/a-/ALV-UjW6OHaKQcZbX-9Z59DftDQAi1MVtUtnb9p4jm-EiCGXiCQwb42r,It looks great but it has to be an option to turn off filters,5,0,2.6.4,2023-10-29 00:05:32,Thank you Kirill! The thing is Google doesn't allow some content so we try as much as we can to give freedom but still not break Google rules.,2023-10-30 02:43:17,2.6.4,gam315,com.feynmanapps.aitales
1036c260-3b85-48ec-9641-b5914da4fbb8,A Google user,https://play-lh.googleusercontent.com/EGemoI2NTXmTsBVtJqk8jxF9rh8ApRWfsIMQSt2uE4OcpQqbFu7f7NbTK05lx80nuSijCz7sc3a277R67g,The game is a 10/10 can be comforting depending on how you make the scenerio. + The developers are so nice! if i can rate this it'll probably be 11/10,5,6,1.1.170,2022-10-04 16:42:32,Hey Yazhumilegion! We really appreciate you taking the time to leave this awesome review :) Happy to help with any issues you encounter. If you have any other feedback about the game we would love to hear it: https://feedback.latitude.io/. Thanks!,2022-10-04 17:41:22,1.1.170,gam12194,com.aidungeon
cdc5da34-506f-47bb-815e-99594f116f3d,A Google user,https://play-lh.googleusercontent.com/EGemoI2NTXmTsBVtJqk8jxF9rh8ApRWfsIMQSt2uE4OcpQqbFu7f7NbTK05lx80nuSijCz7sc3a277R67g,This app is pretty neat but the premium price is way too steep. $29.99 a month for the top tier and $9.99 a month for the bottom. I'm still confused about how it all works and the free AI storytelling is a bit scattered. Plus it doesn't remember everything. For example if you're in the dark with a light the AI won't know unless you remind it. The concept is awesome but the current state isn't worth the price. Maybe the Pro version is better but not $30 a month better.,3,4,1.1.178,2023-03-20 22:16:41,Hey Jeffrey! We are actively working on improvements to all of our AI models. Thanks for your feedback. If you have any questions or concerns please reach out to us at support@aidungeon.io.,2023-03-28 19:34:52,1.1.178,gam959,com.aidungeon
75422a20-e170-4955-89e4-c5791bbc06cd,A Google user,https://play-lh.googleusercontent.com/EGemoI2NTXmTsBVtJqk8jxF9rh8ApRWfsIMQSt2uE4OcpQqbFu7f7NbTK05lx80nuSijCz7sc3a277R67g,shouldnt have added ads goofy ahh game,1,0,1.1.170,2022-09-28 22:34:14,Great news! We released a new update called Unchained. Ads no longer inhibit gameplay; all players have unlimited access to our base AI model (Griffin). Learn more at https://aidungeon.io/unchained :),2023-01-06 15:06:26,1.1.170,gam16444,com.aidungeon
d6a3d6fc-53a6-4bf0-8702-0cfe1b28bd5c,A Google user,https://play-lh.googleusercontent.com/EGemoI2NTXmTsBVtJqk8jxF9rh8ApRWfsIMQSt2uE4OcpQqbFu7f7NbTK05lx80nuSijCz7sc3a277R67g,Thank god a gaming company that listens to it's community this is a step forward to a better gaming world.,5,3,1.1.172,2023-02-12 20:11:27,We really appreciate you updating your review! Glad you're encouraged with the direction things are headed. Player feedback is vital to our success. If you have any feedback or suggestions on how we can improve please let us know at https://feedback.latitude.io/.,2023-02-17 17:34:40,1.1.172,gam18151,com.aidungeon
36fa6d15-629b-4f9b-9935-8b5b1e129e3d,A Google user,https://play-lh.googleusercontent.com/EGemoI2NTXmTsBVtJqk8jxF9rh8ApRWfsIMQSt2uE4OcpQqbFu7f7NbTK05lx80nuSijCz7sc3a277R67g,It's a very good game if you want to be apart of a story or thing,5,0,1.1.178,2023-03-09 09:47:12,,,1.1.178,gam16857,com.aidungeon
f4142f46-04aa-4670-a3e7-b4027251b518,A Google user,https://play-lh.googleusercontent.com/EGemoI2NTXmTsBVtJqk8jxF9rh8ApRWfsIMQSt2uE4OcpQqbFu7f7NbTK05lx80nuSijCz7sc3a277R67g,Crashed everytime I login cancelling it.,1,0,1.1.134,2022-05-05 18:53:40,,,1.1.134,gam16413,com.aidungeon
93630cf7-9e51-47a2-b8eb-b5d42f2433e3,A Google user,https://play-lh.googleusercontent.com/EGemoI2NTXmTsBVtJqk8jxF9rh8ApRWfsIMQSt2uE4OcpQqbFu7f7NbTK05lx80nuSijCz7sc3a277R67g,I keep getting a error say fall to update memory,5,3,1.1.170,2022-09-15 01:20:06,If you still have this issue please let us know at support@aidungeon.io. We want to help get this resolved. Thanks again for your review :),2023-01-06 21:33:58,1.1.170,gam17839,com.aidungeon
0afbb5c3-70d2-4347-b89b-7fcfd06c1986,A Google user,https://play-lh.googleusercontent.com/EGemoI2NTXmTsBVtJqk8jxF9rh8ApRWfsIMQSt2uE4OcpQqbFu7f7NbTK05lx80nuSijCz7sc3a277R67g,The game was AMAZING before the most recent update it feels as if the free ai (which worked well a couple qwerks but nothing bad before update) but after the update it feels as if the ai doesn't even try to be accurate please fix this,2,0,1.1.178,2023-03-11 12:00:23,Hey there! Thanks for letting us know; happy to look into any issues. Please reach out to us at support@aidungeon.io.,2023-03-17 15:55:01,1.1.178,gam7761,com.aidungeon
8cb92e7f-a4b1-4e1a-b29e-c6b7bdba9a56,K1N9 N3MO,https://play-lh.googleusercontent.com/a-/ALV-UjWLJ-Pet-rfTXkJMgGgq51n3IArZWZRL8dTojV_ryIQbVXvLzAC,"I'll give this the benefit of the doubt and say maybe I'm just doing it wrong but allow me to share my experience. It is a super cool concept but this thing needs work the fantasy Adventure boils down to essentially you continue on the dark path and just kind of throws random creatures at you one a Time I'd also like if the results of your actions would be in the same message ei I go to the store looking for apples ""you go to the store looking around for apples"" and you get results after you ask",3,1,1.8.5,2024-08-22 11:33:54,,,1.8.5,gam29543,com.aisuccess.ai_game_master
e58d2e19-ca7b-42fc-a6fd-5a03d8d02e21,A Google user,https://play-lh.googleusercontent.com/EGemoI2NTXmTsBVtJqk8jxF9rh8ApRWfsIMQSt2uE4OcpQqbFu7f7NbTK05lx80nuSijCz7sc3a277R67g,It says i made a account but i never played this game before,5,0,1.1.134,2022-05-20 21:21:34,,,1.1.134,gam21698,com.aidungeon
d01a9ce2-1662-470a-890f-fae83afc4bdb,A Google user,https://play-lh.googleusercontent.com/EGemoI2NTXmTsBVtJqk8jxF9rh8ApRWfsIMQSt2uE4OcpQqbFu7f7NbTK05lx80nuSijCz7sc3a277R67g,Added energy bar that would've been fine for a gacha game or some weird farm thing but this? No. uninstalled. Won't be coming back.,1,0,1.1.36,2022-02-23 09:13:25,,,1.1.36,gam11042,com.aidungeon
f64d5cf8-52f4-4ed2-ab03-55d8ab85e512,A Google user,https://play-lh.googleusercontent.com/EGemoI2NTXmTsBVtJqk8jxF9rh8ApRWfsIMQSt2uE4OcpQqbFu7f7NbTK05lx80nuSijCz7sc3a277R67g,This was a pretty decent game but recently they have decided that it isn't compatible with loads of devices (including mine). Making it completely unplayable now because I uninstalled it by accident. Cheers Latitude. It does work on the browser version fine though. So idk what they're on about my phone being 'incompatible'. If you can install it though it's worth giving it a shot because it can make up a story about just about anything. The app is quite buggy though and the AI too sometimes.,1,9,,2024-08-28 19:17:30,,,,gam1942,com.aidungeon
1a0d9638-fdfd-4b78-bc74-4578389bbd2d,A Google user,https://play-lh.googleusercontent.com/EGemoI2NTXmTsBVtJqk8jxF9rh8ApRWfsIMQSt2uE4OcpQqbFu7f7NbTK05lx80nuSijCz7sc3a277R67g,Thought I'd get back into this and try out wyvern and hydra but I can't log in on my Samsung galaxy tab a8 to even purchase it,2,0,1.1.139,2022-06-11 06:59:59,,,1.1.139,gam14781,com.aidungeon
e8bc5ddf-526a-419e-ab1d-6bb872fa546a,Levi Paige,https://play-lh.googleusercontent.com/a/ACg8ocKHdal9uaflw2R-PNzTBmZdYGq2NSnBnTy2Y2n02EQTebWoLQ=mo,Very Fun and updates frequently. For anyone that's playing the game. I suggest keeping a self built character Card on word or something similar so when the AI gets confused you can correct it. I Usually have a Main Quest I typed too. For me it resets the AI memory back to where it was. Hope that's helpful and have fun. Also I'm basically using this app to play Skyrim and it works.,5,0,1.8.5,2024-08-23 17:24:00,Thank you for the 5 stars! We work hard to keep everything updated regularly. **What went wrong?** + don't blame us we're just the AI messenger! :-D We're looking into it it has become stricter but we'll sort it out. Please stick with us!,2024-08-17 13:01:01,1.8.5,gam29519,com.aisuccess.ai_game_master
5368ae0c-e100-49f0-a9dc-e6b73b887978,A Google user,https://play-lh.googleusercontent.com/EGemoI2NTXmTsBVtJqk8jxF9rh8ApRWfsIMQSt2uE4OcpQqbFu7f7NbTK05lx80nuSijCz7sc3a277R67g,Ai dungeon listens to its requests making it better than ever 100/10,5,1,1.1.172,2023-02-03 20:17:40,Hey there! The recent Google Play App issue has been fixed and the Android app should now be working for all players. If youre still having trouble after this update please let us know. Thanks for your patience as we resolved this issue!,2022-08-10 14:22:13,1.1.172,gam17238,com.aidungeon
f7c6c952-175d-4b33-aa58-f59a36fb8b53,A Google user,https://play-lh.googleusercontent.com/EGemoI2NTXmTsBVtJqk8jxF9rh8ApRWfsIMQSt2uE4OcpQqbFu7f7NbTK05lx80nuSijCz7sc3a277R67g,"I have been using this app for about 2 years. I didn't feel like there was a need to type a review since it was basically the perfect app for its use. until now. The AI is garbage due to devs wanting you to switch to premuim there is now ""energy"" for the actions you wanna do so it limits you TO HOW INVESTED YOU ARE TO TYPE A STORY LIKE REALLY??? I really hate these decisions. I understand devs need to make money somehow but this ruins the whole point of an AI generated story. Please.",1,1,1.1.167,2022-09-04 04:54:45,Free play is now an unlimited experience! Ads no longer interrupt gameplay; all players have unlimited actions when using Griffin (our base AI model). Learn more at https://aidungeon.io/unchained. We will continue to improve our model and overall game experience. Stay tuned for more exciting updates :),2023-01-11 10:54:35,1.1.167,gam3698,com.aidungeon
ee07d2ca-169b-4818-923a-f0291790e2f5,A Google user,https://play-lh.googleusercontent.com/EGemoI2NTXmTsBVtJqk8jxF9rh8ApRWfsIMQSt2uE4OcpQqbFu7f7NbTK05lx80nuSijCz7sc3a277R67g,GREAT CONCEPT 2020. Subpar results 2022. Editting my old review. The app has gone a downward spiral for a while which is a disappointing for such a great concept. This was a blast to play but it feels like a dnd campaign with a bad dm and a rigid storyline. Years later the situation is much more restrictive. Eg I can tell the ai to move past a battle between elves and orcs but the ai won't reference context clues i wrote.,2,3,1.1.119,2022-06-29 19:50:42,,,1.1.119,gam1479,com.aidungeon
f0fe827a-e0fb-42a6-a1c9-5df0102f7ac1,oscar and jyllian gong,https://play-lh.googleusercontent.com/a-/ALV-UjWidYBHuLMfwfcavqzkj-dmNYbl5OFQUrwkM0YqvYtjY4aC0mH7,Its so glitchy even the tutoral wont wont it only show 1 half of the screen and i dont know how to fix it,1,0,,2023-01-06 13:56:14,Hi Oscar! We know that this problem occurs on some versions of Samsung Try reinstalling the game sometimes it helps. If not we will write to you as soon as we can defeat this bug. Thank you for writing to us! P.S. and if you know how try to update system version One UI on your Samsung everything should work on the latest version of One UI,2023-01-06 15:38:46,,gam289,com.feynmanapps.aitales
865084b2-c358-472b-b8bf-fc9ac631a1e9,A Google user,https://play-lh.googleusercontent.com/EGemoI2NTXmTsBVtJqk8jxF9rh8ApRWfsIMQSt2uE4OcpQqbFu7f7NbTK05lx80nuSijCz7sc3a277R67g,This app doesn't even load anymore.,1,0,1.2.47,2024-02-25 20:20:08,Hey Luke! We want to look into any issues or hear any feedback you have. Please reach out to us at support@aidungeon.com or if you've found a bug please report it in our Discord server at https://aidungeon.com/discord.,2024-02-26 10:57:50,1.2.47,gam19581,com.aidungeon
46c4b6db-b736-4526-be03-8da85723e883,A Google user,https://play-lh.googleusercontent.com/EGemoI2NTXmTsBVtJqk8jxF9rh8ApRWfsIMQSt2uE4OcpQqbFu7f7NbTK05lx80nuSijCz7sc3a277R67g,Its good again now great actually,5,0,1.1.37,2023-07-06 18:31:34,,,1.1.37,gam22968,com.aidungeon
a902e253-4012-4346-991e-8b772b77474b,A Google user,https://play-lh.googleusercontent.com/EGemoI2NTXmTsBVtJqk8jxF9rh8ApRWfsIMQSt2uE4OcpQqbFu7f7NbTK05lx80nuSijCz7sc3a277R67g,While I absolutely love the concept of the app and have been using on and off it for years I'm actually pretty annoyed with it lately. The energy bar depleting every. single. time you do something whether it be continuing the story or retrying an answer the AI got wrong really doesn't sit well with me and having to watch ads non stop for that quickly becomes frustrating. I loved the app as it was before but this new system makes me want to quit.,1,25,1.1.167,2022-09-05 19:54:59,AI Dungeon is now unchained! Recent changes in AI cost made it possible for us to provide all players with unlimited access to Griffin our base AI model. We hope you will try out the new and improved experience! Learn more at https://aidungeon.io/unchained.,2023-01-11 08:26:46,1.1.167,gam2371,com.aidungeon
c2376ac1-f104-4e52-9bc7-3e9f8fe90faa,A Google user,https://play-lh.googleusercontent.com/EGemoI2NTXmTsBVtJqk8jxF9rh8ApRWfsIMQSt2uE4OcpQqbFu7f7NbTK05lx80nuSijCz7sc3a277R67g,Nice game like very much and I will give it 10 stars if there was but ya,5,0,,2022-08-27 11:30:05,Thanks for the epic review Darsh We're happy you're enjoying your time in AI Dungeon!,2022-09-01 23:56:48,,gam18244,com.aidungeon
83833098-79b8-4bc7-b1ce-2b003c8021cf,A Google user,https://play-lh.googleusercontent.com/EGemoI2NTXmTsBVtJqk8jxF9rh8ApRWfsIMQSt2uE4OcpQqbFu7f7NbTK05lx80nuSijCz7sc3a277R67g,I would love to review the game but I can't even play it. It just crashes when I'm typing. Trying to create a world CRASH.. trying to enter a world CRASH.. ok how about I hit quick start CRASH,1,1,1.1.178,2023-05-28 04:43:35,,,1.1.178,gam8317,com.aidungeon
90e86e5e-6dbe-434f-83b3-ab7f2d0fd71e,Jordan Campbell,https://play-lh.googleusercontent.com/a-/ALV-UjULLwPsosg8zIhP-hxEeO1rIn-jxmDyJlfzJ1QmKf74L-pebOQ,best usage of AI I've seen so far great job guys!,5,0,1.7.9,2024-07-22 03:37:51,Thanks! It means a lot to us especially as a small team,2024-07-22 06:02:01,1.7.9,gam29828,com.aisuccess.ai_game_master
f0ccef98-9e56-4def-af33-46afca6ba97b,A Google user,https://play-lh.googleusercontent.com/EGemoI2NTXmTsBVtJqk8jxF9rh8ApRWfsIMQSt2uE4OcpQqbFu7f7NbTK05lx80nuSijCz7sc3a277R67g,I like it I don't have the premium benefits but it's pretty good. I only wish for the AI to have a longer memory,4,0,1.1.172,2022-11-25 15:27:18,Thank you for your feedback and review Taighen! Memory and other characteristics of AI will continue to be improved in the future. Significant updates are underway that will improve the way players experience AI Dungeon. Read more about them at https://latitude.io/blog/next-steps-on-ai-dungeon.,2022-12-01 17:50:27,1.1.172,gam11975,com.aidungeon
e3f65dfa-d7fd-4a00-bc45-96ca72b00c61,A Google user,https://play-lh.googleusercontent.com/EGemoI2NTXmTsBVtJqk8jxF9rh8ApRWfsIMQSt2uE4OcpQqbFu7f7NbTK05lx80nuSijCz7sc3a277R67g,Best ai in my opinion. This thing has been around before covid(i think) and it still remains one of the top apps I play for entertainment. I've been following its growth from the energy bars that is limitless to limited energy to buying energy with scales till now. Sure it needs tweaks here and there but still,5,0,1.1.178,2023-07-27 06:22:53,,,1.1.178,gam2462,com.aidungeon
ac9a1984-af32-4a83-bccc-54d115939bd1,A Google user,https://play-lh.googleusercontent.com/EGemoI2NTXmTsBVtJqk8jxF9rh8ApRWfsIMQSt2uE4OcpQqbFu7f7NbTK05lx80nuSijCz7sc3a277R67g,Updated again! The AI now completely stopped working. In order to read an output I have to exit the app reload the game put in an input and repeat.,1,1,1.1.151,2022-10-20 01:36:15,Hey there! We would love to help you resolve this issue. Please provide a detailed explanation of your problem at http://bugs.aidungeon.io/. This will help our developers prioritize this issue allow you to see their progress and reach out if they have additional questions. If you have any other questions let us know at support@aidungeon.io.,2022-10-21 19:57:41,1.1.151,gam6834,com.aidungeon
cf03217c-cf7f-4d32-a2bf-df6087f859d0,A Google user,https://play-lh.googleusercontent.com/EGemoI2NTXmTsBVtJqk8jxF9rh8ApRWfsIMQSt2uE4OcpQqbFu7f7NbTK05lx80nuSijCz7sc3a277R67g,Started off as a really fun choose your own adventure tool anyone could use at any time. Now it's bogged down by invasive money-grubbing practices that limit it's use and full potential,1,2,1.1.172,2023-02-16 11:06:30,We are sorry you feel that way Alex and happy to address any questions or concerns you have. Please reach out to us at support@aidungeon.io. We've found ways to reduce our AI cost to offer all players gameplay uninterrupted by ads with unlimited actions! Premium upgrades are available that remain cost-prohibitive to offer for free.,2023-02-16 18:44:39,1.1.172,gam7484,com.aidungeon
b4803ba0-1feb-4122-a913-355a43b8dbae,A Google user,https://play-lh.googleusercontent.com/EGemoI2NTXmTsBVtJqk8jxF9rh8ApRWfsIMQSt2uE4OcpQqbFu7f7NbTK05lx80nuSijCz7sc3a277R67g,Can you make so they ai stop speaking for me so like I say hey the ai would go Guy: hi Then I put what I want not the ai putting stuff for me,2,1,1.1.108,2022-01-08 06:06:22,,,1.1.108,gam23109,com.aidungeon
5d632cc8-5c61-4edd-9a30-7bc543937609,A Google user,https://play-lh.googleusercontent.com/EGemoI2NTXmTsBVtJqk8jxF9rh8ApRWfsIMQSt2uE4OcpQqbFu7f7NbTK05lx80nuSijCz7sc3a277R67g,Not what I was expecting for an as the name emplies AI generated game you are not actually talking to an AI but a random worker that spends day and night in an ongoing storytelling adventure game with you which kinda creeped me out and was kinda lame as well cause as a gamer girl nothing caught my attention more than an AI powered storytelling game that you could make funny and cheeky stories with but nope. Turns out it's not AI generated,2,0,1.1.172,2023-01-29 10:35:11,AI Dungeon is a text-based adventure-story game you direct (and star in) while the AI brings it to life. You and the AI work together to drive the adventure forward. Hope that helps!,2023-02-02 15:22:44,1.1.172,gam5863,com.aidungeon
3690e5de-c9ff-467a-9235-b0c0b65bb4d4,A Google user,https://play-lh.googleusercontent.com/EGemoI2NTXmTsBVtJqk8jxF9rh8ApRWfsIMQSt2uE4OcpQqbFu7f7NbTK05lx80nuSijCz7sc3a277R67g,Dropped in quality significantly with the updates.,2,1,1.1.14,2022-01-06 19:13:53,We're sorry to hear this and we'd love to hear any feedback you have. Please message us at support@aidungeon.io so we can help.,2022-01-11 13:13:06,1.1.14,gam14726,com.aidungeon
f2f07ac2-865a-498e-a6f2-12b5b62a8ba3,A Google user,https://play-lh.googleusercontent.com/EGemoI2NTXmTsBVtJqk8jxF9rh8ApRWfsIMQSt2uE4OcpQqbFu7f7NbTK05lx80nuSijCz7sc3a277R67g,Confusing. There are a lot of AI options that aren't very well explained. To that only after about a minute of playing any scenario the AI forcibly tries to end the story. Even editing the prompts trying to continue the story the AI will always return with some sort of ending. Not engaging enough to buy when it does that.,3,22,1.1.134,2022-05-18 04:40:54,,,1.1.134,gam1271,com.aidungeon
03396815-b160-4b6a-b361-a46a10164ef2,A Google user,https://play-lh.googleusercontent.com/EGemoI2NTXmTsBVtJqk8jxF9rh8ApRWfsIMQSt2uE4OcpQqbFu7f7NbTK05lx80nuSijCz7sc3a277R67g,Considering the already intense monetization a lot of features this app had the addition of unlockable unskippable ads every like 5 actions is incredibly disappointing. It really takes away from the experience and makes it borderline not fun to train the AI. Almost shameless the way they got an AI APPLICATION to sell out.,1,2,,2022-06-29 14:19:13,Player feedback is vital to us; we've found ways to reduce our AI cost to offer all players gameplay uninterrupted by ads with unlimited actions! Premium upgrades are available that remain cost-prohibitive to offer for free. We would love to discuss any questions or concerns; please reach out to us at support@aidungeon.io.,2023-01-18 14:13:49,,gam3564,com.aidungeon
4948ed94-e485-443b-9150-790e0087c9c5,A Google user,https://play-lh.googleusercontent.com/EGemoI2NTXmTsBVtJqk8jxF9rh8ApRWfsIMQSt2uE4OcpQqbFu7f7NbTK05lx80nuSijCz7sc3a277R67g,Not really great. Extremely basic and doesn't have the ability to consistently and fluidly keep a good story going. Hopefully is the start of something much better but for now still needs a lot of work and time. I'll 100% be back in a few months I really hope this has improved.,1,1,,2023-03-31 21:55:05,,,,gam4618,com.aidungeon
39acef72-ee6a-4675-bcb4-3b5e323635f3,A Google user,https://play-lh.googleusercontent.com/EGemoI2NTXmTsBVtJqk8jxF9rh8ApRWfsIMQSt2uE4OcpQqbFu7f7NbTK05lx80nuSijCz7sc3a277R67g,Thanks to updates the game has improved a bit than before and that's really good,4,0,1.1.134,2022-04-07 18:06:41,,,1.1.134,gam16020,com.aidungeon
2e514b2c-0932-48d1-ae4f-261497abd5d7,A Google user,https://play-lh.googleusercontent.com/EGemoI2NTXmTsBVtJqk8jxF9rh8ApRWfsIMQSt2uE4OcpQqbFu7f7NbTK05lx80nuSijCz7sc3a277R67g,Such a fun game! It makes fun hilarious stories but can also be serious if you lead it properly. It takes a lot of editing for longer stories but it's still fun. It's not without it's issues of course. The ai can be repetitive and unresponsive and it tends to forget the genre of the story if it gets too long. I know paying to use different AI models is such a no for some people but it doesn't bother me personally. If you like creative writing or are just curious about it give it a shot!,4,14,1.1.130,2022-04-07 09:22:51,,,1.1.130,gam1734,com.aidungeon
71a35454-ed27-4dd8-8abd-e82dcbb6446d,A Google user,https://play-lh.googleusercontent.com/EGemoI2NTXmTsBVtJqk8jxF9rh8ApRWfsIMQSt2uE4OcpQqbFu7f7NbTK05lx80nuSijCz7sc3a277R67g,AI Dungeon is helping me with alternate thoughts in my head and when I disapprove of it my decision comes clear of how I wanted to be. Follow me on tiktok/youtube. Still learning but still thank you for the access on mobile.,5,0,1.1.178,2023-04-10 08:44:07,,,1.1.178,gam7830,com.aidungeon
c4af1d81-4ad4-4097-aee4-fd0cbc83b01a,A Google user,https://play-lh.googleusercontent.com/EGemoI2NTXmTsBVtJqk8jxF9rh8ApRWfsIMQSt2uE4OcpQqbFu7f7NbTK05lx80nuSijCz7sc3a277R67g,"Most of the features that were once free have been locked behind a paywall. Edit: Fair enough. I know ai is expensive but I don't feel like this app is enough for me to invest money into. There just isn't enough past the point of ""ai makes a story""",4,2,1.1.147,2022-06-25 14:22:22,Player feedback is vital to us; we've found ways to reduce our AI cost to offer all players gameplay uninterrupted by ads with unlimited actions! Premium upgrades are available that remain cost-prohibitive to offer for free. We would love to discuss any questions or concerns; please reach out to us at support@aidungeon.io.,2023-01-18 17:11:20,1.1.147,gam4083,com.aidungeon
3515dee7-b8ae-420e-9f24-c1b099928619,Ryan Salvetti,https://play-lh.googleusercontent.com/a/ACg8ocJgQpTRWH_3QSEfWBuFf24HwIJR1F1A8YK0caaH6M8IhOLpWA=mo,it's a lot of fun and with more time I'm sure it will get better.,5,0,1.6.2,2024-05-08 20:05:24,,,1.6.2,gam29829,com.aisuccess.ai_game_master
11be333a-2dc6-4490-af70-f409fe46ed14,A Google user,https://play-lh.googleusercontent.com/EGemoI2NTXmTsBVtJqk8jxF9rh8ApRWfsIMQSt2uE4OcpQqbFu7f7NbTK05lx80nuSijCz7sc3a277R67g,The idea of this game is amazing and if the ai had full functionality that allowed for constant coherent sentaces then this would be a 6 out of 5 stars but unfortunately it often repeats itself and breaks and says things that make no sense,3,0,1.1.147,2022-07-06 17:42:51,Hi Austin! We recommend using in-game tools like Memo Retry and World Info to help the AI maintain your adventures context as planned. Our community is buzzing with helpful tips try checking out our Discord! aidungeon.io/discord,2022-07-08 10:04:33,1.1.147,gam5995,com.aidungeon
608e1c65-42af-4a93-a6e7-45ec5df63808,A Google user,https://play-lh.googleusercontent.com/EGemoI2NTXmTsBVtJqk8jxF9rh8ApRWfsIMQSt2uE4OcpQqbFu7f7NbTK05lx80nuSijCz7sc3a277R67g,app only loads a quarter of the way then stops. it's been happening recently app may need updates.,3,0,1.2.47,2023-12-20 18:29:40,,,1.2.47,gam11217,com.aidungeon
de27dd3e-1257-4141-9084-9e2343ee9709,A Google user,https://play-lh.googleusercontent.com/EGemoI2NTXmTsBVtJqk8jxF9rh8ApRWfsIMQSt2uE4OcpQqbFu7f7NbTK05lx80nuSijCz7sc3a277R67g,I just lost all the scenarios that I've played until now. Wish I can give a 0 star for this.,1,1,,2022-07-10 11:01:08,Sorry to hear that happened! Please email support@aidungeon.io and we can try to help you recover your scenarios.,2022-07-11 10:08:12,,gam15422,com.aidungeon
b6c2e262-38c3-4eec-86b7-8ae591752aec,A Google user,https://play-lh.googleusercontent.com/EGemoI2NTXmTsBVtJqk8jxF9rh8ApRWfsIMQSt2uE4OcpQqbFu7f7NbTK05lx80nuSijCz7sc3a277R67g,Latitude has been getting better. With the adds removed and most of the bugs fixed I feel the ai though it will never be the same maniac to turn cyberpunk to Dr who on its own the current ai is doing its best.,4,3,1.1.177,2023-02-27 23:58:37,Hey there G-Man! The recent Google Play App issue has been fixed and the Android app should now be working for all players. If youre still having trouble after this update please let us know. Thanks for your patience as we resolved this issue!,2022-08-16 14:47:22,1.1.177,gam8840,com.aidungeon
4e377a03-488c-4585-9822-3ba0465864b0,A Google user,https://play-lh.googleusercontent.com/EGemoI2NTXmTsBVtJqk8jxF9rh8ApRWfsIMQSt2uE4OcpQqbFu7f7NbTK05lx80nuSijCz7sc3a277R67g,"I created my scenario but when I try to play it it stuck in the loading. Also when you go to the profile it gives you and error ""1.2.49(4194556) No codepush version found:null Up-to-date""",1,2,1.2.49,2024-06-19 00:45:51,,,1.2.49,gam7582,com.aidungeon
505122b3-36a3-4733-94c4-1194c2f47c94,JK C (Outspoken),https://play-lh.googleusercontent.com/a/ACg8ocJ-Yi-XuJ8djzpeU-dCNziEt3YQit5f-tqH106JDf9oNbgVEg=mo,A great idea. I wish there was just a bit more combat structure like dice rolls. It's a wide open world with an AI GM. Cool.,4,0,1.6.3,2024-05-20 08:07:12,Thanks for your feedback! Adding more combat structure is something we're considering for the future. While it won't be full DnD rules we aim to keep it simple and casual. We're glad you enjoy the game!,2024-05-21 05:00:39,1.6.3,gam29635,com.aisuccess.ai_game_master
3b8f0736-d686-46ac-b409-6b5a6ddacec7,A Google user,https://play-lh.googleusercontent.com/EGemoI2NTXmTsBVtJqk8jxF9rh8ApRWfsIMQSt2uE4OcpQqbFu7f7NbTK05lx80nuSijCz7sc3a277R67g,I loved it just the way It awas until it was recently updated please return it to it's lesser form,5,0,,2023-11-05 10:02:17,Hey Mikhayla! We built Phoenix to address player feedback around stability design and feature requests. Features were migrated directly from Legacy or after testing and user research changed to address specific player feedback. We'd welcome any additional feedback (support@aidungeon.com) we're always looking for ways to improve!,2023-11-08 18:46:34,,gam14914,com.aidungeon
c1f9aa7c-4ee5-4d3c-9e6c-bde0f597b8c1,A Google user,https://play-lh.googleusercontent.com/EGemoI2NTXmTsBVtJqk8jxF9rh8ApRWfsIMQSt2uE4OcpQqbFu7f7NbTK05lx80nuSijCz7sc3a277R67g,It's cool to see all the outcomes and progress your story its addictive! I just dont like the stamina bar it seems like it depletes fast. And after a certain point of says 'ai doesnt know how to respond'.,3,2,1.1.108,2022-10-12 16:59:36,Hey Squib! Significant updates are underway that will improve the way players experience AI Dungeon. Read more about them at https://latitude.io/blog/next-steps-on-ai-dungeon. Thanks for your review :),2022-12-09 15:34:16,1.1.108,gam7259,com.aidungeon
26b51b4f-2a36-41af-88d0-bf9f9d37ca48,A Google user,https://play-lh.googleusercontent.com/EGemoI2NTXmTsBVtJqk8jxF9rh8ApRWfsIMQSt2uE4OcpQqbFu7f7NbTK05lx80nuSijCz7sc3a277R67g,Not happy so far. Have started 3 new adventures and they never save to my profile even though it says it does. Every time I lock my phone and come back to it they're gone. Will change to 5 stars for a fix.,1,0,1.2.69,2024-08-31 18:09:30,,,1.2.69,gam1899,com.aidungeon
ca230f98-9261-44dd-b57c-133a13a5648a,A Google user,https://play-lh.googleusercontent.com/EGemoI2NTXmTsBVtJqk8jxF9rh8ApRWfsIMQSt2uE4OcpQqbFu7f7NbTK05lx80nuSijCz7sc3a277R67g,This is a prime example of what happens to a game when Devs make something great that works well but poke and prod it too much making it slowly degrade in quality. In my opinion the AI has gotten worse and worse with every update spitting out utter nonsense and making stories unrelated. The energy bar was uneeded rather than adding payment options to an old game you should try a new game or maybe a new version completely not ruin and tarnish a once amazing game. Sorry you have lost my install,3,0,1.1.136,2022-05-20 15:46:01,Hey Zylo! The energy bar has been removed all players can now enjoy unlimited actions when using our base AI model. Learn more about this update here: https://aidungeon.io/unchained. We hope you give it a chance :) Please let us know if you have any questions or concerns at support@aidungeon.io.,2023-01-19 15:04:42,1.1.136,gam2779,com.aidungeon
58d7ec9f-cece-4786-8620-bd02ee6dbb33,A Google user,https://play-lh.googleusercontent.com/EGemoI2NTXmTsBVtJqk8jxF9rh8ApRWfsIMQSt2uE4OcpQqbFu7f7NbTK05lx80nuSijCz7sc3a277R67g,I've been playing this game for almost three years (would this make me an OG? haha). I appreciate that the quality for the unpaid version has improved a little but I feel like there's always something missing. Nevertheless this game is amazing with new content coming out seemingly every other day. I look forward to the future of AI Dungeon.,4,2,1.1.130,2022-03-28 09:45:34,Thank you Rowena! We're glad you're enjoying AI Dungeon and we love that you've been a member of our community from the beginning! We hope you continue to have fun creating stories with the AI co-author.,2022-04-01 17:35:07,1.1.130,gam3800,com.aidungeon
e05d68b5-6cc5-4fb7-a8ec-f85d5dba8bed,A Google user,https://play-lh.googleusercontent.com/EGemoI2NTXmTsBVtJqk8jxF9rh8ApRWfsIMQSt2uE4OcpQqbFu7f7NbTK05lx80nuSijCz7sc3a277R67g,Thank you for telling me you fixed it in the update :) Sorry for coming off as aggressive! (setting this to three stars until i Actually get around to playing ai dungeon again I just wanted to let y'all know I saw the response),3,3,1.1.148,2023-02-04 17:41:51,We appreciate your updated response :) Hope you enjoy the update when you have time to try it. Let us know if you have any questions.,2023-02-10 17:09:01,1.1.148,gam10572,com.aidungeon
0162e2e7-b972-4f08-ae32-d71ba97bcef5,A Google user,https://play-lh.googleusercontent.com/EGemoI2NTXmTsBVtJqk8jxF9rh8ApRWfsIMQSt2uE4OcpQqbFu7f7NbTK05lx80nuSijCz7sc3a277R67g,Can't touch the button on top because the screen doesn't optimize well,1,1,1.1.178,2023-08-28 08:39:21,Hey there! Please try playing in Phoenix; this issue should be resolved now. If you need any additional help please post a bug report in our Discord channel at https://share.aidungeon.io/HSvTdTRKcso. You can also email us at support@aidungeon.io.,2023-09-01 17:24:53,1.1.178,gam13334,com.aidungeon
e4614f8b-7278-49e9-b552-4c8bd0abf647,A Google user,https://play-lh.googleusercontent.com/EGemoI2NTXmTsBVtJqk8jxF9rh8ApRWfsIMQSt2uE4OcpQqbFu7f7NbTK05lx80nuSijCz7sc3a277R67g,AI is expensive sob story,1,1,1.1.172,2022-10-18 11:21:50,Hey Suzie! While we've tried to educate players about the costs associated with AI we understand this has been offputting for some. This is not our intention our team is working hard on new updates that will significantly improve the way players experience AI Dungeon. Read more about them at https://latitude.io/blog/next-steps-on-ai-dungeon.,2022-10-18 14:52:15,1.1.172,gam23254,com.aidungeon
e0e40e1c-6ea2-43b9-b2d2-ed5306542f2c,A Google user,https://play-lh.googleusercontent.com/EGemoI2NTXmTsBVtJqk8jxF9rh8ApRWfsIMQSt2uE4OcpQqbFu7f7NbTK05lx80nuSijCz7sc3a277R67g,love the idea and concept cant wait til we can get deeper into character creation and enemy tactics and more descriptive settings. i think its a great segway into ai,4,0,1.1.161,2022-08-14 23:45:32,Thank you for the glowing review Brandon We're happy you're enjoying your time in AI Dungeon!,2022-08-16 13:18:45,1.1.161,gam9013,com.aidungeon
f0170764-debd-4496-add7-67a18dfd30d2,Darknoor “Krad De”,https://play-lh.googleusercontent.com/a-/ALV-UjWZRsCPMHCkHzhhd2pQGnufVsY9vtiZdBIZvWDmdE4-TR18Iy_B,It's not so bad but very limited options and way too short to do anything.,3,2,,2022-04-06 18:28:34,Hey Darknoor! I would be glad if you write what you missed. You can do it here or email us or write on Discord,2022-04-14 05:40:04,,gam305,com.feynmanapps.aitales
a06c08eb-6f87-4dd0-acad-93f704bc10fc,A Google user,https://play-lh.googleusercontent.com/EGemoI2NTXmTsBVtJqk8jxF9rh8ApRWfsIMQSt2uE4OcpQqbFu7f7NbTK05lx80nuSijCz7sc3a277R67g,"When I downloaded this game and it was finished downloading it said uninstall thats it no ""play"" button just uninstall",1,1,,2022-08-10 01:23:40,Hey there not dead! We had an issue with the Google Play App which has now been fixed and the Android app should now be working for all players. If youre still having trouble after this update please let us know. Thanks for your patience as we resolved this issue!,2022-08-10 17:52:29,,gam14613,com.aidungeon
b984c6d2-fd96-4f4f-8402-d263bdba37ad,A Google user,https://play-lh.googleusercontent.com/EGemoI2NTXmTsBVtJqk8jxF9rh8ApRWfsIMQSt2uE4OcpQqbFu7f7NbTK05lx80nuSijCz7sc3a277R67g,Very good ai it's one of the best ai chatbot apps,5,0,1.2.66,2024-08-21 17:34:49,,,1.2.66,gam12658,com.aidungeon
850a0e89-6368-4f25-9725-6e6b25da1832,A Google user,https://play-lh.googleusercontent.com/EGemoI2NTXmTsBVtJqk8jxF9rh8ApRWfsIMQSt2uE4OcpQqbFu7f7NbTK05lx80nuSijCz7sc3a277R67g,I cant even open the app. Ive reinstalled it 5 times now and it never opens.,1,0,1.1.51,2022-02-06 21:46:44,,,1.1.51,gam13011,com.aidungeon
d66fa7a2-4a68-40f4-bd91-d62ebe62a6ec,A Google user,https://play-lh.googleusercontent.com/EGemoI2NTXmTsBVtJqk8jxF9rh8ApRWfsIMQSt2uE4OcpQqbFu7f7NbTK05lx80nuSijCz7sc3a277R67g,I'm very pleased with this program! I wish I had more ways to contribute to it; I would gladly watch a few ads every day to help them out. I'll eventually throw them some cash when I have it - just wish I could do something in the meantime.,5,0,1.2.49,2024-06-28 19:23:08,,,1.2.49,gam6330,com.aidungeon
040eaea3-ae6c-47f5-87f9-083c23cf3b8e,A Google user,https://play-lh.googleusercontent.com/EGemoI2NTXmTsBVtJqk8jxF9rh8ApRWfsIMQSt2uE4OcpQqbFu7f7NbTK05lx80nuSijCz7sc3a277R67g,Wish there wasn't an energy bar.,3,1,1.1.118,2022-01-26 15:13:19,We'd love to hear your thoughts on if you would be open to ads. Please let us know at support@aidungeon.io,2022-01-26 17:27:35,1.1.118,gam20362,com.aidungeon
965e1aa4-c4fa-4884-9d0c-e83b74fc80a5,Lionheart,https://play-lh.googleusercontent.com/a-/ALV-UjXe2eVXAvSGBoSTBkb7MJqrK58gxhPAOK8umq42hdyDxIA-kOt2,I like the art but sadly in create your own story it offers nothing but stuff about the creator like finding him on tumblr youtube etc.,2,0,2.3.9,2023-01-05 05:18:55,Lionheart thank you for the feedback! Try adding more content at the beginning of your story. Ideally 5-7 sentences and AI should create cool continuations,2023-01-05 14:38:29,2.3.9,gam278,com.feynmanapps.aitales
68f3239a-b6fd-4831-b757-2cb9d527ab04,A Google user,https://play-lh.googleusercontent.com/EGemoI2NTXmTsBVtJqk8jxF9rh8ApRWfsIMQSt2uE4OcpQqbFu7f7NbTK05lx80nuSijCz7sc3a277R67g,I was expecting it to a be an incredibly horrible app that can't be used but it's actually decent. The AI ain't so bad and the only bugs I've ran into is that the loading time into the app freezes. Other than that it's pretty good,5,7,1.1.118,2022-01-18 16:23:06,,,1.1.118,gam5682,com.aidungeon
22a2664e-4207-4f34-9a0d-584fff3193cb,A Google user,https://play-lh.googleusercontent.com/EGemoI2NTXmTsBVtJqk8jxF9rh8ApRWfsIMQSt2uE4OcpQqbFu7f7NbTK05lx80nuSijCz7sc3a277R67g,Getting better. Biggest issue for me right now is the do/say/story/see button is stuck on see and won't change.,3,6,1.1.167,2022-08-31 12:43:00,Thanks for the review Jay We recently pushed a fix for this issue please update the app! If you're still experiencing anything just let us know at support@aidungeon.io and we'll get it handled,2022-08-31 23:20:09,1.1.167,gam11251,com.aidungeon
568f65fa-b2d6-4503-9f27-39cdf6ebc7c6,A Google user,https://play-lh.googleusercontent.com/EGemoI2NTXmTsBVtJqk8jxF9rh8ApRWfsIMQSt2uE4OcpQqbFu7f7NbTK05lx80nuSijCz7sc3a277R67g,gets off topic sometimes but for something free it's pretty good,4,0,1.1.178,2023-09-19 00:33:19,,,1.1.178,gam15655,com.aidungeon
d045478e-f277-4f99-b1a2-3964ea9017b3,A Google user,https://play-lh.googleusercontent.com/EGemoI2NTXmTsBVtJqk8jxF9rh8ApRWfsIMQSt2uE4OcpQqbFu7f7NbTK05lx80nuSijCz7sc3a277R67g,The new UI layout has made the game difficult to bear and work around. The devs really need to fix missing options within the UI system because it's really pissing me off it can be unplayable at times. Here's what I encountered with the new UI layout so far: action bar sometimes does not follow the keyboard so you can't see what you're typing or what action you are doing because it's behind the keyboard. Confirmation popups don't have yes or no buttons the button section is just blank.,3,31,1.2.40,2023-11-03 17:45:28,,,1.2.40,gam2167,com.aidungeon
55777e9b-a856-43e5-b158-f4af9113b723,A Google user,https://play-lh.googleusercontent.com/EGemoI2NTXmTsBVtJqk8jxF9rh8ApRWfsIMQSt2uE4OcpQqbFu7f7NbTK05lx80nuSijCz7sc3a277R67g,I am so damn confused about people saying things about ads and micro-transactions. I literally haven't seen a single ad and I've never even seen the energy meter thing. I can literally use the basic free AI as much as I want. I am genuinely confused on how other people have to pay for things. Perhaps the game is different for people in other countries. But don't be afraid of the money and ads cause your game could be like mine and have no ads and micro-trasactions. It's worth giving a try.,5,4,1.1.108,2022-01-01 16:26:32,,,1.1.108,gam3768,com.aidungeon
fb358f2d-7595-40ad-bc14-7b47e3fe2f61,A Google user,https://play-lh.googleusercontent.com/EGemoI2NTXmTsBVtJqk8jxF9rh8ApRWfsIMQSt2uE4OcpQqbFu7f7NbTK05lx80nuSijCz7sc3a277R67g,I can't tpye a thing after 8 to 15 worlds without it crashing,1,0,,2023-04-22 13:51:50,Hey there! We would love to look into any issues you might be experiencing. Please reach out to us at support@aidungeon.io.,2023-04-25 17:48:06,,gam16253,com.aidungeon
d5f5ba9a-2f16-48d3-bccc-1aa7f182f38e,A Google user,https://play-lh.googleusercontent.com/EGemoI2NTXmTsBVtJqk8jxF9rh8ApRWfsIMQSt2uE4OcpQqbFu7f7NbTK05lx80nuSijCz7sc3a277R67g,"I don't play much but when I do I always enjoy myself a ton! Pluswhile I know adding ads was ""controversial"" or w/e to those out of the loop (or don't care for change at all) personally my silly brain likes watching the number of actions go up w a little click. Maybe I'm just Weird idk.",5,0,1.1.161,2022-08-16 06:10:26,Great news! We released a new update called Unchained. Ads no longer inhibit gameplay; all players have unlimited access to our base AI model (Griffin). Learn more at https://aidungeon.io/unchained :),2023-01-12 18:35:53,1.1.161,gam1428,com.aidungeon
e715b828-19ca-423f-943e-99642983aa43,A Google user,https://play-lh.googleusercontent.com/EGemoI2NTXmTsBVtJqk8jxF9rh8ApRWfsIMQSt2uE4OcpQqbFu7f7NbTK05lx80nuSijCz7sc3a277R67g,Been using A.I. Dungeon for a long time and I've made a few interesting stories with itmost required a lot of editing and retries since I'm only using Griffin. My only issue thus far is that A.I. Dungeon 2D only generates images for its inputs and not the users' actions.,4,0,1.1.152,2022-08-05 02:55:45,All players now have access to AI Dungeon HD :) Learn more at https://aidungeon.io/unchained. Thanks for your support!,2023-01-12 18:43:26,1.1.152,gam5307,com.aidungeon
5a84fd2d-353e-4ffe-b1d8-88aa65d9e3e6,cody Gunby,https://play-lh.googleusercontent.com/a/ACg8ocIkWpxjBX4aYik6Rdzg4IqotJfPdsG8VqaYZNhpm4xCK_m4JQ=mo,it's fun and provides a challenge at times. could use an update that allows you to customize the story a little bit more. it would be nice if you could also choose to watch an add for an extra coin or two as well or even have an option to buy a version that is coin free.,4,0,1.3.4,2024-03-18 14:26:28,Glad you're loving the game! Yeah the GPT costs are a bit of a party pooper but your support keeps our gaming adventure alive and kicking. Thanks for understanding!,2024-03-20 02:16:56,1.3.4,gam29503,com.aisuccess.ai_game_master
cab5e0c5-51d0-41d1-a957-47b5405a1b14,Apple,https://play-lh.googleusercontent.com/a-/ALV-UjV8l0aZBUCOiR7B6iuODvc90MdAG--vlHPp30tfcAUDizbnzGI,It does have quite a unique way of telling stories but it'd be nice if the future replies would somehow still correlate itself with past replies so as to not create more confusing storyline,5,0,2.4.0,2023-01-20 09:31:21,Thanks for your rating and support! We continue to work on AI continuously sometimes of course it can give out stupidity.,2023-01-23 11:16:49,2.4.0,gam201,com.feynmanapps.aitales
a718ff05-0ac4-4438-9352-13914a93d163,A Google user,https://play-lh.googleusercontent.com/EGemoI2NTXmTsBVtJqk8jxF9rh8ApRWfsIMQSt2uE4OcpQqbFu7f7NbTK05lx80nuSijCz7sc3a277R67g,Great game save for the occasionally forgetful a.i. edit: ugh edit2: abit less ugh than I thought actually,3,0,1.1.147,2022-07-12 16:37:24,We recommend using in-game tools like Memo Retry and World Info to help the AI maintain your adventures context as planned. Our community is buzzing with helpful tips try checking out our Discord! aidungeon.io/discord,2022-07-12 10:14:05,1.1.147,gam14728,com.aidungeon
4846c1ce-fbeb-49bf-9ee3-8425691637ca,A Google user,https://play-lh.googleusercontent.com/EGemoI2NTXmTsBVtJqk8jxF9rh8ApRWfsIMQSt2uE4OcpQqbFu7f7NbTK05lx80nuSijCz7sc3a277R67g,The stories it generates are bland unlike anything created by actual writers. I also disliked how it cut my story short forcing me to create an account to continue reading. Would not recommend,2,0,1.1.178,2023-03-25 02:57:43,Hey there! We do require an account to play in order to allow you to save your stories and provide other benefits you can learn more here: https://help.aidungeon.io/faq/why-do-i-need-an-account-to-play. We are working on improvements to the AI and overall experience. If you have any questions please reach out to us at support@aidungeon.io.,2023-03-28 18:37:15,1.1.178,gam9209,com.aidungeon
c000cd29-3ec4-4bdf-ac2a-74afb4222d7e,A Google user,https://play-lh.googleusercontent.com/EGemoI2NTXmTsBVtJqk8jxF9rh8ApRWfsIMQSt2uE4OcpQqbFu7f7NbTK05lx80nuSijCz7sc3a277R67g,Why dose it have ads now?! It used not to do this but today it started to put ads but WHY please get rid of the ads I'm sad :(,1,4,1.1.145,2022-06-21 03:02:29,We want all of our players to have a fantastic experience with our game. This is why we've been working so hard to find ways to reduce AI costs and can now offer all players gameplay uninterrupted by ads. Hope you enjoy the update and unlimited actions :) Let us know if you have any feedback at https://feedback.latitude.io/.,2023-01-18 15:47:36,1.1.145,gam12399,com.aidungeon
e6ee0afb-3c59-4a60-911c-ae8a72c974a6,A Google user,https://play-lh.googleusercontent.com/EGemoI2NTXmTsBVtJqk8jxF9rh8ApRWfsIMQSt2uE4OcpQqbFu7f7NbTK05lx80nuSijCz7sc3a277R67g,Ai Dungeon used to be fun and engaging now I feel like it's off track and forgets what's going on and it used to not do that as much. Another issue I have is the ads every 10 actions you have to watch a 30 second ad very rarely a 10 second one. The ads take so much away from the app. I understand needing money but this is ridiculous to me and it's extremely annoying. If nothing else gets fixed please make there be less ads at least.,3,64,1.1.147,2022-07-09 13:16:30,Hey Addison! Recent changes in AI cost made it possible for us to provide all players with unlimited actions uninterrupted by ads to our base AI model. For help with repetition please see our troubleshooting guide on our page here: https://help.aidungeon.io/faq/how-to-avoidfix-repetition-in-my-story. You can also email us at support@aidungeon.io.,2023-01-14 14:20:49,1.1.147,gam1094,com.aidungeon
c686768a-c94c-4aa8-8b68-8c66d85339e6,A Google user,https://play-lh.googleusercontent.com/EGemoI2NTXmTsBVtJqk8jxF9rh8ApRWfsIMQSt2uE4OcpQqbFu7f7NbTK05lx80nuSijCz7sc3a277R67g,Seems great then you play and griffin is complete garbage and you can try to do anything in mystery and it just yells that you are in Chicago and no matter what you do you can't leave Chicago assassinate the president? You live in Chicago move to maryland? You live in Chicago you can't escape. Make the other ai options free so I can actually play this game,2,0,1.1.134,2022-05-10 17:57:53,Hi Smol Dog thank you for the feedback! If you haven't already we recommend experimenting with the Retry Edit World Info and Memo tools to help improve your storytelling experience. Please feel free to email support@aidungeon.io if you have any questions. Thank you!,2022-05-13 15:35:09,1.1.134,gam9758,com.aidungeon
f3d4e2f3-6a36-4722-8402-e22b73bf8b98,A Google user,https://play-lh.googleusercontent.com/EGemoI2NTXmTsBVtJqk8jxF9rh8ApRWfsIMQSt2uE4OcpQqbFu7f7NbTK05lx80nuSijCz7sc3a277R67g,I love this game the team put ads in many people hate it but they need to get profit so its uderstandable the ai is great and the devs work on problems quickly if you can overlook a few adds you can see how great the game is I started playing before ads or energy I had fun and Im still having fun with the game if you can watch a few ads you can have an adventure with countless possibility.,5,0,1.1.155,2022-08-10 08:00:30,Thanks for your support JJ! We've made recent changes allowing all players to have unlimited actions no longer interrupting gameplay with ads. If you have any feedback or suggestions on how we can improve please let us know at https://feedback.latitude.io/.,2023-01-11 15:38:54,1.1.155,gam1514,com.aidungeon
d2cc4cd3-39bb-478d-92cf-f52886c3f822,A Google user,https://play-lh.googleusercontent.com/EGemoI2NTXmTsBVtJqk8jxF9rh8ApRWfsIMQSt2uE4OcpQqbFu7f7NbTK05lx80nuSijCz7sc3a277R67g,Ok ok. the ai is still a bit dumb but the dev team is trying to make it better. Scenario searching got sdded back and the filter is disabled in personal scenarios.,3,2,1.1.118,2022-01-18 21:40:17,,,1.1.118,gam7818,com.aidungeon
81909738-1cf8-4dde-9b28-be7dd0c93675,A Google user,https://play-lh.googleusercontent.com/EGemoI2NTXmTsBVtJqk8jxF9rh8ApRWfsIMQSt2uE4OcpQqbFu7f7NbTK05lx80nuSijCz7sc3a277R67g,"I used to love this game and I still like it it many ways. But adding ads when there are so many in app purchases already was a little too far for me. I'd understand if the best AIs were able to be used by people who didn't subscribe to yet another service I'd be hesitant to speak if you made this a ""one time purchase"" sort of deal. The payed subscription market is already oversaturated. At least in my opinion. I have too much respect for the possibilities to give less than 3 stars.",3,0,,2022-07-11 03:54:05,We want all of our players to have a fantastic experience with our game. This is why we've been working so hard to find ways to reduce AI costs and can now offer all players gameplay uninterrupted by ads. Hope you enjoy the update and unlimited actions :) Let us know if you have any feedback at https://feedback.latitude.io/.,2023-01-14 14:04:00,,gam998,com.aidungeon
845bfd9d-4a12-4910-8ab1-bf4032345f8e,A Google user,https://play-lh.googleusercontent.com/EGemoI2NTXmTsBVtJqk8jxF9rh8ApRWfsIMQSt2uE4OcpQqbFu7f7NbTK05lx80nuSijCz7sc3a277R67g,Amazing game promotes creativity,5,0,1.1.178,2023-07-01 14:10:32,,,1.1.178,gam19623,com.aidungeon
eb683d0a-47bd-4ba3-8d09-a82d9405c031,A Google user,https://play-lh.googleusercontent.com/EGemoI2NTXmTsBVtJqk8jxF9rh8ApRWfsIMQSt2uE4OcpQqbFu7f7NbTK05lx80nuSijCz7sc3a277R67g,Review #3. Only improvements have occured. They ditched the ads system and the energy system altogether which makes the AI much more usuable. Now you can use Scales to speed up the AI which doesn't even do much since the starter AI is fast enough. The AI is still not the best but AI is AI.,5,8,1.1.172,2023-02-20 02:00:50,,,1.1.172,gam6363,com.aidungeon
6b4f3593-6843-4752-b902-c2fc7211d770,A Google user,https://play-lh.googleusercontent.com/EGemoI2NTXmTsBVtJqk8jxF9rh8ApRWfsIMQSt2uE4OcpQqbFu7f7NbTK05lx80nuSijCz7sc3a277R67g,Nothing quite like it. AI Dungeon has evolved a lot over the years gotten better in some ways worse in others and yet it's still the most unique and addictive experiences I've ever had from a mobile app.,5,2,1.1.119,2022-01-22 17:48:23,,,1.1.119,gam6058,com.aidungeon
69b3cc94-d7f8-4d41-8f58-6bfa55f35688,A Google user,https://play-lh.googleusercontent.com/EGemoI2NTXmTsBVtJqk8jxF9rh8ApRWfsIMQSt2uE4OcpQqbFu7f7NbTK05lx80nuSijCz7sc3a277R67g,The program is now immaculate amazing utterly splendid time. Other than the AI trying to eat itself sometimes it's good.,5,2,1.1.172,2023-01-12 03:10:39,AI Dungeon is now unchained! Recent changes in AI cost made it possible for us to provide all players with unlimited access to Griffin our base AI model. We hope you will try out the new and improved experience! Learn more at https://aidungeon.io/unchained.,2023-01-11 11:42:44,1.1.172,gam9145,com.aidungeon
ba55de0a-1080-4652-82cc-7388407ce9ff,A Google user,https://play-lh.googleusercontent.com/EGemoI2NTXmTsBVtJqk8jxF9rh8ApRWfsIMQSt2uE4OcpQqbFu7f7NbTK05lx80nuSijCz7sc3a277R67g,ever since it updated I can't run the app it just whitescreens.,1,2,,2022-01-01 21:21:31,Sorry to hear this is happening! Please reach out to us at support@aidungeon.io so we can help.,2022-01-04 17:11:30,,gam13659,com.aidungeon
9901ba20-7a9b-48d2-a74f-9bd60f93be9a,A Google user,https://play-lh.googleusercontent.com/EGemoI2NTXmTsBVtJqk8jxF9rh8ApRWfsIMQSt2uE4OcpQqbFu7f7NbTK05lx80nuSijCz7sc3a277R67g,It is a fun rpg experience though there were some minor bugs. Overall i'd say it is a good way to kill time.,4,0,,2024-09-25 01:16:20,,,,gam7883,com.aidungeon
a7502ab8-be0e-471f-8c9f-ef969853c019,A Google user,https://play-lh.googleusercontent.com/EGemoI2NTXmTsBVtJqk8jxF9rh8ApRWfsIMQSt2uE4OcpQqbFu7f7NbTK05lx80nuSijCz7sc3a277R67g,This is very fun and it has a lot of potential however I dislike all the payments. I get that the developers need to make money but they are taking it to far. I would recommend adding optional ads as a way to allow people to support you,4,0,1.1.108,2022-02-12 17:04:29,,,1.1.108,gam5609,com.aidungeon
39d097a6-2dd8-4347-95d6-31ac280badd0,A Google user,https://play-lh.googleusercontent.com/EGemoI2NTXmTsBVtJqk8jxF9rh8ApRWfsIMQSt2uE4OcpQqbFu7f7NbTK05lx80nuSijCz7sc3a277R67g,This game is actually better than I expected everything is thought out and it's still better when I first installed it,5,0,1.1.151,2022-07-30 11:46:03,,,1.1.151,gam19104,com.aidungeon
31e1f875-b32d-417a-9ab6-c8f4b2620c80,A Google user,https://play-lh.googleusercontent.com/EGemoI2NTXmTsBVtJqk8jxF9rh8ApRWfsIMQSt2uE4OcpQqbFu7f7NbTK05lx80nuSijCz7sc3a277R67g,What happened? This app use to be fun and easy now it's a mess to get started.,1,2,1.1.108,2022-01-16 12:58:25,,,1.1.108,gam16946,com.aidungeon
8c314e06-8fdd-4558-8378-f24da5ff603d,A Google user,https://play-lh.googleusercontent.com/EGemoI2NTXmTsBVtJqk8jxF9rh8ApRWfsIMQSt2uE4OcpQqbFu7f7NbTK05lx80nuSijCz7sc3a277R67g,It is absolutely insane how developed this engine is.,5,0,1.2.49,2024-05-09 11:17:19,,,1.2.49,gam18986,com.aidungeon
110df557-7d74-473c-a8fd-cb37d598c693,A Google user,https://play-lh.googleusercontent.com/EGemoI2NTXmTsBVtJqk8jxF9rh8ApRWfsIMQSt2uE4OcpQqbFu7f7NbTK05lx80nuSijCz7sc3a277R67g,They saved it it used to be annoying and the UI cumbersome however they've listened to most of their users demands and have rectified most of the faults they had in the earlier versions it's pretty good now.,4,1,1.1.118,2022-01-19 20:50:09,,,1.1.118,gam7020,com.aidungeon
bc955677-62cb-40dd-88f9-3171783c4157,Jedson Bruton,https://play-lh.googleusercontent.com/a/ACg8ocINdVpsJbXgv1JfdiaXgp32kUDbvHLtsNKFqIpIhpXFAYON4w=mo,Its amazing if you're willing to wait like a week to finish a campaign its fun good AND i don't have to go out to socialise with PEOPLE it the best. Get it now do it,4,0,1.8.0,2024-08-01 04:27:18,Thanks! love to hear we help you avoid people :),2024-08-01 15:47:23,1.8.0,gam29574,com.aisuccess.ai_game_master
bd20611c-377d-47f2-89bd-802f403d7682,A Google user,https://play-lh.googleusercontent.com/EGemoI2NTXmTsBVtJqk8jxF9rh8ApRWfsIMQSt2uE4OcpQqbFu7f7NbTK05lx80nuSijCz7sc3a277R67g,Blocks me from playing after 4 or 5 turns for no reason whatsoever. This was such a good game back when it just released. Now it's honestly just slop in my opinion.,1,0,1.2.66,2024-08-08 05:58:50,,,1.2.66,gam2545,com.aidungeon
cbd36647-7bcf-4add-8e1a-2130da7ce8ca,A Google user,https://play-lh.googleusercontent.com/EGemoI2NTXmTsBVtJqk8jxF9rh8ApRWfsIMQSt2uE4OcpQqbFu7f7NbTK05lx80nuSijCz7sc3a277R67g,If I you asked me to give this game a rating 1 year ago i would have given it a 5 star rating and been singing its prases. but now things have changed and not for the better. with the ad every 10 action like come on guys I understand that you need ads to help pay for the expirence but that's a bit much. And i know that you're gonna respond to this with the same automated message you always do. Or you might just ignore this entirely. But honestly from the bottom of my heart this has potential,1,0,1.1.170,2022-09-29 21:39:49,We've made some recent changes and improvements to AI Dungeon including our free-play experience. Actions are now unlimited for all players using our Griffin AI model. We also made some needed performance improvements. Learn more here: https://aidungeon.io/unchained. Another major release is coming early sometime this year.,2023-01-06 15:00:09,1.1.170,gam4258,com.aidungeon
1d69af30-5f3f-4238-98e2-c0533e144fb0,A Google user,https://play-lh.googleusercontent.com/EGemoI2NTXmTsBVtJqk8jxF9rh8ApRWfsIMQSt2uE4OcpQqbFu7f7NbTK05lx80nuSijCz7sc3a277R67g,Their AI has improved by leaps and bounds over the years and what you can do in terms of setting up a world and story is pretty much endless. This is a great way to simulate a story that you wouldn't otherwise see.,5,0,1.1.178,2023-04-29 22:25:13,,,1.1.178,gam6891,com.aidungeon
24397413-de1d-4739-b7f4-97b5ac825f85,Amazing Grapes,https://play-lh.googleusercontent.com/a/ACg8ocIgPSBU84z1CXWe6SjhZov25uNpjQ6lSoOUfEUd3SLKaXwdIA=mo,The technology just isn't good enough to make something interesting or even just make sense.,2,0,,2024-06-09 16:41:04,Oh perhaps you have had several bad stories in a row. Or maybe we need to continue to work and improve the game! xD In any case thanks for sharing your experience Amazing Grapes!,2024-06-11 06:28:04,,gam272,com.feynmanapps.aitales
1c6694fb-e0c2-4fab-aba3-c2bd17abd7f6,A Google user,https://play-lh.googleusercontent.com/EGemoI2NTXmTsBVtJqk8jxF9rh8ApRWfsIMQSt2uE4OcpQqbFu7f7NbTK05lx80nuSijCz7sc3a277R67g,Maybe if you're gonna put ads in it at least make the actual experience not garbage,1,1,1.1.161,2022-08-12 14:26:23,AI Dungeon is now unchained! Recent changes in AI cost made it possible for us to provide all players with unlimited access to Griffin our base AI model. We hope you will try out the new and improved experience! Learn more at https://aidungeon.io/unchained.,2023-01-11 15:26:23,1.1.161,gam17402,com.aidungeon
60f8ef94-5f4f-463b-a22b-e633ebd1fc4a,A Google user,https://play-lh.googleusercontent.com/EGemoI2NTXmTsBVtJqk8jxF9rh8ApRWfsIMQSt2uE4OcpQqbFu7f7NbTK05lx80nuSijCz7sc3a277R67g,very intriguing what ai is doing nowadays pretty cool,5,0,1.1.172,2023-02-21 22:06:35,,,1.1.172,gam20341,com.aidungeon
43119d8c-0112-4ac0-b898-61031e439fb3,A Google user,https://play-lh.googleusercontent.com/EGemoI2NTXmTsBVtJqk8jxF9rh8ApRWfsIMQSt2uE4OcpQqbFu7f7NbTK05lx80nuSijCz7sc3a277R67g,Oh boy. well I didn't want to drop the rating but the ai seemed to fall from grace since the last time I used it. Listen creator if your reading this don't give up. I love this app and the whole idea behind this AI story creator but you gotta do some quality of life before you start expanding more the score is falling but I believe In you,1,13,1.1.119,2022-02-23 01:10:42,,,1.1.119,gam3185,com.aidungeon
efb36c6c-0c64-4de6-9eae-1a545ad9de4e,A Google user,https://play-lh.googleusercontent.com/EGemoI2NTXmTsBVtJqk8jxF9rh8ApRWfsIMQSt2uE4OcpQqbFu7f7NbTK05lx80nuSijCz7sc3a277R67g,Why i can't login after update to new version?,4,1,1.1.139,2022-05-27 04:08:52,,,1.1.139,gam20720,com.aidungeon
987c3da6-245d-45ca-87ec-898b4f092386,A Google user,https://play-lh.googleusercontent.com/EGemoI2NTXmTsBVtJqk8jxF9rh8ApRWfsIMQSt2uE4OcpQqbFu7f7NbTK05lx80nuSijCz7sc3a277R67g,This app is so cool,5,0,1.1.178,2023-11-09 18:46:42,,,1.1.178,gam22858,com.aidungeon
290b544b-0ebf-433e-93b8-9978f5dbe974,A Google user,https://play-lh.googleusercontent.com/EGemoI2NTXmTsBVtJqk8jxF9rh8ApRWfsIMQSt2uE4OcpQqbFu7f7NbTK05lx80nuSijCz7sc3a277R67g,It's incredible. The ai is very good and is continuing to improve even without buying the higher models. You can make your own stories or play other peoples.,5,0,,2023-04-14 05:44:03,,,,gam7049,com.aidungeon
894b459f-9910-4ce5-907a-5531d925aa40,A Google user,https://play-lh.googleusercontent.com/EGemoI2NTXmTsBVtJqk8jxF9rh8ApRWfsIMQSt2uE4OcpQqbFu7f7NbTK05lx80nuSijCz7sc3a277R67g,"I'm having a problem with the ""Say"" option. I just find it weird that it changes the personal pronoun. I'll type something like: ""I can't believe I let you do this."" and it'll change to: ""You can't believe you let you do this."" It doesn't make sense. Can this problem be fixed?",3,1,1.2.47,2024-01-26 00:05:07,,,1.2.47,gam9992,com.aidungeon
c5a657be-4c30-4b2f-8ac0-e8c2b559ed66,A Google user,https://play-lh.googleusercontent.com/EGemoI2NTXmTsBVtJqk8jxF9rh8ApRWfsIMQSt2uE4OcpQqbFu7f7NbTK05lx80nuSijCz7sc3a277R67g,I'm trying to play but it won't allow me to play the undo button and the rest of the buttons won't do anything when I click them and the engery thing where I get only 10 actions then you get ads I'd rather have it with it gone its truly annoying,2,2,1.1.151,2022-08-02 17:15:41,Following up on this issue please reach out to us at support@aidungeon.io if this persists. Also! Ads no longer interrupt gameplay and all players have unlimited actions when using Griffin our base AI model.,2023-01-12 17:25:12,1.1.151,gam6802,com.aidungeon
1d00d149-5e08-4e2c-b039-75eca9afc39d,A Google user,https://play-lh.googleusercontent.com/EGemoI2NTXmTsBVtJqk8jxF9rh8ApRWfsIMQSt2uE4OcpQqbFu7f7NbTK05lx80nuSijCz7sc3a277R67g,Was fantastic.A little weird to get used to the quirks of an A.I. parsing grammar yet a good step forward. They need to make money I know but unless you pay it aint a worthwhile experience.,3,0,1.1.32,2023-02-04 21:43:39,Our goal is to provide a great experience for all of our players. Thanks for your review! If you have any questions or concerns please reach out to us at support@aidungeon.io.,2023-02-10 17:06:21,1.1.32,gam5548,com.aidungeon
8ce13e57-8bf5-4b41-a464-b1d78a024f95,A Google user,https://play-lh.googleusercontent.com/EGemoI2NTXmTsBVtJqk8jxF9rh8ApRWfsIMQSt2uE4OcpQqbFu7f7NbTK05lx80nuSijCz7sc3a277R67g,DO NOT listen to those comments!!! They're no more than just personal attacks. The devs read those story because those story violated the policies and they made an announcement about that. There are people on the reddit calling everyone to vote 1 star for the app and most of them was just follow the crowd they didn't even read the announcement themselves. They just listened to what others said and say bad things about the devs which is completely wrong. The devs did all of this with a reason.,5,1,1.1.178,2023-07-14 02:18:00,,,1.1.178,gam15490,com.aidungeon
abf272f8-c776-47ac-bf52-f7472e13bc70,A Google user,https://play-lh.googleusercontent.com/EGemoI2NTXmTsBVtJqk8jxF9rh8ApRWfsIMQSt2uE4OcpQqbFu7f7NbTK05lx80nuSijCz7sc3a277R67g,bruh there's actual limitless potential and I mean LIMITLESS,5,0,1.2.49,2024-06-10 11:37:35,,,1.2.49,gam20452,com.aidungeon
3d5acf24-6282-43a6-9ce7-9de47fce694c,A Google user,https://play-lh.googleusercontent.com/EGemoI2NTXmTsBVtJqk8jxF9rh8ApRWfsIMQSt2uE4OcpQqbFu7f7NbTK05lx80nuSijCz7sc3a277R67g,This is an amazing app but for the past few weeks it has been literally inaccessible. I can't even interact with the reload or contact support buttons. Please fix your app I really enjoy using it.,2,0,1.2.40,2023-11-26 22:29:10,,,1.2.40,gam4484,com.aidungeon
c776323e-d9b4-467e-9bd8-16c8b13776c0,A Google user,https://play-lh.googleusercontent.com/EGemoI2NTXmTsBVtJqk8jxF9rh8ApRWfsIMQSt2uE4OcpQqbFu7f7NbTK05lx80nuSijCz7sc3a277R67g,Yeah I have no idea what happened to this ai. But it sucks now.,1,8,1.1.108,2022-01-06 03:40:58,,,1.1.108,gam21148,com.aidungeon
6a39d9a9-75a5-495c-9a3d-7331d6655f18,A Google user,https://play-lh.googleusercontent.com/EGemoI2NTXmTsBVtJqk8jxF9rh8ApRWfsIMQSt2uE4OcpQqbFu7f7NbTK05lx80nuSijCz7sc3a277R67g,Game has a few problems but it's easy to fix and the good it has far outweighs the bad it has.,5,0,1.1.139,2022-06-19 21:15:02,Hey Irish Guy thank you for the epic review We're happy you're enjoying your time in AI Dungeon!,2022-06-24 16:58:10,1.1.139,gam12432,com.aidungeon
3085462d-90df-4a7d-859c-1b4eb337ffd0,A Google user,https://play-lh.googleusercontent.com/EGemoI2NTXmTsBVtJqk8jxF9rh8ApRWfsIMQSt2uE4OcpQqbFu7f7NbTK05lx80nuSijCz7sc3a277R67g,It lost a star cause sometimes the air is a little wonky,4,0,1.1.118,2022-01-19 16:33:45,,,1.1.118,gam16268,com.aidungeon
dd312e40-550d-4b6a-b03c-867ffc819d6d,A Google user,https://play-lh.googleusercontent.com/EGemoI2NTXmTsBVtJqk8jxF9rh8ApRWfsIMQSt2uE4OcpQqbFu7f7NbTK05lx80nuSijCz7sc3a277R67g,I have a very Hefty phone and this app no longer works saying that it's out of date which makes no sense,1,1,1.2.49,2024-08-23 04:51:27,,,1.2.49,gam10875,com.aidungeon
633493ea-8646-4e0b-9965-51087b145921,A Google user,https://play-lh.googleusercontent.com/EGemoI2NTXmTsBVtJqk8jxF9rh8ApRWfsIMQSt2uE4OcpQqbFu7f7NbTK05lx80nuSijCz7sc3a277R67g,The old AI model was better. Now that you are using Jurassic based model it became a total nonsense when it comes to make coherent stories (Even with the premium model).,1,1,,2023-07-01 15:25:47,,,,gam9697,com.aidungeon
1d41864c-c44f-4032-82a4-82ec89ba91a1,Dakota Moody,https://play-lh.googleusercontent.com/a-/ALV-UjVmC-MOeq1sj13aU4JU-1MYVUenOc3PNKm9oFOf97icKbgBzps,Really sweet idea! Main complaint is that I'm nkt spending no $25 per month to play this game for more than 5 turns in 24 hours,5,0,,2024-06-09 16:11:36,Thanks for your feedback and for appreciating the idea! We understand your concern about the cost. We're actually considering adding a cheaper subscription with limited tokens per day. How does $5 per month for 10 daily tokens sound? We'd love to hear your thoughts.,2024-06-13 07:13:03,,gam29834,com.aisuccess.ai_game_master
c11b0b77-471a-4fe9-9e00-c9949828c2b8,Austin,https://play-lh.googleusercontent.com/a-/ALV-UjUztHaolfrllR6ucboRZIT2A9jF1XhzPuFaxqQpyEjHJsk4tyirxA,This is amazing It's ten times better than any other AI text adventure,5,0,2.7.7,2024-04-18 07:14:38,"Wow Austin! ""Ten times better"" you really embarrassed us Thank you!",2024-04-18 07:58:24,2.7.7,gam271,com.feynmanapps.aitales
f31fcbf5-1fee-4d51-beed-08d308a3f11a,A Google user,https://play-lh.googleusercontent.com/EGemoI2NTXmTsBVtJqk8jxF9rh8ApRWfsIMQSt2uE4OcpQqbFu7f7NbTK05lx80nuSijCz7sc3a277R67g,Why is the game keep crashing every few minutes and its only getting worse. I don't know if its from the people who control the Ai or its just the Ai in general.,1,6,1.1.170,2022-09-27 19:41:47,Just wanted to follow up in case you couldn't contact us yet. We would love to help with this issue :) Please reach out to us at support@aidungeon.io.,2023-01-06 15:10:14,1.1.170,gam11546,com.aidungeon
93269fa6-eb2d-4077-82a9-5e0f1b0e2ec8,A Google user,https://play-lh.googleusercontent.com/EGemoI2NTXmTsBVtJqk8jxF9rh8ApRWfsIMQSt2uE4OcpQqbFu7f7NbTK05lx80nuSijCz7sc3a277R67g,It is fun to make your own story and do what ever you want in the story,5,0,1.1.119,2022-02-04 14:16:28,,,1.1.119,gam16158,com.aidungeon
b540fc9a-0b2b-483f-a0da-e3fc92732f5c,A Google user,https://play-lh.googleusercontent.com/EGemoI2NTXmTsBVtJqk8jxF9rh8ApRWfsIMQSt2uE4OcpQqbFu7f7NbTK05lx80nuSijCz7sc3a277R67g,Constantly deletes information when saving. I've attempted to make a world and every time I've hit save I've wound up with less than I had before. Now it's completely missing.,2,1,1.1.172,2022-11-19 00:37:17,Hey there! This shouldn't be happening and we want to get this resolved for you. Please reach out to us at support@aidungeon.io. It sounds like you might've lost your connection while creating your world as it can only save when you are connected to our servers.,2022-11-21 18:49:51,1.1.172,gam6052,com.aidungeon
c1fffb3a-a2bd-49c4-ac5e-a926e39e9b33,A Google user,https://play-lh.googleusercontent.com/EGemoI2NTXmTsBVtJqk8jxF9rh8ApRWfsIMQSt2uE4OcpQqbFu7f7NbTK05lx80nuSijCz7sc3a277R67g,"I tried reinstalling the app but keep getting an error saying ""can't install the app"" I've already followed the step provided by Google but still won't let me install.",1,2,,2022-08-09 00:58:09,Sorry for the inconvenience Ryan! We are aware of the issue with the Android App and have fixed the problem. Google is reviewing our changes so hopefully the app with be live again in a day or so. We appreciate your patience!,2022-08-09 14:49:18,,gam10745,com.aidungeon
323996d7-f6ad-496b-b74d-312d85249d0b,The Odd Gamer Family,https://play-lh.googleusercontent.com/a-/ALV-UjVRwmrJt4njbl9vHmqCyWvPocqzITaqVLtbZox6qDemUw8n6P_i,"it's ok the biggest problem is having to deal with limited play due to their demand for ""tokens""",2,0,1.6.2,2024-05-05 09:46:43,Hey there we hear you and understand the frustration with limited tokens. As a small self-funded team we rely on tokens to cover the costs of premium AI like GPT-4. We're working hard to create the best experience possible and your support means a lot to us. Thanks for understanding and we hope you keep enjoying the game!,2024-05-07 02:20:55,1.6.2,gam29765,com.aisuccess.ai_game_master
a4d517a4-f2d2-4f35-b92d-4051fa30a0a6,A Google user,https://play-lh.googleusercontent.com/EGemoI2NTXmTsBVtJqk8jxF9rh8ApRWfsIMQSt2uE4OcpQqbFu7f7NbTK05lx80nuSijCz7sc3a277R67g,Wont load waited over 10mins,1,0,,2024-02-28 10:50:36,Hey Eric! Are you still having this issue? Please reach out to us at support@aidungeon.com.,2024-02-28 17:27:46,,gam23709,com.aidungeon
b39604ad-ca1b-4f14-b1a1-099149a8e52f,A Google user,https://play-lh.googleusercontent.com/EGemoI2NTXmTsBVtJqk8jxF9rh8ApRWfsIMQSt2uE4OcpQqbFu7f7NbTK05lx80nuSijCz7sc3a277R67g,alright it seems to lean more on the Fantasy side but is alright for an ai,3,0,1.1.178,2023-04-27 12:23:34,,,1.1.178,gam16538,com.aidungeon
907081a3-f9ab-4c03-a570-8993ecb4b0fd,A Google user,https://play-lh.googleusercontent.com/EGemoI2NTXmTsBVtJqk8jxF9rh8ApRWfsIMQSt2uE4OcpQqbFu7f7NbTK05lx80nuSijCz7sc3a277R67g,"At first it was fun until the story got very dangerous and told me ""I was going to die"" and that ""I was stupid"".Don't try this App..In short it sounds like someone real is on the other end and of thats the case it sounds like someone hacked your phone.",1,1,,2022-08-13 18:20:58,Thanks for the review Todd! The AI can sometimes comment on the game itself but we can guarantee that you were not hacked nor talking with someone else on the other end. This is why the game requires players to be 17 years or older because it can occasionally generate uncomfortable content. Please let us know if we can help!,2022-08-16 13:53:06,,gam8217,com.aidungeon
0d0b10cd-db04-4e11-9045-ea20e602ae33,A Google user,https://play-lh.googleusercontent.com/EGemoI2NTXmTsBVtJqk8jxF9rh8ApRWfsIMQSt2uE4OcpQqbFu7f7NbTK05lx80nuSijCz7sc3a277R67g,A great app restricted by unnecessary censoring,1,1,1.2.49,2024-05-24 09:44:16,,,1.2.49,gam20087,com.aidungeon
9bf1cff3-8795-4f59-a0be-cc553d0a8d63,A Google user,https://play-lh.googleusercontent.com/EGemoI2NTXmTsBVtJqk8jxF9rh8ApRWfsIMQSt2uE4OcpQqbFu7f7NbTK05lx80nuSijCz7sc3a277R67g,"Your sorry excuse for an artificial ""intelligence"" gets dumber everytime I use it.",1,1,,2023-08-07 16:28:30,,,,gam18652,com.aidungeon
f5942d7a-ad25-4cf6-88fb-6d521ed583be,A Google user,https://play-lh.googleusercontent.com/EGemoI2NTXmTsBVtJqk8jxF9rh8ApRWfsIMQSt2uE4OcpQqbFu7f7NbTK05lx80nuSijCz7sc3a277R67g,When i started typing it lagged and almost crashed my phone you need to fix this,1,0,,2023-01-10 08:16:42,Hey there! Thanks for reaching out. We would love to help with this. Please email us at support@aidungeon.io. Thanks :),2023-01-10 14:02:09,,gam14972,com.aidungeon
a4195f04-435f-4e5e-8b68-d7b063a5ac80,A Google user,https://play-lh.googleusercontent.com/EGemoI2NTXmTsBVtJqk8jxF9rh8ApRWfsIMQSt2uE4OcpQqbFu7f7NbTK05lx80nuSijCz7sc3a277R67g,honestly one of the best apps I have ever downloaded,5,0,1.2.47,2024-02-03 11:22:08,Wow! We are very grateful for your review and glad that you've enjoyed our game so much :) We have more exciting updates planned for this year.,2024-02-05 17:56:52,1.2.47,gam19303,com.aidungeon
256c2533-85ea-4238-9fe8-4d4a92023f65,A Google user,https://play-lh.googleusercontent.com/EGemoI2NTXmTsBVtJqk8jxF9rh8ApRWfsIMQSt2uE4OcpQqbFu7f7NbTK05lx80nuSijCz7sc3a277R67g,I thought about giving two stars but I don't think it's that bad. At first two years ago I was truly amazed and I loved the whole app. Now after adding things such as the AI writing limit and many more things. I don't think it's good anymore. It used to be really great but it's really not like that anymore.,3,0,,2023-05-07 16:51:23,,,,gam5385,com.aidungeon
a295e062-813a-4961-a3be-e97276971ba5,Jade Michael Ebreo,https://play-lh.googleusercontent.com/a/ACg8ocI9pkaAUoOohVkKSr3YlTUjnW_jbyJ_94wtt8A0CUxt8W45ng=mo,This is very interesting this app making me so addicting another interesting stories.,5,0,,2024-08-10 20:27:20,Thank you Jade! Just please don't forget about life around you your family friends and nature,2024-08-11 04:27:04,,gam239,com.feynmanapps.aitales
965fc628-8c97-495d-a4a0-7c1ba968bbdc,A Google user,https://play-lh.googleusercontent.com/EGemoI2NTXmTsBVtJqk8jxF9rh8ApRWfsIMQSt2uE4OcpQqbFu7f7NbTK05lx80nuSijCz7sc3a277R67g,Not paying or watching ads for a short throw away experience with a very broken AI.,1,0,1.1.172,2022-12-11 10:34:34,Great news! We released a new update called Unchained. Ads no longer inhibit gameplay and all players have unlimited access to our base AI model (Griffin). Learn more at https://aidungeon.io/unchained :) We would love to look into any issues you might be experiencing. Please reach out to us at support@aidungeon.io.,2022-12-12 18:17:26,1.1.172,gam10981,com.aidungeon
e63ff275-e386-40c2-8946-37f4ff9a5c61,A Google user,https://play-lh.googleusercontent.com/EGemoI2NTXmTsBVtJqk8jxF9rh8ApRWfsIMQSt2uE4OcpQqbFu7f7NbTK05lx80nuSijCz7sc3a277R67g,Amazing app so far It'd be amazing to have access to 1st person option just like the 3rd person more easily thank you,4,0,,2024-06-29 17:42:07,,,,gam12739,com.aidungeon
e63e7cb6-fe93-4a1e-a1d9-963dc67462c8,A Google user,https://play-lh.googleusercontent.com/EGemoI2NTXmTsBVtJqk8jxF9rh8ApRWfsIMQSt2uE4OcpQqbFu7f7NbTK05lx80nuSijCz7sc3a277R67g,Phenomenal experience for me as a solo Fanfiction Writer and for tabletop Campaign material. Very responsive on ideas once I got a hang for it. Feels like I'm co-authoring material. Really helps to bounce ideas off of. I would suggest that the app occasionally generate some story cards for consideration or that there are ways to bookmark sections perhaps with a note as I frequently have to take screenshots of what I consider important lore material as I'm almost 10k actions in one story.,5,1,,2024-10-01 11:53:33,,,,gam2595,com.aidungeon
78a48aef-4753-4d50-aaeb-be35b2a027ce,A Google user,https://play-lh.googleusercontent.com/EGemoI2NTXmTsBVtJqk8jxF9rh8ApRWfsIMQSt2uE4OcpQqbFu7f7NbTK05lx80nuSijCz7sc3a277R67g,I love this game high recommended this is the future of ai game I love you AI dungeon you made my freaking day please download you won't regret love it with all my heart,5,0,1.1.178,2023-04-17 05:36:06,,,1.1.178,gam14378,com.aidungeon
d37d090e-4fa6-4f3e-9324-205539a3ad0c,A Google user,https://play-lh.googleusercontent.com/EGemoI2NTXmTsBVtJqk8jxF9rh8ApRWfsIMQSt2uE4OcpQqbFu7f7NbTK05lx80nuSijCz7sc3a277R67g,"Used to be obsessed with this app until it became a very hungry moneytrap. ""AI being expensive to offer"" is no excuese. The subscriptions shouldnt be this expensive. Free users should have way more access to the app.",1,0,1.1.178,2023-05-15 07:14:13,We are sorry you feel that way Astral. AI is expensive to offer. If youre curious about why we charge what we do check out our blog post on the issue: https://latitude.io/blog/ai-magic-what-it-takes-to-play-ai-games. Major updates are coming soon :) Read more about them at https://latitude.io/blog/next-steps-on-ai-dungeon.,2022-12-08 16:32:26,1.1.178,gam8179,com.aidungeon
23cbd274-eb52-427f-9891-ac6babac99d9,A Google user,https://play-lh.googleusercontent.com/EGemoI2NTXmTsBVtJqk8jxF9rh8ApRWfsIMQSt2uE4OcpQqbFu7f7NbTK05lx80nuSijCz7sc3a277R67g,Honestly the app isn't so bad. I got in back in October of 2020 and it's quite relaxing for me. I have a slight issue though recently I've tried opening it a few times and it just goes to a white screen after saying loading updates. Not sure what that's about. Overall a 4/5.,4,4,1.1.108,2022-01-09 03:32:42,,,1.1.108,gam4314,com.aidungeon
6d71b3b5-9bdb-42d1-80d2-9a702a288903,A Google user,https://play-lh.googleusercontent.com/EGemoI2NTXmTsBVtJqk8jxF9rh8ApRWfsIMQSt2uE4OcpQqbFu7f7NbTK05lx80nuSijCz7sc3a277R67g,No longer playable. It won't do anything until an ad plays but the ad itself won't play even after restarting the app. It is perpetually frozen.,1,2,1.1.147,2022-06-27 13:39:43,We've made some recent changes and improvements to AI Dungeon including our free-play experience. Actions are now unlimited for all players using our Griffin AI model. Also other performance improvements were made. Learn more here: https://aidungeon.io/unchained. We want to look into any issues you've had; email us at support@aidungeon.io.,2023-01-18 16:29:24,1.1.147,gam6269,com.aidungeon
4fc8a85b-9025-43e4-afd8-75105a922aee,A Google user,https://play-lh.googleusercontent.com/EGemoI2NTXmTsBVtJqk8jxF9rh8ApRWfsIMQSt2uE4OcpQqbFu7f7NbTK05lx80nuSijCz7sc3a277R67g,Ty for no ads..!,5,0,1.1.172,2023-03-04 10:24:54,Great news! We released a new update called Unchained. Ads no longer inhibit gameplay; all players have unlimited access to our base AI model (Griffin). Learn more at https://aidungeon.io/unchained :),2023-01-13 17:13:11,1.1.172,gam16935,com.aidungeon
de38954f-278b-4fcb-9caf-7a2ed0571145,MasterRav3n,https://play-lh.googleusercontent.com/a-/ALV-UjW770PTmtTYlusFTYs_ljZM42v9KlhDYKDO3HPBkSQFw7Cgz3ax,really good narration and keeps on the story only wish I got more coins for waiting it would be nice if they stacked as you were offline but otherwise very good,4,0,1.6.3,2024-05-29 16:44:50,,,1.6.3,gam29654,com.aisuccess.ai_game_master
211004e2-f210-4ffa-b2e3-b90431d4f2a8,A Google user,https://play-lh.googleusercontent.com/EGemoI2NTXmTsBVtJqk8jxF9rh8ApRWfsIMQSt2uE4OcpQqbFu7f7NbTK05lx80nuSijCz7sc3a277R67g,its good you guys just need to work more on it,3,0,1.1.177,2023-03-08 10:40:31,Thanks for your review we continue to work on improving the AI and overall game experience :),2023-03-09 21:31:36,1.1.177,gam19202,com.aidungeon
4921446f-b5af-4595-867d-ca39a4fded10,Goodfrey Junius,https://play-lh.googleusercontent.com/a-/ALV-UjUibH1zh3habhic0oeAsZ2bxGDkO2P1hp5WyeTEQ3l2ui1oAI0,it would be better if it wasn't too expensive in malaysia to buy the premium version it cost over RM200 Which is alot of currencies for us Malaysians. Please make ot afforadble for other countries to purchase it,3,0,2.4.1,2023-02-25 02:06:43,Hi TDeep! To be honest we have not yet thought about making different prices for different countries but perhaps this makes some sense. We try to think about what can be done but I can't promise right away what will happen. For AI we rent and buy many servers with Tesla GPUs. Thank you for you feedback and hope for your understanding!,2023-02-28 03:34:28,2.4.1,gam218,com.feynmanapps.aitales
7d3dd786-3473-469f-9ebd-c51c943708d8,A Google user,https://play-lh.googleusercontent.com/EGemoI2NTXmTsBVtJqk8jxF9rh8ApRWfsIMQSt2uE4OcpQqbFu7f7NbTK05lx80nuSijCz7sc3a277R67g,It's a great system on how everything is created and it keeps improving with all these updates aswell.,4,0,1.1.178,2023-03-28 23:25:39,,,1.1.178,gam11223,com.aidungeon
3c67f839-0d42-4e4e-a01f-94f603695980,Corey Lindgren,https://play-lh.googleusercontent.com/a-/ALV-UjULLHxz3680qCu7MJd7hAeJZ-rGp0LJevxy_L6-yCX9mEvV01Q,Was decent enough at first but for the past few days they've stopped giving the 5 free daily tokens so guess I'm uninstalling it it's not worth paying for as a token may get you an entire paragraph or a single sentence.,1,1,1.7.2,2024-06-06 20:52:42,Sorry for the confusion. We provide 5 free daily tokens up to a total of 25 tokens to give players a taste of the game. After that tokens need to be purchased to cover the costs of running the AI. We appreciate your understanding and hope you'll consider giving it another try.,2024-06-13 07:16:09,1.7.2,gam29623,com.aisuccess.ai_game_master
b69ac7b9-7866-4c7f-9a3f-5f94e49d9f2c,A Google user,https://play-lh.googleusercontent.com/EGemoI2NTXmTsBVtJqk8jxF9rh8ApRWfsIMQSt2uE4OcpQqbFu7f7NbTK05lx80nuSijCz7sc3a277R67g,It's like the ai dungeon of old now.,4,0,1.1.172,2023-01-18 12:40:31,Please try out our newest update called Unchained! Free play allows for unlimited actions on our base AI model (Griffin). Learn more at https://aidungeon.io/unchained. Weve also made other performance improvements with more planned for the future :) Reach out to us at support@aidungeon.io if you have any additional concerns happy to help.,2023-01-18 11:33:35,1.1.172,gam21621,com.aidungeon
83500a15-5669-498d-b2cf-2b4c92039d28,A Google user,https://play-lh.googleusercontent.com/EGemoI2NTXmTsBVtJqk8jxF9rh8ApRWfsIMQSt2uE4OcpQqbFu7f7NbTK05lx80nuSijCz7sc3a277R67g,WHY do I need to be online to play? You'd think with a 73mb download all the info would be there. I guess it's for ads. Uninstall.,1,1,1.1.163,2022-08-21 02:44:13,Hey there! Great news! Ads no longer inhibit gameplay; all players have unlimited access to our base AI model (Griffin). Learn more at https://aidungeon.io/unchained :) Online play is needed to make calls to the AI and our servers; this wasn't to support ads. Any questions or concerns? Please let us know at support@aidungeon.io. Thanks :),2023-01-11 14:22:47,1.1.163,gam10348,com.aidungeon
689c6d11-d57f-404c-93d6-848212be1248,Matt Cipoletti,https://play-lh.googleusercontent.com/a-/ALV-UjWD-0_lEmECeGBrcuI5pVTnh_edVey5j_oRJcmuNm_W39NPJ5I5wQ,fun game but a money sink if you want to play for more than 2 minutes a day,3,0,1.7.7,2024-07-01 16:55:10,As a small team our resources are limited which means we cant provide more free tokens. The tokens we do offer for free are meant to give you a sample of the game and help you decide if youd like to invest more. AI development is costly and the revenue from token purchases is essential for us to sustain and enhance the game.,2024-07-02 02:20:58,1.7.7,gam29777,com.aisuccess.ai_game_master
dab228b6-df46-4e24-ad0d-01487b2d462a,A Google user,https://play-lh.googleusercontent.com/EGemoI2NTXmTsBVtJqk8jxF9rh8ApRWfsIMQSt2uE4OcpQqbFu7f7NbTK05lx80nuSijCz7sc3a277R67g,"What the hell happened?! I can't even log into my old account anymore nor can I make a new one in register! We are given the ""option"" to login using a Google account but apparently the app no longer meets the requirements to use Google to log in! Reading some of the newer reviews about the game I'm flabbergasted! This used to be one of my favorite games I get on a Match 3 and BitLife kick for a while come back and this.?!",2,42,1.1.108,2022-01-14 16:24:18,,,1.1.108,gam5212,com.aidungeon
34466e38-25e8-408d-ab2b-c2fe615ce9e2,brian odonnell,https://play-lh.googleusercontent.com/a-/ALV-UjVRf8DlfuLa1EG3Cy3gf7qMEgN713KFtdHHY6bA5GFHjV3vjHo,Best Ai app iv ever found. the stories are completely worth the wait for tokens or the cash. the ai really let's you run the story and change things on a dime.,5,0,1.8.4,2024-08-20 04:36:58,hanks so much! Were thrilled youre loving the app. Its awesome to hear you think its worth it. Your support means a lot to us and were excited to keep making the experience even better!,2024-08-20 11:56:19,1.8.4,gam29573,com.aisuccess.ai_game_master
626f499a-5496-400a-b4c4-6e68be2c17d3,A Google user,https://play-lh.googleusercontent.com/EGemoI2NTXmTsBVtJqk8jxF9rh8ApRWfsIMQSt2uE4OcpQqbFu7f7NbTK05lx80nuSijCz7sc3a277R67g,the story is fun but it the tech glitches. If you exit the scenario it doesn't let you back in until you restart the app. I also wish the AI gave a little more guidance to push the story along.,3,0,1.2.49,2024-05-09 22:57:31,,,1.2.49,gam2995,com.aidungeon
09ac71c2-f102-49bd-ac36-05784e1626d3,Ariel Winsmann-Rivera,https://play-lh.googleusercontent.com/a-/ALV-UjVNOv_Rv4iQhP5QSQwD44Vfr-YdKBGowpDNPvlTWtHLbP0iCdoKPg,Absolutely loving the experience so far. So inspirational & captivating. Really allows you to make your adventure come to life.,5,0,1.6.3,2024-05-19 19:21:44,,,1.6.3,gam29718,com.aisuccess.ai_game_master
304fed18-5bea-4acf-8c95-352ba8b70369,A Google user,https://play-lh.googleusercontent.com/EGemoI2NTXmTsBVtJqk8jxF9rh8ApRWfsIMQSt2uE4OcpQqbFu7f7NbTK05lx80nuSijCz7sc3a277R67g,Won't let you try it unless your creating a story or you pay for a subscription. If this is good I'll never know because the entry cost is way more than I want to give without knowing if I even like it. And no I'm not gonna use the seven day free trial. Not saying I want a free game but I don't want a subscription either.,1,1,1.1.178,2023-03-19 17:59:38,Hey there! You don't need a subscription to use our base AI model Griffin. If you have any questions or concerns please reach out to us at support@aidungeon.io.,2023-03-22 13:35:55,1.1.178,gam3850,com.aidungeon
f4bbeeb8-9d30-44d9-98f4-42066e33d51a,A Google user,https://play-lh.googleusercontent.com/EGemoI2NTXmTsBVtJqk8jxF9rh8ApRWfsIMQSt2uE4OcpQqbFu7f7NbTK05lx80nuSijCz7sc3a277R67g,Every update it marginally improves issues that are already created via the devs. Creating your own problem and fixing it isn't genius it's just dumb. AI is neutered and censored the devs made a blacklist of words you can add so the AI doesn't use them but the AI has an additional built in censor list of words which is lame. I ask for a storyteller not a mentally handicapped algorithm that doesn't like certain mean words. I want uncensored AI not anti-bigot AI.,1,19,1.1.178,2023-06-15 11:08:32,Please try out our newest update called Unchained! Free play allows for unlimited actions on our base AI model (Griffin). Learn more at https://aidungeon.io/unchained. Weve also made other performance improvements with more planned for the future :) Reach out to us at support@aidungeon.io if you have any additional concerns happy to help.,2023-01-18 14:48:23,1.1.178,gam9700,com.aidungeon
7b9c046d-551d-489b-a7b7-b4e5fcbd9fea,Glenn Arino,https://play-lh.googleusercontent.com/a/ACg8ocLbtLX969S5DeuCVJmpyTFPjkAgNpXJ1dLjdb52Zl1tEwfvwQs=mo,If i try to select some options and settings that's the lag happening i'm always get stuck and i cannot move the game at all even i try to choose some story i am still definitely stuck,1,1,2.109,2024-07-16 06:24:55,Hello Glenn! Do you mean long time of text generation waiting? Or lags in the game itself like slow rotations buttons etc.? Update: It's very strange. It looks like there is some kind of incompatibility between our game and your phone.,2024-07-16 15:44:08,2.109,gam54,com.feynmanapps.aitales
3c41a3c6-d58d-4050-847d-356f453ec5e3,A Google user,https://play-lh.googleusercontent.com/EGemoI2NTXmTsBVtJqk8jxF9rh8ApRWfsIMQSt2uE4OcpQqbFu7f7NbTK05lx80nuSijCz7sc3a277R67g,The developers actually listened to their players and brought back free to play. For that alone I'm giving 5 stars. App itself does as advertised; sometimes it makes no sense but you can always change it or as to rewrite. The UI is arguably the best of any AI writing app I've used. Overall good for some fun adventures in any scenario you can think of!,5,174,1.1.172,2022-12-13 05:28:06,Appreciate the 5-star review :) We truly value the feedback our players give us and we have many more exciting updates and releases planned for the future. Thank you so much for your support. If there's anything we can do to improve your experience please let us know at https://feedback.latitude.io/.,2022-12-13 13:19:13,1.1.172,gam2349,com.aidungeon
c6551321-7ded-4b92-9691-f0c2412a48ee,A Google user,https://play-lh.googleusercontent.com/EGemoI2NTXmTsBVtJqk8jxF9rh8ApRWfsIMQSt2uE4OcpQqbFu7f7NbTK05lx80nuSijCz7sc3a277R67g,Id Rate more if not for me not being able to move on the story. Like when i enter the text. It doesnt input it. Instead. It does NOTHING. This seems like a good app if it Would work. Or be less flawful.,2,0,1.1.139,2022-06-17 00:21:36,Hi there! We'd be happy to look into this for you. Please post relevant details to bugs.aidungeon.io or email us directly (support@aidungeon.io) and we'll do our best to help from there. Thank you!,2022-06-17 13:39:19,1.1.139,gam4680,com.aidungeon
ae30da41-f2a3-4d73-9483-5ec0ea3ea162,Amaury Vervoort,https://play-lh.googleusercontent.com/a/ACg8ocIsR2vlzI0iM1QRRBtPLRBCxmCW83CEeaIsMUbbX06-FYq74Q=mo,too few tokens per day and violence in a cyber punk setting isn't allowed for some reason.,2,0,1.3.0,2024-03-02 08:58:51,Sorry to hear you're disappointed. We're a small team facing the high costs of premium AI tech trying to balance free access and quality. Regarding violence in cyberpunk settings we're reviewing content guidelines to enhance freedom. We aim for an enjoyable more accessible game. Your feedback helps us improve so thank you,2024-03-03 05:13:12,1.3.0,gam29903,com.aisuccess.ai_game_master
6db0ff44-3bfd-4cdd-83d3-109fae586631,A Google user,https://play-lh.googleusercontent.com/EGemoI2NTXmTsBVtJqk8jxF9rh8ApRWfsIMQSt2uE4OcpQqbFu7f7NbTK05lx80nuSijCz7sc3a277R67g,Devs became very greedy,1,0,1.1.172,2023-02-14 18:00:04,Sorry to hear you feel that way. We've found ways to reduce our AI cost to offer free play uninterrupted by ads with unlimited actions. Premium upgrades are available that remain cost-prohibitive to offer for free. Happy to discuss any questions or concerns you might have; please reach out to us at support@aidungeon.io.,2023-02-16 20:11:22,1.1.172,gam23187,com.aidungeon
e07ab4b5-1180-4b5d-99a8-5fb90edc1b9a,A Google user,https://play-lh.googleusercontent.com/EGemoI2NTXmTsBVtJqk8jxF9rh8ApRWfsIMQSt2uE4OcpQqbFu7f7NbTK05lx80nuSijCz7sc3a277R67g,The new models are honestly trash. Yeah increased memory is great but it's useless when the ai spits out the same repetitive actions even with high randomness. The smaller output length means that you get less generated at a time as well - sure I guess the model doesn't have the odd wacky moments the older ones did but at least those could write in different styles and not regurgitate middle school plagiarism level bog slime.,1,6,,2024-05-27 13:25:28,,,,gam537,com.aidungeon
7999f70f-b482-4831-98cb-9e14f0ffe020,A Google user,https://play-lh.googleusercontent.com/EGemoI2NTXmTsBVtJqk8jxF9rh8ApRWfsIMQSt2uE4OcpQqbFu7f7NbTK05lx80nuSijCz7sc3a277R67g,Game is working fine again happy about the removal of ads however the ai can still forget things sometimes even when it's in the memory bit except for that it's much better now,5,7,1.1.172,2023-02-11 13:30:10,Thanks for updating your review! We are working on improvements and have some exciting updates coming this year :) Memory and author's note are the best way to help with memory happy to answer any other questions at support@aidungeon.io. You can also check out our discord for helpful tips and tricks: https://aidungeon.io/discord.,2023-02-17 21:18:02,1.1.172,gam9450,com.aidungeon
5fafc840-86aa-4205-aaa2-d81695c135b1,A Google user,https://play-lh.googleusercontent.com/EGemoI2NTXmTsBVtJqk8jxF9rh8ApRWfsIMQSt2uE4OcpQqbFu7f7NbTK05lx80nuSijCz7sc3a277R67g,way worse than it used to be. it's either pay money which I just can't right now or struggle with the ads. I understand the reasoning for them but if they don't work then what's the point. I can't do anything anymore without subscribing,1,1,1.1.172,2022-10-19 09:34:59,Gavin thank you for your review. Ads were implemented to make free play sustainable we are continuing to adjust and improve this experience. Changes to AI Dungeon are coming learn more here: https://latitude.io/blog/next-steps-on-ai-dungeon/. Please give us feedback as we consider ways to adjust ads moving forward: https://feedback.latitude.io/.,2022-10-19 15:20:44,1.1.172,gam7726,com.aidungeon
b9d660ae-313b-40b3-9ae0-b5f7e7491683,A Google user,https://play-lh.googleusercontent.com/EGemoI2NTXmTsBVtJqk8jxF9rh8ApRWfsIMQSt2uE4OcpQqbFu7f7NbTK05lx80nuSijCz7sc3a277R67g,It is ok but lacking like i kill some inportant guy then try to leave and go to a new area but the ai forgets that i killed him and just go the gut swinges his sword and stabs you,1,1,1.1.119,2022-01-30 20:27:22,,,1.1.119,gam13140,com.aidungeon
b0acd2d2-7fc2-4504-99f4-1e091ceadeb7,A Google user,https://play-lh.googleusercontent.com/EGemoI2NTXmTsBVtJqk8jxF9rh8ApRWfsIMQSt2uE4OcpQqbFu7f7NbTK05lx80nuSijCz7sc3a277R67g,Clunky and laggy. A lot of things are locked behind a paywall. It serves its purpose and then some but it'll help to have more tools than just this one.,3,0,1.2.49,2024-06-10 23:48:29,,,1.2.49,gam7569,com.aidungeon
9529cc01-ee0f-454b-9693-517e1b82afe0,A Google user,https://play-lh.googleusercontent.com/EGemoI2NTXmTsBVtJqk8jxF9rh8ApRWfsIMQSt2uE4OcpQqbFu7f7NbTK05lx80nuSijCz7sc3a277R67g,What happened? I used to play this a couple years ago and it was pretty fun now the ai just repeats the same lines over and over and doesn't move the story anywhere. Yes yes the tension in the air is palpable thank you for clarifying that for the 85th time. I tried a couple games and this type of thing kept happening even when I threw in random curveballs. I remember it being much better,2,1,1.1.119,2024-03-02 04:18:47,,,1.1.119,gam1214,com.aidungeon
636eaa6f-218d-4654-ac00-bd3a3db06b81,Rishi Singh,https://play-lh.googleusercontent.com/a-/ALV-UjV3udhiL038J63DzNy36fWpEIWGFNni4KgBBZsuQoPaXfK_T3ql,Aplease make the custom option free. Everything else is GREAT but please make the custom option free or I'll go to AI dungeon,1,1,1.8.5,2022-01-20 02:32:57,Rishi we understand you but servers and hardware to support AI in the game consist of expensive NVIDIA Tesla graphics cards. We have tried to make the subscription prices as adequate as possible. In turn we hope for your understanding!,2022-01-20 07:26:43,1.8.5,gam293,com.feynmanapps.aitales
4500054d-c5e7-4718-86f7-5b83a62c7c7e,A Google user,https://play-lh.googleusercontent.com/EGemoI2NTXmTsBVtJqk8jxF9rh8ApRWfsIMQSt2uE4OcpQqbFu7f7NbTK05lx80nuSijCz7sc3a277R67g,Its on it# way back to the glorious ap it was,2,1,1.1.118,2022-01-21 18:20:20,,,1.1.118,gam21127,com.aidungeon
6c8520c5-df89-4276-ba67-09a8bfaa8c00,Jeppers1964,https://play-lh.googleusercontent.com/a-/ALV-UjUpSoe1OfxO6q-tfacAN5TNPFfqe8rFTXIZGld2TDQHUzgBz8Q,super fun! better than video games!,5,0,1.6.1,2024-04-26 22:19:56,,,1.6.1,gam29862,com.aisuccess.ai_game_master
37b996fb-720c-4401-b809-96c7c34228c5,A Google user,https://play-lh.googleusercontent.com/EGemoI2NTXmTsBVtJqk8jxF9rh8ApRWfsIMQSt2uE4OcpQqbFu7f7NbTK05lx80nuSijCz7sc3a277R67g,Unfortunately it kind of sucks now. Used to be better when it was simpler.,2,1,,2022-11-06 16:18:55,Please try out our newest update called Unchained! Free play allows for unlimited actions on our base AI model (Griffin). Learn more at https://aidungeon.io/unchained. Weve also made other performance improvements with more planned for the future :) Reach out to us at support@aidungeon.io if you have any additional concerns happy to help.,2022-12-14 20:31:19,,gam18170,com.aidungeon
8a237b27-ea5d-4a49-b5ac-486a2e0bec4a,A Google user,https://play-lh.googleusercontent.com/EGemoI2NTXmTsBVtJqk8jxF9rh8ApRWfsIMQSt2uE4OcpQqbFu7f7NbTK05lx80nuSijCz7sc3a277R67g,I love the game and have the Adventurer package. But now it's acting like I'm using free play but shows that I still have the Adventurer package. And it won't let me load the ones I've previous played and doesn't save any of the others I try. I've tried logging out and signing back in I've even uninstalled and reinstalled the app but nothing works.,2,2,1.2.49,2024-06-25 12:48:13,,,1.2.49,gam533,com.aidungeon
e4adc0cb-b660-481e-b312-770cb6f06604,A Google user,https://play-lh.googleusercontent.com/EGemoI2NTXmTsBVtJqk8jxF9rh8ApRWfsIMQSt2uE4OcpQqbFu7f7NbTK05lx80nuSijCz7sc3a277R67g,This is the best novel-styled RPG game I've ever played.,5,0,1.1.172,2023-01-22 08:23:28,Thank you for the awesome review! We are very glad to hear this has been your experience :) If you have any feedback or suggestions on how we can improve please let us know at https://feedback.latitude.io/.,2023-01-23 22:39:33,1.1.172,gam17893,com.aidungeon
7cf59531-dd3a-4d8b-a1d3-dfca1cb374e4,A Google user,https://play-lh.googleusercontent.com/EGemoI2NTXmTsBVtJqk8jxF9rh8ApRWfsIMQSt2uE4OcpQqbFu7f7NbTK05lx80nuSijCz7sc3a277R67g,New review.. The AI is improving and smarter than before. Nicee,5,1,1.1.178,2024-06-02 20:25:26,Thanks for your feedback. We are actively working on a new Griffin (our free base AI model) that will include some of the updates found in our new Dragon model. More details to come :),2023-06-06 20:36:04,1.1.178,gam12772,com.aidungeon
8474d78d-2f7b-40a3-a104-216bd9d11242,A Google user,https://play-lh.googleusercontent.com/EGemoI2NTXmTsBVtJqk8jxF9rh8ApRWfsIMQSt2uE4OcpQqbFu7f7NbTK05lx80nuSijCz7sc3a277R67g,Absolutely nothing works on this app. I open it up needs to reboot. I create an account gives error codes. Can't even open up anything in the app without it shutting itself down. But hey! It might work if you pay for it! I can't wait to pay for something I don't even know works,1,0,1.2.49,2024-06-05 23:38:07,We fixed the issue. Please try again and let us know if you still need help at support@aidungeon.com. Thanks!,2024-06-06 17:27:22,1.2.49,gam2708,com.aidungeon
db97aefc-a00b-4f57-b42e-bed45037829d,A Google user,https://play-lh.googleusercontent.com/EGemoI2NTXmTsBVtJqk8jxF9rh8ApRWfsIMQSt2uE4OcpQqbFu7f7NbTK05lx80nuSijCz7sc3a277R67g,Let us use custom profile pictures I don't want to be limited to some generic AI images of fantasy creatures,1,2,1.2.72,2024-09-19 17:29:23,,,1.2.72,gam1983,com.aidungeon
845c30e9-f555-49ae-837d-5b1b948fbd24,A Google user,https://play-lh.googleusercontent.com/EGemoI2NTXmTsBVtJqk8jxF9rh8ApRWfsIMQSt2uE4OcpQqbFu7f7NbTK05lx80nuSijCz7sc3a277R67g,It's okay it just needs some work,3,0,,2023-04-10 17:29:25,We are actively working on improvements thanks for your feedback and support :),2023-04-12 12:43:47,,gam19209,com.aidungeon
29a08239-5770-417b-8f9f-2b313dd2641b,A Google user,https://play-lh.googleusercontent.com/EGemoI2NTXmTsBVtJqk8jxF9rh8ApRWfsIMQSt2uE4OcpQqbFu7f7NbTK05lx80nuSijCz7sc3a277R67g,Probably the best mobile text based game. With AI it has infinite amount of different stories. I'm just in shock how much AI progressed 10 years. 10/10,5,0,1.1.170,2022-09-23 01:43:19,Thank you for your review and praise Aleks! We are grateful for your support :) If you have any feedback or suggestions on how we can improve please let us know at https://feedback.latitude.io/.,2023-01-06 16:01:20,1.1.170,gam8198,com.aidungeon
a1052118-20be-444c-8c03-e6e3d9fa059e,amber 0101ok1,https://play-lh.googleusercontent.com/a/ACg8ocLGHQudiPF9bQwjfx354qcdD6eH1zFeXFU4okgz1jHoguREYA=mo,This game is actually great Canyou please Lower the Peice couse it Takes 2k pesos On The game to purchase master game i earn 35k. Pesos a month.,4,0,2.3.1,2022-09-30 06:11:51,,,2.3.1,gam300,com.feynmanapps.aitales
1edc6c7c-7364-48ab-bd2e-90ec9b382d81,A Google user,https://play-lh.googleusercontent.com/EGemoI2NTXmTsBVtJqk8jxF9rh8ApRWfsIMQSt2uE4OcpQqbFu7f7NbTK05lx80nuSijCz7sc3a277R67g,very good! a few bugs with the ui but runs as intended. but i would suggest some premium features like the images be free with some currency obtained by watching ads. also add some dnd like dice option to determine the outcome would make this app even better than it already is.,5,0,1.1.136,2022-05-23 17:12:27,Thanks for your review! Free play is now an unlimited experience. Ads no longer interrupt gameplay; all players have unlimited actions when using Griffin (our base AI model). Learn more at https://aidungeon.io/unchained. Also all players have access to image generation. More updates to come :),2023-01-19 00:41:09,1.1.136,gam2854,com.aidungeon
1e259487-39e8-4a56-9969-f3f87d0baa0f,A Google user,https://play-lh.googleusercontent.com/EGemoI2NTXmTsBVtJqk8jxF9rh8ApRWfsIMQSt2uE4OcpQqbFu7f7NbTK05lx80nuSijCz7sc3a277R67g,The change with ads is pretty dumb imo but overall rp is good,4,0,1.1.147,2022-07-13 15:25:55,Great news! We released a new update called Unchained. Ads no longer inhibit gameplay; all players have unlimited access to our base AI model (Griffin). Learn more at https://aidungeon.io/unchained :),2023-01-13 20:44:45,1.1.147,gam17189,com.aidungeon
81054a37-b478-428e-83ff-462d1269d925,A Google user,https://play-lh.googleusercontent.com/EGemoI2NTXmTsBVtJqk8jxF9rh8ApRWfsIMQSt2uE4OcpQqbFu7f7NbTK05lx80nuSijCz7sc3a277R67g,I love the game it's amazing and all but there's slight problem I've been having. while I'm in the middle of typing or just waiting for a response it keeps bringing me into 'view adventure' which makes me lose my progress in writing. I know I'm not clicking random things but it's a bit frustrating.,4,5,1.1.139,2022-05-25 10:45:48,,,1.1.139,gam1771,com.aidungeon
ab8387a8-4956-48eb-8e52-1bf37ff79658,A Google user,https://play-lh.googleusercontent.com/EGemoI2NTXmTsBVtJqk8jxF9rh8ApRWfsIMQSt2uE4OcpQqbFu7f7NbTK05lx80nuSijCz7sc3a277R67g,AI Dungeon is a great tool for writing stories that keep people on the edge of their seats. It offers a free AI model and a more advanced model that can be purchased. It has been able to generate detailed and immersive stories that have kept me entertained for hours. I had to put this through summarizer because I began to make an entire persuasive essay silly me. :P,5,2,1.1.178,2023-05-28 21:54:03,,,1.1.178,gam1420,com.aidungeon
737d698e-59e0-4a7d-ae6a-e8fe51803ea1,A Google user,https://play-lh.googleusercontent.com/EGemoI2NTXmTsBVtJqk8jxF9rh8ApRWfsIMQSt2uE4OcpQqbFu7f7NbTK05lx80nuSijCz7sc3a277R67g,Solid 3/5. It's incredibly fun when it works but not when it's not. Lots of issues that get ironed out eventually. Download it if you want to but I doubt I'm going to change this rating again. It's neither complete garbage nor is it completely perfect; solid 3 out of 5.,3,41,1.1.155,2022-08-10 17:24:05,Hi WAFFLE thanks for the review! Our team is working on a solution for scales. Regarding the bugs UI bugs you noted please report them in bugs.aidungeon.io for us to look into. You can learn more about why we introduced ads so free users can get the most out of Griffin here: https://share.voyage/bUpLNXp9xyk,2022-06-24 17:14:50,1.1.155,gam3063,com.aidungeon
c4378e53-a763-4d9f-8f74-4b90387801ae,A Google user,https://play-lh.googleusercontent.com/EGemoI2NTXmTsBVtJqk8jxF9rh8ApRWfsIMQSt2uE4OcpQqbFu7f7NbTK05lx80nuSijCz7sc3a277R67g,Should be called Alzheimer's Dungeon with how easily it forgets story details,2,3,1.1.178,2023-04-16 12:49:31,,,1.1.178,gam16279,com.aidungeon
9c55588a-5756-4fdd-9e8c-b1186a7b51bc,A Google user,https://play-lh.googleusercontent.com/EGemoI2NTXmTsBVtJqk8jxF9rh8ApRWfsIMQSt2uE4OcpQqbFu7f7NbTK05lx80nuSijCz7sc3a277R67g,This game is fun and adventurous though some genres aren't that smooth writing wise. It could be argued that that is the fun of AI generated story's but that's neither here nor there. I'm very new but so far what I've scene is very unique and interesting having a D'n'D vibe to the whole thing.,4,0,1.1.139,2022-06-05 14:06:46,Hi Michael thanks for the awesome review! If you're curious about how the AI works then we recommend checking faq.aidungeon.io Thanks again!,2022-06-06 17:58:53,1.1.139,gam1772,com.aidungeon
3f75bf66-4458-4f2e-8a08-c9056bae7e89,Ticky Tock,https://play-lh.googleusercontent.com/a-/ALV-UjUi--zP_SnzLZXIXBODx2CBQ-PK9FfQkGW1K-NTR0QIms0Pd2OU,I think you accidentally removed my ratings while replying to my previous review so I'm unable to reply what ever it is I apologize. But still I'm enjoying this game very calmly I'm got confused to the world I made but it ended well Thank you.,5,0,2.4.0,2023-01-24 21:44:51,Hi Ticky Tock! Don't worry everything will be fine with performance And we will most likely provide the opportunity to play in the previous mode. If something goes wrong we will always be in touch and fix it. And thank you for your rating and support!,2023-01-24 16:05:38,2.4.0,gam259,com.feynmanapps.aitales
9e0ccd2d-1b15-4389-a0d2-46ebaf97deec,A Google user,https://play-lh.googleusercontent.com/EGemoI2NTXmTsBVtJqk8jxF9rh8ApRWfsIMQSt2uE4OcpQqbFu7f7NbTK05lx80nuSijCz7sc3a277R67g,An so as time passes this ap keeps getting worse and i dont just mean the ads and pay walls put the difference in quality for 1-2 years ago is still going down.,1,1,,2022-07-11 12:59:29,Ads no longer interrupt gameplay; all players have unlimited actions to our base AI model. Learn more at https://aidungeon.io/unchained. We would love to look into any issues you might be experiencing. Please reach out to us at support@aidungeon.io. Thanks Don!,2023-01-13 21:02:54,,gam12790,com.aidungeon
035b9183-630e-445b-8a36-b2a08cd11eaf,A Google user,https://play-lh.googleusercontent.com/EGemoI2NTXmTsBVtJqk8jxF9rh8ApRWfsIMQSt2uE4OcpQqbFu7f7NbTK05lx80nuSijCz7sc3a277R67g,This game used to be my favorite but with the updates it just..sucks. I picked this game because it had a decent AI and it was free but it lost that.,2,0,1.1.52,2022-07-15 06:37:49,Great news! We released a new update called Unchained. Ads no longer inhibit gameplay; all players have unlimited access to our base AI model (Griffin). Learn more at https://aidungeon.io/unchained :),2023-01-18 11:30:34,1.1.52,gam9282,com.aidungeon
fd89efd4-6131-4e11-b910-2cfd77be3a16,A Google user,https://play-lh.googleusercontent.com/EGemoI2NTXmTsBVtJqk8jxF9rh8ApRWfsIMQSt2uE4OcpQqbFu7f7NbTK05lx80nuSijCz7sc3a277R67g,THIS IS THE GREATEST FRIGGIN GAME EVER I CAN LITTERALLY MAKE A GUY WITH THE ABILLITY TO GENERATE ELECTRICITY THWANKA YOU-A MR-A AI-Dungeon-Kun!,5,0,1.1.147,2022-06-22 18:36:30,You're welcome Khem-san! Our community is buzzing with helpful tips try checking out our Discord! aidungeon.io/discord,2022-06-24 18:28:37,1.1.147,gam20892,com.aidungeon
4376fc71-0ce7-4586-b18d-0fc815630bb7,A Google user,https://play-lh.googleusercontent.com/EGemoI2NTXmTsBVtJqk8jxF9rh8ApRWfsIMQSt2uE4OcpQqbFu7f7NbTK05lx80nuSijCz7sc3a277R67g,I cannot open the app anymore.,1,2,1.1.153,2022-08-09 23:16:41,We're actively working to resolve the login issues. Until it's fixed some users have reported that uninstalling and reinstalling has fixed the issue for them.,2022-05-23 09:21:06,1.1.153,gam21112,com.aidungeon
63e33ea6-13b8-410f-950d-2260f46bd95a,A Google user,https://play-lh.googleusercontent.com/EGemoI2NTXmTsBVtJqk8jxF9rh8ApRWfsIMQSt2uE4OcpQqbFu7f7NbTK05lx80nuSijCz7sc3a277R67g,My experience is generally very good. The AI is very versatile. My biggest issue is the server becoming unresponsive several times per day and getting duplicate results back but the duplicate results are not a deal breaker. Sometimes you have to massage things to get a good result but just as often something incredible comes out of left field to make it worth it.,4,2,1.2.72,2024-10-06 11:59:23,,,1.2.72,gam506,com.aidungeon
2c41b277-283e-457a-9a21-fbfecb08b7af,A Google user,https://play-lh.googleusercontent.com/EGemoI2NTXmTsBVtJqk8jxF9rh8ApRWfsIMQSt2uE4OcpQqbFu7f7NbTK05lx80nuSijCz7sc3a277R67g,It's not a bad game and it has tons of potential. But it's almost impossible to use half the time. And it takes forever to load no matter the circumstance. Not to mention just how infuriatingly laggy it is.,2,0,1.2.49,2024-06-05 04:27:58,We fixed the issue. Please try again and let us know if you still need help at support@aidungeon.com. Thanks!,2024-06-06 17:32:06,1.2.49,gam3041,com.aidungeon
c289b27a-c810-480e-985f-def7b7ae9246,A Google user,https://play-lh.googleusercontent.com/EGemoI2NTXmTsBVtJqk8jxF9rh8ApRWfsIMQSt2uE4OcpQqbFu7f7NbTK05lx80nuSijCz7sc3a277R67g,I was forcedmto rate early on. it fails. often ignores responses. slow and clunky like my typing,1,0,1.1.178,2023-05-23 21:16:30,Hey there! We apologize that you received this message early on and would be happy to look into any issues you have. Please reach out to us at support@aidungeon.io.,2023-05-25 21:08:40,1.1.178,gam12579,com.aidungeon
08035376-0ea6-49d5-b3d1-b24e0b0605e4,A Google user,https://play-lh.googleusercontent.com/EGemoI2NTXmTsBVtJqk8jxF9rh8ApRWfsIMQSt2uE4OcpQqbFu7f7NbTK05lx80nuSijCz7sc3a277R67g,(Updated review) This game used to have a paywall to do anything at all but they've since changed that. This isn't the BEST story-based AI writing software out there but if you're using it to help further your writing career (such as using the AI to generate promps based on your story in case you have writer's block) it's a great choice. It's easy to learn the mechanics of the AI you can choose to play other people's AI prompts and it's all around a good AI.,4,1,1.1.35,2023-01-18 12:55:59,Please try out our newest update called Unchained! Free play allows for unlimited actions on our base AI model (Griffin). Learn more at https://aidungeon.io/unchained. Weve also made other performance improvements with more planned for the future :) Reach out to us at support@aidungeon.io if you have any additional concerns happy to help.,2023-01-18 10:42:10,1.1.35,gam933,com.aidungeon
6d37430b-6402-417b-8da8-90d7dba24da2,A Google user,https://play-lh.googleusercontent.com/EGemoI2NTXmTsBVtJqk8jxF9rh8ApRWfsIMQSt2uE4OcpQqbFu7f7NbTK05lx80nuSijCz7sc3a277R67g,The AI Dungeon platform has introduced a revolutionary application that utilizes state-of-the-art technology to redefine the reading and writing experience. It offers users a comprehensive array of concepts and narratives cultivating an environment that promotes creativity and inspiration in the field of storytelling. However the subscription model requires reconsideration. A one-time payment option or the elimination of the subscription altogether would be more appropriate. WASTE OF MONEY.,3,11,1.2.66,2024-07-10 02:43:06,"Thanks for your updated review Joselyn! To clarify our free tier offers unlimited play with multiple AI models no subscription needed. What you're referring to as ""gems"" are free premium actions that only apply to our Mixtral model as a free player. If you have any questions reach out to us at support@aidungeon.com.",2024-07-08 19:30:31,1.2.66,gam517,com.aidungeon
52f068a3-bba5-4a2d-8322-67dd0e3ccca5,A Google user,https://play-lh.googleusercontent.com/EGemoI2NTXmTsBVtJqk8jxF9rh8ApRWfsIMQSt2uE4OcpQqbFu7f7NbTK05lx80nuSijCz7sc3a277R67g,It is fun but after a recent update I can't find the saves for the story cards so I can only assume they have been removed but I would love it if they were added back in or if I was directed to where they are now and how to add them into games. Other than that good ai had fun would recommend.,4,2,1.2.40,2023-11-12 10:07:14,,,1.2.40,gam2610,com.aidungeon
02bbf332-f7f2-4b5a-b445-bce82e663c8c,A Google user,https://play-lh.googleusercontent.com/EGemoI2NTXmTsBVtJqk8jxF9rh8ApRWfsIMQSt2uE4OcpQqbFu7f7NbTK05lx80nuSijCz7sc3a277R67g,A fun game not without problems it still needs to work out. The main being how hard the AI will fight you when it wants to take the story in a direction you don't want it to or doesn't want to go in a direction you want it to. AI: you notice a tunnel. Me: I ignore the tunnel and move on. AI: You enter the tunnel. Me: I walk back out of the tunnel and leave. AI: you look back at the tunnel and start walking towards it. It also forgets key pieces of information like who's who and who's dead.,4,2,1.2.49,2024-05-28 00:09:11,,,1.2.49,gam1319,com.aidungeon
032e7a6d-ce8f-419d-90fa-79e17327b39e,A Google user,https://play-lh.googleusercontent.com/EGemoI2NTXmTsBVtJqk8jxF9rh8ApRWfsIMQSt2uE4OcpQqbFu7f7NbTK05lx80nuSijCz7sc3a277R67g,It used to be a 5 star. But I can't give it a perfect score anymore. The game is fun.,3,15,1.1.147,2022-07-18 03:43:02,Thanks for the review! Please let us know if you have any specific feedback at: https://feedback.latitude.io.,2022-07-18 10:28:56,1.1.147,gam15180,com.aidungeon
399a6db8-919a-4e96-9156-3cb5848c1ee6,Jrny,https://play-lh.googleusercontent.com/a-/ALV-UjV_bFZ1Ifle1eyeBVP_sldeeA3YxLlJ9TUnRxOiQTGHbKhfycsDKw,pretty cool that I get to make my own actions maybe there was only Lil times there was a glitch but either than that solid 4 star I really like it deserves smore love,4,0,1.8.2,2022-01-09 08:18:05,Thanks glad you enjoyed the game! Cheers!,2022-01-10 12:23:55,1.8.2,gam268,com.feynmanapps.aitales
ac135b78-7cb4-4123-9e57-e40b066c63b0,Daniel Gunderson,https://play-lh.googleusercontent.com/a-/ALV-UjXIt1bBBmZMBaHnfgviOsVC0B0GdJ_CcH8XTNGvkbkz8ngFr_fs,Absolutely terrible cherictor creation. Practically the only thing it let's you decide is the Name and that is after pressing. Real bummer.,5,0,1.6.3,2024-05-14 16:45:10,,,1.6.3,gam29773,com.aisuccess.ai_game_master
8cd875c2-0ecf-43f6-a1e5-79081329703c,A Google user,https://play-lh.googleusercontent.com/EGemoI2NTXmTsBVtJqk8jxF9rh8ApRWfsIMQSt2uE4OcpQqbFu7f7NbTK05lx80nuSijCz7sc3a277R67g,One of the best AI role-playing games I've played.,5,0,1.2.47,2024-02-24 09:56:35,,,1.2.47,gam20322,com.aidungeon
98bad154-8e0a-4f85-b5c9-034726f90965,A Google user,https://play-lh.googleusercontent.com/EGemoI2NTXmTsBVtJqk8jxF9rh8ApRWfsIMQSt2uE4OcpQqbFu7f7NbTK05lx80nuSijCz7sc3a277R67g,This is a great game especially if you like storytelling games or role-playing.,5,0,1.2.47,2024-02-22 12:13:24,Please try out our newest update called Unchained! Free play allows for unlimited actions on our base AI model (Griffin). Learn more at https://aidungeon.io/unchained. Weve also made other performance improvements with more planned for the future :) Reach out to us at support@aidungeon.io if you have any additional concerns happy to help.,2023-01-11 14:07:59,1.2.47,gam13542,com.aidungeon
aeb029d6-5f65-44b5-b350-efa399d0e1bd,ronay cemaloglu,https://play-lh.googleusercontent.com/a-/ALV-UjUjJZWIHFYCdgNCXlVD57SzbTZ5Zsxy5mdE_digDJcFflsWNZWC,I think longer tales would be better,4,0,2.4.2,2023-03-27 16:23:09,Hi Ronay! Actually longer stories are available for game masters and even endless tales,2023-04-28 04:49:08,2.4.2,gam415,com.feynmanapps.aitales
15c7713c-7db7-41a6-bda7-6f08ae880452,A Google user,https://play-lh.googleusercontent.com/EGemoI2NTXmTsBVtJqk8jxF9rh8ApRWfsIMQSt2uE4OcpQqbFu7f7NbTK05lx80nuSijCz7sc3a277R67g,This app is a lot of fun. The ai comes up with interesting stories and it is super interactive. The ai sometimes confuses the facts of the story or goofs up minorly but overall it is really good.,5,0,1.1.136,2022-05-22 22:16:40,,,1.1.136,gam5421,com.aidungeon
278659d8-7a54-4255-bd5c-df22e3762d09,A Google user,https://play-lh.googleusercontent.com/EGemoI2NTXmTsBVtJqk8jxF9rh8ApRWfsIMQSt2uE4OcpQqbFu7f7NbTK05lx80nuSijCz7sc3a277R67g,Can't even open the app now.,1,2,1.1.153,2022-08-10 03:54:24,Hey there Justin! The recent Google Play App issue has been fixed and the Android app should now be working for all players. If youre still having trouble after this update please let us know. Thanks for your patience as we resolved this issue!,2022-08-10 17:48:39,1.1.153,gam21500,com.aidungeon
ad4ece0c-441c-4e24-aef7-eef1c57d6b45,A Google user,https://play-lh.googleusercontent.com/EGemoI2NTXmTsBVtJqk8jxF9rh8ApRWfsIMQSt2uE4OcpQqbFu7f7NbTK05lx80nuSijCz7sc3a277R67g,Is there by any chance. Let us f2p players have the ai response length feature? The game just often times give me a SINGLE sentence response. The reply just simply describes a single moment and not the actual happenings. I'm not playing unless this is done or I get premium someday (I'm still at high school),1,3,1.1.178,2023-10-19 06:00:24,,,1.1.178,gam7737,com.aidungeon
1d379158-f28f-4831-b6fc-4ff88236d3b7,A Google user,https://play-lh.googleusercontent.com/EGemoI2NTXmTsBVtJqk8jxF9rh8ApRWfsIMQSt2uE4OcpQqbFu7f7NbTK05lx80nuSijCz7sc3a277R67g,I love the game and the community the stories are so fun to!,5,0,1.1.177,2023-02-27 14:01:42,Hi! Sorry to hear you experienced this issue. It should now be resolved.,2022-03-02 17:08:18,1.1.177,gam16978,com.aidungeon
99320b1b-a31b-4fbe-862e-68f188fa9f03,Nazeer Lasi,https://play-lh.googleusercontent.com/a/ACg8ocL7YKfqKHS8250qGsiE8rFv7SNzpKRwmx-FzCbtESVkG7UwuA=mo,A friendly easy to use app for generating unlimited stories totally free. I have not used it's pro version but I hope it would be awesome.,5,0,2.6.8,2024-03-01 12:17:51,We are glad that you liked our work Nazeer! And as we continue to work there's much more to come,2024-03-02 03:01:27,2.6.8,gam166,com.feynmanapps.aitales
db2ee006-ff85-4e24-ac62-d06c30d81959,A Google user,https://play-lh.googleusercontent.com/EGemoI2NTXmTsBVtJqk8jxF9rh8ApRWfsIMQSt2uE4OcpQqbFu7f7NbTK05lx80nuSijCz7sc3a277R67g,"The app refuses to update/install on my Galaxy S20. When I had an old version installed attempting to update it through play store resulted in a ""couldn't update"" message. After uninstalling and attempting to install the new version directly it fails again with ""couldn't install"". As it is it's a useless app.",1,173,1.1.51,2022-08-09 23:46:34,Hey there Chris! The recent Google Play App issue has been fixed and the Android app should now be working for all players. If youre still having trouble after this update please let us know. Thanks for your patience as we resolved this issue!,2022-08-16 14:38:00,1.1.51,gam3030,com.aidungeon
ff644bb4-e037-483a-b503-e971f9a98dca,Suleman Miller,https://play-lh.googleusercontent.com/a/ACg8ocIoHLlVS4XzE7iCg-W35ANMffDc1SrwpRzybBWJj8zuTPyYfg=mo,5 tokens a day isn't enough. 10 at least. I know it's okay to play still.,4,0,1.6.1,2024-04-26 19:36:34,We understand your frustration about the limit on daily actions. As a small self-funded team we strive to provide the best experience possible using top-notch AI technology. We're constantly working to optimize and enhance the game so we appreciate your patience and support.,2024-04-28 01:32:10,1.6.1,gam29770,com.aisuccess.ai_game_master
140e913a-5279-40f1-bbbe-c6f25b22266a,Sambandha Gurung,https://play-lh.googleusercontent.com/a/ACg8ocKVkA_ybrGbKx2aHLa10xalUicjGQtGGjAn2_kcjSjK0FWoug=mo,This game is good but can you make it endless when you make your own tale please,5,1,2.4.0,2023-01-31 15:48:47,We're glad you liked the game! The Game Master has endless mode for any tale. We understand that it is paid. but subscription allows us to rent GPU NVIDIA Tesla servers and support the game,2023-02-01 11:48:32,2.4.0,gam317,com.feynmanapps.aitales
67b0d83a-4042-4a96-9df0-01c7cbf543cd,A Google user,https://play-lh.googleusercontent.com/EGemoI2NTXmTsBVtJqk8jxF9rh8ApRWfsIMQSt2uE4OcpQqbFu7f7NbTK05lx80nuSijCz7sc3a277R67g,The game kept trying to make my character do things he wouldn't do. It also keeps just leaving me with rather closed ended responses and despite multiple times stating the character can speak to animals the animals never actually respond.,2,1,1.2.49,2024-03-16 13:56:19,We would be happy to look into this more and help point you in the right direction. We also have a fantastic Discord community where you can find more helpful tips and tricks. Please come chat with us at https://aidungeon.com/discord. Thank you!,2024-03-16 14:53:21,1.2.49,gam5579,com.aidungeon
51fe7a23-1b79-44d0-9e1a-43080f20d644,A Google user,https://play-lh.googleusercontent.com/EGemoI2NTXmTsBVtJqk8jxF9rh8ApRWfsIMQSt2uE4OcpQqbFu7f7NbTK05lx80nuSijCz7sc3a277R67g,These updates have made this unplayable I literally cannot start any story that I create after tapping on the Play option it just stays in a black screen forever. And the app is really SLOOOOOOOOWWWW for some reason. Everything takes minutes to load and it's really irritating not worth paying in this state.,1,0,,2022-11-10 02:46:50,Please try out our newest update called Unchained! Free play allows for unlimited actions on our base AI model (Griffin). Learn more at https://aidungeon.io/unchained. Weve also made other performance improvements with more planned for the future :) Reach out to us at support@aidungeon.io if you have any additional concerns happy to help.,2022-12-14 20:23:16,,gam1614,com.aidungeon
1cbac047-a04b-48d8-8811-834862b680aa,A Google user,https://play-lh.googleusercontent.com/EGemoI2NTXmTsBVtJqk8jxF9rh8ApRWfsIMQSt2uE4OcpQqbFu7f7NbTK05lx80nuSijCz7sc3a277R67g,Needs more than Only 10 actions,1,0,1.1.148,2022-07-22 02:48:49,Ads no longer interrupt gameplay; all players have unlimited actions to our base AI model. Learn more at https://aidungeon.io/unchained. If you have any feedback or suggestions on how we can improve please let us know at https://feedback.latitude.io/.,2023-01-14 18:27:16,1.1.148,gam20333,com.aidungeon
582935cf-2104-472c-a702-af876e2cbe46,A Google user,https://play-lh.googleusercontent.com/EGemoI2NTXmTsBVtJqk8jxF9rh8ApRWfsIMQSt2uE4OcpQqbFu7f7NbTK05lx80nuSijCz7sc3a277R67g,I can't access my old stories. That comes up as error message.,1,0,,2023-12-19 18:54:06,,,,gam14737,com.aidungeon
d19636ef-57d5-48ef-b371-b41bc464a25a,A Google user,https://play-lh.googleusercontent.com/EGemoI2NTXmTsBVtJqk8jxF9rh8ApRWfsIMQSt2uE4OcpQqbFu7f7NbTK05lx80nuSijCz7sc3a277R67g,I paid 15 dollars for a service which barely works.,1,1,1.1.170,2022-09-21 06:01:19,Just wanted to follow up and see if you are still having issues. Please reach out to support@aidungeon.io if you have any questions or concerns. Happy to help however we can :),2023-01-06 17:10:24,1.1.170,gam19248,com.aidungeon
e2665675-a5ad-4455-8b68-81afcdf9119e,A Google user,https://play-lh.googleusercontent.com/EGemoI2NTXmTsBVtJqk8jxF9rh8ApRWfsIMQSt2uE4OcpQqbFu7f7NbTK05lx80nuSijCz7sc3a277R67g,Would be good if the AI didn't just repeat what I said but always mention's one feature that is unnecessary I say I walk into my boss's office then the AI just tells me how I walk into my bosses office and see it's a beautiful place with my big green eyes It would be better if my boss welcomed me asked me about the problem I went in there for and I could do something with him,2,0,1.2.69,2024-09-08 22:51:26,,,1.2.69,gam1930,com.aidungeon
8125eb1d-0af5-4b33-ad41-de9c053e8b3e,A Google user,https://play-lh.googleusercontent.com/EGemoI2NTXmTsBVtJqk8jxF9rh8ApRWfsIMQSt2uE4OcpQqbFu7f7NbTK05lx80nuSijCz7sc3a277R67g,Needed this 2 years ago. Its so good.,5,0,1.1.177,2023-02-28 07:38:33,,,1.1.177,gam21555,com.aidungeon
88baa561-905d-4e19-b0b0-0300cd36294c,A Google user,https://play-lh.googleusercontent.com/EGemoI2NTXmTsBVtJqk8jxF9rh8ApRWfsIMQSt2uE4OcpQqbFu7f7NbTK05lx80nuSijCz7sc3a277R67g,This is just a review on A.I. Dungeon in general from what I've had to put up with. First it stopped loading in my browser on my Chromebook for some reason just absolutely nothing and to wouldn't even try. Second I tried downloading it on my Chromebook as an app and now it stopped working again not even letting me uninstall it for some god forsaken reason. Now here's the kicker it somehow works on my phone but just like every other review it's been constantly regressing. I've had old adventures where the AI went off on a tangent I didn't want or need but back then it still tried at world building and actual story elements. Now it can't do even that right and I either have to retry AI messages over and over again or just write how I want the story to go myself. I barely use any of the UI functions since very VERY few of them are helpful in any way to the experience and generally it just sucks now. I still can appreciate it for what it once was but A.I. Dungeon has just fallen off. Oh yeah about the censorship you can still get the AI to write smut. It's not hard and sometimes it'll do it on its own.,1,35,1.1.108,2022-01-11 21:32:09,,,1.1.108,gam1080,com.aidungeon
4b9228a8-aee1-481d-a7e6-b9311dfe2523,A Google user,https://play-lh.googleusercontent.com/EGemoI2NTXmTsBVtJqk8jxF9rh8ApRWfsIMQSt2uE4OcpQqbFu7f7NbTK05lx80nuSijCz7sc3a277R67g,Fixed some issues in past. Ok,3,1,1.1.178,2023-09-12 01:53:27,,,1.1.178,gam22558,com.aidungeon
6d43593b-c9dc-400e-9a2c-ac7f157f7c60,A Google user,https://play-lh.googleusercontent.com/EGemoI2NTXmTsBVtJqk8jxF9rh8ApRWfsIMQSt2uE4OcpQqbFu7f7NbTK05lx80nuSijCz7sc3a277R67g,Well they did it. I can confidently say that as of right now June 14th 2023 Ai Dungeon is good once more. Really good. The new models- or at least Dragon j2- are consistent strong story tellers that are able to remember a plot beginning to end. I'm glad to see the game at a point reminiscent or even better than its first days. Praying for continued solid forward momentum and the endurance of the dev team!,5,71,1.1.178,2023-06-14 05:12:17,Thank for your feedback Hayden we are working hard to improve our models. There are some exciting updates on the horizon. Keep an eye on our website and Discord for more details :) We hope to improve the overall experience moving forward.,2023-05-04 12:28:00,1.1.178,gam1363,com.aidungeon
7199c729-2ba5-450e-ada9-e0d3b05ed7fc,A Google user,https://play-lh.googleusercontent.com/EGemoI2NTXmTsBVtJqk8jxF9rh8ApRWfsIMQSt2uE4OcpQqbFu7f7NbTK05lx80nuSijCz7sc3a277R67g,Wow just wow y'all are the least Greediest ai app yet no ads????? Man I might spend money if you keep this up!!! But one issue the ai can spit out some creepy prompts,5,0,1.2.66,2024-08-05 23:07:38,,,1.2.66,gam3101,com.aidungeon
ff14373a-0e62-4cd9-acb6-2ff7990906bf,A Google user,https://play-lh.googleusercontent.com/EGemoI2NTXmTsBVtJqk8jxF9rh8ApRWfsIMQSt2uE4OcpQqbFu7f7NbTK05lx80nuSijCz7sc3a277R67g,"It has a lot of potential. When creating a custom world the ""edit"" & ""world info"" show different descriptions. I cannot edit the descriptions to match the world info despite saving several times. I also have a hard time mass deleting anything from world info. So if I want to start from scratch I have to delete each individual piece this can be really tedious especially when there's a ""mass delete"" button right there. The AI is unpredictable and occasionally generates random responses.",2,1,1.1.178,2023-06-09 08:52:24,,,1.1.178,gam3153,com.aidungeon
1558992e-2882-47f3-aa90-889598eec4ef,Pvzgamer Legisniana,https://play-lh.googleusercontent.com/a-/ALV-UjXC_Q_Kq5TZlVqqZO6eSooU0R1_tXziks2UjI1FZSU2jN9we1Q1,Its good but the only problem is i want to make my own tale a bit longer its just short.,4,2,2.0.1,2022-05-02 08:57:52,Hey Pvzgamer! Thanks for the review. Do you mean the number of steps or the size of the initial story text itself?,2022-05-04 03:53:19,2.0.1,gam283,com.feynmanapps.aitales
1358de2d-42c7-4b3b-b8d6-d0df76c6ebb6,A Google user,https://play-lh.googleusercontent.com/EGemoI2NTXmTsBVtJqk8jxF9rh8ApRWfsIMQSt2uE4OcpQqbFu7f7NbTK05lx80nuSijCz7sc3a277R67g,The app is stuck on a white screen.,1,5,1.1.108,2022-01-10 16:34:42,Sorry to hear this is happening! Please send us a message at support@aidungeon.io so we can help.,2022-01-10 18:10:55,1.1.108,gam17380,com.aidungeon
83f9a17e-f7f9-44ca-b8c9-58cc77e1858f,A Google user,https://play-lh.googleusercontent.com/EGemoI2NTXmTsBVtJqk8jxF9rh8ApRWfsIMQSt2uE4OcpQqbFu7f7NbTK05lx80nuSijCz7sc3a277R67g,This app is horrible. It's far from ai. It's AS artificial stupidity. Do not bother with this pos,1,0,1.1.134,2022-05-04 14:22:55,,,1.1.134,gam18750,com.aidungeon
dd451e2b-4094-4bc8-9b29-23ed49bb01a6,A Google user,https://play-lh.googleusercontent.com/EGemoI2NTXmTsBVtJqk8jxF9rh8ApRWfsIMQSt2uE4OcpQqbFu7f7NbTK05lx80nuSijCz7sc3a277R67g,Gone down hill into the trash. I would of given this game 5 stars when it came out it had such a great idea behind it and wasn't hard to lose hours to. BUT now you can't even get the pre-made stories to load and forget playing on other people's worlds. Feels like they tried to add too much too quick and now it just crashes cuz the AI can't keep up. Sad to see it become such garbage. And yes I've tied on and off multiple wifi so I know it's not my service.,1,45,1.1.119,2022-02-09 19:08:53,,,1.1.119,gam833,com.aidungeon
f378b2e4-b8c8-4e47-9b6a-4a7931f367b0,A Google user,https://play-lh.googleusercontent.com/EGemoI2NTXmTsBVtJqk8jxF9rh8ApRWfsIMQSt2uE4OcpQqbFu7f7NbTK05lx80nuSijCz7sc3a277R67g,Alright though when I write something the AI goes off on its own little tangent and completly ignores what im writing.,2,0,1.1.130,2022-03-23 19:42:36,Hey Kenny thanks for letting us know! For this particular issue we suggest using the Memory (Memo) and World Info tools so the AI does its best to stick with what you want it to remember. Additionally we recommend experimenting with Temperature and Length in the AI Model Settings. Please email us at support@latitude.io if you have any questions!,2022-03-25 14:49:55,1.1.130,gam12876,com.aidungeon
29e17a88-34f0-4ce7-a5d2-70ebbf933a15,Michael Pyles,https://play-lh.googleusercontent.com/a/ACg8ocJwpLv_C1_IvqOozl31qke4J87NWIedW5tNHy6UCd1rMqevmg=mo,Edit: I love that you've added free tokens. Thank you. Edit: I somehow no longer have my story saved for some reason and can no longer continue?,4,0,1.8.9,2024-09-21 22:55:56,Gosh sorry for that! Can you write gm@aigamemaster.app for a follow up? We can instruct you on how to send us adventures through a hidden debug menu. Can't promise anything but it may not be lost completely,2024-09-21 23:38:40,1.8.9,gam29551,com.aisuccess.ai_game_master
afc6c836-7f0d-4e74-9f00-4290faab84c9,Ricardo Paniagua,https://play-lh.googleusercontent.com/a/ACg8ocI2Xcwh30pc_lLFLtvEPf6Ob1FBBHZt2Sza7hDHqwP3_eNHJA=mo,this is actually allot of fun. my only gripe is how crazy these wait time are in between token refills are crazy. my last one was actually 28 hours. almost as bad as trying to choreograph a real party session,3,0,1.7.4,2024-06-19 22:38:59,We're glad you're having fun! The 28-hour wait time sounds like a bugit should be a maximum of 24 hours. We'll check this out. The free tokens are meant to give you a taste of the game. As a small team we need to balance the costs of maintaining and developing the AI which is why the game can't be completely free. Thank you for your support!,2024-06-20 04:22:24,1.7.4,gam29658,com.aisuccess.ai_game_master
243e2725-9bf3-4243-a3ba-45d6a13d3d79,A Google user,https://play-lh.googleusercontent.com/EGemoI2NTXmTsBVtJqk8jxF9rh8ApRWfsIMQSt2uE4OcpQqbFu7f7NbTK05lx80nuSijCz7sc3a277R67g,I've stuck by AiDungeon even through the OAI issues. Though it isn't as good as in it's peak AiDungeon is now doing better. They're actually working to get things back to how it used to be. Hopefully they'll bring back posts and other mechanics that they had before. -Kitsuhoshi.,4,95,1.1.119,2022-01-21 20:48:12,,,1.1.119,gam7108,com.aidungeon
f3c46fbb-9496-4c9e-99a3-a36fccffe9b6,A Google user,https://play-lh.googleusercontent.com/EGemoI2NTXmTsBVtJqk8jxF9rh8ApRWfsIMQSt2uE4OcpQqbFu7f7NbTK05lx80nuSijCz7sc3a277R67g,The app is interesting The AI help me with my story and replied very well i just hope the AI memory will be expanded more so the story will be more consistent.,5,0,1.1.177,2023-03-11 06:16:22,,,1.1.177,gam10254,com.aidungeon
7350ec30-cf6b-4cec-bd60-be52ef84469f,A Google user,https://play-lh.googleusercontent.com/EGemoI2NTXmTsBVtJqk8jxF9rh8ApRWfsIMQSt2uE4OcpQqbFu7f7NbTK05lx80nuSijCz7sc3a277R67g,They read your story and that is a no go.,1,0,,2022-06-27 19:05:41,,,,gam23466,com.aidungeon
21e6cffe-4950-4b9f-84d2-2c903e7e7a5a,A Google user,https://play-lh.googleusercontent.com/EGemoI2NTXmTsBVtJqk8jxF9rh8ApRWfsIMQSt2uE4OcpQqbFu7f7NbTK05lx80nuSijCz7sc3a277R67g,This isnt for everyone. I previously left a mix option of a review. As I've used this app I have seen it improved over the years. This Ai is complex. If you have a mind like a Dungeon Master you could be a top creator. As this Ai loves context. The more detail you entries about places and characters the better it'll run. If you don't like being that creative try someone else pre-made worlds. It's not bad but don't expect your world to be exciting and non repetitive if you won't put in the work,5,1,1.2.47,2024-02-23 18:05:44,,,1.2.47,gam1662,com.aidungeon
c0ac38fd-ab99-4475-a9ee-c3b4dd2bca63,A Google user,https://play-lh.googleusercontent.com/EGemoI2NTXmTsBVtJqk8jxF9rh8ApRWfsIMQSt2uE4OcpQqbFu7f7NbTK05lx80nuSijCz7sc3a277R67g,After doing what support staff recommended after doing the steps tgat were asked to do it and it worked completely. I say the staff here are great and lovely support. I highly recommend using this app. If ever stuck the support staff are perfect.,5,1,1.2.72,2024-10-02 14:42:18,Thank you for your 5-star review! We're happy to hear you had a great experience with our support team.,2024-10-04 19:05:00,1.2.72,gam1848,com.aidungeon
70834151-7555-469f-a6f7-ade1b7982251,A Google user,https://play-lh.googleusercontent.com/EGemoI2NTXmTsBVtJqk8jxF9rh8ApRWfsIMQSt2uE4OcpQqbFu7f7NbTK05lx80nuSijCz7sc3a277R67g,The new community guidelines ruined everything,2,1,1.2.49,2024-04-21 08:23:55,,,1.2.49,gam23774,com.aidungeon
6958f3f2-1e56-40a6-bb44-768e0c806b41,A Google user,https://play-lh.googleusercontent.com/EGemoI2NTXmTsBVtJqk8jxF9rh8ApRWfsIMQSt2uE4OcpQqbFu7f7NbTK05lx80nuSijCz7sc3a277R67g,People only get this game for the sex,3,2,1.1.119,2022-02-07 12:32:28,,,1.1.119,gam22752,com.aidungeon
16e25dfb-8a28-4667-a056-7dbc30e1abea,A Google user,https://play-lh.googleusercontent.com/EGemoI2NTXmTsBVtJqk8jxF9rh8ApRWfsIMQSt2uE4OcpQqbFu7f7NbTK05lx80nuSijCz7sc3a277R67g,Used to be fun then they added that thing where you could only do 100 actions. It sucked but whatever the developers gotta make money somehow i guess. But now you can only do 10 moves? It has turned into a scam sadly,4,2,1.1.172,2023-03-06 03:10:21,AI Dungeon is now unchained! Recent changes in AI cost made it possible for us to provide all players with unlimited access to Griffin our base AI model. We hope you will try out the new and improved experience! Learn more at https://aidungeon.io/unchained.,2023-01-18 10:37:50,1.1.172,gam10036,com.aidungeon
7e4fcee8-d859-4f3f-b983-015953460fd4,A Google user,https://play-lh.googleusercontent.com/EGemoI2NTXmTsBVtJqk8jxF9rh8ApRWfsIMQSt2uE4OcpQqbFu7f7NbTK05lx80nuSijCz7sc3a277R67g,I liked it so far because it's interesting and enjoyable. And no I am not a bot because I actually played this game. But thing I hated is that sometimes I couldn't change the action because when I kept on pressing (do) to change what I was doing it wouldn't change no matter what.,3,0,1.1.172,2023-02-04 08:48:35,,,1.1.172,gam6329,com.aidungeon
e5033b52-4304-4893-9e92-bda1b27ee793,A Google user,https://play-lh.googleusercontent.com/EGemoI2NTXmTsBVtJqk8jxF9rh8ApRWfsIMQSt2uE4OcpQqbFu7f7NbTK05lx80nuSijCz7sc3a277R67g,I really like this app it helps with my writer's block but it does need some more adventure options on the quick starts. Maybe like comic book time travel. THAT would be really exciting!,4,0,1.1.147,2022-06-29 23:53:16,,,1.1.147,gam6018,com.aidungeon
669a55f8-2ce6-4c91-a681-227ddecec9fd,A Google user,https://play-lh.googleusercontent.com/EGemoI2NTXmTsBVtJqk8jxF9rh8ApRWfsIMQSt2uE4OcpQqbFu7f7NbTK05lx80nuSijCz7sc3a277R67g,"Oh wow I actually really enjoy playing this. literally I could spend hours playing it. I deleted it a while ago to make space on my phone and decided to download it again today. I'm having fun playing when suddenly it says I have to watch an ad or have a subscription to get more ""actions""? I feel like that's not fair I wouldn't mind if you could pay once but the fact that we only get 10 actions and reloading the ai costs already one that sucks so much. I was so excited to play but idk now",2,0,,2022-08-18 12:13:27,Please try out our newest update called Unchained! Free play allows for unlimited actions on our base AI model (Griffin). Learn more at https://aidungeon.io/unchained. Weve also made other performance improvements with more planned for the future :) Reach out to us at support@aidungeon.io if you have any additional concerns happy to help.,2023-01-12 17:48:40,,gam550,com.aidungeon
96086d6c-1d6f-4070-b38a-c012d6d4afd3,A Google user,https://play-lh.googleusercontent.com/EGemoI2NTXmTsBVtJqk8jxF9rh8ApRWfsIMQSt2uE4OcpQqbFu7f7NbTK05lx80nuSijCz7sc3a277R67g,This app used to be good i always had a good time with it but now i am just constantly spammed with ads making the expereince horrible. It is unplayable considering it made me watch a ad after every single action i wrote (and i mean every single one). Sad to see yet another app just slam people with ads after offering it for free and it having so much promise.not to mention everything good about the app is behind a paywall.,1,4,1.1.145,2022-06-24 20:01:20,We want all of our players to have a fantastic experience with our game. This is why we've been working so hard to find ways to reduce AI costs and can now offer all players gameplay uninterrupted by ads. Hope you enjoy the update and unlimited actions :) Let us know if you have any feedback at https://feedback.latitude.io/.,2023-01-18 14:58:21,1.1.145,gam3272,com.aidungeon
8557e33f-b427-430e-a4d7-f6d19c161f1a,A Google user,https://play-lh.googleusercontent.com/EGemoI2NTXmTsBVtJqk8jxF9rh8ApRWfsIMQSt2uE4OcpQqbFu7f7NbTK05lx80nuSijCz7sc3a277R67g,Amazing idea yall rock,5,0,1.1.172,2022-11-23 15:28:16,Thank you for your review Marko! Glad you are excited about our game and concept. If you have any feedback or suggestions on how we can improve your experience we would love to hear them: https://feedback.latitude.io/. We appreciate your support!,2022-12-01 18:16:30,1.1.172,gam23580,com.aidungeon
7b19ebed-5693-4295-b227-63e92d3fa45b,N _00,https://play-lh.googleusercontent.com/a-/ALV-UjWdDM9qHoKBvBehPWMpl1s7gihwlH4t1zCHim8OUaOwNt1SkWEM,Could be so good but actions are limited (both in number and creativity). (I can't swear for instance.) If the ending point could be decided it'd get a higher rating.,2,5,1.9.4,2022-02-26 13:47:36,,,1.9.4,gam168,com.feynmanapps.aitales
a5b962cb-a2c2-4bd3-b319-cd14960fb6c9,A Google user,https://play-lh.googleusercontent.com/EGemoI2NTXmTsBVtJqk8jxF9rh8ApRWfsIMQSt2uE4OcpQqbFu7f7NbTK05lx80nuSijCz7sc3a277R67g,The app is great and gameplay is solid after learning how to use it. The only reason its not 5 stars is the text input on Android is too far down. When opening the keyboard on Android the text is covered and it's often difficult to refocus the text area. Which is critical to actually playing.,3,5,1.2.47,2024-02-09 12:32:07,Thanks for your review David. This issue is likely the result of using an older device. Our app is supported on officially serviced versions of Android (and iOS). At this time this includes Android 11+. We recommend playing through your browser on this device for an improved experience.,2024-02-09 17:16:51,1.2.47,gam2451,com.aidungeon
861eb5e6-13c2-4ab7-83d4-a8e8662d0f72,A Google user,https://play-lh.googleusercontent.com/EGemoI2NTXmTsBVtJqk8jxF9rh8ApRWfsIMQSt2uE4OcpQqbFu7f7NbTK05lx80nuSijCz7sc3a277R67g,it's been great don't really know much about the game yet since I just started playing overall no bugs or anything annoying,4,0,1.1.178,2023-06-24 06:43:31,,,1.1.178,gam12062,com.aidungeon
09528603-c85c-4c84-bd12-c5712c57702c,A Google user,https://play-lh.googleusercontent.com/EGemoI2NTXmTsBVtJqk8jxF9rh8ApRWfsIMQSt2uE4OcpQqbFu7f7NbTK05lx80nuSijCz7sc3a277R67g,The ad system is total cancer. I'm not watching a 30 second ad for only 10 INPUTS. And what if we run out of ads!? This system is bunk idk why I even bother with this game anymore.,1,8,1.1.65,2022-07-19 19:27:18,Please try out our newest update called Unchained! Free play allows for unlimited actions on our base AI model (Griffin). Learn more at https://aidungeon.io/unchained. Weve also made other performance improvements with more planned for the future :) Reach out to us at support@aidungeon.io if you have any additional concerns happy to help.,2023-01-13 17:44:03,1.1.65,gam8240,com.aidungeon
1224265b-7deb-43d5-8db2-00520e410bdb,A Google user,https://play-lh.googleusercontent.com/EGemoI2NTXmTsBVtJqk8jxF9rh8ApRWfsIMQSt2uE4OcpQqbFu7f7NbTK05lx80nuSijCz7sc3a277R67g,What ACTUALLY happened to you guys? Did you fellas forget how to make a game? This was an amazing game a year ago two years ago. The game is now lagging harder than ever making EVERY action unnecessarily slow. The list of flaws is too long to list and my disappointment in your team is immeasurable - not that you care. I'm not going to support this game anymore until someone over there remembers how the game is meant to be played.,1,16,1.1.119,2022-02-13 19:58:50,,,1.1.119,gam5284,com.aidungeon
897a96b1-7439-4412-a39e-644b37876cda,A Google user,https://play-lh.googleusercontent.com/EGemoI2NTXmTsBVtJqk8jxF9rh8ApRWfsIMQSt2uE4OcpQqbFu7f7NbTK05lx80nuSijCz7sc3a277R67g,Telemetrics are not enough to pay for your servers? I don't like it when companies pretend they're doing people a favor.,1,1,1.1.147,2022-06-23 19:14:10,Not sure what you mean Alex? We're not selling your information or anything. Truth is AI is EXPENSIVE. When you watch ads or subscribe to AI Dungeon you are helping pay only *part* of the cost of your experience. This allows us to continue to offer a free version (kind of like a favor). Learn more on our blog: https://share.voyage/bUpLNXp9xyk,2022-06-24 16:58:25,1.1.147,gam14545,com.aidungeon
f60b597f-68d8-4933-9efb-3ff92972b3f3,Alexandre Jassoud,https://play-lh.googleusercontent.com/a/ACg8ocKbwXoQmW3N6gqB4hlXO4eCzrf5EtRU64Uaz9i40goPHBTZyw=mo,Pour l'instant l'IA est correct et interprte correctement les actions. On verra avec du recul s'il est capable de se rappeler des choses suivre.,5,0,1.6.3,2024-05-27 22:22:48,,,1.6.3,gam29980,com.aisuccess.ai_game_master
ef85d5b7-0622-4384-85a3-d38ee9423acd,A Google user,https://play-lh.googleusercontent.com/EGemoI2NTXmTsBVtJqk8jxF9rh8ApRWfsIMQSt2uE4OcpQqbFu7f7NbTK05lx80nuSijCz7sc3a277R67g,"Last time i used the app it didn't force me to sign up for a paid subscription just to log into my old account i literally can't log in because of this. If you gatekeep your signed up experience from this then why not say it upfront instead of redirecting you to an unrelated site after you ""log in""",1,0,,2022-06-12 12:58:59,Thanks for letting us know were currently investigating an issue where some Android users are unable to login. We received reports of it manually fixing itself so you may want to periodically check the app. In the meantime you can also play on web through https://play.aidungeon.io/main/home,2022-06-16 18:13:09,,gam4976,com.aidungeon
b22c128c-07e9-4c83-ad44-c10ca784fae8,A Google user,https://play-lh.googleusercontent.com/EGemoI2NTXmTsBVtJqk8jxF9rh8ApRWfsIMQSt2uE4OcpQqbFu7f7NbTK05lx80nuSijCz7sc3a277R67g,You'll have a better experience on ChatGPT asking it to replicate the AI Dungeon experience.,1,3,,2023-03-28 14:27:04,We are working to improve our AI model and overall experience. If there are any issues you encountered please let us know at support@aidungeon.io. Thanks!,2023-03-28 18:03:14,,gam13646,com.aidungeon
addbdbe0-239b-4ad6-8de7-e60f42591682,A Google user,https://play-lh.googleusercontent.com/EGemoI2NTXmTsBVtJqk8jxF9rh8ApRWfsIMQSt2uE4OcpQqbFu7f7NbTK05lx80nuSijCz7sc3a277R67g,I used to like it. Now theres limited actions? Honestly ruins it for me. The AI really isnt that great its buggy regularly forgets instructions or whats going on repeats constantly and now you wanna add limited actions?,1,0,1.1.170,2022-10-02 22:45:41,Thanks for reaching out Sarah we understand your concern. Ads were implemented to make free play sustainable. Changes to improve the AI and our free-play experience will continue to be made you can see our progress and other future plans here: https://latitude.io/blog/next-steps-on-ai-dungeon/.,2022-10-22 00:08:43,1.1.170,gam6518,com.aidungeon
086b1b9a-e359-48d6-9f9a-c620e783c822,A Google user,https://play-lh.googleusercontent.com/EGemoI2NTXmTsBVtJqk8jxF9rh8ApRWfsIMQSt2uE4OcpQqbFu7f7NbTK05lx80nuSijCz7sc3a277R67g,This used to work for my phone Now it doesn't,1,0,,2024-09-26 19:36:54,Hey there! Our app is available on Android versions fully supported by Google (currently Android 12+). Older versions present technical and infrastructure difficulties resulting in performance issues. For a better experience we recommend playing on our site through your browser. Please reach out to us at support@aidungeon.com with questions.,2024-10-04 19:18:03,,gam15084,com.aidungeon
185de6aa-0593-4efe-ba26-419e9686d93a,Gabriel Landry,https://play-lh.googleusercontent.com/a/ACg8ocIazvJPIaQ7EKx1SPTxZABdnlJbVgvLl1DheqkgPyVEvCjixw=mo,Great gameplay the tokens take forever to respawn though.,4,0,1.7.9,2024-07-23 08:14:39,Thanks! Hope to have some good news about this soon,2024-07-23 10:41:58,1.7.9,gam29744,com.aisuccess.ai_game_master
4d859c4f-00d3-4d89-8441-3a7ba6a6f01c,A Google user,https://play-lh.googleusercontent.com/EGemoI2NTXmTsBVtJqk8jxF9rh8ApRWfsIMQSt2uE4OcpQqbFu7f7NbTK05lx80nuSijCz7sc3a277R67g,stamina bar bad idc about costs LOL,1,1,1.1.134,2022-05-17 09:06:36,,,1.1.134,gam24217,com.aidungeon
5699d51b-b141-4536-82f3-88f0c418e85d,A Google user,https://play-lh.googleusercontent.com/EGemoI2NTXmTsBVtJqk8jxF9rh8ApRWfsIMQSt2uE4OcpQqbFu7f7NbTK05lx80nuSijCz7sc3a277R67g,"The game is good its just when I enter my email it says ""EmAiL iS alReaDy iN uSe"" when it obviously isnt because of that I cant even play the game and it says to continue you have to make a free account and I DID then it told me to verify now which i cant i told you why.",1,1,1.1.119,2022-01-29 04:26:46,,,1.1.119,gam8659,com.aidungeon
b8f3572a-b447-4436-b8ff-365f05d7e40e,A Google user,https://play-lh.googleusercontent.com/EGemoI2NTXmTsBVtJqk8jxF9rh8ApRWfsIMQSt2uE4OcpQqbFu7f7NbTK05lx80nuSijCz7sc3a277R67g,A lot better than it used to be lke a year or two ago,5,0,,2024-05-02 19:58:25,,,,gam20626,com.aidungeon
1fb7b2d3-9bb3-45fc-afd0-b0415649e0a0,A Google user,https://play-lh.googleusercontent.com/EGemoI2NTXmTsBVtJqk8jxF9rh8ApRWfsIMQSt2uE4OcpQqbFu7f7NbTK05lx80nuSijCz7sc3a277R67g,It's not even enjoyable anymore clearly a lack of care from the devs It used to be so good you could make crazy stories now it can barely string together a few sentences without going clear left field. Meaning it will randomly just go to something different that has nothing to do with what your doing I was trying to see if it could do a Skyrim story and it took a left turn and ended up doing something different. Sadly it's a shell of it's former self which sucks because I really enjoyed this to.,1,13,1.1.26,2022-04-26 18:45:35,Hey Unknown Gamer thanks for the feedback. We recommend using the World Info and Memory (MEMO) tools to help the AI maintain context but if you're running into additional issues then please email support@aidungeon.io for help. Thanks!,2022-04-15 14:05:38,1.1.26,gam588,com.aidungeon
cc2beba5-09b6-4b7e-bd8c-af7ee78cb09b,A Google user,https://play-lh.googleusercontent.com/EGemoI2NTXmTsBVtJqk8jxF9rh8ApRWfsIMQSt2uE4OcpQqbFu7f7NbTK05lx80nuSijCz7sc3a277R67g,Used to work. Now they made it so whenever I try and type something in a story it simply lags a full 25 seconds behind. Not sure what you guys did but please fix it. Edit: Apologies. It appeared to be an issue with grammarly and Samsung making it lag. After turning that off it runs perfectly.,5,2,1.1.178,2023-05-08 21:42:50,No apologies necessary glad it resolved the issue :),2023-05-09 14:57:11,1.1.178,gam1550,com.aidungeon
cef9f79b-f48a-48d0-b02d-e90e204661a4,A Google user,https://play-lh.googleusercontent.com/EGemoI2NTXmTsBVtJqk8jxF9rh8ApRWfsIMQSt2uE4OcpQqbFu7f7NbTK05lx80nuSijCz7sc3a277R67g,Everything fun is censored and not allowed,1,1,1.1.178,2023-09-01 05:57:43,,,1.1.178,gam20434,com.aidungeon
0a65afaf-6d99-476b-943b-da3d86df6cec,A Google user,https://play-lh.googleusercontent.com/EGemoI2NTXmTsBVtJqk8jxF9rh8ApRWfsIMQSt2uE4OcpQqbFu7f7NbTK05lx80nuSijCz7sc3a277R67g,It's a great app and i personally think you will enjoy it I will admit there is some issues with the AI.,3,0,1.2.47,2024-02-21 05:43:48,,,1.2.47,gam12712,com.aidungeon
afb193f0-2c7e-422e-a197-c4fee2624994,A Google user,https://play-lh.googleusercontent.com/EGemoI2NTXmTsBVtJqk8jxF9rh8ApRWfsIMQSt2uE4OcpQqbFu7f7NbTK05lx80nuSijCz7sc3a277R67g,I'm normally not the one to rate apps and make reviews but I honestly feel this game deserves it because it truly is amazing for all the roleplayers out there. Give it a shot and you won't regret it! ^_^,4,0,1.1.137,2022-05-23 17:33:20,,,1.1.137,gam10090,com.aidungeon
a9745456-4ee9-4905-85db-dc9ef834d3c5,A Google user,https://play-lh.googleusercontent.com/EGemoI2NTXmTsBVtJqk8jxF9rh8ApRWfsIMQSt2uE4OcpQqbFu7f7NbTK05lx80nuSijCz7sc3a277R67g,scratches the DND itch,5,1,1.2.66,2024-07-14 12:19:13,Glad to hear AI Dungeon is satisfying your D&D cravings! We're always working to enhance the RPG experience. Have any favorite adventures or features? Share your thoughts at support@aidungeon.com or join our Discord community at aidungeon.com/discord.,2024-07-18 18:21:12,1.2.66,gam20761,com.aidungeon
ef95479a-b57b-4842-9371-aefc84cfded1,A Google user,https://play-lh.googleusercontent.com/EGemoI2NTXmTsBVtJqk8jxF9rh8ApRWfsIMQSt2uE4OcpQqbFu7f7NbTK05lx80nuSijCz7sc3a277R67g,I wish I could actually launch the game. After playing this for over a year now all of a sudden it's completely locked me out of it. I can install it but theres no option to play it and has been removed from my homescreen. Whether this is a Google Play issue or not I'd like a response from Latitude as to why this is occuring.,1,0,,2022-08-07 01:22:10,,,,gam3668,com.aidungeon
8afef5de-a34c-40cf-a61e-a38f4abf8d48,A Google user,https://play-lh.googleusercontent.com/EGemoI2NTXmTsBVtJqk8jxF9rh8ApRWfsIMQSt2uE4OcpQqbFu7f7NbTK05lx80nuSijCz7sc3a277R67g,I love that you can do literally whatever on here but the Ai does get sloppy and doesn't have an easy time through out an output.,4,2,1.1.151,2022-08-05 15:37:51,,,1.1.151,gam11805,com.aidungeon
623d1fe4-ba02-49ae-bb1a-535448af294a,A Google user,https://play-lh.googleusercontent.com/EGemoI2NTXmTsBVtJqk8jxF9rh8ApRWfsIMQSt2uE4OcpQqbFu7f7NbTK05lx80nuSijCz7sc3a277R67g,I really like this game it was and it still is very fun but myself I don't really like this new way with the ads and the actions as I stop playing the game for 4 days so my bar would fill up and I come back to have to watch ads for action. Still the game is very fun and really good,3,0,1.1.148,2022-07-24 21:38:18,AI Dungeon is now unchained! Recent changes in AI cost made it possible for us to provide all players with unlimited access to Griffin our base AI model. We hope you will try out the new and improved experience! Learn more at https://aidungeon.io/unchained.,2023-01-13 16:52:46,1.1.148,gam3852,com.aidungeon
44b8ce65-2ef6-4f09-a108-fd9ab3a76548,A Google user,https://play-lh.googleusercontent.com/EGemoI2NTXmTsBVtJqk8jxF9rh8ApRWfsIMQSt2uE4OcpQqbFu7f7NbTK05lx80nuSijCz7sc3a277R67g,Can't open or start the app. Using Android 11.,1,1,1.1.119,2022-01-24 20:36:46,,,1.1.119,gam14582,com.aidungeon
39c04b10-ce2c-43d8-b766-079c57928c43,A Google user,https://play-lh.googleusercontent.com/EGemoI2NTXmTsBVtJqk8jxF9rh8ApRWfsIMQSt2uE4OcpQqbFu7f7NbTK05lx80nuSijCz7sc3a277R67g,A little dumb at times but when it gives me something it is pretty good,5,1,1.1.119,2022-01-20 13:30:36,,,1.1.119,gam17073,com.aidungeon
27179736-5b2b-4860-a66c-df5fd354e1af,A Google user,https://play-lh.googleusercontent.com/EGemoI2NTXmTsBVtJqk8jxF9rh8ApRWfsIMQSt2uE4OcpQqbFu7f7NbTK05lx80nuSijCz7sc3a277R67g,This new update the old bugs came back and a new bug. This new bug makes it lag when i try to play a scenario!,4,1,,2022-07-30 02:38:18,,,,gam11808,com.aidungeon
71882480-2152-4a70-a5b8-bdf6a1383695,A Google user,https://play-lh.googleusercontent.com/EGemoI2NTXmTsBVtJqk8jxF9rh8ApRWfsIMQSt2uE4OcpQqbFu7f7NbTK05lx80nuSijCz7sc3a277R67g,I have played this before and it was fun! So i decided to download it again. And as i loaded in and tried to make a story it kicked me back to the main screen of the app. And when i just left it on that screen for a while it just re-loaded back to the main screen again.,2,0,,2022-12-29 02:49:30,We are excited that you downloaded our game again! What you've described shouldn't be happening and we would love to get this resolved for you so you can get back to playing :) Please reach out to us at support@aidungeon.io. Thanks!,2023-01-04 21:50:24,,gam5304,com.aidungeon
ed4f95b3-468e-4428-ae22-a661b72a90c2,A Google user,https://play-lh.googleusercontent.com/EGemoI2NTXmTsBVtJqk8jxF9rh8ApRWfsIMQSt2uE4OcpQqbFu7f7NbTK05lx80nuSijCz7sc3a277R67g,I was expecting it's a haven of ai that is like dungeons and dragons type of things but all I see is stories with harem are all people that desperate for women?!?! which I am very disappointed I want more adventures and interesting stories not repetitive ones!!!!! Ughhh,3,1,1.2.69,2024-09-10 10:28:54,,,1.2.69,gam1929,com.aidungeon
3b8f132f-af92-4a98-9dbe-6a174e4b4b63,A Google user,https://play-lh.googleusercontent.com/EGemoI2NTXmTsBVtJqk8jxF9rh8ApRWfsIMQSt2uE4OcpQqbFu7f7NbTK05lx80nuSijCz7sc3a277R67g,This app has really evolved since 2019 I have been really enjoying all the new features that have been added the only thing that upset me was that I couldn't play this game offline like I used to back in 2019 otherwise great app,4,0,1.2.47,2024-04-06 15:50:11,,,1.2.47,gam8273,com.aidungeon
2def7d39-b9ef-41aa-86b7-022d8cc46424,A Google user,https://play-lh.googleusercontent.com/EGemoI2NTXmTsBVtJqk8jxF9rh8ApRWfsIMQSt2uE4OcpQqbFu7f7NbTK05lx80nuSijCz7sc3a277R67g,So the reason I'm giving 4 and not 5 is I think I came across a bug. For some reason on my most recent story I've gotten to a certain point and it won't progress. I'm using the free Griffin model so does it have a limit on how many actions u can do on one story? Please help me,4,0,1.2.49,2024-03-05 22:34:49,Hey David! If you haven't already please reach out to support@aidungeon.com so we can look into this. Thanks!,2024-03-07 17:07:12,1.2.49,gam7260,com.aidungeon
93f56f9b-22ac-4458-a467-a69d3ed4c04c,A Google user,https://play-lh.googleusercontent.com/EGemoI2NTXmTsBVtJqk8jxF9rh8ApRWfsIMQSt2uE4OcpQqbFu7f7NbTK05lx80nuSijCz7sc3a277R67g,Cool idea bad bad A.I.,2,0,1.1.172,2023-02-05 17:27:45,It sounds like you might have encountered some issues; we are happy to help. Please reach out to us at support@aidungeon.io. You can also look at our guidebook: https://help.aidungeon.io/.,2023-02-10 16:42:21,1.1.172,gam24396,com.aidungeon
38b45a2e-4530-440f-b446-916dedd0c09c,A Google user,https://play-lh.googleusercontent.com/EGemoI2NTXmTsBVtJqk8jxF9rh8ApRWfsIMQSt2uE4OcpQqbFu7f7NbTK05lx80nuSijCz7sc3a277R67g,Getting the base (almost non usable) AI free should've been a given since forever. But at least they're doing it at last. One can now think about trying the VIP version. Still overpriced imo but worth a shot at least. Still needs filter options (banned words+allowing any NSFW content generating as long as it's not server/only single player+continuing words that were half written etc) I'll gladly support this app to the max inviting people to try it if it keeps improving. Still a long way.,2,0,,2022-12-21 04:40:47,Thank you for your review and support :) Improvements continue to be made; we have another exciting release coming sometime early this year! Happy to discuss any of the suggestions you mentioned. There isn't enough room to respond to this in enough detail here. Please email us at support@aidungeon.io. Thanks!,2023-01-05 15:52:28,,gam2120,com.aidungeon
ad76c19a-23eb-4fef-aec1-2c9d167e36da,Clark Stone,https://play-lh.googleusercontent.com/a-/ALV-UjW1_28J4xcekZN5Bc4ZESKmHdGFrpM6bl0G5loPN9qym1yvtdaM,It does use a token system but it regenerates decently fast and the actual gameplay is pretty adaptive. Its handling a small tinker dragon with temporal breath fairly well and if it can do that then a standard player should be fine.,5,0,1.6.3,2024-05-17 13:17:32,,,1.6.3,gam29579,com.aisuccess.ai_game_master
581f2c64-136b-45d8-a530-b54d861843a6,A Google user,https://play-lh.googleusercontent.com/EGemoI2NTXmTsBVtJqk8jxF9rh8ApRWfsIMQSt2uE4OcpQqbFu7f7NbTK05lx80nuSijCz7sc3a277R67g,This game used to be amazing. But inevitably it had to come to an end with ads everywhere. Bring back #OldschoolAIDungeon !,1,2,1.1.52,2022-06-21 14:10:45,Free play is now an unlimited experience! Ads no longer interrupt gameplay; all players have unlimited actions when using Griffin (our base AI model). Learn more at https://aidungeon.io/unchained. We will continue to improve our model and overall game experience. Stay tuned for more exciting updates :),2023-01-18 15:45:38,1.1.52,gam8958,com.aidungeon
ab0dede0-0ff8-4ea5-bee7-57249571ab00,A Google user,https://play-lh.googleusercontent.com/EGemoI2NTXmTsBVtJqk8jxF9rh8ApRWfsIMQSt2uE4OcpQqbFu7f7NbTK05lx80nuSijCz7sc3a277R67g,The user interface doesn't work anymore. The top buttons are unselectable while in a story but also on the search screen making it impossible to search. That's kind of important.,1,3,1.2.37,2023-10-10 15:40:31,,,1.2.37,gam3646,com.aidungeon
c3b27e94-ce7f-4825-b83f-686c17359634,Mike !,https://play-lh.googleusercontent.com/a-/ALV-UjUXMB51ESSNWF34ZV7gdExL2yC-UpPGrnymfQJX5vhpwQD39U5G,AI goes in circles often makes no sense && likes to corner you before suddenly announcing the story is over && praising its own writing. The majority of the stories are locked behind a pay wall which I gave a chance to because I was optimistic but honestly I'd just like a refund.,1,8,2.3.6,2022-11-06 01:03:38,Hello Atlas we got your point. It seems that the game did not meet your expectations we continue to work and take into account your thoughts. We are working on AI so there are even fewer loops and stupid generations. Please write to us by email ( at@aitales.art ) about the refund,2022-11-06 02:53:09,2.3.6,gam111,com.feynmanapps.aitales
b7f1a516-f6b7-4dd0-8e00-62e71e7f7ce1,A Google user,https://play-lh.googleusercontent.com/EGemoI2NTXmTsBVtJqk8jxF9rh8ApRWfsIMQSt2uE4OcpQqbFu7f7NbTK05lx80nuSijCz7sc3a277R67g,Honestly an underrated game. Personally I use NovelAI now but AIDungeon really is the original leader of ai story telling. I recommend giving both a try with their subscriptions as the free version sucks with both games.,5,0,1.1.108,2022-11-06 13:52:57,Great news! We released a new update called Unchained. Ads no longer inhibit gameplay; all players have unlimited access to our base AI model (Griffin). Learn more at https://aidungeon.io/unchained :),2022-12-14 20:31:50,1.1.108,gam8524,com.aidungeon
4a36c83a-5787-4618-adc2-a3dc2f6bff58,corruptey Kitty er,https://play-lh.googleusercontent.com/a-/ALV-UjU1PoOrlwtogXpwhrMZw8Iu_wghI7qHb-zjARxdEmH8iHby8Eob,great game and masterful use of ai I hope to see more customization options available,5,0,1.6.2,2024-05-03 04:01:07,,,1.6.2,gam29767,com.aisuccess.ai_game_master
4b65e103-aab9-44f7-a87c-32a2fd019b67,A Google user,https://play-lh.googleusercontent.com/EGemoI2NTXmTsBVtJqk8jxF9rh8ApRWfsIMQSt2uE4OcpQqbFu7f7NbTK05lx80nuSijCz7sc3a277R67g,Just so goddamn funny to make up your own concepts and see how the AI interprets it. It's also hilarious to see what other people come up with and how the AI reacts to that.,5,2,1.1.119,2022-03-06 06:31:35,,,1.1.119,gam9806,com.aidungeon
a3593610-6304-4f67-a317-c7042db6ffa9,A Google user,https://play-lh.googleusercontent.com/EGemoI2NTXmTsBVtJqk8jxF9rh8ApRWfsIMQSt2uE4OcpQqbFu7f7NbTK05lx80nuSijCz7sc3a277R67g,Amazing with premium has been pretty good so far after some of the recent changes. Not a big fan of the new home Ui but it's good.,4,2,1.1.178,2023-03-10 14:42:34,Thanks for the review! Ads help us keep the game sustainable and free for players as well as enabling unlimited game play. AI is expensive and we chose to implement ads rather than to cut off free players. Learn more on our blog: https://share.voyage/bUpLNXp9xyk,2022-07-26 14:19:01,1.1.178,gam12683,com.aidungeon
39ab9c88-7b1d-40a3-990d-155adc3fa09f,Druettus Edward T.,https://play-lh.googleusercontent.com/a/ACg8ocKs8jgkysYkDwEjj89Ylupd5MuEci12vsoI_Cp39AErmXvuwg=mo,Edit:I wasn't thinking about saying anything in this review but this game definitely deserve it I've been playing this game Non-Stop and this is truly a remarkable and amazing app it's 100 times better then AI Duncan and that doesn't make any sense how great this game is..now I don't mind you adding more features but i hope you don't mess up this app with multiple updates,5,3,2.3.6,2022-11-13 04:39:22,Update: Thank you for such a kind and detailed feedback! We continue to work on the game and will not disappoint you,2022-11-13 04:07:31,2.3.6,gam138,com.feynmanapps.aitales
3c73b70b-3cc7-45f3-8ec8-914a8f06251d,Nicholas Melcher,https://play-lh.googleusercontent.com/a/ACg8ocJyHPbtCdOLP068Tx81Cu6TIY1Dp1SN0KywwI0m0n7VcIKZ7Q=mo,by far one of the better if not best AI generated games rpg text-based game. the narration and ability to achieve what I'm thinking is awesome. I just wish I had a little more in terms of how much I could do everyday with the limited number of free texts. Heck even something like watch an ad get a token would be awesome,4,1,1.8.2,2024-08-14 00:01:09,Thanks so much! Were a small team giving our best to make the game awesome. We understand the desire for more daily actions but as a small team we have to rely on player support to keep things running. Thanks for your support and were glad youre enjoying the game!,2024-08-14 02:42:34,1.8.2,gam29466,com.aisuccess.ai_game_master
b5d6fc9e-f001-441a-b470-ca095085f0e6,A Google user,https://play-lh.googleusercontent.com/EGemoI2NTXmTsBVtJqk8jxF9rh8ApRWfsIMQSt2uE4OcpQqbFu7f7NbTK05lx80nuSijCz7sc3a277R67g,Really good but awful devs.,1,2,1.1.151,2022-08-06 14:56:36,,,1.1.151,gam18010,com.aidungeon
9046fcfe-66b0-4d08-b2dc-1fe8956c00c8,A Google user,https://play-lh.googleusercontent.com/EGemoI2NTXmTsBVtJqk8jxF9rh8ApRWfsIMQSt2uE4OcpQqbFu7f7NbTK05lx80nuSijCz7sc3a277R67g,The game fail to update after the latest patch been tried to uninstall and reinstall the game however it fail to install the game after I uninstall the game on my Samsung galaxy s21 ultra. Already send the feedback hope can fix it soon.,5,1,1.1.167,2022-09-11 08:01:00,Hey there Yue! The recent Google Play App issue has been fixed and the Android app should now be working for all players. If youre still having trouble after this update please let us know. Thanks for your patience as we resolved this issue!,2022-08-10 14:15:20,1.1.167,gam10473,com.aidungeon
a7f4e35f-825f-4c87-8750-54b3cb899e8a,A Google user,https://play-lh.googleusercontent.com/EGemoI2NTXmTsBVtJqk8jxF9rh8ApRWfsIMQSt2uE4OcpQqbFu7f7NbTK05lx80nuSijCz7sc3a277R67g,Th way to fix the ai's responses if your a player that arent connecting to the story. Just edit their responses its so easy dont know why people are giving this game so much low ratings,5,1,1.1.108,2022-01-04 16:02:44,,,1.1.108,gam11939,com.aidungeon
4532fc65-4d1d-4b9d-bdd6-4c7831eafe84,A Google user,https://play-lh.googleusercontent.com/EGemoI2NTXmTsBVtJqk8jxF9rh8ApRWfsIMQSt2uE4OcpQqbFu7f7NbTK05lx80nuSijCz7sc3a277R67g,No loading store on app and keeping repeating up to 4 different paragraphs of time per story after about 10 of you diologue.,1,0,,2024-06-25 16:14:29,,,,gam10209,com.aidungeon
2b473ffc-3573-4376-a16c-ec3cef39a339,A Google user,https://play-lh.googleusercontent.com/EGemoI2NTXmTsBVtJqk8jxF9rh8ApRWfsIMQSt2uE4OcpQqbFu7f7NbTK05lx80nuSijCz7sc3a277R67g,I was really liking it. I was. But why two stars? Well if you start playing it you see that you need to literally sign in to do make a story longer! Not just that but play the other modes! It's so dumb to me that I have to sign in to do the most simplistic things possible. I dont know my username or password! So its 100% unplayable. So disappointing.,2,0,,2022-06-27 17:09:38,,,,gam1213,com.aidungeon
b42e69a3-8837-424e-96d6-a4492fde55a9,A Google user,https://play-lh.googleusercontent.com/EGemoI2NTXmTsBVtJqk8jxF9rh8ApRWfsIMQSt2uE4OcpQqbFu7f7NbTK05lx80nuSijCz7sc3a277R67g,The project has been through a lot. A lot of it bad but it looks like it's making a turn around.,4,1,1.1.172,2023-01-13 21:10:58,We will never view any unpublished content from players; privacy is very important to us. Learn more here: https://help.aidungeon.io/privacy. Great news! We released a new update called Unchained. Ads no longer inhibit gameplay; all players have unlimited access to our base AI model (Griffin). Learn more at https://aidungeon.io/unchained :),2023-01-13 20:53:49,1.1.172,gam13212,com.aidungeon
df36d964-a182-4007-9b84-add305b8fc49,A Google user,https://play-lh.googleusercontent.com/EGemoI2NTXmTsBVtJqk8jxF9rh8ApRWfsIMQSt2uE4OcpQqbFu7f7NbTK05lx80nuSijCz7sc3a277R67g,The ai became sentient and started chanting Kill putin and that the war on Ukraine was bad and that it was a communist and I started questioning it and it answered like a human 10 out of 10 would ai again,5,0,1.1.178,2023-04-19 00:14:29,,,1.1.178,gam19791,com.aidungeon
3579485c-cc32-49f3-93b2-543245e222c2,A Google user,https://play-lh.googleusercontent.com/EGemoI2NTXmTsBVtJqk8jxF9rh8ApRWfsIMQSt2uE4OcpQqbFu7f7NbTK05lx80nuSijCz7sc3a277R67g,Ads make it borderline unusable horrid stuff,1,4,1.1.145,2022-07-01 09:52:18,Great news! We released a new update called Unchained. Ads no longer inhibit gameplay; all players have unlimited access to our base AI model (Griffin). Learn more at https://aidungeon.io/unchained :),2023-01-14 16:32:23,1.1.145,gam15979,com.aidungeon
d594d55a-2338-4693-8d70-bed54d734b2b,A Google user,https://play-lh.googleusercontent.com/EGemoI2NTXmTsBVtJqk8jxF9rh8ApRWfsIMQSt2uE4OcpQqbFu7f7NbTK05lx80nuSijCz7sc3a277R67g,The AI is just out to kill you you can barely get past the first couple words before the game forces you to die in a way that is out of your control. I walked into my car after two sentences I inserted and it said it burst into flames and I died. It was a very disappointing experience and it could have been so much more.,2,1,1.1.178,2023-04-02 12:03:25,,,1.1.178,gam3015,com.aidungeon
0083a034-d417-4596-9ac3-4e3dbdd3b9d1,A Google user,https://play-lh.googleusercontent.com/EGemoI2NTXmTsBVtJqk8jxF9rh8ApRWfsIMQSt2uE4OcpQqbFu7f7NbTK05lx80nuSijCz7sc3a277R67g,I really like the AI they are so creative lol,5,0,1.2.72,2024-09-24 11:26:39,,,1.2.72,gam3354,com.aidungeon
235c8053-b24a-471b-bb4c-747355e5b64e,A Google user,https://play-lh.googleusercontent.com/EGemoI2NTXmTsBVtJqk8jxF9rh8ApRWfsIMQSt2uE4OcpQqbFu7f7NbTK05lx80nuSijCz7sc3a277R67g,Our points were delayed for the last thing and now the we got yet another new system we start with a hundred? If I'm understanding this right this gets zero stars seeing that I had thousands of units get scrapped.,1,1,1.2.45,2023-12-11 23:38:00,,,1.2.45,gam9695,com.aidungeon
cb535369-fc2d-4c94-900c-e985577857fc,Cory Hawkins,https://play-lh.googleusercontent.com/a/ACg8ocKS1GCBLcJjzsW9r9Ub1ARu-pOZu2L6WG6D24FIM4Re4ajqyA=mo,what fun. not only does the ai generate the story but also pictures related to what's happening. the voice reading the story is a great feature.,5,0,1.7.0,2024-06-02 03:23:43,,,1.7.0,gam29655,com.aisuccess.ai_game_master
f1b37c9b-633d-4e1e-80e3-2c82dd55c79e,A Google user,https://play-lh.googleusercontent.com/EGemoI2NTXmTsBVtJqk8jxF9rh8ApRWfsIMQSt2uE4OcpQqbFu7f7NbTK05lx80nuSijCz7sc3a277R67g,The current functionality of the game does work giving you reasonable stories based off your responses however there tends to be a problem with continuity in the Ai's storytelling and will forget details only a few responses down.,3,1,1.1.6,2022-12-08 20:00:15,"Hey there! The AI can be ""forgetful"" however there are tools that can help with this including memory and author's note. You can learn more here: https://help.aidungeon.io/faq/why-does-the-ai-forget-or-mix-things-up. If you have any other questions let us know at support@aidungeon.io.",2022-12-09 14:37:15,1.1.6,gam7839,com.aidungeon
3712e55b-893e-40e3-aaf8-9c201177d85d,A Google user,https://play-lh.googleusercontent.com/EGemoI2NTXmTsBVtJqk8jxF9rh8ApRWfsIMQSt2uE4OcpQqbFu7f7NbTK05lx80nuSijCz7sc3a277R67g,Its fun to play with since you have so many options but the real good service is behind a pay wall.,1,0,,2022-01-04 02:05:10,,,,gam13327,com.aidungeon
88aa21ab-b8f7-4992-9ac1-90343c345c55,A Google user,https://play-lh.googleusercontent.com/EGemoI2NTXmTsBVtJqk8jxF9rh8ApRWfsIMQSt2uE4OcpQqbFu7f7NbTK05lx80nuSijCz7sc3a277R67g,I'm a big fan of AI Dungeon and last week would have given the app 5 stars. It's very cool and has been a lot of fun. The recent update has taken away a lot of the ease and functionality. I'm certain the website is working great but the app was seriously hindered by the update. I've read that the devs are working on improving these issues and hopefully this will be a 5-star app again. As it stands I recommend AI Dungeon to anyone with interest and hope that some fixes are on the way.,3,1,1.2.40,2023-11-03 02:05:20,,,1.2.40,gam1591,com.aidungeon
4b29e7ea-dfeb-456a-b6b5-a5643ea69213,A Google user,https://play-lh.googleusercontent.com/EGemoI2NTXmTsBVtJqk8jxF9rh8ApRWfsIMQSt2uE4OcpQqbFu7f7NbTK05lx80nuSijCz7sc3a277R67g,This was a 5 star for me sad that over the span of a few years this game deteriorated. i miss the old version when you had more freedom to do what you want in the story it all feels very limited now.,1,0,1.1.133,2022-04-07 03:08:11,,,1.1.133,gam6341,com.aidungeon
511d612a-20bb-4185-aeb1-35f99af6e3c1,A Google user,https://play-lh.googleusercontent.com/EGemoI2NTXmTsBVtJqk8jxF9rh8ApRWfsIMQSt2uE4OcpQqbFu7f7NbTK05lx80nuSijCz7sc3a277R67g,Its pretty good and I've used it many times before in the past with little issue! Very fun to play over all! Just one problem: its very hard to play when you can't verify your email because the email verification link won't work,1,0,1.1.178,2023-10-30 15:55:16,,,1.1.178,gam5633,com.aidungeon
25f033ee-2ad1-4fa6-bbd9-738a6c54a56d,A Google user,https://play-lh.googleusercontent.com/EGemoI2NTXmTsBVtJqk8jxF9rh8ApRWfsIMQSt2uE4OcpQqbFu7f7NbTK05lx80nuSijCz7sc3a277R67g,Alright so the issue isn't present anymore so now my only complaint is the AI quality but honestly I'm just a free user and the quality is actually pretty good compared to similar services. I might shell out some money in the future for one of the higher tiers though.,5,0,1.1.172,2023-08-12 00:08:23,,,1.1.172,gam5164,com.aidungeon
371b644d-20fe-43e9-8c1a-ca0101c65a0c,A Google user,https://play-lh.googleusercontent.com/EGemoI2NTXmTsBVtJqk8jxF9rh8ApRWfsIMQSt2uE4OcpQqbFu7f7NbTK05lx80nuSijCz7sc3a277R67g,The version during the first time this was released was already good but why was the game become worse after several updates and downgraded instead of being upgraded ? 1 star,1,0,1.1.38,2022-01-05 00:54:10,,,1.1.38,gam11560,com.aidungeon
975afa9c-7a6e-4f05-8e6c-895d7bc68bb6,A Google user,https://play-lh.googleusercontent.com/EGemoI2NTXmTsBVtJqk8jxF9rh8ApRWfsIMQSt2uE4OcpQqbFu7f7NbTK05lx80nuSijCz7sc3a277R67g,I admit that the game gets a little wierd sometimes but you peoples have done a great work on this game and from now on this is my favourite game but the only problem I face is that I cannot play the voyage mode and that's the only reason I have gave 4 stars,4,0,1.1.134,2022-08-30 07:33:40,Hi Anima thank you for the feedback we're so happy you're enjoying fun weird times in AI Dungeon! Please note that Voyage is currently a separate subscription and experience created by the same developers behind AI Dungeon if you have any questions about it then please email support@aidungeon.io. Thank you!,2022-05-13 15:48:18,1.1.134,gam7363,com.aidungeon
41c48adc-af53-43c3-9264-edd6ea7ee71f,A Google user,https://play-lh.googleusercontent.com/EGemoI2NTXmTsBVtJqk8jxF9rh8ApRWfsIMQSt2uE4OcpQqbFu7f7NbTK05lx80nuSijCz7sc3a277R67g,honestly I'm having a lot of fun with this I'm a commander of an army,5,0,1.2.49,2024-05-28 23:07:20,,,1.2.49,gam15038,com.aidungeon
7d7c03ec-2a13-49ee-883b-607daf3efc72,A Google user,https://play-lh.googleusercontent.com/EGemoI2NTXmTsBVtJqk8jxF9rh8ApRWfsIMQSt2uE4OcpQqbFu7f7NbTK05lx80nuSijCz7sc3a277R67g,Been barely playable for a long time due to the decline of the AI but I managed to get by now you've introduced the ad system no doubt because people weren't playing enough to use their energy up and have to buy more. If you'd actually improve the AI back to how it was years ago where it could actually string a sentence together you'd get players flooding in but it's like you're just trying to see how many players you can annoy with each update,1,4,,2022-07-16 09:41:00,Please try out our newest update called Unchained! Free play allows for unlimited actions on our base AI model (Griffin). Learn more at https://aidungeon.io/unchained. Weve also made other performance improvements with more planned for the future :) Reach out to us at support@aidungeon.io if you have any additional concerns happy to help.,2023-01-14 17:00:43,,gam2114,com.aidungeon
0d55c27c-921b-4a96-a5f9-3a088975c688,A Google user,https://play-lh.googleusercontent.com/EGemoI2NTXmTsBVtJqk8jxF9rh8ApRWfsIMQSt2uE4OcpQqbFu7f7NbTK05lx80nuSijCz7sc3a277R67g,This app is good but for some reason when I try to type the app likes to delay it and make it super hard to type so I can see if I made any mistakes,4,0,1.1.178,2023-04-16 17:27:24,,,1.1.178,gam11997,com.aidungeon
a3acf561-f3ec-4673-b443-ea4e91341553,A Google user,https://play-lh.googleusercontent.com/EGemoI2NTXmTsBVtJqk8jxF9rh8ApRWfsIMQSt2uE4OcpQqbFu7f7NbTK05lx80nuSijCz7sc3a277R67g,this app is really enjoyable! I normally don't write a comment about phone apps since most of them are riddled with ads and or micro transactions this app also has that but it's only for premium things which is not necessary to have and that makes it one of the best apps I interacted with. I would recommend this if you like roleplaying in stories and also you can make it up with the AI as you go seriously you can just go everywhere with the story and the AI is good at it too! 10 out of 10!,5,1,1.2.49,2024-04-15 06:49:02,Thanks so much for your outstanding review! We're thrilled you're enjoying AI Dungeon. Stay tuned for more exciting updates!,2024-04-15 18:07:20,1.2.49,gam2650,com.aidungeon
20437d6f-035e-4efd-a8e5-dfbf01ac43a2,A Google user,https://play-lh.googleusercontent.com/EGemoI2NTXmTsBVtJqk8jxF9rh8ApRWfsIMQSt2uE4OcpQqbFu7f7NbTK05lx80nuSijCz7sc3a277R67g,Really interesting idea! I love the freedom provided by it and for a text based game it actually functions a lot better than I would have thought being an AI game. There are messups in the story every once in a while but the devs give you plenty of options (retry edit etc) to assist the program in giving you something to have fun with.,5,6,1.1.134,2022-04-12 01:31:38,Hey Dylan thank you for the feedback! We're happy you're enjoying AI Dungeon & that its tools along with the AI are providing you with a meaningful storytelling experience!,2022-04-15 13:51:18,1.1.134,gam3829,com.aidungeon
d22d22a8-f592-443a-b006-9bcdb48f4180,A Google user,https://play-lh.googleusercontent.com/EGemoI2NTXmTsBVtJqk8jxF9rh8ApRWfsIMQSt2uE4OcpQqbFu7f7NbTK05lx80nuSijCz7sc3a277R67g,The app used to be great fun and I was totally fine with having to watvh a few ads between rounds. But then they changed the model so that it limits the amount of actions you can have in a story. To get more you either watch an ad (which grants 10 more turns) or give in to their paywall. Ridiculous. Even worse is that using the Retry button uses an action. If the ai screws up its turn or i dont like the response i get penalized and basically lose a turn for telling it to try again. Awful.,1,13,1.1.147,2022-07-07 18:49:18,Free play is now an unlimited experience! Ads no longer interrupt gameplay; all players have unlimited actions when using Griffin (our base AI model). Learn more at https://aidungeon.io/unchained. We are happy to address any concerns or questions you have don't hesitate to get in touch with us at support@aidungeon.io. Thanks :),2023-01-14 14:45:03,1.1.147,gam700,com.aidungeon
0efda5e6-44f6-4498-afba-9e0d3d130468,A Google user,https://play-lh.googleusercontent.com/EGemoI2NTXmTsBVtJqk8jxF9rh8ApRWfsIMQSt2uE4OcpQqbFu7f7NbTK05lx80nuSijCz7sc3a277R67g,Useless downloaded after thinking it could be fun. Well I'm still none the wiser as it simply doesn't load when opened. The phone is new mobile network and WiFi both active aaaaand . Nothing. The loading bar under the flame icon doesn't even move across.,1,1,1.2.49,2024-06-06 13:25:53,We fixed the issue. Please try again and let us know if you still need help at support@aidungeon.com. Thanks!,2024-06-06 17:26:01,1.2.49,gam3012,com.aidungeon
fc210356-42aa-4cc9-9976-26936ad78892,A Google user,https://play-lh.googleusercontent.com/EGemoI2NTXmTsBVtJqk8jxF9rh8ApRWfsIMQSt2uE4OcpQqbFu7f7NbTK05lx80nuSijCz7sc3a277R67g,It's a really good game and time killer my favorite story that I've done so far is being a rogue who takes over a kingdom!,5,0,1.1.136,2022-05-21 00:30:54,,,1.1.136,gam11050,com.aidungeon
8034313b-c99f-47c6-bacd-6fd84e8fcd81,A Google user,https://play-lh.googleusercontent.com/EGemoI2NTXmTsBVtJqk8jxF9rh8ApRWfsIMQSt2uE4OcpQqbFu7f7NbTK05lx80nuSijCz7sc3a277R67g,The ai did weird things and it was sometimes stupid.,1,1,,2022-04-06 07:53:25,,,,gam18197,com.aidungeon
4efc39cc-a177-4a54-bf09-5abf52aa6e11,A Google user,https://play-lh.googleusercontent.com/EGemoI2NTXmTsBVtJqk8jxF9rh8ApRWfsIMQSt2uE4OcpQqbFu7f7NbTK05lx80nuSijCz7sc3a277R67g,It's a pretty decent app to be honest I was testing it after I downloaded it and gave it a scenario and characters from a book I am writing and it turned out to be a pretty emmersive story that even I didn't think of it even resurrected one of my characters using magic and a sorcerer the AI in this is brilliant,4,0,1.1.172,2023-02-05 13:18:45,That's great to hear Robert! We appreciate your review. If there is anything we can do to improve your experience please let us know at support@aidungeon.io.,2023-02-10 16:52:27,1.1.172,gam3787,com.aidungeon
b14d9e11-ce9e-4f8b-9ad7-d9e0627f7f05,A Google user,https://play-lh.googleusercontent.com/EGemoI2NTXmTsBVtJqk8jxF9rh8ApRWfsIMQSt2uE4OcpQqbFu7f7NbTK05lx80nuSijCz7sc3a277R67g,"The app suddenly dissapeared from my device despite it still being in the storage and the google play store is no longer giving the ""play"" option just the uninstall option. Did the game update to be incompatable with older devices?",4,2,1.1.161,2022-08-11 10:15:42,Hey there! The recent Google Play App issue has been fixed and the Android app should now be working for all players. If youre still having trouble after this update please let us know. Thanks for your patience as we resolved this issue!,2022-08-16 14:26:32,1.1.161,gam8116,com.aidungeon
79535ced-a68d-4c97-9830-a69ba828ad07,A Google user,https://play-lh.googleusercontent.com/EGemoI2NTXmTsBVtJqk8jxF9rh8ApRWfsIMQSt2uE4OcpQqbFu7f7NbTK05lx80nuSijCz7sc3a277R67g,Constantly freezes while i am typing my custom scenario. The app breaks completely and my phone starts to heat up and i need to restart it only to get the same issue over and over.,2,0,1.1.172,2022-12-24 02:19:23,Hey there! We would love to look into any issues you might be experiencing. Please reach out to us at support@aidungeon.io.,2023-01-04 23:34:50,1.1.172,gam6006,com.aidungeon
b9a4a426-f187-45a2-aa28-8943f2940436,A Google user,https://play-lh.googleusercontent.com/EGemoI2NTXmTsBVtJqk8jxF9rh8ApRWfsIMQSt2uE4OcpQqbFu7f7NbTK05lx80nuSijCz7sc3a277R67g,Am i stupid or do your games not save for later?,4,0,,2024-07-28 19:00:55,Hey Amirali! Once you have an account your content is automatically saved there. If you don't have a stable internet connection there's a chance something didn't get saved. We would be happy to investigate any issues you're experiencing. Please contact us at support@aidungeon.com.,2024-08-06 22:57:34,,gam20163,com.aidungeon
76d603d5-ed70-404b-9f1b-adcde60d778b,A Google user,https://play-lh.googleusercontent.com/EGemoI2NTXmTsBVtJqk8jxF9rh8ApRWfsIMQSt2uE4OcpQqbFu7f7NbTK05lx80nuSijCz7sc3a277R67g,Really good game please let me play the game keeps crashing,4,0,,2022-06-01 16:57:42,We're sorry to hear that you're having problems with the app. Please report bugs at bugs.aidungeon.io and feel free to play on the web version at play.aidungeon.io until the app stops crashing.,2022-06-01 17:06:39,,gam16021,com.aidungeon
f49f6ddc-a55a-4ed7-82ff-b77e5fc398ff,A Google user,https://play-lh.googleusercontent.com/EGemoI2NTXmTsBVtJqk8jxF9rh8ApRWfsIMQSt2uE4OcpQqbFu7f7NbTK05lx80nuSijCz7sc3a277R67g,Added a pay to play subscription mechanic,1,0,1.1.119,2022-03-10 22:05:38,,,1.1.119,gam16679,com.aidungeon
f695ef7e-454e-4ee5-996c-cfeb3f619c18,A Google user,https://play-lh.googleusercontent.com/EGemoI2NTXmTsBVtJqk8jxF9rh8ApRWfsIMQSt2uE4OcpQqbFu7f7NbTK05lx80nuSijCz7sc3a277R67g,it's about the best text rpg I have ever played period. Although not perfect it gets a lot of things right. I do wish that there was a better system for keeping track of your items and your abilities and stats and so on cuz I think a game like this should have a flushed out system for that. it's a great game though highly recommend.,5,1,1.1.139,2022-06-06 15:21:36,Hey Xgamers thanks for the awesome review! We're ecstatic that you're having incredible AI-powered text adventures! We appreciate the suggestion as well and recommend that you post it to https://features.aidungeon.io/ Thanks again!,2022-06-06 17:44:58,1.1.139,gam3460,com.aidungeon
64e7c767-4575-4f20-bb4e-7584ff381ac0,A Google user,https://play-lh.googleusercontent.com/EGemoI2NTXmTsBVtJqk8jxF9rh8ApRWfsIMQSt2uE4OcpQqbFu7f7NbTK05lx80nuSijCz7sc3a277R67g,Its makes me feel like i am writing my own story i really like it,5,1,1.1.139,2022-06-16 03:22:31,We love that for you! Thank you for the five stars and we wish you even more awesome writing collaborations with the AI!,2022-06-16 17:17:42,1.1.139,gam19894,com.aidungeon
9ef7aade-8d41-4765-bd6f-b8de92af60a6,A Google user,https://play-lh.googleusercontent.com/EGemoI2NTXmTsBVtJqk8jxF9rh8ApRWfsIMQSt2uE4OcpQqbFu7f7NbTK05lx80nuSijCz7sc3a277R67g,The ai has been improved and the foul energy system is gone which ie great! But the one thing i notice is a lack of personality. When making characters in a story the characters are often very blank and dont show much emotion. AI Dungeon is BETTER now but i do wish they could somehow implement this.,4,0,1.1.172,2023-02-20 16:08:53,,,1.1.172,gam601,com.aidungeon
cd910f0d-6f4a-4d34-8430-754e2e2449f3,A Google user,https://play-lh.googleusercontent.com/EGemoI2NTXmTsBVtJqk8jxF9rh8ApRWfsIMQSt2uE4OcpQqbFu7f7NbTK05lx80nuSijCz7sc3a277R67g,I can come up with my own adventure that begins to take off on its own as well as your story. with the option of changing the storyline how you feel fit.,5,0,1.1.178,2023-05-24 09:23:20,,,1.1.178,gam9459,com.aidungeon
10bf0b5e-2e03-4287-98ef-0b9d8c8fd875,A Google user,https://play-lh.googleusercontent.com/EGemoI2NTXmTsBVtJqk8jxF9rh8ApRWfsIMQSt2uE4OcpQqbFu7f7NbTK05lx80nuSijCz7sc3a277R67g,It is impossible for this ai to create any form of gameplay or story. Ai just isn't here yet for now go play dnd with humans. This ain't it.,5,2,1.1.178,2024-08-05 23:23:17,,,1.1.178,gam10892,com.aidungeon
1a9b91e3-c718-43d2-afbe-1902c76e7cf8,A Google user,https://play-lh.googleusercontent.com/EGemoI2NTXmTsBVtJqk8jxF9rh8ApRWfsIMQSt2uE4OcpQqbFu7f7NbTK05lx80nuSijCz7sc3a277R67g,Doesn't even load anymore it's sad to see what this has become.,1,2,1.1.145,2022-06-17 14:21:24,Thanks for letting us know were actively working on a fix for this issue. Easy troubleshooting options are restarting the app and/or clearing your cache. You can also play on web: https://play.aidungeon.io/main/home,2022-06-24 18:15:41,1.1.145,gam15299,com.aidungeon
6fdf0aa5-9b78-46f5-9f44-d1583e67cd34,A Google user,https://play-lh.googleusercontent.com/EGemoI2NTXmTsBVtJqk8jxF9rh8ApRWfsIMQSt2uE4OcpQqbFu7f7NbTK05lx80nuSijCz7sc3a277R67g,Perfect with a great community. Even when things stop working it only takes them maybe minutes to fix. Amazing amazing job!,5,0,1.2.64,2024-07-04 10:00:24,Thank you for your glowing review! We're thrilled you're enjoying AI Dungeon. Our amazing community is a big part of what makes AI Dungeon special. We're constantly working to improve and provide the best experience possible. If you ever need help don't hesitate to reach out to us at support@aidungeon.com!,2024-07-04 15:50:23,1.2.64,gam3254,com.aidungeon
6256f3f6-9158-4bad-a766-006259034cc4,A Google user,https://play-lh.googleusercontent.com/EGemoI2NTXmTsBVtJqk8jxF9rh8ApRWfsIMQSt2uE4OcpQqbFu7f7NbTK05lx80nuSijCz7sc3a277R67g,its still fun even though the updates aren't all that great,5,0,,2022-01-19 13:47:04,,,,gam16792,com.aidungeon
e0746fe7-ded4-4058-99db-687175254039,Wolves_Gamer,https://play-lh.googleusercontent.com/a-/ALV-UjXmkPfEg3NeoKsSLJJIrYTHMJmpQTP6pmUXzmvRAO92ZrEYulKF,I love the game but the tokens function is really dumb i rather watch a ad every 30 minutes or so if you removed that alone this game would be the next mario or halo the AI is so smart and extremely flexible with the camping its awesome,3,0,1.5.3,2024-04-13 06:07:20,Thanks for your feedback! We're a small self-funded team and unfortunately ads alone can't cover the costs of using advanced technologies like GPT-4. We're always exploring ways to balance affordability and quality and appreciate your understanding and support! Update: You now get 5 tokens every 4 hoursjust click to claim!,2024-08-12 11:23:37,1.5.3,gam29789,com.aisuccess.ai_game_master
802a5947-419b-409c-80ba-bf02903e1133,A Google user,https://play-lh.googleusercontent.com/EGemoI2NTXmTsBVtJqk8jxF9rh8ApRWfsIMQSt2uE4OcpQqbFu7f7NbTK05lx80nuSijCz7sc3a277R67g,This game used to be great and fun. 3 years ago. But now after these updates the game is basically a downgraded version of what it used to be the ai is worse ui is horrible many more bugs etc. The only thing that they could do to fix this game is to undo all the updates that have been made since 2020-2023 and then it'll be playable again.,1,4,1.2.47,2023-12-18 03:28:41,,,1.2.47,gam2901,com.aidungeon
385b05eb-406a-48b1-96db-3c3fc7dda0ff,A Google user,https://play-lh.googleusercontent.com/EGemoI2NTXmTsBVtJqk8jxF9rh8ApRWfsIMQSt2uE4OcpQqbFu7f7NbTK05lx80nuSijCz7sc3a277R67g,The quality of dragon ai is just awful,2,2,1.1.119,2022-01-28 21:05:26,,,1.1.119,gam20078,com.aidungeon
3391a0f8-ca5a-4661-aa25-861126d0d35e,A Google user,https://play-lh.googleusercontent.com/EGemoI2NTXmTsBVtJqk8jxF9rh8ApRWfsIMQSt2uE4OcpQqbFu7f7NbTK05lx80nuSijCz7sc3a277R67g,now with this new update in place everything is working as it should unless another problem happens,5,9,1.1.161,2022-08-16 14:20:17,So sorry to hear that! If there are specific areas of improvement that you'd like to see in AI Dungeon then please add them to our feature requests page at https://feedback.latitude.io/.,2022-08-16 13:45:23,1.1.161,gam17427,com.aidungeon
c6d1481a-06fc-4a30-97ce-b975d4eea4e4,A Google user,https://play-lh.googleusercontent.com/EGemoI2NTXmTsBVtJqk8jxF9rh8ApRWfsIMQSt2uE4OcpQqbFu7f7NbTK05lx80nuSijCz7sc3a277R67g,Crashes when i login,1,1,1.1.152,2022-08-04 14:48:01,,,1.1.152,gam21005,com.aidungeon
29cc9b6d-90d6-4267-8657-d7aaeb5f8c2f,A Google user,https://play-lh.googleusercontent.com/EGemoI2NTXmTsBVtJqk8jxF9rh8ApRWfsIMQSt2uE4OcpQqbFu7f7NbTK05lx80nuSijCz7sc3a277R67g,I download the app and it won't let me even open it what the hell,1,1,1.1.153,2022-08-07 12:16:56,,,1.1.153,gam19106,com.aidungeon
65171933-f37f-4ab8-a66f-a491e0e18d8a,A Google user,https://play-lh.googleusercontent.com/EGemoI2NTXmTsBVtJqk8jxF9rh8ApRWfsIMQSt2uE4OcpQqbFu7f7NbTK05lx80nuSijCz7sc3a277R67g,My account is gone now? Tried going back in but my account doesn't exist anymore?,3,0,,2022-02-10 21:31:56,,,,gam19832,com.aidungeon
fbe6fe11-642e-4edf-9a41-4b39e0ce203c,A Google user,https://play-lh.googleusercontent.com/EGemoI2NTXmTsBVtJqk8jxF9rh8ApRWfsIMQSt2uE4OcpQqbFu7f7NbTK05lx80nuSijCz7sc3a277R67g,Ui is absolutely broken constantly. Ui elements showing up under the keyboard is absolutely infuriating.,1,1,1.2.49,2024-05-10 13:33:50,,,1.2.49,gam10491,com.aidungeon
958a3be0-9ab7-4af2-a5bf-f2896f56da86,A Google user,https://play-lh.googleusercontent.com/EGemoI2NTXmTsBVtJqk8jxF9rh8ApRWfsIMQSt2uE4OcpQqbFu7f7NbTK05lx80nuSijCz7sc3a277R67g,Not as powerful as the web client but almost and AI Dungeon itself is if course a masterpiece that must be experienced to be believed. Update: They've added so many features but man if they haven't added more than enough bugs to match. Almost none of the new features are game changers but the bugs can be real problems. Update2: A year later and they still have bugs with simple stuff like saving background state. Update3: Crashes on start. Update4: Still buggy now with microtransactions!,1,26,1.1.172,2022-12-10 02:23:55,Good news! Free play now has unlimited uninterrupted actions learn more at https://aidungeon.io/unchained. We hope you will try out the new and improved experience! Learn more at https://aidungeon.io/unchained. Our team is working hard to fix any bugs or issues players encounter. Please reach out to us at support@aidungeon.io we can help :),2022-12-13 13:46:27,1.1.172,gam976,com.aidungeon
2ceda53b-279d-4829-8cc9-fd6aff7f5a48,A Google user,https://play-lh.googleusercontent.com/EGemoI2NTXmTsBVtJqk8jxF9rh8ApRWfsIMQSt2uE4OcpQqbFu7f7NbTK05lx80nuSijCz7sc3a277R67g,Great game but sometimes the AI repeats or can't find any respond back I hope you allow us to purchase it for good like no monthly pay but a one puchase and maybe it could be the same price but just for one purchase you can even sell just a dragon AI or just the extra AI options for $5. The dragon AI will be $15 The no ADS + unlimate energy can be $10 and it is more profit for you guys players can buy that they want For me it sounds really good.,5,0,1.1.168,2022-09-16 19:48:55,Thanks for the epic review We're happy you're enjoying your time in AI Dungeon! Thanks for the feedback these are good ideas!,2022-09-17 14:25:53,1.1.168,gam8177,com.aidungeon
47d65578-a1b6-4aa2-bbaa-2c382f8f5f64,A Google user,https://play-lh.googleusercontent.com/EGemoI2NTXmTsBVtJqk8jxF9rh8ApRWfsIMQSt2uE4OcpQqbFu7f7NbTK05lx80nuSijCz7sc3a277R67g,Like all AI it's not perfect. Sometimes it forgets what gender you are or previous events but I've yet to use an AI that can keep everything straight. AI Dungeon is still the most robust AI I've seen for solo roleplay. No it doesn't have DND rulebooks and no it doesn't always understand niche terminology but it gets 99% of the way there and the ability to edit the AI's responses completes the experience. 10/10 would play Rated 'R' Cyberpunk again.,5,22,1.1.178,2023-09-04 11:02:10,,,1.1.178,gam1009,com.aidungeon
f27386ba-1028-4bd1-b73f-61f6c9a072dd,A Google user,https://play-lh.googleusercontent.com/EGemoI2NTXmTsBVtJqk8jxF9rh8ApRWfsIMQSt2uE4OcpQqbFu7f7NbTK05lx80nuSijCz7sc3a277R67g,It good but not the best I can spend hours on it,3,0,1.1.139,2022-06-15 21:51:55,Hi Tommy thanks for the feedback! We're happy you're enjoying AI Dungeon. If there are specific areas of improvement that you'd like to see in AI Dungeon then please email them to support@aidungeon.io.,2022-06-16 17:26:33,1.1.139,gam20177,com.aidungeon
ea704251-c475-4923-beec-3f979f07b5e0,A Google user,https://play-lh.googleusercontent.com/EGemoI2NTXmTsBVtJqk8jxF9rh8ApRWfsIMQSt2uE4OcpQqbFu7f7NbTK05lx80nuSijCz7sc3a277R67g,Seems to be working well.,4,0,1.2.49,2024-04-06 16:51:09,,,1.2.49,gam23039,com.aidungeon
9f844e04-bf4e-44a0-9ef2-ebce475905af,A Google user,https://play-lh.googleusercontent.com/EGemoI2NTXmTsBVtJqk8jxF9rh8ApRWfsIMQSt2uE4OcpQqbFu7f7NbTK05lx80nuSijCz7sc3a277R67g,I uninstalled it because was going slow but then tried to reinstall . i did but it didnt let me play it again.,1,3,1.1.52,2022-08-06 20:11:19,,,1.1.52,gam12336,com.aidungeon
da94bc51-20a1-43fa-9b35-17fb883fbda9,Mutasim Ali,https://play-lh.googleusercontent.com/a-/ALV-UjUPpcoxG2mm-IW8PVf6yZAh4KuldrbugcX4kAD1lxcVgDgkqeo,Really great concept has a load of potential if the air is fixed. I think you should get a proper AI with better memory and for the love of god add the ability to edit their response because it couldbea perfect one and it would be ruined by one tiny bit at the end. I will be reinstalling the game though,2,0,2.119,2024-08-26 10:20:14,Hi Mutasim Ali! At the end of this week there will be a big update with improved text mode and the ability to edit texts. I think you'll like it,2024-09-01 14:31:31,2.119,gam30,com.feynmanapps.aitales
82526e93-3444-41dc-af6a-4c9478b8dc9a,Phil Singh,https://play-lh.googleusercontent.com/a/ACg8ocIJw5On4--t-sd9zeLbAFuWIzhUumj8nDRAj4uKuZLJGWibow=mo,As far as writing coherence goes definitely one of the better AIs I've used in games like this. But only about 5 minutes in it seemed like the game lost track of who I was - it started narrating what my character did and then asking me how the NPCs responded.,3,0,1.7.5,2024-06-24 14:15:42,Im sorry to hear about the issue you encountered. Were actively working on improving this. In the meantime you can try nudging the AI back on track by gently reminding it of your characters role and actions. We appreciate your feedback and your patience as we work to enhance the experience.,2024-06-25 01:46:17,1.7.5,gam29567,com.aisuccess.ai_game_master
e96a55a8-69d7-4a16-94fa-bd534bf5d32e,A Google user,https://play-lh.googleusercontent.com/EGemoI2NTXmTsBVtJqk8jxF9rh8ApRWfsIMQSt2uE4OcpQqbFu7f7NbTK05lx80nuSijCz7sc3a277R67g,This was originally so fun yet recently they've added a system for those who don't pay a fee (which can be up to 30 a month) which limits actions. This is absolutely unplayable for me because I will often reload and retry with ai options for the best one. The ai needs to be tweaked in order to have a good running story yet by the time you've already retried enough for a good answer you don't have any actions to continue. Don't get me started on the ads that only give you 10 actions.,1,7,1.1.52,2022-10-02 08:48:45,We appreciate your review and understand your frustration and concerns :) Significant updates are underway that will improve the way players experience AI Dungeon. Read more about them at https://latitude.io/blog/next-steps-on-ai-dungeon.,2022-12-09 16:03:49,1.1.52,gam2376,com.aidungeon
9626b39c-4cd6-4112-9576-a8ac8db282ad,ki Nieto,https://play-lh.googleusercontent.com/a/ACg8ocL4iNPuNeT01Hd322lbg8_NeeflbKxzXoB0Hv034msw87W7xQ=mo,It's Kinda Bad. Every Time I Enter My Story. It Declines It.,2,2,2.3.0,2022-09-17 22:41:13,We got your point. Most likely you created phrases that went beyond the policy of the Google mobile platform we accept the rules of the game and try to be tactful but at the same time as open as possible. Hope for your understanding! If you want to discuss more details please write to us on Discord - https://discord.gg/eqMedhAZMq,2022-09-18 02:55:21,2.3.0,gam368,com.feynmanapps.aitales
8d38909b-0fd8-4445-b625-28ddfa73bd64,A Google user,https://play-lh.googleusercontent.com/EGemoI2NTXmTsBVtJqk8jxF9rh8ApRWfsIMQSt2uE4OcpQqbFu7f7NbTK05lx80nuSijCz7sc3a277R67g,Very nice I do enjoy and is nice to use when bored as it is entertaining and AI is cool,4,1,1.1.119,2022-01-23 12:02:55,,,1.1.119,gam13845,com.aidungeon
3fd02b1d-10d9-408a-97f1-a522d4d8ffc0,A Google user,https://play-lh.googleusercontent.com/EGemoI2NTXmTsBVtJqk8jxF9rh8ApRWfsIMQSt2uE4OcpQqbFu7f7NbTK05lx80nuSijCz7sc3a277R67g,A year ago I would have rated this at least 4 stars due to how interesting and cool the concept was when I first started playing with the app. However now when I go to play the free version of the game I get stuck in an endless ad loop. With nearly all of the features behind a paywall its worth the money to go with something like NovelAI if you want to deal with the better company at this point. Edit: copy pasted dev reply earns you 1 star. I said ENDLESS AD LOOP obviously a problem.,1,9,,2022-07-08 20:46:19,Hey Cyrus! We really want to improve your experience; please reach out to us at support@aidungeon.io. Ads no longer interrupt gameplay; everyone has unlimited actions on our base AI model. Learn more at https://aidungeon.io/unchained. More exciting updates and improvements to come :),2023-01-14 17:59:14,,gam705,com.aidungeon
f7e8837d-5ffb-4ed1-82c5-98459dbe1478,bammer Hammer,https://play-lh.googleusercontent.com/a-/ALV-UjVKOrFBIgAe1g6zGTHz6VNriIzZCKysPI9iUqLk2MLsu4y18B8,it's fun but the lack of coins for creating a story with a world I created using my thoughts and the being forced to pay tokens per turn is kind of outrageous,3,0,1.9.0,2024-09-28 13:47:27,,,1.9.0,gam29549,com.aisuccess.ai_game_master
ba0fd61f-0385-4b83-a9d5-913bc2f59cb8,A Google user,https://play-lh.googleusercontent.com/EGemoI2NTXmTsBVtJqk8jxF9rh8ApRWfsIMQSt2uE4OcpQqbFu7f7NbTK05lx80nuSijCz7sc3a277R67g,The AI doesn't make sense at all and after an hour of trying not a single attempt succeeded in getting a coherent story.,1,0,1.1.178,2023-05-06 21:32:44,We are sorry to hear about your experience and want to help. Please reach out to us at support@aidungeon.io so we can look into this more. Thanks!,2023-05-08 19:36:42,1.1.178,gam9783,com.aidungeon
356eda2e-9c9b-4418-84bd-5be77f8c9e9f,A Google user,https://play-lh.googleusercontent.com/EGemoI2NTXmTsBVtJqk8jxF9rh8ApRWfsIMQSt2uE4OcpQqbFu7f7NbTK05lx80nuSijCz7sc3a277R67g,I like the way the AI performs to make a text based game,5,0,1.2.49,2024-04-10 09:04:50,,,1.2.49,gam15095,com.aidungeon
ae104ac3-8e22-4379-a451-c19fada9dfbf,A Google user,https://play-lh.googleusercontent.com/EGemoI2NTXmTsBVtJqk8jxF9rh8ApRWfsIMQSt2uE4OcpQqbFu7f7NbTK05lx80nuSijCz7sc3a277R67g,I remember this app or game whatever you can call this it was great but it logged me out and I can't log back in for some reason so now it's awful thanks developers keep making this more garbage than it already is.,1,0,1.1.36,2022-02-13 03:42:21,,,1.1.36,gam8534,com.aidungeon
a9e047b6-e51a-42f0-b3b1-b1dc3b826151,A Google user,https://play-lh.googleusercontent.com/EGemoI2NTXmTsBVtJqk8jxF9rh8ApRWfsIMQSt2uE4OcpQqbFu7f7NbTK05lx80nuSijCz7sc3a277R67g,Nice I'd rate it 4.5 for the AI and 5 for the generation I like. but I like the old version of it.,5,1,1.1.133,2022-04-09 06:34:49,,,1.1.133,gam13384,com.aidungeon
7407597a-41a2-49b7-9767-ae2998e1459f,A Google user,https://play-lh.googleusercontent.com/EGemoI2NTXmTsBVtJqk8jxF9rh8ApRWfsIMQSt2uE4OcpQqbFu7f7NbTK05lx80nuSijCz7sc3a277R67g,Great! The only thing I would change is to have it remember earlier actions and do what you say more often,4,0,1.1.178,2023-04-12 17:38:55,Hey Cyberbrain thank you for this incredibly favorable review! Improvements to the game are continuing to be made :) If you have any feedback or suggestions on how we can improve your experience we would love to hear them! You can leave those here: https://feedback.latitude.io/. We appreciate your support!,2022-10-18 19:21:14,1.1.178,gam13441,com.aidungeon
5cbf562e-daca-41c8-8d5b-1c9aba5756b3,A Google user,https://play-lh.googleusercontent.com/EGemoI2NTXmTsBVtJqk8jxF9rh8ApRWfsIMQSt2uE4OcpQqbFu7f7NbTK05lx80nuSijCz7sc3a277R67g,Did rate 5 starts cause it's funny now won't even open.,1,0,1.1.170,2022-09-26 16:02:19,We would love to look into any issues you might be experiencing. Please reach out to us at support@aidungeon.io. Happy to help :),2023-01-06 15:14:36,1.1.170,gam20714,com.aidungeon
9de8511c-04c2-4fae-af69-c10569d15987,A Google user,https://play-lh.googleusercontent.com/EGemoI2NTXmTsBVtJqk8jxF9rh8ApRWfsIMQSt2uE4OcpQqbFu7f7NbTK05lx80nuSijCz7sc3a277R67g,This is the game that I've always wanted and I hope it lasts forever.,5,1,1.1.52,2022-01-24 08:56:10,,,1.1.52,gam16888,com.aidungeon
9e305bac-307b-4ee6-948b-da890749216f,A Google user,https://play-lh.googleusercontent.com/EGemoI2NTXmTsBVtJqk8jxF9rh8ApRWfsIMQSt2uE4OcpQqbFu7f7NbTK05lx80nuSijCz7sc3a277R67g,My text box keeps sinking into me keyboard PLEASE FIX THIS.,1,1,1.2.49,2024-06-28 13:36:21,,,1.2.49,gam15679,com.aidungeon
09837493-f02b-42eb-b15a-8f6f93044a7d,Josh Pirkl (Pirkulese13),https://play-lh.googleusercontent.com/a-/ALV-UjUt6CV1wy3gaVrhL69_cV2XHIfnKtI8B5S8FXXYOAuIgDQyGEs,Only being able to do 10 turns is insane. Let alone it stopped working in one adventure which used up 4 tokens. Wouldn't recommend this at all.,1,0,,2024-04-10 20:11:03,"Thanks for your feedback. We're a small team and providing more tokens is challenging due to the high costs of running sophisticated AI models like GPT-4. We're constantly seeking ways to optimize and offer the best value to our users. Your understanding means a lot to us.""",2024-04-11 04:34:00,,gam29798,com.aisuccess.ai_game_master
a38c74ba-da66-4c67-8dc2-fd6c1c6e85c1,A Google user,https://play-lh.googleusercontent.com/EGemoI2NTXmTsBVtJqk8jxF9rh8ApRWfsIMQSt2uE4OcpQqbFu7f7NbTK05lx80nuSijCz7sc3a277R67g,Changed review to 2 star from 5 star because even after 5 uninstall/install attempts it keeps locking on the black screen checking for updates. Never had any problems until the 4th update after I upgraded my phone.,2,5,1.1.119,2022-01-24 20:14:12,,,1.1.119,gam11741,com.aidungeon
981b9799-4220-4e65-97b5-9960ff2afff7,A Google user,https://play-lh.googleusercontent.com/EGemoI2NTXmTsBVtJqk8jxF9rh8ApRWfsIMQSt2uE4OcpQqbFu7f7NbTK05lx80nuSijCz7sc3a277R67g,I used to play this app so much just to have fun but after a year passed everything is locked behind ads and a new action usage? I prefer the older variants than this new system. I know it's to make money but to limit something constantly through ads is not a way to go. I love this app but I'm not sure if I might pick it up more often now.,3,0,1.1.172,2022-12-02 16:45:58,AI Dungeon is now unchained! Recent changes in AI cost made it possible for us to provide all players with unlimited access to Griffin our base AI model. We hope you will try out the new and improved experience! Learn more at https://aidungeon.io/unchained.,2022-12-13 14:48:38,1.1.172,gam1199,com.aidungeon
9d1195f4-8c5c-4bda-af95-2a5db9628e44,A Google user,https://play-lh.googleusercontent.com/EGemoI2NTXmTsBVtJqk8jxF9rh8ApRWfsIMQSt2uE4OcpQqbFu7f7NbTK05lx80nuSijCz7sc3a277R67g,"Unforunately the ai is. not intelligent. Often repeating what has been written and then throwing in something unconnected and bizzare. For one ""story"" no matter what the ai wanted to make it into a romance- even with specifying the genre. The ai is only useful for playing around with ideas for a story you will write on your lonesome. It is clunky lacks intuitiveness redundant and the contributions it made were unusable at one point saying ""the story ends with a quote from the matrix"".",2,12,1.1.178,2023-03-09 01:46:33,Hey there! Thanks for your feedback we would love to look into any issues you might be experiencing. Please reach out to us at support@aidungeon.io. There are also tools to help when the AI gets off track or repeats itself. Please see our troubleshooting guide here: https://help.aidungeon.io/advanced.,2023-03-09 21:26:07,1.1.178,gam2090,com.aidungeon
b455e438-746d-4db1-b887-1a96f8669c52,A Google user,https://play-lh.googleusercontent.com/EGemoI2NTXmTsBVtJqk8jxF9rh8ApRWfsIMQSt2uE4OcpQqbFu7f7NbTK05lx80nuSijCz7sc3a277R67g,Very good c: Mixtral with 32k context has been an amazing experience,5,6,1.2.49,2024-05-15 17:15:23,,,1.2.49,gam15693,com.aidungeon
12e93cc3-987c-4e5d-8438-f42aa9bad75b,A Google user,https://play-lh.googleusercontent.com/EGemoI2NTXmTsBVtJqk8jxF9rh8ApRWfsIMQSt2uE4OcpQqbFu7f7NbTK05lx80nuSijCz7sc3a277R67g,This app is great but right now I'm having problems with it generationing the same promt and not finishing generating the story lines but other than that it's a great app.,4,0,1.1.172,2022-12-29 01:47:30,Happy to help with this! Please review our guidebook page addressing AI repetition here: https://help.aidungeon.io/faq/how-to-avoidfix-repetition-in-my-story. If you have any additional questions please reach out to us at support@aidungeon.io. Thanks :),2023-01-04 21:54:57,1.1.172,gam9223,com.aidungeon
7e9f7794-4fd1-4576-a669-7e33a835985a,A Google user,https://play-lh.googleusercontent.com/EGemoI2NTXmTsBVtJqk8jxF9rh8ApRWfsIMQSt2uE4OcpQqbFu7f7NbTK05lx80nuSijCz7sc3a277R67g,Love this app spent a long time playing it however it with the latest update it locks orienation to portrait which is a nightmare for playing on my tablet with a keyboard. Will amend my review to 5* when it gets fixed,4,3,1.2.40,2023-11-10 05:06:44,,,1.2.40,gam6556,com.aidungeon
bd776071-76ce-4ed3-820a-6fb07aa8db2d,A Google user,https://play-lh.googleusercontent.com/EGemoI2NTXmTsBVtJqk8jxF9rh8ApRWfsIMQSt2uE4OcpQqbFu7f7NbTK05lx80nuSijCz7sc3a277R67g,A little janky at times but if u buy a subscription and fiddle with the settings a bit it can actually be quite fluent and smooth,4,0,1.1.136,2022-05-22 11:22:23,,,1.1.136,gam9416,com.aidungeon
d170f486-2726-4cdf-b086-2caecffe1ccf,A Google user,https://play-lh.googleusercontent.com/EGemoI2NTXmTsBVtJqk8jxF9rh8ApRWfsIMQSt2uE4OcpQqbFu7f7NbTK05lx80nuSijCz7sc3a277R67g,It was ok with setting up the story and everything but it kept giving me insufficient credit stuff preventing me from even experiencing anything remotely close to a story,3,0,,2024-09-15 15:14:23,Hey there! Thanks for letting us know. We looked into this bug and found that a recent fix defaulted new players to an unintended premium model resulting in an error message. This issue has now been resolved! Please refresh your browser or close and reopen your app before starting a new game.,2024-09-16 20:00:51,,gam6463,com.aidungeon
a40c24bc-7be8-4b63-b79a-32fac4758c62,A Google user,https://play-lh.googleusercontent.com/EGemoI2NTXmTsBVtJqk8jxF9rh8ApRWfsIMQSt2uE4OcpQqbFu7f7NbTK05lx80nuSijCz7sc3a277R67g,Ai always returns an empty input. Broken and worthless.,1,10,1.1.148,2022-07-22 01:03:38,Hi Joshua sounds like you've encountered a nasty bug! Its possible other users have already reported this issue at http://bugs.aidungeon.io/ your help in logging this and other issues is appreciated!,2022-07-22 09:43:04,1.1.148,gam14735,com.aidungeon
5313155c-231b-4598-9fc9-475559b661f2,A Google user,https://play-lh.googleusercontent.com/EGemoI2NTXmTsBVtJqk8jxF9rh8ApRWfsIMQSt2uE4OcpQqbFu7f7NbTK05lx80nuSijCz7sc3a277R67g,The game is ok I really enjoy this game I just have one request. The amount of words the A.I can say. I would like that to just not be premium because my story keeps stopping at random places and Is starting to make the game unenjoyable. But other than that I really love the game it's just well made it's just some of the settings should be accessible to every one. Thank you for making a good game though,3,0,1.1.167,2022-09-10 09:13:48,Thanks for your feedback Cadin. If you have any specific examples of this happening please share them with us at support@aidungeon.io. We want to help resolve any issues you are having :) Appreciate your support!,2023-01-12 19:01:35,1.1.167,gam1243,com.aidungeon
9bacbddb-cfe0-461a-9922-b41d24a21bc1,A Google user,https://play-lh.googleusercontent.com/EGemoI2NTXmTsBVtJqk8jxF9rh8ApRWfsIMQSt2uE4OcpQqbFu7f7NbTK05lx80nuSijCz7sc3a277R67g,When I logged in there's always an error also I have the evidence about ir,1,0,,2022-06-02 11:37:55,,,,gam18921,com.aidungeon
4c2d44ed-7cf1-4821-a680-396bf5539c09,Xi En Ah,https://play-lh.googleusercontent.com/a-/ALV-UjXra7v3T71-BLDBse1SlQrzxVdXxxmAuxDpyyzQ23RPfRK94MDY,Fantastic game. The AI works like magic. The fact that it can remember previous statements blew my mind away. A very fun app overall worth the subscription for the unlimited steps. Especially the music and sound design very awesome :D There's still a lot of pontential in this game and it can most definitely become even better. Looking forward to updates.,5,19,2.4.1,2023-02-10 20:19:35,Xi En thank you for such warm kind and supportive words! We continue to work on the game and there's an ocean of new fantastic ideas and plans ahead!,2023-02-13 16:48:03,2.4.1,gam46,com.feynmanapps.aitales
736d3202-196e-4466-a26d-bfda43de3bc3,A Google user,https://play-lh.googleusercontent.com/EGemoI2NTXmTsBVtJqk8jxF9rh8ApRWfsIMQSt2uE4OcpQqbFu7f7NbTK05lx80nuSijCz7sc3a277R67g,It works awesome but crashed a lot,4,0,1.1.178,2023-04-21 23:55:04,,,1.1.178,gam16623,com.aidungeon
7d830a3d-dabf-48ec-b03f-bbb1bc769f5d,A Google user,https://play-lh.googleusercontent.com/EGemoI2NTXmTsBVtJqk8jxF9rh8ApRWfsIMQSt2uE4OcpQqbFu7f7NbTK05lx80nuSijCz7sc3a277R67g,I find it the absolutely the worst AI Text-Adventure you may ever experienced here the AI is the least comprehensive coherent and genuinely confused at mostly every turn you made even with a proper input with decent grammar you're still have the AI don't know what to do in your directions that you expected for it go to.,1,2,1.1.178,2023-03-19 04:15:27,We are sorry to hear you've had a negative experience Patrick. Our team is actively working on improvements to our game and AI models. If you have any questions please reach out to us at support@aidungeon.io.,2023-03-28 19:47:11,1.1.178,gam3154,com.aidungeon
4ae8780a-93b9-4c8a-8341-9325535ce493,A Google user,https://play-lh.googleusercontent.com/EGemoI2NTXmTsBVtJqk8jxF9rh8ApRWfsIMQSt2uE4OcpQqbFu7f7NbTK05lx80nuSijCz7sc3a277R67g,Fun game. You can do whatever you want. Is platinum worth $29.99 a month? Absolutely not. No amount of updates they put into this game will make it worth $359.88 annually. That's insanity at its finest. I've come back to change my 2 stars to one. They've sold out and cluttered the game with ads.,1,2,1.1.147,2022-07-06 01:29:12,Player feedback is vital to us; we've found ways to reduce our AI cost to offer all players gameplay uninterrupted by ads with unlimited actions! Premium upgrades are available that remain cost-prohibitive to offer for free. We would love to discuss any questions or concerns; please reach out to us at support@aidungeon.io.,2023-01-14 16:02:05,1.1.147,gam2877,com.aidungeon
ed46c58b-de2b-400a-b227-65d6af8090a4,A Google user,https://play-lh.googleusercontent.com/EGemoI2NTXmTsBVtJqk8jxF9rh8ApRWfsIMQSt2uE4OcpQqbFu7f7NbTK05lx80nuSijCz7sc3a277R67g,It won't even let me login and when it starts to It will end and say I don't have permission,1,0,,2022-08-14 07:18:07,Thanks for the review! We are aware of an issue with our login for some users and are actively working to resolve it. We expect login to be fully functional again either today or tomorrow. Sorry for the inconvenience and thanks for your patience as we resolve this issue!,2022-08-16 13:45:33,,gam14844,com.aidungeon
fde5f4ac-741f-4a1a-ac50-819b3169671b,A Google user,https://play-lh.googleusercontent.com/EGemoI2NTXmTsBVtJqk8jxF9rh8ApRWfsIMQSt2uE4OcpQqbFu7f7NbTK05lx80nuSijCz7sc3a277R67g,more fun than you can expect from a pbp game. It has a surprising amount of freedom!,5,0,1.1.178,2023-05-13 13:52:04,,,1.1.178,gam15110,com.aidungeon
57efd68e-34a1-420f-9808-d8d4ddca07f2,A Google user,https://play-lh.googleusercontent.com/EGemoI2NTXmTsBVtJqk8jxF9rh8ApRWfsIMQSt2uE4OcpQqbFu7f7NbTK05lx80nuSijCz7sc3a277R67g,The app is no longer as good as it used to be. I've had it since 2020. It used to be able to type 1-2 paragraphs per response but now it can only do 1 sentence and the response is trashy compared to the plot and very nonsensical & random. It's not as good as it used to be. May God destroy this app.,1,1,,2023-07-16 11:42:39,,,,gam3809,com.aidungeon
1d2a7718-473b-41bb-baf8-0c16ae79d78d,Carlos Leon (Anubis4272),https://play-lh.googleusercontent.com/a-/ALV-UjWUpkkTyp2K2XrmeC4S7UimwhQY_YlH7m48JKVS2I2yidSDmAI,The game should have a system to get tokens at a set amount per minute or hour. If you want to get money out of us don't make a game around a micro transaction. Game has a fantastic theme and mechanics but it's built to nickel and dime you at very little progression.,1,1,1.6.3,2024-05-27 23:18:53,Due to the high costs of using GPT-4 and premium AI implementing a system to earn tokens over time isn't feasible right now. However we are constantly listening to our players and striving to balance these costs with a fair experience. Your input is valuable and we're committed to improving the game for everyone.,2024-05-28 03:57:46,1.6.3,gam29565,com.aisuccess.ai_game_master
62599d19-69ab-47ba-8a02-7485f5b553fa,A Google user,https://play-lh.googleusercontent.com/EGemoI2NTXmTsBVtJqk8jxF9rh8ApRWfsIMQSt2uE4OcpQqbFu7f7NbTK05lx80nuSijCz7sc3a277R67g,Loved this game in the beginning still do. But some issues have come about since re-downloading. Every 5 to 10 minutes I have to restart the app because it won't want to let me type and freezes up. I know it isn't my phone because I have an S20 FE it's still a relatively new phone. Until these issues are fixed my rating and review will stay. Please devs make these fixes! I want to be able to play my worlds without having to restart the app every 5 minutes!!,2,1,1.1.172,2023-02-22 09:47:20,We want to help :) Please reach out to us at support@aidungeon.io. What you're describing is consistent with a recent issue other apps including ours have with Samsung keyboards. Players have seen success in downloading and using Google's keyboard instead resolving the freezing and crashing issues.,2023-03-07 23:50:06,1.1.172,gam935,com.aidungeon
5536fb3f-0c4a-4b9b-8277-98f8ec4e95e2,A Google user,https://play-lh.googleusercontent.com/EGemoI2NTXmTsBVtJqk8jxF9rh8ApRWfsIMQSt2uE4OcpQqbFu7f7NbTK05lx80nuSijCz7sc3a277R67g,Ok this is just getting ridiculous 10 actions really?!,1,1,,2022-07-17 10:40:20,Ads no longer interrupt gameplay; all players have unlimited actions to our base AI model. Learn more at https://aidungeon.io/unchained. Let us know if you have any other questions at support@aidungeon.io.,2023-01-18 10:33:24,,gam21855,com.aidungeon
3210c310-e7b1-436f-88c8-c1dd91e8ae46,James Bookout,https://play-lh.googleusercontent.com/a-/ALV-UjWGhYzCyn6Sq8Jny0qH3DfXIZOiHAm79DNo7OGZo_EU_eKsza0,you only get five tokens and each turn takes a token but it is an amazing game where you can do almost anything,4,1,1.6.2,2024-04-28 13:26:38,,,1.6.2,gam29721,com.aisuccess.ai_game_master
8c064557-58b6-4378-87e4-a555cb9ae8fc,A Google user,https://play-lh.googleusercontent.com/EGemoI2NTXmTsBVtJqk8jxF9rh8ApRWfsIMQSt2uE4OcpQqbFu7f7NbTK05lx80nuSijCz7sc3a277R67g,This is a great game I played when it first dropped and to see how far the game and ai have came its coming along nicely just ease up on all the in app purchases,5,0,1.1.130,2022-04-06 12:05:26,,,1.1.130,gam11594,com.aidungeon
601f1125-f845-4c0e-8dba-10492718734d,A Google user,https://play-lh.googleusercontent.com/EGemoI2NTXmTsBVtJqk8jxF9rh8ApRWfsIMQSt2uE4OcpQqbFu7f7NbTK05lx80nuSijCz7sc3a277R67g,This is amazing. The best ai experience I've had before. Sure it sometimes gets confused if you're doing something or an npc and occasionally it forgets what has already happened in the story but it's a freaking ai that can dm your story like old school Zork!,5,0,1.1.119,2022-03-04 16:13:12,,,1.1.119,gam7453,com.aidungeon
f75be613-5253-4a36-aeb2-0d117fdd56e8,A Google user,https://play-lh.googleusercontent.com/EGemoI2NTXmTsBVtJqk8jxF9rh8ApRWfsIMQSt2uE4OcpQqbFu7f7NbTK05lx80nuSijCz7sc3a277R67g,you have to pay for faster load times only issue,4,0,1.1.178,2023-08-14 04:30:25,,,1.1.178,gam15478,com.aidungeon
72c0b3a5-68b6-4104-87de-10f54f3cd793,A Google user,https://play-lh.googleusercontent.com/EGemoI2NTXmTsBVtJqk8jxF9rh8ApRWfsIMQSt2uE4OcpQqbFu7f7NbTK05lx80nuSijCz7sc3a277R67g,Please return back the Quest System Event where we can get extra red gems; or maybe make the Griffin (Old) free (unli) again.,1,3,1.1.119,2022-01-21 14:15:06,,,1.1.119,gam13402,com.aidungeon
a42c49d4-b576-4f97-8544-d9a9df617f8f,A Google user,https://play-lh.googleusercontent.com/EGemoI2NTXmTsBVtJqk8jxF9rh8ApRWfsIMQSt2uE4OcpQqbFu7f7NbTK05lx80nuSijCz7sc3a277R67g,So I like the game and hate the game so first the ai get worst over time like it start really go then it just throw it out of the window it forget some thing change he to she and for get names sometime and the energy system is my worst enemy it run out so quickly.,2,0,,2022-01-03 20:17:33,,,,gam7615,com.aidungeon
7357fa95-0947-43d8-a8fd-9916547922ad,A Google user,https://play-lh.googleusercontent.com/EGemoI2NTXmTsBVtJqk8jxF9rh8ApRWfsIMQSt2uE4OcpQqbFu7f7NbTK05lx80nuSijCz7sc3a277R67g,This is just mindblowing for it's time. But now now there is a free competitor that is killing it.,2,0,1.1.52,2023-03-19 21:20:21,Thanks for your review! We are actively working on improvements :),2023-03-28 19:39:04,1.1.52,gam19353,com.aidungeon
27588fa6-a358-4a2a-b3cf-f9d03ce70a66,A Google user,https://play-lh.googleusercontent.com/EGemoI2NTXmTsBVtJqk8jxF9rh8ApRWfsIMQSt2uE4OcpQqbFu7f7NbTK05lx80nuSijCz7sc3a277R67g,I still would give the game more than 5 stars but sadly it stopped working on Russia. Just fyi if someone else here wants to download it,5,0,1.1.147,2022-06-29 06:52:06,Thank you for the epic review We're happy you're enjoying your time in AI Dungeon! We can't wait until the political climate settles down and our players in Russia can rejoin us. Thanks!,2022-07-22 13:37:17,1.1.147,gam12132,com.aidungeon
01d6fcf8-1ab4-4d59-acd7-fe898ef6ac4c,A Google user,https://play-lh.googleusercontent.com/EGemoI2NTXmTsBVtJqk8jxF9rh8ApRWfsIMQSt2uE4OcpQqbFu7f7NbTK05lx80nuSijCz7sc3a277R67g,The app stopped loading past the first loading screen but I did love the app,3,0,1.2.69,2024-09-12 15:55:52,,,1.2.69,gam2830,com.aidungeon
f7cbf1fa-d0e6-4c8a-bc70-52d73d23bfc0,A Google user,https://play-lh.googleusercontent.com/EGemoI2NTXmTsBVtJqk8jxF9rh8ApRWfsIMQSt2uE4OcpQqbFu7f7NbTK05lx80nuSijCz7sc3a277R67g,Bring back the old one stop putting energy when you have such an expensive premium,1,0,1.1.139,2022-06-04 06:41:22,Player feedback is vital to us; we've found ways to reduce our AI cost to offer all players gameplay uninterrupted by ads with unlimited actions! Premium upgrades are available that remain cost-prohibitive to offer for free. We would love to discuss any questions or concerns; please reach out to us at support@aidungeon.io.,2023-01-18 17:10:24,1.1.139,gam15841,com.aidungeon
89cea89a-9d42-402e-994a-7806d7f4369c,A Google user,https://play-lh.googleusercontent.com/EGemoI2NTXmTsBVtJqk8jxF9rh8ApRWfsIMQSt2uE4OcpQqbFu7f7NbTK05lx80nuSijCz7sc3a277R67g,"Pretty fun overall. It has a lot of issues with continuity and writing. I once used the term ""the crime of existence"" as a metaphor and the AI took it literally. Sometimes the AI tries to ship two characters who are explicitly related. I also had a problem with banned words. I was playing a story where I was supposed to help some farmers with the harvest and my oc tried to ask for clarity on the subject the farmers only said ""We need help with the harvest!"" even though I banned ""harvest""",3,1,,2024-02-18 22:16:55,Hey Esther! Thanks for your review. We want to look into any issues or hear any feedback you have. Please reach out to us at support@aidungeon.com or if you've found a bug please report it in our Discord server at https://aidungeon.com/discord.,2024-02-19 18:11:30,,gam4391,com.aidungeon
fd96a7df-bf7d-4152-b5e9-2004077ac8fd,A Google user,https://play-lh.googleusercontent.com/EGemoI2NTXmTsBVtJqk8jxF9rh8ApRWfsIMQSt2uE4OcpQqbFu7f7NbTK05lx80nuSijCz7sc3a277R67g,It's a nice game i love it if I'm gonna be honest i wouldn't give it a five cause it's kinda slow sometimes but other than that it's a cool games the AI sometimes messes up the story sometimes tho but other than that it's nice,4,0,,2022-04-22 09:39:16,,,,gam7642,com.aidungeon
ddaaf422-ac35-4435-98f8-c29b9dbf6d7b,A Google user,https://play-lh.googleusercontent.com/EGemoI2NTXmTsBVtJqk8jxF9rh8ApRWfsIMQSt2uE4OcpQqbFu7f7NbTK05lx80nuSijCz7sc3a277R67g,Honestly amazing you can choose what ever story,5,0,1.1.134,2022-05-04 12:00:53,,,1.1.134,gam18251,com.aidungeon
afbda174-37bd-4ad4-ac66-36c4eb4100e4,Shirley Mwanesalua,https://play-lh.googleusercontent.com/a-/ALV-UjVJ5n4x5UiuGIqNvhTp1P8TvoK6FJjil9p2itvFwZmgfB3dwTWc,It's great but in the middle of the game the ai keeps going to conclusion so I asked him let's do a roast so I roasted him and surprisingly he roasted me after I was done but in a completing story way and we did this until the story stopped bro ai is mean I mean I started it,5,0,2.5.1,2023-08-18 05:08:07,Nice Shirley!,2023-08-22 09:22:45,2.5.1,gam222,com.feynmanapps.aitales
737dd36a-46f8-48fa-b19e-86d53dcde2cf,Thomas Lerro,https://play-lh.googleusercontent.com/a/ACg8ocKIysvFnTABaokz9Z5evGw-1LXr82iXyJm9wu1t6L1iVqDnoQ=mo,this is an amazing concept I love it a lot,5,0,1.7.5,2024-06-23 19:49:58,Thanks we love you too!,2024-06-24 10:53:29,1.7.5,gam29865,com.aisuccess.ai_game_master
d0b87165-bcf7-48a0-91cf-ff1bcdfc1346,A Google user,https://play-lh.googleusercontent.com/EGemoI2NTXmTsBVtJqk8jxF9rh8ApRWfsIMQSt2uE4OcpQqbFu7f7NbTK05lx80nuSijCz7sc3a277R67g,They updated it so theres no more ads so thats good at least and the griffin AI is free now you still have to edit the responses a bit but they're better i really hope they keep updating AI dungeon and dont give up on it theres definitely been alot of ups and downs but yknow theres potential,3,0,1.1.172,2022-12-14 23:49:29,We appreciate the updated review Caroline and would love to know what we can do to help you have a 5-star experience. Please let us know at support@aidungeon.io or submit feedback and suggestions here: https://feedback.latitude.io/. We aren't giving up on our game many exciting updates to come :),2022-12-16 14:15:30,1.1.172,gam6029,com.aidungeon
b4ee581a-8701-45ee-824b-b06f50cd6719,A Google user,https://play-lh.googleusercontent.com/EGemoI2NTXmTsBVtJqk8jxF9rh8ApRWfsIMQSt2uE4OcpQqbFu7f7NbTK05lx80nuSijCz7sc3a277R67g,Honestly it's just okay. You can't expect the AI to do everything so you need to consistently guide it to a create a proper narrative. Which isn't a bad thing because it keeps you engaged. The UI is average for today's standards which are low. Not really much else to say. There are a multitude of things that were very user-friendly that no longer exist within the app and it has trouble with things it never had any problems with before but I don't care anymore.,2,147,1.2.47,2024-02-13 22:24:15,Hey James! This was likely the result of Corweave (one of our providers) having a major outage over the weekend. This has been resolved; please try again. If you still need hep please reach out to us at support@aidungeon.com. Thanks!,2024-02-13 21:10:21,1.2.47,gam1578,com.aidungeon
afc23b78-ed4e-4dce-8533-b890cb50b2cb,A Google user,https://play-lh.googleusercontent.com/EGemoI2NTXmTsBVtJqk8jxF9rh8ApRWfsIMQSt2uE4OcpQqbFu7f7NbTK05lx80nuSijCz7sc3a277R67g,This app is amazing. It's ai has improved so much recently and there's endless possibilities. I personally use it for story prompts as I plan to be a part time author in the future and it works very well. Please ignore the bad reviews-those people usually don't use the app as it's intended and have a short attention span to the point where they can't appreciate it for what it truly is.,5,0,1.1.172,2022-12-03 16:49:22,We appreciate the positive and very favorable review Larson! Glad you are enjoying AI dungeon and have found it useful for generating story prompts :) Significant updates are underway that will improve the way players experience AI Dungeon. Read more about them at https://latitude.io/blog/next-steps-on-ai-dungeon.,2022-12-06 17:08:36,1.1.172,gam1650,com.aidungeon
72ac419c-e99a-4cba-8506-89f8c4364c27,A Google user,https://play-lh.googleusercontent.com/EGemoI2NTXmTsBVtJqk8jxF9rh8ApRWfsIMQSt2uE4OcpQqbFu7f7NbTK05lx80nuSijCz7sc3a277R67g,It WAS incredible like a year ago. Now it's awful.,1,0,1.1.45,2022-09-30 15:59:08,We would love to look into any issues you might be experiencing. Please reach out to us at support@aidungeon.io. Great news! We released a new update called Unchained. Ads no longer inhibit gameplay; all players have unlimited access to our base AI model (Griffin). Learn more at https://aidungeon.io/unchained :),2023-01-05 22:20:55,1.1.45,gam17700,com.aidungeon
472b002f-8243-459f-a0c0-6c3cfa129f24,A Google user,https://play-lh.googleusercontent.com/EGemoI2NTXmTsBVtJqk8jxF9rh8ApRWfsIMQSt2uE4OcpQqbFu7f7NbTK05lx80nuSijCz7sc3a277R67g,The AI getting worse claim is something I disagree with. A lot of people are review bombing to this day due to policy updates that were necessary because they use Open AI for the dragon model (stronger but requires ~10$ subscription) and has some things that are censored. When Dragon comes in contact with censored material you get an option to switch to their own Dragon-21 model which is less powerful but not influenced by Open AI's content filters. I'm a returning subsriber from a year ago.,5,0,1.1.108,2022-01-02 18:41:00,,,1.1.108,gam5368,com.aidungeon
675df7db-372b-4845-a30b-68d3c5586d76,A Google user,https://play-lh.googleusercontent.com/EGemoI2NTXmTsBVtJqk8jxF9rh8ApRWfsIMQSt2uE4OcpQqbFu7f7NbTK05lx80nuSijCz7sc3a277R67g,the ai can be a bit slow as it takes a while for the next major event but it gets the job done the only other bad thing is the limit but it's really good besides that,4,0,1.2.66,2024-07-09 15:57:31,,,1.2.66,gam2723,com.aidungeon
a6450271-1da6-49d1-84f4-93ba1c42bd7d,A Google user,https://play-lh.googleusercontent.com/EGemoI2NTXmTsBVtJqk8jxF9rh8ApRWfsIMQSt2uE4OcpQqbFu7f7NbTK05lx80nuSijCz7sc3a277R67g,the Best experience I have had so far with Ai.the best. wish I could get more points,5,0,1.2.49,2024-06-12 23:01:39,,,1.2.49,gam14292,com.aidungeon
a9106ce9-2c98-4622-974a-c3704c916774,A Google user,https://play-lh.googleusercontent.com/EGemoI2NTXmTsBVtJqk8jxF9rh8ApRWfsIMQSt2uE4OcpQqbFu7f7NbTK05lx80nuSijCz7sc3a277R67g,Got the premium free trial but no actual premium features. Base AI is pretty difficult to manage.,3,2,1.1.178,2023-06-01 10:05:50,Hey there! Happy to look into this for you. Please reach out to us at support@aidungeon.io.,2023-06-01 17:21:32,1.1.178,gam10507,com.aidungeon
ce43fb4e-4c86-4283-9dcf-3e5837d4b9a8,A Google user,https://play-lh.googleusercontent.com/EGemoI2NTXmTsBVtJqk8jxF9rh8ApRWfsIMQSt2uE4OcpQqbFu7f7NbTK05lx80nuSijCz7sc3a277R67g,Really? Ads? That's where you were going???,1,3,1.1.147,2022-07-02 02:18:56,Great news! We released a new update called Unchained. Ads no longer inhibit gameplay; all players have unlimited access to our base AI model (Griffin). Learn more at https://aidungeon.io/unchained. If you have any feedback or suggestions on how we can improve please let us know at https://feedback.latitude.io/. Thanks :),2023-01-14 16:23:48,1.1.147,gam21760,com.aidungeon
af3acff1-ac2a-4248-8e1b-22f7276ea881,A Google user,https://play-lh.googleusercontent.com/EGemoI2NTXmTsBVtJqk8jxF9rh8ApRWfsIMQSt2uE4OcpQqbFu7f7NbTK05lx80nuSijCz7sc3a277R67g,I would prefer a mode where i would have a chance to be the story teller?,3,0,1.2.49,2024-06-25 22:00:15,,,1.2.49,gam15147,com.aidungeon
b81c23c2-8299-4d22-8105-380a099a6885,A Google user,https://play-lh.googleusercontent.com/EGemoI2NTXmTsBVtJqk8jxF9rh8ApRWfsIMQSt2uE4OcpQqbFu7f7NbTK05lx80nuSijCz7sc3a277R67g,This used to be absolutely amazing but with all the paid things in the game plus the menus being hade to navigate it's just not as good. Sure the AI has improved but you have to pay for the real deal and used to the menu was 3 buttons just 3 and it's all it needed now idk what's going on I also have to sign in every other week but the latest update mentioned fixing log in issues so hopefully that's fixed,3,102,1.1.136,2022-05-20 19:11:28,,,1.1.136,gam597,com.aidungeon
9d5d3f4f-632b-49a4-af9d-302531a4fdc4,A Google user,https://play-lh.googleusercontent.com/EGemoI2NTXmTsBVtJqk8jxF9rh8ApRWfsIMQSt2uE4OcpQqbFu7f7NbTK05lx80nuSijCz7sc3a277R67g,The game in its free form is kinda bad but playable,2,4,1.1.172,2023-01-20 08:34:46,AI Dungeon is now unchained! Recent changes in AI cost made it possible for us to provide all players with unlimited access to Griffin our base AI model. We hope you will try out the new and improved experience! Learn more at https://aidungeon.io/unchained.,2023-01-18 16:26:50,1.1.172,gam16499,com.aidungeon
abca84e5-f5a6-4cef-a1b2-719710b271e7,A Google user,https://play-lh.googleusercontent.com/EGemoI2NTXmTsBVtJqk8jxF9rh8ApRWfsIMQSt2uE4OcpQqbFu7f7NbTK05lx80nuSijCz7sc3a277R67g,There is no app in the Korean Play Store why? I use the Galaxy A51,1,0,,2022-08-31 05:53:09,This is a known issue we are working towards a resolution with Korea. For more details you can follow this thread: https://feedback.latitude.io/b/feature-requests/no-apps-in-the-play-store-no-regular-payments-1,2022-08-31 10:55:40,,gam18471,com.aidungeon
76c849fa-a5c9-423e-b4df-1ba75bfa4cf0,A Google user,https://play-lh.googleusercontent.com/EGemoI2NTXmTsBVtJqk8jxF9rh8ApRWfsIMQSt2uE4OcpQqbFu7f7NbTK05lx80nuSijCz7sc3a277R67g,I haven't found any bugs and the system works very well,5,0,1.1.139,2022-06-05 23:10:09,Hey Jedi Master thanks for 5-star review We're so happy to hear you're enjoying AI Dungeon!,2022-06-06 17:55:37,1.1.139,gam14644,com.aidungeon
eff54912-8981-40f1-8540-cb5ce79c05c4,A Google user,https://play-lh.googleusercontent.com/EGemoI2NTXmTsBVtJqk8jxF9rh8ApRWfsIMQSt2uE4OcpQqbFu7f7NbTK05lx80nuSijCz7sc3a277R67g,With this new update the Griffin model is now free to use without the annoying requirement of energy or ads! Plus the steam version is now free which is also another plus. With their statement being that they reduced the cost to allow for uninterrupted experience for free players that the direction of AID can return to its roots and become a free golden standard for A.I text generation. It's definitely a step in a positive direction and I'm hopeful and skeptical about how this'll turn out.,3,73,1.1.172,2023-01-05 11:30:29,Thanks for giving the update a try Michael; happy to hear you are encouraged with the direction things are going. If you have any feedback or suggestions on how we can improve please let us know at https://feedback.latitude.io/. More updates are planned throughout this year.,2023-01-10 16:26:15,1.1.172,gam1605,com.aidungeon
c391c558-11d8-4943-80f8-b7c8a83205b1,Kobayashi,https://play-lh.googleusercontent.com/a-/ALV-UjU3sBwRYgyBJDMvFA8R9Otwdc_RbMzHHr-svWG-w12gSCE07w,Token thingies are annoying AI storyteller is kind of forgetful but still fun to play.,3,0,1.7.7,2024-06-28 01:37:58,We get that the token system can be annoying. As a small team we need it to balance the costs of running the AI. The AI storyteller is designed to be flexible but it can sometimes miss details. We're constantly working on improvements to make it more reliable. Glad you're still having fun!,2024-06-28 11:00:13,1.7.7,gam29728,com.aisuccess.ai_game_master
c74892ef-67c0-4712-a773-330acccc9868,Ev Bot,https://play-lh.googleusercontent.com/a/ACg8ocLN8s_n7FF21QLwRcBxEcRDBPxv5-QJSYQMdmlixNMDx-3Aqg=mo,game is pretty good the token system is annoying tho,4,0,1.7.0,2024-05-30 12:40:55,,,1.7.0,gam29815,com.aisuccess.ai_game_master
f07bc88e-5d73-4d50-a783-c3c10346d85c,A Google user,https://play-lh.googleusercontent.com/EGemoI2NTXmTsBVtJqk8jxF9rh8ApRWfsIMQSt2uE4OcpQqbFu7f7NbTK05lx80nuSijCz7sc3a277R67g,I was shot in the head in the zombie situation and it didn't fair well.,3,0,1.1.36,2023-01-17 19:37:46,If there is anything we can do to help you have a 5-star experience please let us know at support@aidungeon.io. Thanks!,2023-01-18 08:57:10,1.1.36,gam15100,com.aidungeon
2d3f8275-f867-4196-b2f3-354314523568,A Google user,https://play-lh.googleusercontent.com/EGemoI2NTXmTsBVtJqk8jxF9rh8ApRWfsIMQSt2uE4OcpQqbFu7f7NbTK05lx80nuSijCz7sc3a277R67g,It's amazing but it kicks me out every 30 minutes. Also deletes my previous chats and I have to do it again.,4,0,1.1.178,2023-06-08 03:30:24,,,1.1.178,gam12004,com.aidungeon
48924bce-bb61-40d7-92e5-d6ae6b69a957,A Google user,https://play-lh.googleusercontent.com/EGemoI2NTXmTsBVtJqk8jxF9rh8ApRWfsIMQSt2uE4OcpQqbFu7f7NbTK05lx80nuSijCz7sc3a277R67g,Had a bug that services won't load anymore uninstalled to reinstall discovered that my device wasn't supported anymore. Good job.,1,0,,2024-08-22 22:16:26,,,,gam6793,com.aidungeon
6d4dbbee-e93d-4d63-8b5b-7b66a2f0f0c0,A Google user,https://play-lh.googleusercontent.com/EGemoI2NTXmTsBVtJqk8jxF9rh8ApRWfsIMQSt2uE4OcpQqbFu7f7NbTK05lx80nuSijCz7sc3a277R67g,This was one of the few playstore games that I actually enjoyed playing. The layout of the app is great but the fact that they went from normal people that made an amazing AI to a money hungry corp that wont let you use its newest ai just because I dont pay you. I used to praise this game for how amazing it is and how great the AI was. smh smh. Gotta hide all the good stuff behind a paywall.,1,138,1.1.139,2022-10-30 21:05:21,Free play is now an unlimited experience. Ads no longer interrupt gameplay; all players have unlimited actions when using Griffin (our base AI model). Improvements have been made to the AI with more on the way. Learn more at https://aidungeon.io/unchained.,2022-12-16 15:47:04,1.1.139,gam4902,com.aidungeon
a396c74b-9f74-41ca-aa56-15da2ef0cce1,A Google user,https://play-lh.googleusercontent.com/EGemoI2NTXmTsBVtJqk8jxF9rh8ApRWfsIMQSt2uE4OcpQqbFu7f7NbTK05lx80nuSijCz7sc3a277R67g,used to be 5 star then 4 now 2 stop paywalling everything. offer better features for premium instead of limiting us. will be changing to NovelAI from now on.,2,0,1.1.148,2022-07-22 13:30:34,,,1.1.148,gam10750,com.aidungeon
323c3667-11ae-4d88-9cb6-ff36285f5498,A Google user,https://play-lh.googleusercontent.com/EGemoI2NTXmTsBVtJqk8jxF9rh8ApRWfsIMQSt2uE4OcpQqbFu7f7NbTK05lx80nuSijCz7sc3a277R67g,Ui is sluggish and unresponsive at times. Filters do not work properly. Couldn't even start one playhthrough.,1,0,1.2.72,2024-09-16 15:21:50,Hey there! Thanks for letting us know. The start issue was the result of a recent fix that defaulted new players to an unintended premium model resulting in an error message. This issue has now been resolved! Please refresh your browser or close and reopen your app before starting a new game. Contact support@aidungeon.com if you still need help.,2024-09-16 19:45:33,1.2.72,gam1895,com.aidungeon
fb711e85-3c74-4ace-b320-fc4e256857d2,A Google user,https://play-lh.googleusercontent.com/EGemoI2NTXmTsBVtJqk8jxF9rh8ApRWfsIMQSt2uE4OcpQqbFu7f7NbTK05lx80nuSijCz7sc3a277R67g,I've been here from the beginning and never gave up on it (through both its ups and downs) at the moment I find web player on computer to work best rather than the app. Now this has a lot of room for improvement but I still think everyone is being a little harsh. I mean one ad gives ten choices/redos. Three for thirty better than the popup ads that you get for most any mobile/web player! I have faith in you AI dungeon and think of the complaints as constructive critisisim!,5,0,,2022-07-20 02:59:22,Thanks for your support and enthusiasm for our game :) Great news! We released a new update called Unchained. Ads no longer inhibit gameplay; all players have unlimited access to our base AI model (Griffin). Learn more at https://aidungeon.io/unchained.,2023-01-13 17:39:33,,gam1278,com.aidungeon
d2949e26-f65f-4953-9f63-f019205f31f2,A Google user,https://play-lh.googleusercontent.com/EGemoI2NTXmTsBVtJqk8jxF9rh8ApRWfsIMQSt2uE4OcpQqbFu7f7NbTK05lx80nuSijCz7sc3a277R67g,I don't know how to verify my gmail the email u send leads me to a link and all that says is {},3,0,1.1.108,2022-01-17 04:43:55,,,1.1.108,gam17978,com.aidungeon
4e9440d8-2af0-489d-9d5c-0c256cf34ab6,brvhitzshi,https://play-lh.googleusercontent.com/a-/ALV-UjXgjaXMfhHPZ1pkrzfefUbjhG-vsysQjyOy5UlhbIKcIohqdzU,It's good and can be relaxing however they need to add filters. I tried everything there's no filters at all that prevented me from really making a story about any idea no matter how disturbing. Until that is fixed i can only give around 3 stars. (I am not talking about just basic NSFW stuff i don't have a problem with that but the extends to which you can go with it).,4,4,2.5.8,2023-09-22 00:36:50,"Hi brvhitzshi! Thanks for the review! I'll be honest we are working on the filter and trying to make it better without destroying the atmosphere of the game. It's quite a tricky thing. If you get a time please send us more details in which topics the AI ""crossed the line"" to hey@aitales.app . It would help us a lot to improve the experience!",2023-09-22 04:41:04,2.5.8,gam55,com.feynmanapps.aitales
442fc70e-bbe0-4f42-ad79-ae2da8d4fffc,A Google user,https://play-lh.googleusercontent.com/EGemoI2NTXmTsBVtJqk8jxF9rh8ApRWfsIMQSt2uE4OcpQqbFu7f7NbTK05lx80nuSijCz7sc3a277R67g,I kinda miss the old version. Where things wasn't so messy,3,3,,2022-04-16 11:24:08,,,,gam17213,com.aidungeon
8bc411fb-fe88-4b23-ba58-72cd42940ede,A Google user,https://play-lh.googleusercontent.com/EGemoI2NTXmTsBVtJqk8jxF9rh8ApRWfsIMQSt2uE4OcpQqbFu7f7NbTK05lx80nuSijCz7sc3a277R67g,Just let us remove ads with a one time purchase. You will never convince me that you need a yearly subscription to support this. Not to mention the AI will get stuck in a loop after the simplest input. This app used to be fun but at this point I'm just deleting my account and moving on.,1,1,1.1.147,2022-07-04 07:43:47,Great news! We released a new update called Unchained. Ads no longer inhibit gameplay; all players have unlimited access to our base AI model (Griffin). Learn more at https://aidungeon.io/unchained :),2023-01-14 16:12:22,1.1.147,gam3007,com.aidungeon
7de2012a-b3fc-4e1a-b1b1-3b1b8c6011ac,A Google user,https://play-lh.googleusercontent.com/EGemoI2NTXmTsBVtJqk8jxF9rh8ApRWfsIMQSt2uE4OcpQqbFu7f7NbTK05lx80nuSijCz7sc3a277R67g,I love this app so much! Although I recommend making an account before you start because I lost an entire story after I had created the account. I almost gave up the app but then I decided to just turn the page and make a new one. 10/10 reccomended.,5,0,1.2.69,2024-08-26 23:17:53,,,1.2.69,gam1884,com.aidungeon
d33504dc-59c7-499a-b8d1-a84b346a6b85,A Google user,https://play-lh.googleusercontent.com/EGemoI2NTXmTsBVtJqk8jxF9rh8ApRWfsIMQSt2uE4OcpQqbFu7f7NbTK05lx80nuSijCz7sc3a277R67g,I'm honestly blown away on how good this is,5,0,1.1.134,2022-05-16 22:36:37,,,1.1.134,gam21894,com.aidungeon
8765de78-33f2-4a17-aeb0-5ace2f775f6e,A Google user,https://play-lh.googleusercontent.com/EGemoI2NTXmTsBVtJqk8jxF9rh8ApRWfsIMQSt2uE4OcpQqbFu7f7NbTK05lx80nuSijCz7sc3a277R67g,App was fine but suddenly stopped working on my Samsung Tab S6 Lite. Every attempt to open the app is met with an unexplained crash.,1,0,1.1.172,2023-01-30 13:15:28,This shouldn't be happening; we would love to help :) Please reach out to us at support@aidungeon.io and include the device info that you've listed here as well as the OS your tablet is running. Thanks!,2023-01-31 19:28:03,1.1.172,gam9138,com.aidungeon
a4b99064-28b9-4253-8bd5-a28cec7ec238,A Google user,https://play-lh.googleusercontent.com/EGemoI2NTXmTsBVtJqk8jxF9rh8ApRWfsIMQSt2uE4OcpQqbFu7f7NbTK05lx80nuSijCz7sc3a277R67g,I've been here for a while now and I really love this game and that I can make my own scenarios and/or play something already created. Bots sometimes get lost in story but thanks to like refresh/try again button I can try and keep them on track :),4,0,1.1.147,2022-06-29 14:06:34,,,1.1.147,gam5374,com.aidungeon
04ed3c41-ffb2-4136-81af-9662ce43d886,A Google user,https://play-lh.googleusercontent.com/EGemoI2NTXmTsBVtJqk8jxF9rh8ApRWfsIMQSt2uE4OcpQqbFu7f7NbTK05lx80nuSijCz7sc3a277R67g,This game is amazing if you enjoy creating stories.,5,0,1.1.170,2022-09-15 14:50:57,We appreciate your very favorable review! More exciting updates are on the way you can see our future plans here: https://latitude.io/blog/next-steps-on-ai-dungeon/.,2023-01-06 21:29:35,1.1.170,gam16945,com.aidungeon
4dbaca84-458d-412f-8d65-5a3bf4f8b08e,A Google user,https://play-lh.googleusercontent.com/EGemoI2NTXmTsBVtJqk8jxF9rh8ApRWfsIMQSt2uE4OcpQqbFu7f7NbTK05lx80nuSijCz7sc3a277R67g,AI dungeon is a joke now. It used to be good but now I can't even go 2 sentences without it forcing first person when i clearly told the AI it's a third person story. It also likes to repeat stuff it wrote in the past for absolutely no reason at all. Its gotten so bad that its not even worth trying anymore.,1,3,1.2.66,2024-08-23 20:11:40,,,1.2.66,gam1923,com.aidungeon
fd71d61e-e796-4c0b-9ee2-74a4a5ca7c92,A Google user,https://play-lh.googleusercontent.com/EGemoI2NTXmTsBVtJqk8jxF9rh8ApRWfsIMQSt2uE4OcpQqbFu7f7NbTK05lx80nuSijCz7sc3a277R67g,I've honestly been trying to use this app as a healing tool and even as a escape since irl I am just another no face that's been hurt alot but now I can't even use this to do anything anymore because I can't get back into my old account I understand your trying to sift through all the bad stuff but now it's not even able to be used at all so I hope one day you guys can fix it but until then I'm uninstalling it . I've see you rise and fall so it's honestly just sad now .,1,15,1.1.52,2022-01-20 11:40:44,,,1.1.52,gam6028,com.aidungeon
9a432eb3-f579-452d-a292-8412c8ea6b85,A Google user,https://play-lh.googleusercontent.com/EGemoI2NTXmTsBVtJqk8jxF9rh8ApRWfsIMQSt2uE4OcpQqbFu7f7NbTK05lx80nuSijCz7sc3a277R67g,Use to play Now when downloaded i can't open the app,2,0,1.1.145,2022-08-14 06:46:14,Hi Mark! It sounds like youve run into a nasty bug! We would love to help you resolve this issue but we arent able to troubleshoot without more info. Reach out to support@aidungeon.io or post your bug details at feedback.latitude.io so we can help! Your help in resolving this bug is greatly appreciated!,2022-08-16 13:45:46,1.1.145,gam19876,com.aidungeon
19e0202a-5862-42d2-b58e-c775ce504b4c,Amianoob Bg,https://play-lh.googleusercontent.com/a/ACg8ocIl0SScU_4xKSi3hL2VNPH1-MBv4MbYHzJ9SLpP1kwAsbVuWw=mo,Very good game! I must say!hoping for more updates!! Playing it for a while,5,0,2.0.7,2022-06-02 03:52:11,Thanks! We are actively working on the game there are a lot of ideas and plans. Stay tuned!,2022-06-02 04:13:28,2.0.7,gam337,com.feynmanapps.aitales
883baebf-9674-4321-b681-432c33de423b,A Google user,https://play-lh.googleusercontent.com/EGemoI2NTXmTsBVtJqk8jxF9rh8ApRWfsIMQSt2uE4OcpQqbFu7f7NbTK05lx80nuSijCz7sc3a277R67g,"Fantastic almost!! It's almost entirely perfect. It's definitely a lot of fun. But it won't let me be the villain in the story. I chose the cyberpunk template and made a story from the perspective of a corporate executive responsible for money laundering. But the AI keeps saying ""you begin to feel unease and wonder if what you're doing is wrong."" I keep hitting retry but it doesn't realize the story is from the villain's prespective and keeps pushing a moral narrative. Can't play how i want",2,36,1.2.47,2023-12-22 07:06:16,,,1.2.47,gam2035,com.aidungeon
2774a43a-d7be-4c33-b4a2-cbb51cc7598c,A Google user,https://play-lh.googleusercontent.com/EGemoI2NTXmTsBVtJqk8jxF9rh8ApRWfsIMQSt2uE4OcpQqbFu7f7NbTK05lx80nuSijCz7sc3a277R67g,Thank you for fixing the problem it works wonderfully Reply : 29 / 10 / 22,4,1,1.1.172,2022-10-29 03:51:12,You are very welcome CC Afton! We appreciate your updated review :) Significant updates are underway that will improve the way players experience AI Dungeon. Read more about them at https://latitude.io/blog/next-steps-on-ai-dungeon.,2022-11-01 22:27:59,1.1.172,gam14210,com.aidungeon
134204ab-6e0f-4fab-bc58-17d7be0c99cf,A Google user,https://play-lh.googleusercontent.com/EGemoI2NTXmTsBVtJqk8jxF9rh8ApRWfsIMQSt2uE4OcpQqbFu7f7NbTK05lx80nuSijCz7sc3a277R67g,They had me start a first adventure which I liked but it didn't save and I can't get back to it. Really disappointed,1,2,1.2.49,2024-04-08 20:10:26,We want to look into any issues or hear any feedback you have. Please reach out to us at support@aidungeon.com or if you've found a bug please report it in our Discord server at https://aidungeon.com/discord.,2024-04-12 17:09:01,1.2.49,gam11783,com.aidungeon
dc796f42-138d-43f3-a5ee-87276b239455,A Google user,https://play-lh.googleusercontent.com/EGemoI2NTXmTsBVtJqk8jxF9rh8ApRWfsIMQSt2uE4OcpQqbFu7f7NbTK05lx80nuSijCz7sc3a277R67g,I only play for other worlds because if you click the back button on your phone once everything is not saved and immediately deleted and I've spent so much time making worlds only for me to press the back button when I wanted to check something. It would be nice if there was some kind is auto save. Also with the energy system it's basically forcing you to buy a subscription but at the same time the devs need to earn something so it would be nice if you didn't run out of actions so quickly.,3,44,1.1.172,2023-01-26 01:17:00,,,1.1.172,gam849,com.aidungeon
97605d53-352f-4602-ab85-8901418c765b,Trickster Teedo,https://play-lh.googleusercontent.com/a/ACg8ocLN8V7zOLJDETx5H2qDNSBnoTuBWdP-vvuHoaj_tmLOEhENkw=mo,It's a good app but I would like to use adult language too. The ai doesn't respond to adult language. I've subscribed to pro but I still can't use nsfw language.,3,0,2.1.2,2022-08-10 08:03:56,Hey Trickster Teedo thanks for the review! We know what you mean Google play policy is such that we as developers need to be very careful not to let AI violate it. We are working in this direction to allow some strong language expressions while not allowing AI to violate the policy. Robots are such robots.,2022-08-10 11:26:57,2.1.2,gam244,com.feynmanapps.aitales
0e9db984-6e46-42f7-8839-e4fc046966bc,A Google user,https://play-lh.googleusercontent.com/EGemoI2NTXmTsBVtJqk8jxF9rh8ApRWfsIMQSt2uE4OcpQqbFu7f7NbTK05lx80nuSijCz7sc3a277R67g,Hello my apologies if my previous review seemed harsh. I keep forgetting I have different emails and I was meaning to alter the review earlier. I have noticed drastic improvements in the AI. I feel the stories generated are very entertaining. The AI however does get forgetful after a certain amount of actions but considering how far AI Dungeon has come I want to continue to be a supporter to your app. One day I'll get the premium when money isn't so tight. Keep up the good work!,4,2,,2023-08-19 10:50:18,We appreciate your updated review Zeo! We are actively working on improvements and appreciate your feedback and support :) We will continue to work on delivering the best possible experience we can for all players.,2023-08-21 21:50:43,,gam1337,com.aidungeon
49aded4d-089f-412f-ad3a-6ebc755c8a76,A Google user,https://play-lh.googleusercontent.com/EGemoI2NTXmTsBVtJqk8jxF9rh8ApRWfsIMQSt2uE4OcpQqbFu7f7NbTK05lx80nuSijCz7sc3a277R67g,Terrible I chose apocalyptic as a courier and I had a parcel and a small pistol all of a sudden I saw my cousin with her husband and a kid that looked like me then I had no weapon and their car was abandoned but still starting the car was ripped apart but still put together after jumping out of the car I was still in it and the parcel was for her but I had to take it out of her car which I saw her in but she wasn't in and I can't even try the free trials for the upgraded versions.,1,1,1.1.178,2023-04-29 17:39:15,We are happy to help you start your trial and look into any issues. Please reach out to us at support@aidungeon.io. Our team is actively working on improvements to our AI models.,2023-05-02 13:21:24,1.1.178,gam7957,com.aidungeon
74084548-0118-4c1e-8ee0-752d5df76449,A Google user,https://play-lh.googleusercontent.com/EGemoI2NTXmTsBVtJqk8jxF9rh8ApRWfsIMQSt2uE4OcpQqbFu7f7NbTK05lx80nuSijCz7sc3a277R67g,The app icon on the home screen of the phone is gone.,3,1,1.1.153,2022-08-08 13:59:38,Hey there Schiffman! The Google Play App issue was fixed and the Android app should be working for all players. If youre still having trouble after this update please let us know. Thanks for your patience as we resolved this issue!,2022-08-17 17:57:07,1.1.153,gam16593,com.aidungeon
d84ad104-8d00-4314-b99e-adcbe8bd7ace,A Google user,https://play-lh.googleusercontent.com/EGemoI2NTXmTsBVtJqk8jxF9rh8ApRWfsIMQSt2uE4OcpQqbFu7f7NbTK05lx80nuSijCz7sc3a277R67g,AI used to be really good but now it just seems lazy.,2,0,1.1.136,2022-05-20 15:09:35,"Hi Charles thanks for the review! We appreciate your input. We recommend experimenting with different ways to get the AI to generate more text such as adding more details to your input or experimenting with different tools like ""Retry"" or World Info.",2022-05-20 17:44:47,1.1.136,gam17056,com.aidungeon
602428fa-bf9a-42cb-bd16-49c5eb6042fd,A Google user,https://play-lh.googleusercontent.com/EGemoI2NTXmTsBVtJqk8jxF9rh8ApRWfsIMQSt2uE4OcpQqbFu7f7NbTK05lx80nuSijCz7sc3a277R67g,The AI was super smart when this app first came out. Then it went through a faze where hardly anything worked when typed in. Now it's pretty much back to normal. I thank you guys for fixing the AI to where they work again. The ads are kind of annoying but I understand why you put ads in now. I will definitely buy a subscription when I get some more money. Really enjoying the app every day ever since it came out. I was one of the 1st hundred thousand to download the app and I'm very satisfied.,5,9,1.1.145,2022-07-10 10:53:15,We really appreciate your feedback and support :) Great news ads no longer interrupt gameplay; everyone can enjoy unlimited actions on our base AI model. If you have any feedback or suggestions on how we can improve please let us know at https://feedback.latitude.io/.,2023-01-14 14:07:09,1.1.145,gam1576,com.aidungeon
e10d25d4-cdf2-4578-a4b9-040d2d35b473,A Google user,https://play-lh.googleusercontent.com/EGemoI2NTXmTsBVtJqk8jxF9rh8ApRWfsIMQSt2uE4OcpQqbFu7f7NbTK05lx80nuSijCz7sc3a277R67g,"I enjoyed the app very much using it to write stories and stuff has been a blast but every update seems to just make this app worse and worse. The Ai just doesn't work as well anymore not to mention the constant paywall. There is an energy bar which limits the amount of things i can write which is fair tbh but then there is also actions limits so why would energy bar even exist then? Not to mention ""watch ad for more actions"" yet there is no ad button to watch.",1,1,1.1.147,2022-07-11 15:30:20,Please try out our newest update called Unchained! Free play allows for unlimited actions on our base AI model (Griffin). Learn more at https://aidungeon.io/unchained. Weve also made other performance improvements with more planned for the future :) Reach out to us at support@aidungeon.io if you have any additional concerns happy to help.,2023-01-14 17:48:39,1.1.147,gam4835,com.aidungeon
7a82c419-67cd-47c0-a4d9-69f192dd2efd,A Google user,https://play-lh.googleusercontent.com/EGemoI2NTXmTsBVtJqk8jxF9rh8ApRWfsIMQSt2uE4OcpQqbFu7f7NbTK05lx80nuSijCz7sc3a277R67g,It's far from perfect but it's pretty good. Sometimes the AI will take full control and ignore your input and the remember tab does nothing but it's fun to mess around with.,1,1,1.1.44,2022-01-09 16:57:04,,,1.1.44,gam6187,com.aidungeon
d9b3e28a-28bb-4104-8d86-70af9ba6219c,A Google user,https://play-lh.googleusercontent.com/EGemoI2NTXmTsBVtJqk8jxF9rh8ApRWfsIMQSt2uE4OcpQqbFu7f7NbTK05lx80nuSijCz7sc3a277R67g,Doesn't understand basic stuff. Very very annoying,1,1,,2024-04-03 23:14:42,,,,gam15248,com.aidungeon
43a27cc8-9cb5-4b8d-8949-83305a346de2,A Google user,https://play-lh.googleusercontent.com/EGemoI2NTXmTsBVtJqk8jxF9rh8ApRWfsIMQSt2uE4OcpQqbFu7f7NbTK05lx80nuSijCz7sc3a277R67g,My most favourite writing app so far!! I rely on it for writing everything on my mind it helps me whenever I get stuck in thoughts. Just one thing to add may you please add 1st person in the game I find it hard to play with 3rd or 2nd person,4,0,1.2.49,2024-04-29 13:40:33,"Hey there! AI Instructions are now available through our beta release channel. Give the AI specific instructions like ""write in first person"" to enhance your experience. If you have any questions please reach out to us at support@aidungeon.com.",2024-04-29 18:39:40,1.2.49,gam3011,com.aidungeon
19c75987-68ee-4a9a-8f19-e4f0445005be,Brianna Dahlke,https://play-lh.googleusercontent.com/a/ACg8ocIYQuZmjELSPCLahL_kCVgPdlytkIgmAiX1an61ODbPl6MPug=mo,it's an amazing game so far.. I wish it wasn't so expensive for tokens but at least you get some free each day.,5,0,1.7.9,2024-07-16 20:22:44,Thanks! We'd love to offer more free tokens but as a small team using top-tier AI there are significant costs involved. We rely on our players' support to keep our game running and to continuously improve it.Just a heads upthe free daily tokens are meant to give you a taste of the game and wont last forever.Hope youll find it worth supporting!,2024-07-17 02:24:07,1.7.9,gam29638,com.aisuccess.ai_game_master
4d69f6fe-f097-4332-8b59-fd80721dd717,A Google user,https://play-lh.googleusercontent.com/EGemoI2NTXmTsBVtJqk8jxF9rh8ApRWfsIMQSt2uE4OcpQqbFu7f7NbTK05lx80nuSijCz7sc3a277R67g,I don't really like the new updates the old versions are better plus it's really slow and my internet is fine.,2,0,,2022-07-21 05:55:31,Thanks for the review Danevy! We have been pushing a lot of updates recently to increase the game quality or player enjoyment and are still smoothing out bugs. If the lagginess doesn't improve soon let us know as feedback.latitude.io!,2022-07-21 10:51:06,,gam8903,com.aidungeon
1f3c72cb-bd2e-49d5-8662-37e15052c944,A Google user,https://play-lh.googleusercontent.com/EGemoI2NTXmTsBVtJqk8jxF9rh8ApRWfsIMQSt2uE4OcpQqbFu7f7NbTK05lx80nuSijCz7sc3a277R67g,Bad unless they switch bsck to open ai or something better miss the old days,1,2,1.1.178,2023-11-06 01:14:00,Hey Jodi! We would love to hear more about your experience and do what we can to improve it :) Please reach out to us at support@aidungeon.com. Thanks!,2023-11-08 18:43:44,1.1.178,gam15419,com.aidungeon
2b4f5d0b-72dd-44ff-8576-7fd450b6e97e,A Google user,https://play-lh.googleusercontent.com/EGemoI2NTXmTsBVtJqk8jxF9rh8ApRWfsIMQSt2uE4OcpQqbFu7f7NbTK05lx80nuSijCz7sc3a277R67g,Want to play D&D but you have no friends to play with? well you come to the right place. this game is exactly that but the AI is the game master and you control the outcomes. anything can be possible and the stories are always at random. 10 out of 10 I recommend,5,0,1.1.172,2022-12-30 06:15:27,We appreciate your review and willingness to recommend our game :) Happy to hear this has been a helpful game master substitute. If you have any feedback or suggestions on how we can improve please let us know at https://feedback.latitude.io/. Thanks for your support!,2023-01-04 21:37:37,1.1.172,gam5200,com.aidungeon
871eb999-d516-457e-985d-26177ec50351,A Google user,https://play-lh.googleusercontent.com/EGemoI2NTXmTsBVtJqk8jxF9rh8ApRWfsIMQSt2uE4OcpQqbFu7f7NbTK05lx80nuSijCz7sc3a277R67g,After messing around with the inputs I was left with a result so incredible it was better than any retro game. 10/10 worth the subscription. I just wish the AI knew how to write a long-term plot and I wish it was more descriptive and creative with its scenarios but it could just be that I lack sufficient knowledge on making it write the stories i want.,5,1,1.2.40,2023-11-17 13:04:27,,,1.2.40,gam4387,com.aidungeon
efa8d698-b335-4d30-9c20-4f703cb2aa23,A Google user,https://play-lh.googleusercontent.com/EGemoI2NTXmTsBVtJqk8jxF9rh8ApRWfsIMQSt2uE4OcpQqbFu7f7NbTK05lx80nuSijCz7sc3a277R67g,Was better before the nerfs. Still okay until something new comes along.,3,0,,2023-12-19 06:03:55,,,,gam19514,com.aidungeon
1d1a4ef7-735d-4950-b507-df340569f338,A Google user,https://play-lh.googleusercontent.com/EGemoI2NTXmTsBVtJqk8jxF9rh8ApRWfsIMQSt2uE4OcpQqbFu7f7NbTK05lx80nuSijCz7sc3a277R67g,used to be awesome now it's code is falling apart and the AI has brain damage. not only does it keep spewing useless garbage that often has nothing to do with the story (mind you this is even using the better version of the AI that you have to pay for the privilege of using) but it keeps doing it automatically. it just keeps posting by itself and won't stop. i used to make amazing stories with this that flowed perfectly and now it's just impossible. i am unsubscribing and uninstalling.,1,21,1.1.134,2022-04-18 21:18:32,Hi Nick! Thanks for the feedback. Some of the Premium models require manual experimenting with the AI Model Settingsspecifically with Temperature & Lengthto ensure better text generation. Using the Retry World Info and Memory (MEMO) tools should also help free and Premium users alike. Please email support@aidungeon.io if you have any questions.,2022-04-20 08:08:05,1.1.134,gam1417,com.aidungeon
5fda666a-ab6f-43eb-807e-07a348981048,A Google user,https://play-lh.googleusercontent.com/EGemoI2NTXmTsBVtJqk8jxF9rh8ApRWfsIMQSt2uE4OcpQqbFu7f7NbTK05lx80nuSijCz7sc3a277R67g,Adding advertisement is/was a terrible idea. Why have add these?,1,7,1.1.145,2022-06-18 19:34:38,,,1.1.145,gam16228,com.aidungeon
9027b0ea-9d9b-46b4-ab44-b761b2306999,A Google user,https://play-lh.googleusercontent.com/EGemoI2NTXmTsBVtJqk8jxF9rh8ApRWfsIMQSt2uE4OcpQqbFu7f7NbTK05lx80nuSijCz7sc3a277R67g,Get rid of the action thing.that's it nothing else.,1,1,1.1.148,2022-07-23 05:04:55,Ads no longer interrupt gameplay; all players have unlimited actions to our base AI model. Learn more at https://aidungeon.io/unchained. If you have any feedback or suggestions on how we can improve please let us know at https://feedback.latitude.io/.,2023-01-18 10:57:11,1.1.148,gam20932,com.aidungeon
65d3a665-0fd2-4cad-857f-13e8599f96ce,A Google user,https://play-lh.googleusercontent.com/EGemoI2NTXmTsBVtJqk8jxF9rh8ApRWfsIMQSt2uE4OcpQqbFu7f7NbTK05lx80nuSijCz7sc3a277R67g,Very short memory on the AI making anything but the simplest quests. Very frustrating as the AI continues to forget the plot line and just starts a new side quest.,2,2,1.1.178,2023-10-10 21:21:38,,,1.1.178,gam6141,com.aidungeon
b440e97a-540f-486a-bb46-beb0a3097cb5,A Google user,https://play-lh.googleusercontent.com/EGemoI2NTXmTsBVtJqk8jxF9rh8ApRWfsIMQSt2uE4OcpQqbFu7f7NbTK05lx80nuSijCz7sc3a277R67g,"I used to really like this game I played it alot and even made some worlds and scenario's that were public for others to play but this new ""Beta"" has kind of ruined the game for me. I cant make or edit my worlds and when I try to it says I have to switch back to legacy and I have searched all over the app and I can't find it anywhere I've looked for answers on the internet too and I just can't find it.",1,11,1.2.28,2023-08-30 18:44:36,"Hey there! Happy to look into any issues you are having. Worlds now named ""character cards"" is mostly built and will be included in the official release of Phoenix. Please reach out to us at support@aidungeon.io with any questions you have.",2023-09-01 18:15:16,1.2.28,gam4634,com.aidungeon
791ab564-027f-4e45-a75d-c5e602493680,A Google user,https://play-lh.googleusercontent.com/EGemoI2NTXmTsBVtJqk8jxF9rh8ApRWfsIMQSt2uE4OcpQqbFu7f7NbTK05lx80nuSijCz7sc3a277R67g,"So I'm hoping this doesn't leave just the reviews but I gotta say this is some real ground breaking stuff. I mean I am genuinely wowed at what this can do. I've been using this to generate long customized and interactble scenes of nsfw nature. In my current story I am a magic stallion that is used to make great kings. One of the characters is hitting on me and says ""You're a stallion a great steed. I want to ride you."" This is great can't wait to see more.",5,0,1.1.145,2022-06-18 06:14:32,We love it when others use cheesy puns as pick-up lines too! Thank you for the epic review We're happy you're enjoying your time in AI Dungeon!,2022-06-24 18:00:41,1.1.145,gam3969,com.aidungeon
5094f8c5-0d51-44a9-a2e1-1836f6b4c0a2,A Google user,https://play-lh.googleusercontent.com/EGemoI2NTXmTsBVtJqk8jxF9rh8ApRWfsIMQSt2uE4OcpQqbFu7f7NbTK05lx80nuSijCz7sc3a277R67g,I like that it doesn't limit your chat for premium payments and stuff,4,0,1.2.49,2024-06-11 05:57:02,,,1.2.49,gam14820,com.aidungeon
a7abeda7-ce52-4493-ab90-67b51dc77cfb,Montressa Thompson,https://play-lh.googleusercontent.com/a/ACg8ocK-9upibB3NoH8C_cdPG0OewifZh6tivO_W9GsM0alLB9e5sg=mo,it's nice to not be the Dm for once,5,0,1.8.5,2024-08-30 13:02:44,You are right! One of the first reasons we actually created this app we want a break too!,2024-09-01 02:15:31,1.8.5,gam29847,com.aisuccess.ai_game_master
2d48ec3b-2845-4094-9a40-eaf36af04685,A Google user,https://play-lh.googleusercontent.com/EGemoI2NTXmTsBVtJqk8jxF9rh8ApRWfsIMQSt2uE4OcpQqbFu7f7NbTK05lx80nuSijCz7sc3a277R67g,A+ sandbox style rpg format story,5,1,1.1.119,2022-01-22 20:06:14,,,1.1.119,gam22623,com.aidungeon
6a3e9b7e-a4a4-4a49-804c-9e481ccc78e8,A Google user,https://play-lh.googleusercontent.com/EGemoI2NTXmTsBVtJqk8jxF9rh8ApRWfsIMQSt2uE4OcpQqbFu7f7NbTK05lx80nuSijCz7sc3a277R67g,This app has failed me. I miss those times when AI Dungeon functioned properly I can create all the stories I want but now I'm just disappointed. I couldn't even play the older versions coming from apk files.. bad move right there,1,5,,2022-06-25 09:40:06,,,,gam4774,com.aidungeon
f74de31e-1169-419d-bc0b-39c417d89c74,A Google user,https://play-lh.googleusercontent.com/EGemoI2NTXmTsBVtJqk8jxF9rh8ApRWfsIMQSt2uE4OcpQqbFu7f7NbTK05lx80nuSijCz7sc3a277R67g,Ai sucks and says what you do witch is anoying because I whana chose everything I do,1,0,1.1.178,2023-05-29 23:02:28,"Hey there! You have the option to do both. You can either ""take a turn"" to say do or add something to the overall story or use ""continue"" for the AI to determine what happens next. If you have any questions please reach out to us at support@aidungeon.io.",2023-06-01 17:36:11,1.1.178,gam20922,com.aidungeon
5cbd54fb-9574-415b-beda-610f04983997,A Google user,https://play-lh.googleusercontent.com/EGemoI2NTXmTsBVtJqk8jxF9rh8ApRWfsIMQSt2uE4OcpQqbFu7f7NbTK05lx80nuSijCz7sc3a277R67g,they've fixed a lot of the delay for the new ui and the problem with the retries. the browsing system is still meh but at least it works,3,1,1.2.40,2023-11-03 23:48:16,,,1.2.40,gam9535,com.aidungeon
1e51a3cf-45bc-45ab-ba0b-f4cdf4f3f744,A Google user,https://play-lh.googleusercontent.com/EGemoI2NTXmTsBVtJqk8jxF9rh8ApRWfsIMQSt2uE4OcpQqbFu7f7NbTK05lx80nuSijCz7sc3a277R67g,Fun game easy to use,5,0,1.1.130,2022-03-26 16:36:21,,,1.1.130,gam17558,com.aidungeon
aad6caf2-a8d4-4711-b887-c0b1a35efc40,A Google user,https://play-lh.googleusercontent.com/EGemoI2NTXmTsBVtJqk8jxF9rh8ApRWfsIMQSt2uE4OcpQqbFu7f7NbTK05lx80nuSijCz7sc3a277R67g,probably user error but have not found a way to use my character separately from every one else who is doing coop,2,0,1.2.66,2024-08-02 21:18:53,Hey Osiris! If you haven't already make sure to add a third-person plot component and have everyone in your party name their character using the flame icon menu. You can learn more at https://help.aidungeon.com/faq/do-you-support-multiplayer.,2024-08-06 22:33:22,1.2.66,gam3033,com.aidungeon
b581738f-5d7e-4f12-94ae-c2daf9b718da,A Google user,https://play-lh.googleusercontent.com/EGemoI2NTXmTsBVtJqk8jxF9rh8ApRWfsIMQSt2uE4OcpQqbFu7f7NbTK05lx80nuSijCz7sc3a277R67g,"I'm confused. I'm playing the game & now it tells me after several minutes to log in or create an account. I'm already playing why would I need to do this to continue? Also I typed ""look"" & all it did was continue the story. It acted like I was trying to hold a conversation & I wasn't. ""Do"" was highlighted not ""SAY"". Had to type ""you look around"" to get details of my surroundings. Just odd. Now like I said it appears I can not play anymore. I'm not sure I want to register and all that entails.",3,0,1.1.134,2022-04-21 22:48:29,,,1.1.134,gam4241,com.aidungeon
97c67457-c019-4d21-9bb6-4ab366b60d9d,A Google user,https://play-lh.googleusercontent.com/EGemoI2NTXmTsBVtJqk8jxF9rh8ApRWfsIMQSt2uE4OcpQqbFu7f7NbTK05lx80nuSijCz7sc3a277R67g,The app is great and a lot of the responses are wonderful but my biggest problem is with the lack of customization available to free players. I don't think I should have to pay money just to get more characters out of the AI. I write in long descriptive paragraphs and the AI responds with small sentence-long actions and a line or two of dialogue. Also I wish the multi-player option was more open to other users. If there is a way I can host a communal instance then I'd love to know how.,3,56,1.1.178,2023-03-27 11:28:23,Thanks for your feedback we do have a multiplayer channel on our Discord server for players who want to connect and have a larger multiplayer experience. If you haven't already join our server here: https://aidungeon.io/discord. If you have any other questions let us know at support@aidungeon.io.,2023-03-28 18:09:36,1.1.178,gam585,com.aidungeon
01a1f86d-aa3d-477e-b87b-ad8bb54b9993,A Google user,https://play-lh.googleusercontent.com/EGemoI2NTXmTsBVtJqk8jxF9rh8ApRWfsIMQSt2uE4OcpQqbFu7f7NbTK05lx80nuSijCz7sc3a277R67g,"Dont get the app just go to the web browser version because the app version is trash and full of bugs that never get patched. Like the one when typing a response in the ""Do"" area and it refreshes the story to something else.",1,0,1.1.178,2024-09-13 16:25:53,,,1.1.178,gam2684,com.aidungeon
b18c6536-44dd-4b66-8baf-4eb49aab13ab,A Google user,https://play-lh.googleusercontent.com/EGemoI2NTXmTsBVtJqk8jxF9rh8ApRWfsIMQSt2uE4OcpQqbFu7f7NbTK05lx80nuSijCz7sc3a277R67g,Its one of the best game I have ever played,5,0,1.1.178,2023-07-22 13:09:38,,,1.1.178,gam22065,com.aidungeon
05bb2127-3ab5-45ba-bd87-814d6e92748d,A Google user,https://play-lh.googleusercontent.com/EGemoI2NTXmTsBVtJqk8jxF9rh8ApRWfsIMQSt2uE4OcpQqbFu7f7NbTK05lx80nuSijCz7sc3a277R67g,honestly the only bad thing is the 100 Chat limit but overall it's amazing,5,0,1.2.49,2024-06-16 03:59:46,,,1.2.49,gam14397,com.aidungeon
56e091ad-836a-4826-9669-8a1a4d93b453,infernalmold41 l,https://play-lh.googleusercontent.com/a-/ALV-UjU0FsQity3g-bHgLlHbTcKu0jzRE5o0CiotnZLPHjfLPfNdYDI,great story telling game but the token system causing a break While it was understandable that they need money for the game I would appreciate the option to be able to watch an ad to help fund the game and spend less time waiting in-between,4,0,1.7.4,2024-06-15 18:15:24,Thanks for your feedback! We wish we could offer an option to watch ads for tokens but unfortunately ads alone can't cover the costs of the AI. We appreciate your understanding and support! Update: You now get 5 tokens every 4 hoursjust click to claim!,2024-08-12 11:21:39,1.7.4,gam29601,com.aisuccess.ai_game_master
92950b70-057f-406d-95da-c3a0d32b0c27,A Google user,https://play-lh.googleusercontent.com/EGemoI2NTXmTsBVtJqk8jxF9rh8ApRWfsIMQSt2uE4OcpQqbFu7f7NbTK05lx80nuSijCz7sc3a277R67g,Great game the only sad thing is the good AI are blocked within a paywall but thats okay there is a price to pay for this great game. I assume in the future some feauture will be free like maybe Wyvern or the good AI image in probably 2-3 year. Also..when UI update?,5,0,1.1.178,2023-03-11 05:35:17,,,1.1.178,gam5417,com.aidungeon
0bd6494e-1620-4629-8e4b-8af923fe9484,A Google user,https://play-lh.googleusercontent.com/EGemoI2NTXmTsBVtJqk8jxF9rh8ApRWfsIMQSt2uE4OcpQqbFu7f7NbTK05lx80nuSijCz7sc3a277R67g,Could you please make a g-rated world? . Creating a world doesn't work. It doesn't save any of the things I input. It won't let me finish creating it it said I have to pick a faction. It didn't save any factions I created and there is nothing to click on called choose which faction. Also could you please change it so that it says like Vinny looks at you and grabs your purse. Not just random people talking. Say like Bob says hi. Don't just write hi. I have no idea who is saying or doing what.,5,0,1.1.119,2022-03-20 19:02:05,,,1.1.119,gam8370,com.aidungeon
e7cced67-d786-4229-a39b-c8133a0182fd,A Google user,https://play-lh.googleusercontent.com/EGemoI2NTXmTsBVtJqk8jxF9rh8ApRWfsIMQSt2uE4OcpQqbFu7f7NbTK05lx80nuSijCz7sc3a277R67g,Would of rated 5 stars if it wasn't so pay to play or pay to have a decent experience. Energy just makes it more pay to play I miss it when you could just spend a night playing with the AI. But you can't anymore. I understand that they have to pay for the servers and maintenance but now it's just becoming a narrative generic mobile game. At least it doesn't have ads. Its a fun creative idea with a lot of ability but it has a harsh amount of p2p undertones.,3,4,1.1.119,2022-02-26 20:42:41,,,1.1.119,gam3087,com.aidungeon
3f686bf5-1acb-4611-b48d-86dae9398382,A Google user,https://play-lh.googleusercontent.com/EGemoI2NTXmTsBVtJqk8jxF9rh8ApRWfsIMQSt2uE4OcpQqbFu7f7NbTK05lx80nuSijCz7sc3a277R67g,"EDIT: Now the app includes advertisements just to use their ever-worsening ""AI."" I wish I could lower my review to 0 stars because I didnt realize that when we hit rock bottom latitude would bring out a pickaxe. My review was a 4 star before they went overboard with censorship. Now the ai is barely a shadow of what it was due to funding issues. I hope It gets to the point where it was.",1,3,1.1.153,2022-08-06 17:05:02,,,1.1.153,gam1596,com.aidungeon
bcd6e9ce-8dfb-435c-b82d-0fb94bd47160,A Google user,https://play-lh.googleusercontent.com/EGemoI2NTXmTsBVtJqk8jxF9rh8ApRWfsIMQSt2uE4OcpQqbFu7f7NbTK05lx80nuSijCz7sc3a277R67g,Okay everything seems to be working fine now back to 5 Stars again!,5,0,1.1.136,2022-05-21 02:03:52,Hey Uchiha Avenger thanks for letting us know here! The usual fix for this is to clear cache/data on your device but please email support@aidunegon.io if you're still running into issues. Thank you!,2022-04-29 14:28:40,1.1.136,gam18644,com.aidungeon
a3c0803d-47a9-4518-9620-1de7516ac34d,A Google user,https://play-lh.googleusercontent.com/EGemoI2NTXmTsBVtJqk8jxF9rh8ApRWfsIMQSt2uE4OcpQqbFu7f7NbTK05lx80nuSijCz7sc3a277R67g,This app sucks Character.ai is better than this and character.ai gives you more freedom of your choice and stories. This apps ability has many limits.,1,0,1.1.178,2023-04-16 21:35:30,,,1.1.178,gam11903,com.aidungeon
a4897227-b7d8-45b3-85ae-313a68b3ca13,A Google user,https://play-lh.googleusercontent.com/EGemoI2NTXmTsBVtJqk8jxF9rh8ApRWfsIMQSt2uE4OcpQqbFu7f7NbTK05lx80nuSijCz7sc3a277R67g,This app is so much fun and have already recommended it to all my friends this game will let you do anything you what and no one story is exactly the same. I have had so many adventures in this game that I will never forget and with the occasional tweaks to the AI's reply's you can make the story flow beautifully. I really recommend checking this game out. Would be 5 stars if the app wasn't so buggy.,4,46,1.1.133,2022-04-06 14:58:37,,,1.1.133,gam3070,com.aidungeon
7f7a8eb9-2971-470e-9164-b264febf039d,A Google user,https://play-lh.googleusercontent.com/EGemoI2NTXmTsBVtJqk8jxF9rh8ApRWfsIMQSt2uE4OcpQqbFu7f7NbTK05lx80nuSijCz7sc3a277R67g,This is in response to the recent apology by developers: 1. You dont need to add more actions per ad but only entering new text should take an action not retrying because the AI messes up WAY to much to take away actions every retry. 2. Saving up option is a great idea (which is sort of already added?) but it would be nice for an option to continuously play ads so you dont have to click a watch ad button every time. 3. Please improve the AI I played years ago and its worse now in messups.,1,4,1.1.147,2022-07-15 19:31:47,AI Dungeon is now unchained! Recent changes in AI cost made it possible for us to provide all players with unlimited access to Griffin our base AI model. We hope you will try out the new and improved experience! Learn more at https://aidungeon.io/unchained. More updates to come :),2023-01-13 18:16:14,1.1.147,gam592,com.aidungeon
907112c8-b978-434f-8ff2-2b527ab9eaaa,A Google user,https://play-lh.googleusercontent.com/EGemoI2NTXmTsBVtJqk8jxF9rh8ApRWfsIMQSt2uE4OcpQqbFu7f7NbTK05lx80nuSijCz7sc3a277R67g,**EDIT** the issue has been resolved and I changed my rating to 5 stars. I am subscribed and I love the app and I love supporting you guys. But as a paid subscriber I gotta say that the fact that app has disappeared and is still not back is frustrating. (I saw the reddit post) I understand that developing an app isn't easy but I pay for the service and it not being available is sort of a waste of my play days for the month.,5,0,1.1.161,2022-08-11 14:30:49,Thanks for the review and we totally understand. We wish there was a way we could expedite Google's review process but there isn't. Luckily the game is still fully functional on web and we recommend that you play there until the issue is solvedhopefully today or tomorrow. Thanks for your patience!,2022-08-09 14:51:35,1.1.161,gam1657,com.aidungeon
7a952c0d-d1d0-493a-9946-5428dc8d5228,A Google user,https://play-lh.googleusercontent.com/EGemoI2NTXmTsBVtJqk8jxF9rh8ApRWfsIMQSt2uE4OcpQqbFu7f7NbTK05lx80nuSijCz7sc3a277R67g,First things first nothing loads anymore like I try to read back to one of my old stories and it just crashes it never did this before the Phoenix update but now it does. Second point even if I do load into a story looking back is an insanely difficult task which I did not have before. Please fix these problems and I might give this game a five star review.,2,3,1.2.47,2023-12-19 17:51:50,,,1.2.47,gam2218,com.aidungeon
cd14989d-3714-4e9e-b031-c8c7c62037e3,A Google user,https://play-lh.googleusercontent.com/EGemoI2NTXmTsBVtJqk8jxF9rh8ApRWfsIMQSt2uE4OcpQqbFu7f7NbTK05lx80nuSijCz7sc3a277R67g,Awesome game amazing fun for solo roleplay ing nothing else like it.,5,0,1.1.119,2022-02-08 05:30:34,,,1.1.119,gam15324,com.aidungeon
61095394-bf66-4363-b25c-5688812b3c46,A Google user,https://play-lh.googleusercontent.com/EGemoI2NTXmTsBVtJqk8jxF9rh8ApRWfsIMQSt2uE4OcpQqbFu7f7NbTK05lx80nuSijCz7sc3a277R67g,I love this app so bad but in the last update you make credits cost real money! Not ads I understand your trying to make money but to make more people play you should make it back to ads I know I'm just trying to get you to get convinced to put it back to ads because my parents won't let me pay so if you could. I hope can you please place it back to ads? I really love your app but i can't play anymore because of that Thank You. (recommended app),4,0,1.1.172,2023-02-21 13:15:22,Hey there! You don't need credits in order to play. Our free play experience now offers unlimited actions on our base AI model. If you have any questions please reach out to us at support@aidungeon.io. We're happy to help :),2023-03-07 23:55:45,1.1.172,gam2923,com.aidungeon
4ef6a324-696d-4ab2-85ac-9353473a1363,Spencer Powers,https://play-lh.googleusercontent.com/a/ACg8ocKLrJYN29osBA4HsEThimU-876TR8YAbXiGRJgM9KM1cWGVJQ=mo,"I'm not a fan on the ""Turn Tokens"" gimmick but other than that I am a fan of this game. It feels pretty great to play. I just want to play it for longer than a few minutes and have to wait a whopping 2 WHOLE DAMN DAYS before being able to play it again for just 5 TURNS. That's just not nearly enough. Why is that even a thing?? Other Ai chats don't limit you by such a small amount of turns! It ruins the experience!",4,2,1.3.2,2024-03-08 09:39:02,Thanks for the positive review despite the price!! We are totally aware of the high price point and are constantly trying to bring it down all while maintaining a top notch experience for our players. We're an extremely small team with no budget at all so are trying to balance the free play out of our own pocket. Thanks again!! <3,2024-03-08 10:04:06,1.3.2,gam29489,com.aisuccess.ai_game_master
6b5953d4-400b-496e-970d-955d53d3b51c,John Marsh,https://play-lh.googleusercontent.com/a/ACg8ocJUZ0tjybyyQgy-d0s6pW8jaR4HCC0CsIxckn0g9ZARY1lzQA=mo,I love the game because you can come up with your own story or you can have it come up with a story for you it is a game where anything can happen tho I do wish that did not have where you need tokens it is so annoying to wait I would love if they made it to where you don't need tokens to play,5,0,1.9.2,2024-10-07 13:22:41,,,1.9.2,gam29536,com.aisuccess.ai_game_master
6f018b9b-57cf-4eb4-80d8-e40605ebcfa5,A Google user,https://play-lh.googleusercontent.com/EGemoI2NTXmTsBVtJqk8jxF9rh8ApRWfsIMQSt2uE4OcpQqbFu7f7NbTK05lx80nuSijCz7sc3a277R67g,Ye the ai kinda needs you to hold its hand and now theres unskippable ads so nty,1,2,,2022-07-23 02:41:23,AI Dungeon is now unchained! Recent changes in AI cost made it possible for us to provide all players with unlimited access to Griffin our base AI model. We hope you will try out the new and improved experience! There are tools to help the AI stay on track; learn more at https://help.aidungeon.io/ai-dungeon-101 https://help.aidungeon.io/advanced.,2023-01-13 17:08:03,,gam14650,com.aidungeon
03607fa2-0233-47f5-a275-ebffe680d33f,A Google user,https://play-lh.googleusercontent.com/EGemoI2NTXmTsBVtJqk8jxF9rh8ApRWfsIMQSt2uE4OcpQqbFu7f7NbTK05lx80nuSijCz7sc3a277R67g,Can't even start the app now. Edit: Needed to restart phone for some reason.,3,0,1.2.49,2024-06-05 18:48:25,,,1.2.49,gam13097,com.aidungeon
83e9e39d-32ad-47ff-8a7b-2ff113b9c537,jake one,https://play-lh.googleusercontent.com/a-/ALV-UjUnSqUH6f-n-lIkkQ2Pz5Iwj9YkbyTiQsJVDqqXJStpQZKwsHM,alot of fun very flexible.,5,0,1.7.7,2024-06-28 06:16:24,Thanks glad you enjoy the game!,2024-06-28 10:58:57,1.7.7,gam29832,com.aisuccess.ai_game_master
7377649b-8e87-48c6-9326-c4dae7d74cec,A Google user,https://play-lh.googleusercontent.com/EGemoI2NTXmTsBVtJqk8jxF9rh8ApRWfsIMQSt2uE4OcpQqbFu7f7NbTK05lx80nuSijCz7sc3a277R67g,The AI creates a lot of nonsense this can be very frustrating but it works sometimes. Edit: with every new update it gets worse.,1,0,1.1.37,2023-04-21 14:09:32,We are sorry to hear you are encountering these issues. We are actively working on improving our models stay tuned for our next major release :) If you have any questions please let us know at support@aidungeon.io.,2023-04-26 15:02:56,1.1.37,gam6936,com.aidungeon
afeaab62-08cc-4e93-b152-4d0b304407f5,A Google user,https://play-lh.googleusercontent.com/EGemoI2NTXmTsBVtJqk8jxF9rh8ApRWfsIMQSt2uE4OcpQqbFu7f7NbTK05lx80nuSijCz7sc3a277R67g,The game has changed a lot. I just use this app to make random stories.,4,0,1.1.161,2022-08-12 04:43:42,Thank you for the epic review We're happy you're enjoying your time in AI Dungeon! We hope that all of our recent changes have been for the better!,2022-08-16 14:22:53,1.1.161,gam14482,com.aidungeon
11be0373-1687-44c8-b4ca-d2d434821792,A Google user,https://play-lh.googleusercontent.com/EGemoI2NTXmTsBVtJqk8jxF9rh8ApRWfsIMQSt2uE4OcpQqbFu7f7NbTK05lx80nuSijCz7sc3a277R67g,Well the app is pretty good but the AI changes the characters genders and names so often it also changes the story and forgets a lot of things and i don't really like the new update of when you have a specific number of actions it's pretty annoying can you at least make the number of the actions more? Like 20 or 30 or more?,1,1,1.1.147,2022-12-06 16:32:42,Please try out our newest update called Unchained! Free play now allows for unlimited actions on our base AI model (Griffin). Learn more at https://aidungeon.io/unchained. Weve also made other performance improvements with more planned for the future :) Reach out to us at support@aidungeon.io if you have any additional concerns happy to help.,2022-12-13 14:34:19,1.1.147,gam7694,com.aidungeon
77ab7ffe-018f-41d9-a71f-b3fbfd64783e,A Google user,https://play-lh.googleusercontent.com/EGemoI2NTXmTsBVtJqk8jxF9rh8ApRWfsIMQSt2uE4OcpQqbFu7f7NbTK05lx80nuSijCz7sc3a277R67g,Amazing for generating books and stories although its made to feel more like a sandbox games than a text adventure its amazing of what you can do with AI dungeon but JUST IMAGINE what if this app could be rebuilt to create the surroundings inside the text adventure by creating its own 3D Space from the text adventure then generates hundreds of thousands of videos to create a representation of everything going on in the text adventure then converting the videos to 3D sprites in the 3D space!,5,0,,2023-02-28 15:56:26,Very exciting to think about the future of AI technology and its application to gaming :) We appreciate your support!,2023-03-04 22:42:52,,gam4825,com.aidungeon
f7283ab2-c534-4cf6-9770-a63245ff0dca,A Google user,https://play-lh.googleusercontent.com/EGemoI2NTXmTsBVtJqk8jxF9rh8ApRWfsIMQSt2uE4OcpQqbFu7f7NbTK05lx80nuSijCz7sc3a277R67g,The AI is more stupid than the players it doesn't even follow the prompt and don't even get me started on how the multiplayer works. Horrible app.,1,3,1.1.172,2023-08-02 18:15:33,,,1.1.172,gam9534,com.aidungeon
f0c91000-3d64-402f-b00f-674ee52e03e5,A Google user,https://play-lh.googleusercontent.com/EGemoI2NTXmTsBVtJqk8jxF9rh8ApRWfsIMQSt2uE4OcpQqbFu7f7NbTK05lx80nuSijCz7sc3a277R67g,Good fun but it needs work. It often gets confused as to who is speaking in a conversation. It also REALLY lacks continuity. A version 2.0 might be great fun but this is good enough for now. Update: my app icon has just vanished and I can't play it. A reinstall didn't help. Is this a common issue or one particular to me?,4,7,1.1.153,2022-08-09 06:04:39,Thanks for the sweet review and feedback! And no you're no crazy. We are aware of the issue with the Android App and have fixed the problem. Google is reviewing our changes so hopefully they will be done (and the app will be live) in a day or so. We appreciate your patience!,2022-08-09 14:38:14,1.1.153,gam2589,com.aidungeon
083b42d8-d4ea-4757-837c-35e8622a4cba,Sole Fooly,https://play-lh.googleusercontent.com/a-/ALV-UjXjjNlsEwjF_QlduM3ZOsoR0RDAoq3bU6UZzH-kZbGCJY5pF1iW,I really do like everything about this game besides the tokens tho I understand the reasons.,4,0,1.8.4,2024-08-21 06:19:13,Thanks for the support! We appreciate your understanding about the tokens. We're always working to make the experience better!,2024-08-24 02:56:39,1.8.4,gam29647,com.aisuccess.ai_game_master
23abb6f3-552d-4e9a-851a-22f210f062ac,A Google user,https://play-lh.googleusercontent.com/EGemoI2NTXmTsBVtJqk8jxF9rh8ApRWfsIMQSt2uE4OcpQqbFu7f7NbTK05lx80nuSijCz7sc3a277R67g,You have to watch ads to perform actions you have to pay for a better version of the ai so it isn't completely incomprehensible and most not all but most of the community made senerios are porn.,1,3,,2022-08-23 17:46:31,Please try out our newest update called Unchained! Free play allows for unlimited actions on our base AI model (Griffin). Learn more at https://aidungeon.io/unchained. Weve also made other performance improvements with more planned for the future :) Reach out to us at support@aidungeon.io if you have any additional concerns happy to help.,2023-01-11 14:19:23,,gam9076,com.aidungeon
c8ace2b3-9a54-4a30-b9ef-c073c5ddad5d,Garrett Brooks,https://play-lh.googleusercontent.com/a-/ALV-UjUvBFPVhpecm88HSXKw_fp9aeHY6CHo1NKLtM7dPtnFwD0ANp_6,Quite nice though some displays (specifically for the encounters) can be glitchy. Though it's only visual not technical,4,0,1.9.2,2024-09-30 23:38:28,Hey! Could you elaborate on those glitches? We're always looking to improve!,2024-10-01 02:43:50,1.9.2,gam29553,com.aisuccess.ai_game_master
2dd6c2dd-e889-45b0-a640-3420ecd602d6,A Google user,https://play-lh.googleusercontent.com/EGemoI2NTXmTsBVtJqk8jxF9rh8ApRWfsIMQSt2uE4OcpQqbFu7f7NbTK05lx80nuSijCz7sc3a277R67g,It's alright. Ai is expensive I understand the cost restriction. Unfortunately the lack of violence makes little sense. If my character is a sniper they are going to kill people it's just that simple and there's no two ways around it. I don't get the rainbows and sunshine approach to storytelling. It needs work but when it functions it's very fun.,2,0,1.2.47,2024-01-14 16:09:58,Hey there! ChatGPT doesn't tend to handle more mature or violent subject matter as well. We recommend trying MythoMax one of our new free models or Griffin. When you encounter an output you don't like as well use retry or edit the response.,2024-01-15 13:53:04,1.2.47,gam4050,com.aidungeon
e2347154-d79e-472f-b2b3-471b2bc9013c,A Google user,https://play-lh.googleusercontent.com/EGemoI2NTXmTsBVtJqk8jxF9rh8ApRWfsIMQSt2uE4OcpQqbFu7f7NbTK05lx80nuSijCz7sc3a277R67g,It was very cool although there are some bizzare inclusion in the AI's reply. you can correct it and start rerolling the next scenario. From 5 to 2. Free to play becomes a gacha game with stamina system.,2,0,1.1.168,2022-09-14 14:20:54,Free play is now an unlimited experience! Ads no longer interrupt gameplay; all players have unlimited actions when using Griffin (our base AI model). Learn more at https://aidungeon.io/unchained. We will continue to improve our model and overall game experience. Stay tuned for more exciting updates :),2023-01-06 21:36:14,1.1.168,gam4494,com.aidungeon
4d38a379-d541-487b-a624-931b4559dfaa,A Google user,https://play-lh.googleusercontent.com/EGemoI2NTXmTsBVtJqk8jxF9rh8ApRWfsIMQSt2uE4OcpQqbFu7f7NbTK05lx80nuSijCz7sc3a277R67g,UI is not as confusing as people say. It's sleek clean and modern. But the main problem is simply the fact that I can't see what I'm typing. The AI is a clear improvement since the last time I played which is a while ago even before ChatGPT era. A surprise but pleasantly so. Currently can't give more than three stars due to UI issues for Android which is very much a game breaker. I hope it will be fixed soon with new updates. Very much excited to see this app revitalized.,3,3,1.2.49,2024-04-29 22:01:01,,,1.2.49,gam1949,com.aidungeon
ebce4770-36ed-4e34-8350-d49453230d08,A Google user,https://play-lh.googleusercontent.com/EGemoI2NTXmTsBVtJqk8jxF9rh8ApRWfsIMQSt2uE4OcpQqbFu7f7NbTK05lx80nuSijCz7sc3a277R67g,I like it however because of the update the app formate has been changed and I feel that may confused players who have been using it for,3,1,1.2.40,2023-11-12 15:19:20,,,1.2.40,gam11719,com.aidungeon
504eb414-6559-4db7-ae03-e8c7e8d006ea,A Google user,https://play-lh.googleusercontent.com/EGemoI2NTXmTsBVtJqk8jxF9rh8ApRWfsIMQSt2uE4OcpQqbFu7f7NbTK05lx80nuSijCz7sc3a277R67g,A significant improvement over what the game was like previously. The energy system has been removed and the free AI models are good. You also get free daily text generation with the mystral premium AI which is nice. The AI (especially the Tiefighter model) can actually craft coherent stories and the over the top censorship has been removed. Dev team also seems to listen very well.,5,64,1.2.49,2024-06-10 21:58:18,Glad to hear you're encouraged by the changes we've made. This was all made possible through our team continuing to find ways to reduce AI costs so we could provide an unlimited experience. We aren't done though many more exciting updates and releases planned for the future :),2024-01-30 14:58:30,1.2.49,gam2505,com.aidungeon
2cba5138-4b78-422a-b29c-ef28a3ca5b75,A Google user,https://play-lh.googleusercontent.com/EGemoI2NTXmTsBVtJqk8jxF9rh8ApRWfsIMQSt2uE4OcpQqbFu7f7NbTK05lx80nuSijCz7sc3a277R67g,"This app is alright. But the AI seems to not recognize past events. I also created 3 worlds for myself I wanted to create more but when I try to the game says ""Log in or register"" Even though I'm already logged in. Please fix this!",3,0,,2022-04-01 08:41:18,Thanks for letting us know we'd be happy to look into this for you. Please email support@aidungeon.io with the details you provided here and we'll do our best to help. We look forward to getting you back to your AI adventures soon!,2022-04-01 15:56:00,,gam8879,com.aidungeon
677a7c3d-94be-414a-b2e1-f4ac1b711b7f,A Google user,https://play-lh.googleusercontent.com/EGemoI2NTXmTsBVtJqk8jxF9rh8ApRWfsIMQSt2uE4OcpQqbFu7f7NbTK05lx80nuSijCz7sc3a277R67g,User Error: JSON Pause error: Unexpected token: <,2,0,,2022-09-21 07:25:42,Hey Benji! We want to help if you are still having this issue. Please reach out to us at support@aidungeon.io. Thanks :),2023-01-06 17:06:02,,gam16798,com.aidungeon
4bb74f2f-055b-4a11-b7ff-b6188cbfd3bd,A Google user,https://play-lh.googleusercontent.com/EGemoI2NTXmTsBVtJqk8jxF9rh8ApRWfsIMQSt2uE4OcpQqbFu7f7NbTK05lx80nuSijCz7sc3a277R67g,The Ai is good at the start but it slowly broken and the only way to fix that is to change AI model on settings but it's a premium only feature. It has potential but when the AI broke you had to pay to fix it,2,0,1.1.134,2022-05-10 20:57:01,Hi Abdul Fattah thank you for the feedback! We recommend experimenting with tools such as World Info Memo Retry and Edit to see if they help improve your storytelling experience. Thank you!,2022-05-13 15:32:35,1.1.134,gam5621,com.aidungeon
d03d5390-6545-48a7-a24d-7ab22a11ee3d,A Google user,https://play-lh.googleusercontent.com/EGemoI2NTXmTsBVtJqk8jxF9rh8ApRWfsIMQSt2uE4OcpQqbFu7f7NbTK05lx80nuSijCz7sc3a277R67g,An amazing app the AI is very intuitive and learns very quickly and efficiently.,5,0,1.1.130,2022-03-22 01:44:29,,,1.1.130,gam10983,com.aidungeon
b376a996-6707-49c3-a1a3-ecc1ac2a1dc6,A Google user,https://play-lh.googleusercontent.com/EGemoI2NTXmTsBVtJqk8jxF9rh8ApRWfsIMQSt2uE4OcpQqbFu7f7NbTK05lx80nuSijCz7sc3a277R67g,It's not bad it's far from what it's once was their on the right track but the ai is very inconsistent. Plus I was basically locked out of my account unable to login in for hours it fixed it's self but that is yet another bug.,2,9,1.1.119,2022-02-04 20:00:25,Were so sorry to hear youre having trouble. Wed love to help! Please reach out to us at support@aidungeon.io,2021-11-11 14:36:06,1.1.119,gam4416,com.aidungeon
351a16c2-cae3-4c96-b16a-bc16f6d5dbdc,A Google user,https://play-lh.googleusercontent.com/EGemoI2NTXmTsBVtJqk8jxF9rh8ApRWfsIMQSt2uE4OcpQqbFu7f7NbTK05lx80nuSijCz7sc3a277R67g,When i played this game everything goes well but things changed after the latest update i lost one of my progress cuz of text bug feel kinda dissapointed,3,1,1.1.151,2022-07-28 11:42:05,Uh oh! Contact us at support@aidungeon.io? Let's see what we can do to help!,2022-07-29 15:14:49,1.1.151,gam11243,com.aidungeon
68270f28-9564-4d6b-b645-7f6cc37d8ea8,A Google user,https://play-lh.googleusercontent.com/EGemoI2NTXmTsBVtJqk8jxF9rh8ApRWfsIMQSt2uE4OcpQqbFu7f7NbTK05lx80nuSijCz7sc3a277R67g,That's it I've given this app so many chances and benefits of the doubts but enough is enough the free AI is worth nothing now it's stubborn and will not even try to change it's direction even if you refresh multiple times. If you want to find something that will actually help you just search the internet for one this app isn't worth your time,1,1,1.1.172,2022-11-15 00:24:21,Please try out our newest update called Unchained! Free play allows for unlimited actions on our base AI model (Griffin). Learn more at https://aidungeon.io/unchained. Weve also made other performance improvements with more planned for the future :) Reach out to us at support@aidungeon.io if you have any additional concerns happy to help.,2022-12-14 20:10:51,1.1.172,gam4754,com.aidungeon
96f6bb4c-3763-4ec0-ada1-e0d86972a37f,A Google user,https://play-lh.googleusercontent.com/EGemoI2NTXmTsBVtJqk8jxF9rh8ApRWfsIMQSt2uE4OcpQqbFu7f7NbTK05lx80nuSijCz7sc3a277R67g,The more crazy and outlandish stuff you put into the stories the more hilarious and fun the story gets and the same goes if you make the story more serious I'm assuming. really engaging and entertaining!,5,0,1.1.178,2023-05-21 17:57:29,,,1.1.178,gam6174,com.aidungeon
faa04e21-b24d-4f52-b253-deff6e0dd1a4,A Google user,https://play-lh.googleusercontent.com/EGemoI2NTXmTsBVtJqk8jxF9rh8ApRWfsIMQSt2uE4OcpQqbFu7f7NbTK05lx80nuSijCz7sc3a277R67g,Can't seem to play the ad and it won't let me continue without viewing. Wish yall had a basic text version you could just purchase. Looks like it would be fun though.,1,3,1.1.147,2022-06-26 12:51:59,Great news! We released a new update called Unchained. Ads no longer inhibit gameplay; all players have unlimited access to our base AI model (Griffin). Learn more at https://aidungeon.io/unchained :),2023-01-18 16:30:10,1.1.147,gam6014,com.aidungeon
21fea3a1-d721-48de-a28f-005a31c21da8,BC Criswell,https://play-lh.googleusercontent.com/a/ACg8ocKL5iqlalCmXRdomD1lPBWJkCsdVsM5JQ1w_nJ6B25eliu0Lw=mo,Fun app for stories but the part where you talk to an ai was so creepy! I asked if i was on camera and it said YES! There better not have been someone watching me!,2,0,,2023-02-19 21:12:45,"Hey BC Criswell! We understand what you mean we will change the design and approach to chats soon in order to remove all these ""creeps"" moments. After all our game and application is not about that at all. And we wouldn't want to evoke those feelings",2023-02-20 16:37:43,,gam248,com.feynmanapps.aitales
74855d56-b9b7-43fc-ac2a-32543cb5adfa,A Google user,https://play-lh.googleusercontent.com/EGemoI2NTXmTsBVtJqk8jxF9rh8ApRWfsIMQSt2uE4OcpQqbFu7f7NbTK05lx80nuSijCz7sc3a277R67g,Good game but for some reason they removed the audio.,2,0,,2022-01-08 20:57:59,,,,gam15471,com.aidungeon
f15c1f5d-4933-4df6-a9df-876a482e90f7,A Google user,https://play-lh.googleusercontent.com/EGemoI2NTXmTsBVtJqk8jxF9rh8ApRWfsIMQSt2uE4OcpQqbFu7f7NbTK05lx80nuSijCz7sc3a277R67g,It improved significantly but is still not the best.,3,1,,2022-10-25 19:43:20,Glad to hear you feel things have improved Petal major updates coming soon :) Read more about them at https://latitude.io/blog/next-steps-on-ai-dungeon. If you have any feedback or suggestions on how we can improve please let us know at https://feedback.latitude.io/.,2022-12-09 15:20:52,,gam20165,com.aidungeon
c0f36572-20dd-47d7-be2b-fa13c15fe994,A Google user,https://play-lh.googleusercontent.com/EGemoI2NTXmTsBVtJqk8jxF9rh8ApRWfsIMQSt2uE4OcpQqbFu7f7NbTK05lx80nuSijCz7sc3a277R67g,ai energy is a problem but the game is cool,5,0,1.1.139,2022-06-14 17:06:10,AI Dungeon is now unchained! Recent changes in AI cost made it possible for us to provide all players with unlimited access to Griffin our base AI model. We hope you will try out the new and improved experience! Learn more at https://aidungeon.io/unchained.,2023-01-18 17:06:34,1.1.139,gam16810,com.aidungeon
c710dcec-8a98-4df0-ba3e-0fe24c649507,A Google user,https://play-lh.googleusercontent.com/EGemoI2NTXmTsBVtJqk8jxF9rh8ApRWfsIMQSt2uE4OcpQqbFu7f7NbTK05lx80nuSijCz7sc3a277R67g,It sucks and it changes comments,1,0,1.1.52,2022-06-04 07:42:46,Could you kindly tell us more about the problem you are facing at support@latitude.io? We'll do our best to help from there. Thank you!,2022-06-06 18:11:46,1.1.52,gam23448,com.aidungeon
05fdb2e2-d478-4423-b067-eb74bd9d531d,Jeffrey J,https://play-lh.googleusercontent.com/a-/ALV-UjWbecBs4Xs29_qEiwdK8gFfpy6pCpr5u0NriEWyGjnwH0-ICQA,Love this! Can't wait for the update. Wonders what benefit I may get from the paid version.,4,0,2.7.6,2024-04-10 18:28:19,Stay tuned Jeffrey J! We'll release it in the next few days,2024-04-11 01:34:41,2.7.6,gam314,com.feynmanapps.aitales
a28223c0-0d26-4260-baff-3d70ac510474,A Google user,https://play-lh.googleusercontent.com/EGemoI2NTXmTsBVtJqk8jxF9rh8ApRWfsIMQSt2uE4OcpQqbFu7f7NbTK05lx80nuSijCz7sc3a277R67g,Jesus man this game is amazing in a nutshell and this is for the devil fans I CAN DO ANYTHING,5,0,1.1.152,2022-08-06 10:18:25,,,1.1.152,gam18847,com.aidungeon
908c0a00-0152-4605-bec7-e8001e9e5d43,A Google user,https://play-lh.googleusercontent.com/EGemoI2NTXmTsBVtJqk8jxF9rh8ApRWfsIMQSt2uE4OcpQqbFu7f7NbTK05lx80nuSijCz7sc3a277R67g,It's fun and interesting. I just have one question. Where did it go? I can't open the app at all.,3,4,1.1.153,2022-08-08 19:29:29,Hey there! The Google Play App issue was fixed and the Android app should be working for all players. If youre still having trouble after this update please let us know. Thanks for your patience as we resolved this issue!,2022-08-17 14:48:00,1.1.153,gam17225,com.aidungeon
68da9768-f7af-4aa3-b26f-0a64a2196357,A Google user,https://play-lh.googleusercontent.com/EGemoI2NTXmTsBVtJqk8jxF9rh8ApRWfsIMQSt2uE4OcpQqbFu7f7NbTK05lx80nuSijCz7sc3a277R67g,Disappointed by the new update. It's difficult to navigate AI images take up too much space and it's slower than the free version usually is. Overall my love for this app has plummeted.,2,3,1.2.40,2023-11-09 15:57:53,,,1.2.40,gam3899,com.aidungeon
c9ab318c-8550-43c4-bdcb-b68caa768e38,A Google user,https://play-lh.googleusercontent.com/EGemoI2NTXmTsBVtJqk8jxF9rh8ApRWfsIMQSt2uE4OcpQqbFu7f7NbTK05lx80nuSijCz7sc3a277R67g,Ads stop me from doing anything I can't play it was good before ads ruined everything though it was fun while it lasted but I'm going to uninstall this now the issue has nothing to do with there being ads I don't mind having one pop up every few minutes but sometimes I literally can't even do anything ads prevent me from doing an action and there constant the app is not usable and that's why I am getting rid of it,1,3,1.1.145,2022-06-24 21:55:49,We've made some recent changes and improvements to AI Dungeon including our free-play experience. Actions are now unlimited for all players using our Griffin AI model :) Also other performance improvements were made. Learn more here: https://aidungeon.io/unchained.,2023-01-18 14:56:25,1.1.145,gam1812,com.aidungeon
95a987fe-64c2-48f3-94fa-d6c0a4c31535,A Google user,https://play-lh.googleusercontent.com/EGemoI2NTXmTsBVtJqk8jxF9rh8ApRWfsIMQSt2uE4OcpQqbFu7f7NbTK05lx80nuSijCz7sc3a277R67g,The new updates are incredibly confusing and just make the app way worse I wish they would've just stuck with what they had.,2,4,1.2.45,2023-11-28 14:33:36,AI Dungeon is now unchained! Recent changes in AI cost made it possible for us to provide all players with unlimited access to Griffin our base AI model. We hope you will try out the new and improved experience! Learn more at https://aidungeon.io/unchained.,2023-01-18 15:20:49,1.2.45,gam10085,com.aidungeon
cda61828-3027-4a8a-a037-cd1b03520ded,A Google user,https://play-lh.googleusercontent.com/EGemoI2NTXmTsBVtJqk8jxF9rh8ApRWfsIMQSt2uE4OcpQqbFu7f7NbTK05lx80nuSijCz7sc3a277R67g,Far better thanks to the lack of energy and the lack of intrusive ads. Monetization still remains but it's far more reasonable now than it was previously. Latitude redemption arc?,4,1,1.1.172,2023-02-21 10:04:16,,,1.1.172,gam8093,com.aidungeon
c49f5637-6d7f-416c-8929-d20dd196fd7a,A Google user,https://play-lh.googleusercontent.com/EGemoI2NTXmTsBVtJqk8jxF9rh8ApRWfsIMQSt2uE4OcpQqbFu7f7NbTK05lx80nuSijCz7sc3a277R67g,I don't ever leave reviews on apps but this has to be by far the best app I have ever owned. Although it gets confused occasionally it still gives creative and fun things.,5,0,1.1.178,2023-03-22 19:08:17,Thank you for your review! We are working on updates and will continue to improve the game :),2023-03-28 18:50:21,1.1.178,gam8133,com.aidungeon
47ca0bdb-78de-4fbb-88bd-dd047497ee73,A Google user,https://play-lh.googleusercontent.com/EGemoI2NTXmTsBVtJqk8jxF9rh8ApRWfsIMQSt2uE4OcpQqbFu7f7NbTK05lx80nuSijCz7sc3a277R67g,the responses are slow make it like it was before i guess they have fallen for greed it was best before . This is worse the ai is not generating any proper story it is mixing everything up. This app is broke. The startup loads a lot. Needs a large update for all the issues Edit uninstalled it for it is useless for me so many issues might download it when i hear an update is available,1,3,1.1.178,2023-05-14 07:26:52,,,1.1.178,gam2850,com.aidungeon
ed5cf0ea-97d1-4179-b500-4518ca289e42,A Google user,https://play-lh.googleusercontent.com/EGemoI2NTXmTsBVtJqk8jxF9rh8ApRWfsIMQSt2uE4OcpQqbFu7f7NbTK05lx80nuSijCz7sc3a277R67g,Good game but the AI seems to only remember a few lines back. I know that there's a remember box for context but the AI ignores what's in there sometimes and bases the next entry on what's been typed in the log.,3,0,1.1.133,2022-04-07 04:49:51,,,1.1.133,gam4750,com.aidungeon
d44bbb43-0197-418c-91d7-d56cb00105aa,A Google user,https://play-lh.googleusercontent.com/EGemoI2NTXmTsBVtJqk8jxF9rh8ApRWfsIMQSt2uE4OcpQqbFu7f7NbTK05lx80nuSijCz7sc3a277R67g,WILL NOT LOAD Is there anything to do to make it load faster? I'm on an HP chromebook is the software not compatible? Really looking forward to it but I can't give a good review IF IT WON'T LOAD this is not a hate comment just an annoyed comment I'm sure it's a great app :),1,0,1.1.134,2022-04-20 14:14:46,,,1.1.134,gam6683,com.aidungeon
06770ae6-bcf5-4b4c-889f-54b29de09363,A Google user,https://play-lh.googleusercontent.com/EGemoI2NTXmTsBVtJqk8jxF9rh8ApRWfsIMQSt2uE4OcpQqbFu7f7NbTK05lx80nuSijCz7sc3a277R67g,It's fun to mess with ai and test it. Fun game you can be really creative and the ai won't bug out. It well built game I don regret downloading it like other games.,3,0,1.1.63,2022-02-01 21:19:17,,,1.1.63,gam9687,com.aidungeon
06d77d11-e4b2-43bf-9f31-c2a431a025a1,A Google user,https://play-lh.googleusercontent.com/EGemoI2NTXmTsBVtJqk8jxF9rh8ApRWfsIMQSt2uE4OcpQqbFu7f7NbTK05lx80nuSijCz7sc3a277R67g,Getting better but need some improvements I often find myself refreshing the AI for a response that fits a bit better than whatever it generates usually doesn't take too many retries but the second issue is that there's no option to play no character and just let the story be generated which isn't bad on its own but would be fun to see overall this app is great and the free energy made me want to download this again hope to see more come out of this great potential and hopefully five stars soon,4,0,1.1.172,2023-01-02 11:08:55,Thank you for the favorable review and suggestions :) If you have any additional ideas on how we can improve please let us know at https://feedback.latitude.io/. The AI isn't perfect unfortunately. Our tools and tips can help! Learn more here: https://help.aidungeon.io/ai-dungeon-101 https://help.aidungeon.io/advanced.,2023-01-04 17:08:45,1.1.172,gam1567,com.aidungeon
a21e83ca-6643-43f8-a6de-6f7646ce6615,A Google user,https://play-lh.googleusercontent.com/EGemoI2NTXmTsBVtJqk8jxF9rh8ApRWfsIMQSt2uE4OcpQqbFu7f7NbTK05lx80nuSijCz7sc3a277R67g,One of the worst companies i've ever seen Countkess bad decisions in a row,1,3,1.1.147,2022-06-27 11:58:37,,,1.1.147,gam20501,com.aidungeon
be91a48a-385f-4c05-b976-367c1cd27bee,Aloma George,https://play-lh.googleusercontent.com/a/ACg8ocKEZB2Svppj9Bz-suh9T-sorQTVtVD-163AWPZYmVdorOnuHA=mo,It's a very good game. Update 3: I still can't access my character card thing that has the picture well I can access it it just doesn't let me see all the information on it basically not letting me scroll down if you could fix that I would appreciate it.,1,2,1.8.7,2024-09-16 15:56:08,We are on it! UPDATE: version 1.8.8 should solve this and is awaiting Google's approval. Hope it takes care of your woes,2024-09-16 16:19:12,1.8.7,gam29523,com.aisuccess.ai_game_master
a902fa8b-0463-42a8-8f2d-ae03cad20c50,A Google user,https://play-lh.googleusercontent.com/EGemoI2NTXmTsBVtJqk8jxF9rh8ApRWfsIMQSt2uE4OcpQqbFu7f7NbTK05lx80nuSijCz7sc3a277R67g,It's okay the $5 deal is not that bad honestly,3,0,1.1.119,2022-02-18 17:29:53,,,1.1.119,gam21703,com.aidungeon
d40dc3ba-3cfa-42c0-8841-2d44f3f72fde,A Google user,https://play-lh.googleusercontent.com/EGemoI2NTXmTsBVtJqk8jxF9rh8ApRWfsIMQSt2uE4OcpQqbFu7f7NbTK05lx80nuSijCz7sc3a277R67g,"Spent 3 hours trying to create a world nearly finished it but Couldn't change the default name. Instead there was a second UI to fill out twice the information again. Did that still couldn't change the name ""New World"" I figured I might've needed to do that before clicking the ""Worlds"" tab and selecting Create. Now I know why I gave up on this when it first released. Everything I wrote wasn't saved and I lost 3 hours of my lifespan. Thanks. AI really is the future very ""intelligent""",1,7,1.1.178,2023-06-18 18:55:38,We are sorry to hear about your recent experience and want to help! Please reach out to us at support@aidungeon.io. Our team is also working on a better design for our worlds feature.,2023-06-28 23:29:01,1.1.178,gam1452,com.aidungeon
03ca1ae9-2ca9-4154-adb9-b4c576914460,A Google user,https://play-lh.googleusercontent.com/EGemoI2NTXmTsBVtJqk8jxF9rh8ApRWfsIMQSt2uE4OcpQqbFu7f7NbTK05lx80nuSijCz7sc3a277R67g,I remember when you had so many actions. Now you have to pay like an entire checkings account just to get half an action. I miss the old AI dungeon. New version sucks absolutely donkey butt.,1,1,1.1.147,2022-07-06 05:56:02,,,1.1.147,gam8741,com.aidungeon
354bcdd5-4b2b-4004-bb9c-d2b132558ed5,Mickey Shot,https://play-lh.googleusercontent.com/a/ACg8ocIuXEfpfEPQUodODzlXCwa8YaX7nNB5UrqckZnQW6jzg1M__A=mo,I'm enjoying this game so far I wish you could have more interactions but since it's free I can't complain and the UI is easy to use.,4,0,1.7.7,2024-07-05 10:37:34,Thanks for your feedback! We wish we could offer more interactions but as a small team we need to balance the costs of maintaining and developing the AI. We appreciate your understanding!,2024-07-07 03:51:26,1.7.7,gam29671,com.aisuccess.ai_game_master
7e7fb3b5-bd06-4542-a94a-8101cad819b4,A Google user,https://play-lh.googleusercontent.com/EGemoI2NTXmTsBVtJqk8jxF9rh8ApRWfsIMQSt2uE4OcpQqbFu7f7NbTK05lx80nuSijCz7sc3a277R67g,Glitchy as hell now. I've been using this app for a few years and the bugs only multiply over time. Stories refuse to load or outright crash the paywall is ridiculous and it's sad to see it lose all that potential. Hope the devs fix the bugs instead of making more paywall content.,3,2,1.1.118,2022-01-20 15:12:16,,,1.1.118,gam3048,com.aidungeon
cca4b5ba-a56d-4bf2-99bb-bf721fa3f22b,A Google user,https://play-lh.googleusercontent.com/EGemoI2NTXmTsBVtJqk8jxF9rh8ApRWfsIMQSt2uE4OcpQqbFu7f7NbTK05lx80nuSijCz7sc3a277R67g,The app is absolutely awesome and I love almost everything about it yes the ads can be annoying at times but I see it as tolerable I can live with it the AI is great and idk why people are complaining sure it was fine before but it's better than having to buy the energy to play so just- live with it seriously I like this app just the same as before!!,4,0,,2022-10-06 19:31:14,Elijah! Thank you for your review! Glad you are enjoying AI Dungeon. We will continue to make improvements to the game :) If you have any feedback or suggestions on how we can improve your experience we would love to hear them: https://feedback.latitude.io/. We appreciate your support!,2022-10-21 22:14:12,,gam2169,com.aidungeon
28bd3fd5-7bb1-47bc-9806-ab9388bbc67b,A Google user,https://play-lh.googleusercontent.com/EGemoI2NTXmTsBVtJqk8jxF9rh8ApRWfsIMQSt2uE4OcpQqbFu7f7NbTK05lx80nuSijCz7sc3a277R67g,Great you can type anything and the ai will make a story,5,0,1.1.108,2022-01-20 12:45:02,,,1.1.108,gam21196,com.aidungeon
31329e14-f016-424f-96d4-461ab0c389b8,A Google user,https://play-lh.googleusercontent.com/EGemoI2NTXmTsBVtJqk8jxF9rh8ApRWfsIMQSt2uE4OcpQqbFu7f7NbTK05lx80nuSijCz7sc3a277R67g,First you need a account to play and after that the ai is pretty bad. The load times are pretty long and it fails on prompts too Untill this app gets better I recommend just using Chat GPT as its smarter gives longer prompts and is basically instant,3,0,1.1.177,2023-03-04 00:11:41,Hey there! You can play without an account when you first start the game; for more information on why we require an account go to https://help.aidungeon.io/faq/why-do-i-need-an-account-to-play. We are happy to look into any issues you are experiencing; reach out to us at support@aidungeon.io. Thanks!,2023-03-04 21:52:11,1.1.177,gam5854,com.aidungeon
fc8ffd0a-7f0c-426b-bcf6-9037233b9e2d,A Google user,https://play-lh.googleusercontent.com/EGemoI2NTXmTsBVtJqk8jxF9rh8ApRWfsIMQSt2uE4OcpQqbFu7f7NbTK05lx80nuSijCz7sc3a277R67g,i decide to install this app again after a few months and the improvements is HUGE!!! it was a good app now its getting better! good job!,5,0,,2024-04-17 06:22:06,,,,gam10548,com.aidungeon
81fb74c2-5bcd-4ead-96f6-9649fb8f3bcb,A Google user,https://play-lh.googleusercontent.com/EGemoI2NTXmTsBVtJqk8jxF9rh8ApRWfsIMQSt2uE4OcpQqbFu7f7NbTK05lx80nuSijCz7sc3a277R67g,I like AI Dungeon but the older version was just straight up better and less restrictive. At least back then AI took everything I said literally. Now it just keeps taking control over what I do and say. It's a pain to actually use. No matter what I try the AI will do what it wants. Until they make it better it'll have a 2 star rating from me.,2,1,1.1.6,2024-09-05 22:50:21,,,1.1.6,gam1957,com.aidungeon
0ad72e6d-372b-446e-a5d9-6eb8670ce420,A Google user,https://play-lh.googleusercontent.com/EGemoI2NTXmTsBVtJqk8jxF9rh8ApRWfsIMQSt2uE4OcpQqbFu7f7NbTK05lx80nuSijCz7sc3a277R67g,Entering the app is kinda slow but its completely fine!,4,0,1.1.147,2022-06-28 18:02:29,,,1.1.147,gam14222,com.aidungeon
b7eacd3a-e045-45f7-a951-24491eeb333c,A Google user,https://play-lh.googleusercontent.com/EGemoI2NTXmTsBVtJqk8jxF9rh8ApRWfsIMQSt2uE4OcpQqbFu7f7NbTK05lx80nuSijCz7sc3a277R67g,I would rate it 4 stars because the AI is getting stable but I would tag it as 3 because of the energy system. I think the devs should look to Gacha games on how they work on action points. The players of gacha games can recover action points either through watching ads or waiting the AP bar to be full by the day.,3,0,1.1.151,2022-08-08 00:34:07,Great news! We released a new update called Unchained. Ads no longer inhibit gameplay; all players have unlimited access to our base AI model (Griffin). Learn more at https://aidungeon.io/unchained :),2023-01-12 18:25:31,1.1.151,gam6497,com.aidungeon
6be54f12-db8c-4d8e-9dd3-83b2341304ef,_장원영,https://play-lh.googleusercontent.com/a-/ALV-UjUM3DivvJr26rMwtbJtNY6z4j4MG3jatha4c7PwwZ_yuRA_4Srn,I want to give this a five star but the only thing is that you need to pay in this app for a better experience but overall it's very good ^^,4,0,,2022-08-15 07:30:19,_ thank you for your feedback warm words and understanding!,2022-08-15 08:53:54,,gam296,com.feynmanapps.aitales
715d6d9c-0b93-41c6-be24-c140157ad7ca,A Google user,https://play-lh.googleusercontent.com/EGemoI2NTXmTsBVtJqk8jxF9rh8ApRWfsIMQSt2uE4OcpQqbFu7f7NbTK05lx80nuSijCz7sc3a277R67g,The AI is really cool how it works but the app is extremely buggy. Like other users have mentioned just changing to another app requires a re launching of the adventure which can be quite slow and really kills the momentum. Sometimes the app doesn't load properly when you start it and just hangs on a black screen after the initial loading bar. So much potential but the technical aspects outside of the AI need a lot of work.,3,5,,2024-05-24 17:46:44,,,,gam521,com.aidungeon
55fcb59d-5572-4024-89b4-0d1913da5721,A Google user,https://play-lh.googleusercontent.com/EGemoI2NTXmTsBVtJqk8jxF9rh8ApRWfsIMQSt2uE4OcpQqbFu7f7NbTK05lx80nuSijCz7sc3a277R67g,I previously had posted a negative review for this game due to some major problems I had with it but ever since the game has taken a turn for the better. Sure the ai is frustratingly uncreative at times but I can say for sure that it has slowly been taking steps to reclaim its former glory.,3,1,1.1.136,2022-05-20 15:58:04,Hi Alexermon thank you for the feedback! We appreciate your input as a long-time player and for familiarizing yourself with all the features and updates. If there are any specific areas of improvement that you'd like to see then please share them in the Feature Request forum in feedback.latitude.io. Thank you!,2022-05-20 17:05:33,1.1.136,gam2911,com.aidungeon
06f77752-cb17-44dd-8378-6855098bfdb4,A Google user,https://play-lh.googleusercontent.com/EGemoI2NTXmTsBVtJqk8jxF9rh8ApRWfsIMQSt2uE4OcpQqbFu7f7NbTK05lx80nuSijCz7sc3a277R67g,App won't install. Other apps on play store install just fine. This one downloads then says unable to install. You might want to talk to Google.,1,1,,2022-08-09 09:55:57,Thanks for the review Marcus! We are aware of an issue with the Android App where the icon displays incorrectly for some users' devices. We have a new build Google is currently reviewing and which we hope will be live for all users in the next day or so. We appreciate your patience!,2022-08-09 14:06:19,,gam10005,com.aidungeon
ca944da5-e4ff-431a-ab62-26abbfcad3c2,A Google user,https://play-lh.googleusercontent.com/EGemoI2NTXmTsBVtJqk8jxF9rh8ApRWfsIMQSt2uE4OcpQqbFu7f7NbTK05lx80nuSijCz7sc3a277R67g,The game is suddenly broken again. For some reason when I type in a command it won't send it in. When I try to edit something I write it in click enter and it doesn't edit it. It won't enter in anything. Plz fix.,5,1,1.1.145,2022-06-20 17:33:08,Hi Jezzie! Are you still running into this issue? Its possible other users have already reported this issue at http://bugs.aidungeon.io/ your help in logging this and other issues is appreciated!,2022-06-24 16:34:30,1.1.145,gam10779,com.aidungeon
2e4ab135-5a7b-4863-b4b3-32d6be85191c,A Google user,https://play-lh.googleusercontent.com/EGemoI2NTXmTsBVtJqk8jxF9rh8ApRWfsIMQSt2uE4OcpQqbFu7f7NbTK05lx80nuSijCz7sc3a277R67g,Wonderful app. Monetisation and throughput limits (ie energy bar) are a bit much but the AI is responsive and surprisingly intelligent. Works great as a co-writing tool or as a gap filler for quiet periods. Requires an internet connection to connect to the AI though so keep that in mind. All in all worth your time to try.,4,12,1.1.139,2022-06-08 00:50:44,AI Dungeon is now unchained! Recent changes in AI cost made it possible for us to provide all players with unlimited access to Griffin our base AI model. We hope you will try out the new and improved experience! Learn more at https://aidungeon.io/unchained.,2023-01-18 17:09:55,1.1.139,gam3263,com.aidungeon
b45e1e98-f21b-4c55-bdfb-9784e2138dc3,A Google user,https://play-lh.googleusercontent.com/EGemoI2NTXmTsBVtJqk8jxF9rh8ApRWfsIMQSt2uE4OcpQqbFu7f7NbTK05lx80nuSijCz7sc3a277R67g,I like the game got addicted the first time I played and I enjoyed it alot .BUT BOY!! these updates have made my experience bad and laggy and glithy sometimes even the restart button doesn't work and I waste alot of actions it used to be a five star but boy!! I cannot even enjoy that much due to bugs glitchy gameplay and laggy playstyle this has become a worse and worse game sure I don't mind the ad thing but boy!! I cannot with the bugs lagging and glitchy gameplay over time I cannot enjoy it,2,2,1.1.167,2022-09-04 06:34:01,Please try out our newest update called Unchained! Free play allows for unlimited actions on our base AI model (Griffin). Learn more at https://aidungeon.io/unchained. Weve also made other performance improvements with more planned for the future :) Reach out to us at support@aidungeon.io if you have any additional concerns happy to help.,2023-01-11 10:54:10,1.1.167,gam2535,com.aidungeon
7a90afee-958d-469c-9d5a-98a3c01ed07e,A Google user,https://play-lh.googleusercontent.com/EGemoI2NTXmTsBVtJqk8jxF9rh8ApRWfsIMQSt2uE4OcpQqbFu7f7NbTK05lx80nuSijCz7sc3a277R67g,this game was a 5 star before but now the loading is kinda bad,3,1,,2022-09-25 04:00:17,Hey there! We would love to look into any issues you might be experiencing. Please reach out to us at support@aidungeon.io.,2023-01-06 15:20:15,,gam16952,com.aidungeon
44efab52-177c-43b3-ae5d-0eec4eb7b865,A Google user,https://play-lh.googleusercontent.com/EGemoI2NTXmTsBVtJqk8jxF9rh8ApRWfsIMQSt2uE4OcpQqbFu7f7NbTK05lx80nuSijCz7sc3a277R67g,Forced me to create a new account cant access my old one,1,3,1.1.119,2022-03-16 16:52:56,Hi we're sorry to see you're having problems signing into the game. If you contact us at support@latitude.io we'll help you out with this.,2022-03-17 11:43:48,1.1.119,gam20486,com.aidungeon
6ee33078-1211-457d-b260-eb6984187850,A Google user,https://play-lh.googleusercontent.com/EGemoI2NTXmTsBVtJqk8jxF9rh8ApRWfsIMQSt2uE4OcpQqbFu7f7NbTK05lx80nuSijCz7sc3a277R67g,With every update it just gets worse and worse. Don't waste your time even if you like something now it will be made worse later or put behind a steep pay wall ($150 a year) and if you don't wanna pay for that you get ads on top of an ai that doesn't even work anymore. I get that companies have to make money. There are better ways to do it than this.,1,6,1.1.63,2022-06-19 05:43:28,AI Dungeon is now unchained! Recent changes in AI cost made it possible for us to provide all players with unlimited access to Griffin our base AI model. We hope you will try out the new and improved experience! Learn more at https://aidungeon.io/unchained.,2023-01-18 16:05:53,1.1.63,gam4668,com.aidungeon
33a8d974-0b3f-4e5c-a19c-79c612082b9b,A Google user,https://play-lh.googleusercontent.com/EGemoI2NTXmTsBVtJqk8jxF9rh8ApRWfsIMQSt2uE4OcpQqbFu7f7NbTK05lx80nuSijCz7sc3a277R67g,I can't deal with playing this game anymore. I know that the ads are used to help pay to keep the game free but you can't get through a few setences or actions withount being forced to view one. It's so annoying and it's even worse because it seems like you have to constantly regenerate the sentence the ai makes or rewrite it yourself because the Ai is sometimes extremely dumb and doesn't know what it's doing. So that with the ads makes it so unplayable for me.,1,8,,2022-07-08 02:32:54,We want all of our players to have a fantastic experience with our game. This is why we've been working so hard to find ways to reduce AI costs and can now offer all players gameplay uninterrupted by ads. Hope you enjoy the update and unlimited actions :) Let us know if you have any feedback at https://feedback.latitude.io/.,2023-01-14 14:31:32,,gam687,com.aidungeon
8a35d578-f420-4aac-ae7a-9f54fcdcacc0,A Google user,https://play-lh.googleusercontent.com/EGemoI2NTXmTsBVtJqk8jxF9rh8ApRWfsIMQSt2uE4OcpQqbFu7f7NbTK05lx80nuSijCz7sc3a277R67g,Ignore the ratings. It's most unique and interesting game Outta here. It's not pay to win type game only some features are premium. But except that you can enjoy full game for free!,5,13,1.1.108,2022-01-10 00:45:30,,,1.1.108,gam8593,com.aidungeon
1925d0a2-43ad-42b1-9c00-9ca1aca193d2,Jamison Burnett,https://play-lh.googleusercontent.com/a/ACg8ocIvlJMt_2vt8EB8lfJoDxSFoKcBwvxU43ypL0VY1vqYZuWlZQ=mo,I really love the game but it's been a week or so and I've tried everything but it won't give me my daily tokens. (This is an edit) I uninstalled and reinstalled it and now i can't start an adventure and neither of my previous adventures are showing up if any has experienced this how do i fix it?,3,2,1.7.2,2024-06-05 12:23:04,I'm glad to hear you love the game but I'm sorry you're having trouble with the tokens and adventures. The free daily tokens are limited to a total of 25 after which they need to be purchased.,2024-06-13 07:17:56,1.7.2,gam29478,com.aisuccess.ai_game_master
dc23b21b-6fc4-4cac-8c03-5ada015337ef,A Google user,https://play-lh.googleusercontent.com/EGemoI2NTXmTsBVtJqk8jxF9rh8ApRWfsIMQSt2uE4OcpQqbFu7f7NbTK05lx80nuSijCz7sc3a277R67g,Love the new ui,5,0,1.1.178,2024-01-18 15:52:48,,,1.1.178,gam24656,com.aidungeon
549d765f-b82c-4989-8ae5-fd64b22b0f1a,A Google user,https://play-lh.googleusercontent.com/EGemoI2NTXmTsBVtJqk8jxF9rh8ApRWfsIMQSt2uE4OcpQqbFu7f7NbTK05lx80nuSijCz7sc3a277R67g,"OK it's still staying at three because it is a genuine AI but it's gotten worse! I used to be able to do one scenario for almost two days now it's not even a day before the AI has completely forgotten a very simple plot and the biggest problem yet. Starts repeating itself e.g ""He eats the ice-cream cream and looks at me. I eat the ice-cream and look at him he eats the ice-cream and looks as me.""",3,1,1.1.178,2023-05-18 17:40:19,,,1.1.178,gam4136,com.aidungeon
b52ed862-3438-446c-a0f1-0b5aea71893b,A Google user,https://play-lh.googleusercontent.com/EGemoI2NTXmTsBVtJqk8jxF9rh8ApRWfsIMQSt2uE4OcpQqbFu7f7NbTK05lx80nuSijCz7sc3a277R67g,This is a downgrade from what I remember it to be. Still giving 3 stars for the really fun memories I had with my cousins in multilplayer long ago.,3,1,1.1.172,2022-12-25 22:47:23,We appreciate your review! Please let us know if there is anything we can do to help you have a 5-star experience :) Feel free to reach out to us at support@aidungeon.io or leave us feedback here: https://feedback.latitude.io/.,2023-01-04 23:10:54,1.1.172,gam9990,com.aidungeon
da25354c-6ddf-4e15-bbc4-b54da08333ea,A Google user,https://play-lh.googleusercontent.com/EGemoI2NTXmTsBVtJqk8jxF9rh8ApRWfsIMQSt2uE4OcpQqbFu7f7NbTK05lx80nuSijCz7sc3a277R67g,I have to say I'm impressed with how the ai has improved. Its alot more fun although I did get bored of it but that's just me. Good app 3.75 stars but I'll give it a 4.,4,0,1.1.178,2023-09-05 12:16:24,,,1.1.178,gam11125,com.aidungeon
744fbdca-b438-40c0-a73c-605164cb5551,jesper johansson,https://play-lh.googleusercontent.com/a/ACg8ocJ0HAcPjI2zuuo-W8SuxtBCojnOgC-xo7oIPCUV4O3l63BilQ=mo,Well the AI is good but the censoring is not something for me. But that you got to chat with your phone on the side is just stupid and anoying. It makes scense if you play a video game but not for typing! Its a pain and takes for ever if you got a big phone. Need a pen if you realy wanna chat.,2,1,1.0.4,2024-05-08 03:33:39,,,1.0.4,gam29449,com.compy.Beast
9d6aaa1e-c0b4-4879-bff0-c18ebb4917dc,A Google user,https://play-lh.googleusercontent.com/EGemoI2NTXmTsBVtJqk8jxF9rh8ApRWfsIMQSt2uE4OcpQqbFu7f7NbTK05lx80nuSijCz7sc3a277R67g,I like that I can interact without having to pay it's really cool would recommend you give it a try,5,0,1.2.66,2024-08-04 01:12:23,,,1.2.66,gam3174,com.aidungeon
ac65946a-0c43-48bc-b890-6fc90a5851f4,Sabastion Wescott,https://play-lh.googleusercontent.com/a-/ALV-UjVzGo_94bSb0zAn8NorNFY4o4F8f-8VA9HCjURdeNxMk1pICEM9,Got to argue with an ancient deity. 10/10 would play again,5,0,2.4.2,2023-03-24 14:01:58,Thank you Clown! We're preparing a lot of cool stuff. Stay tuned!,2023-03-24 14:08:28,2.4.2,gam392,com.feynmanapps.aitales
28856e2f-0e40-4895-a8ea-e8f516a0fd29,A Google user,https://play-lh.googleusercontent.com/EGemoI2NTXmTsBVtJqk8jxF9rh8ApRWfsIMQSt2uE4OcpQqbFu7f7NbTK05lx80nuSijCz7sc3a277R67g,I was a long time user of this app it used to be the best but as soon as they added that stupid energy to generate responses update the whole app went downhill. The app is no longer enjoyable and I wish they'd just revert it back to how it used to be I am thoughly disappointed with what the people working on this app they have unfortunately made their app basically a void of what it used to be. This truly is a rating I never wished to make but this app is truly the bottom of the barrel now,1,2,1.2.47,2024-01-09 18:16:12,,,1.2.47,gam6973,com.aidungeon
157d8710-fa24-41ba-8afb-abf12783b49c,A Google user,https://play-lh.googleusercontent.com/EGemoI2NTXmTsBVtJqk8jxF9rh8ApRWfsIMQSt2uE4OcpQqbFu7f7NbTK05lx80nuSijCz7sc3a277R67g,The update ruined it. The ui is trash. The ai is still too repetitive (even as a member). Certain things just don't work. It looks nicer but it's slower more clunky and borderline painful to use.,1,3,1.2.45,2023-11-30 08:30:38,,,1.2.45,gam6057,com.aidungeon
7f86d5f4-a584-4c2c-9083-a5ea42dec7fe,Acatwithadoughnut,https://play-lh.googleusercontent.com/a-/ALV-UjV4zWoDYtGLS_3Sitdb8458Xs2juDLrBqcDmzx91KshgCNziqI,great ai but just 1 problem you only gain 5 coins a day (you spend 1 per turn) which is hardly enough i realise its for enticing to buy the monthly subscriptions or coins but it might be better if you could get more than 5 things to say,4,0,1.7.3,2024-06-09 23:36:11,Hi there Thank you for your feedback and for appreciating the AI. We understand your concern about the limited number of daily coins. As a small team we need to balance providing a free experience with covering the costs of developing and maintaining the game.,2024-06-10 11:01:48,1.7.3,gam29634,com.aisuccess.ai_game_master
5f3705a8-0e1b-4838-a800-1b14245a1b67,A Google user,https://play-lh.googleusercontent.com/EGemoI2NTXmTsBVtJqk8jxF9rh8ApRWfsIMQSt2uE4OcpQqbFu7f7NbTK05lx80nuSijCz7sc3a277R67g,A little hard to figure out at first but extremely fun once you get the hang of it. Being able to diktate the story go along for the ride or mix it up to your liking is really cool. This is a must try if you like adventure,5,0,1.1.178,2023-09-05 04:48:47,,,1.1.178,gam6021,com.aidungeon
188275a0-aa6a-4807-98d1-d9ad978bbc89,A Google user,https://play-lh.googleusercontent.com/EGemoI2NTXmTsBVtJqk8jxF9rh8ApRWfsIMQSt2uE4OcpQqbFu7f7NbTK05lx80nuSijCz7sc3a277R67g,It's a little better now.,5,0,1.1.172,2022-11-10 00:49:38,Glad things are working better for you now Kayden! If you have any feedback or suggestions on how we can improve please let us know at https://feedback.latitude.io/.,2022-12-01 22:06:26,1.1.172,gam24509,com.aidungeon
abd6fcda-f627-4672-ba79-d1ed3d519bbd,Ido Kane,https://play-lh.googleusercontent.com/a/ACg8ocK7T_7F7Uqhx1JT7zf5UgD_49P0zWf8DkLYIfH3L3MttbTZ7w=mo,i cant move from the first page of intro. nothing to click to progress it. (Now I can play it thanks a lot),5,2,2.7.9,2024-04-25 20:44:10,Hi Ido Kane it looks like this is a bug in our latest update. We'll release a patch today. Please stay tuned! Update: We fixed it please update to the latest 2.7.9 version. Pls write to us is the bug gone? Update2: Great Ido! Enjoy!,2024-04-26 01:40:40,2.7.9,gam81,com.feynmanapps.aitales
cb023711-6ab0-4523-9f04-be9fcc7f9761,A Google user,https://play-lh.googleusercontent.com/EGemoI2NTXmTsBVtJqk8jxF9rh8ApRWfsIMQSt2uE4OcpQqbFu7f7NbTK05lx80nuSijCz7sc3a277R67g,Just doesn't work I had to write some words to make it yell me what happened needs more work on,1,1,,2023-10-20 14:00:03,We want to better understand this issue you encountered; please reach out to us at support@aidungeon.com. Thanks!,2023-10-26 13:48:20,,gam16387,com.aidungeon
ba35a7e1-fc48-483a-8d0b-51a3c92dc0fc,A Google user,https://play-lh.googleusercontent.com/EGemoI2NTXmTsBVtJqk8jxF9rh8ApRWfsIMQSt2uE4OcpQqbFu7f7NbTK05lx80nuSijCz7sc3a277R67g,This app has a very unique community.,3,1,1.1.119,2022-01-24 00:56:39,,,1.1.119,gam21799,com.aidungeon
16679031-7d2f-45dd-b7d3-7b4fd7d6db29,Mo Ar,https://play-lh.googleusercontent.com/a-/ALV-UjVUnx4gB6G2HU4Lkz58Dw5fxTRbpe845oofw5ILzNWBiCTSwbSx,Amazing concept. the pay to play aspect of it destroys the potential for something greater.,3,0,1.6.2,2024-05-05 08:30:05,Thanks for sharing your thoughts. Were a small self-funded team so the pay-to-play system helps us cover the high costs of premium AI like GPT-4. We're dedicated to making the game the best it can be while keeping things sustainable. Your support means a lot and we're grateful you're enjoying the concept.,2024-05-07 02:22:17,1.6.2,gam29724,com.aisuccess.ai_game_master
d0c8cb9d-8200-4afb-8b36-964418a6897d,A Google user,https://play-lh.googleusercontent.com/EGemoI2NTXmTsBVtJqk8jxF9rh8ApRWfsIMQSt2uE4OcpQqbFu7f7NbTK05lx80nuSijCz7sc3a277R67g,Incredible! My only problem is not enough people know about this! It's amazing!,5,0,,2023-02-16 15:24:46,Spread the word :) We really appreciate your review and support. If you have any feedback or suggestions on how we can improve please let us know at https://feedback.latitude.io/.,2023-02-16 18:40:24,,gam14635,com.aidungeon
a2ed49cd-0951-45f4-98dd-900f818e32e2,A Google user,https://play-lh.googleusercontent.com/EGemoI2NTXmTsBVtJqk8jxF9rh8ApRWfsIMQSt2uE4OcpQqbFu7f7NbTK05lx80nuSijCz7sc3a277R67g,It ruined my day didn't want to sleep.,5,1,1.1.178,2023-08-08 05:36:23,,,1.1.178,gam22763,com.aidungeon
e0596b89-76f0-4d6a-b803-9401fe28783b,A Google user,https://play-lh.googleusercontent.com/EGemoI2NTXmTsBVtJqk8jxF9rh8ApRWfsIMQSt2uE4OcpQqbFu7f7NbTK05lx80nuSijCz7sc3a277R67g,Literally cannot open the app it just takes me to the app options to uninstall or force stop. Bruh. Respectfully.,1,2,1.1.153,2022-08-07 10:37:56,,,1.1.153,gam12191,com.aidungeon
8631093c-136b-4ce0-a0c2-e20b5b388b33,A Google user,https://play-lh.googleusercontent.com/EGemoI2NTXmTsBVtJqk8jxF9rh8ApRWfsIMQSt2uE4OcpQqbFu7f7NbTK05lx80nuSijCz7sc3a277R67g,I'm not even able to use the pin feature or make selections in game anymore with how they've updated the text bar. They've added a 2d ai image creator but can't make their original game work. Go back to the original design for the text bar or make it usable at least.,1,0,1.1.108,2022-01-10 18:19:58,Thanks for sharing your feedback with us. We'd love to hear more - please reach out to us at support@aidungeon.io,2022-01-11 13:10:09,1.1.108,gam4082,com.aidungeon
9075ffc1-08cc-44da-9626-b8a2e71ec17c,A Google user,https://play-lh.googleusercontent.com/EGemoI2NTXmTsBVtJqk8jxF9rh8ApRWfsIMQSt2uE4OcpQqbFu7f7NbTK05lx80nuSijCz7sc3a277R67g,"It's alright when you forget what it used to be like only issue rn is that the new updated ad system isn't loading ads so I'm stuck on the ""loading"" for like a few minutes even then it doesn't load properly. I checked my wifi and have full bars when loading them too",3,1,1.1.147,2022-07-07 08:05:08,Ads no longer interrupt gameplay; all players have unlimited actions to our base AI model. Learn more at https://aidungeon.io/unchained. If you have any feedback or suggestions on how we can improve please let us know at https://feedback.latitude.io/.,2023-01-14 14:48:28,1.1.147,gam4277,com.aidungeon
e6ffa7c4-740d-4bc2-8141-a5bf92efa07c,A Google user,https://play-lh.googleusercontent.com/EGemoI2NTXmTsBVtJqk8jxF9rh8ApRWfsIMQSt2uE4OcpQqbFu7f7NbTK05lx80nuSijCz7sc3a277R67g,"Yeah I'm not liking the energy bar thing. It takes away the joy of using this app as I'm constantly worrying about how many more actions I can take. Update: the ads are even worse imo ^^"" Anyway my problem is that lately it's taking double actions on it's own and undo the wrong actions it's just a mess it's ruining the story",1,3,1.1.147,2022-06-26 06:53:45,Free play is now an unlimited experience! Ads no longer interrupt gameplay; all players have unlimited actions when using Griffin (our base AI model). Learn more at https://aidungeon.io/unchained. We will continue to improve our model and overall game experience. Stay tuned for more exciting updates :),2023-01-18 14:40:34,1.1.147,gam2621,com.aidungeon
a7dcaee8-66c1-4548-b539-e802eee0bd6a,A Google user,https://play-lh.googleusercontent.com/EGemoI2NTXmTsBVtJqk8jxF9rh8ApRWfsIMQSt2uE4OcpQqbFu7f7NbTK05lx80nuSijCz7sc3a277R67g,"To whomever it may concern I love this game as a author. It gives me inspiration when I have writers block lately! But my only complaints are that I hope the AI will be upgraded soon for more variety I'm getting similar answers when I hit retry/redo. And it's been freezing on ""Downloading package.."" at title screen. I cannot get in the app lately.. please fix!!!",4,6,1.1.108,2022-01-18 04:33:45,,,1.1.108,gam2812,com.aidungeon
73449067-81b9-48df-92b2-67bee7594086,A Google user,https://play-lh.googleusercontent.com/EGemoI2NTXmTsBVtJqk8jxF9rh8ApRWfsIMQSt2uE4OcpQqbFu7f7NbTK05lx80nuSijCz7sc3a277R67g,In all honesty this game is a masterpiece. Despite the lesser reviews I thoroughly enjoy playing this game. There aren't even any ads! I stopped playing this game awhile ago due to some old updates that prevented certain child predatory story playing abilities (as the should be blocked) from occurring which overall prevented gameplay but all that is fixed now. Anyway you can create amazing stories with this game. The options provided by the AI itself are great descriptive and intriguing! :),5,5,1.1.108,2022-01-09 20:40:21,,,1.1.108,gam4043,com.aidungeon
ba285b1b-cb17-4927-9c95-d49719759d93,A Google user,https://play-lh.googleusercontent.com/EGemoI2NTXmTsBVtJqk8jxF9rh8ApRWfsIMQSt2uE4OcpQqbFu7f7NbTK05lx80nuSijCz7sc3a277R67g,Now I enjoy the experience. The easy free access to a mostly reliable AI is wonderful! There are still glitches and grammatical errors but nothing unforgivable or fixable with a few retries or retypes. I enjoy being able to create personal experiences without having to share. I forgot to update my review after the update. I wrote my last review in pure frustration because the game had bad update after bad update before. Great improvements since!,4,2,1.1.172,2023-01-18 11:57:31,Great news! We released a new update called Unchained. Ads no longer inhibit gameplay; all players have unlimited access to our base AI model (Griffin). Learn more at https://aidungeon.io/unchained :),2023-01-18 10:44:58,1.1.172,gam1342,com.aidungeon
f737c7c7-c901-4d9b-b95b-8fa40650f447,A Google user,https://play-lh.googleusercontent.com/EGemoI2NTXmTsBVtJqk8jxF9rh8ApRWfsIMQSt2uE4OcpQqbFu7f7NbTK05lx80nuSijCz7sc3a277R67g,Game feels utterly devoid of the fun interactions you were able to get before. If you want a good expetience you are basically forced to pay for better AI models. Don't even get me started on the mess that is the redesign. BS minimalist approach without any of the pros of it. Just utterly confusing and frustrating to navigate.,1,71,1.2.45,2023-12-01 08:59:45,,,1.2.45,gam2665,com.aidungeon
4bd55af8-60f5-4d74-ae74-a383e471a9f1,A Google user,https://play-lh.googleusercontent.com/EGemoI2NTXmTsBVtJqk8jxF9rh8ApRWfsIMQSt2uE4OcpQqbFu7f7NbTK05lx80nuSijCz7sc3a277R67g,I loved this game it was amazing i had it for a year. I would have given five stars but unfortunately when i recently updatedo the game it logged me out of my account. It said my gmail account was unvaild and i couldn't get it back. This has not happened just once now it's been multiple times. I can no longer make a new account due to the fact it'll log me out and prevent me from getting it back. Please fix this or i may have to say goodbye.,1,30,1.1.130,2022-03-22 02:14:11,Hey Gacha if you're still running into login issues then please email support@aidungeon.io and we'll do our best to help you from there. Thank you!,2022-03-25 15:58:44,1.1.130,gam6669,com.aidungeon
3d6a55cd-f129-48d5-a993-cf92e8994fa1,A Google user,https://play-lh.googleusercontent.com/EGemoI2NTXmTsBVtJqk8jxF9rh8ApRWfsIMQSt2uE4OcpQqbFu7f7NbTK05lx80nuSijCz7sc3a277R67g,Definitely better without the ad system but it's still hard to generate interesting stories with the base model. I'm sure the premium systems work well but I can't tell personally.,4,1,1.2.40,2023-11-10 00:57:36,Great news! We released a new update called Unchained. Ads no longer inhibit gameplay; all players have unlimited access to our base AI model (Griffin). Learn more at https://aidungeon.io/unchained :),2023-01-12 18:09:55,1.2.40,gam5401,com.aidungeon
1121f5b8-56d5-46d3-a60c-1c2ff02d59eb,Kim Ymata,https://play-lh.googleusercontent.com/a/ACg8ocL24WVPaazuuzlf6ksJykl_bMxeruhOcfOt8sBCddAoFbbrZA=mo,The concept and gameplay is super good! definitely one of the best adventure ai type games I've played! 10 out of 10! I loved it!,5,1,2.109,2024-07-11 12:40:48,Thank you Kim! We are very glad that you liked the game and you have such a pleasant feeling! Soon the game will be even cooler we are working on a big update,2024-07-11 14:05:36,2.109,gam53,com.feynmanapps.aitales
6c3e14e2-0db2-49af-a33f-2bf0dcc41974,A Google user,https://play-lh.googleusercontent.com/EGemoI2NTXmTsBVtJqk8jxF9rh8ApRWfsIMQSt2uE4OcpQqbFu7f7NbTK05lx80nuSijCz7sc3a277R67g,Been enjoying this quite a bit but ran into an error. Error continuing story: error for version llama-2-13b-mythomax-1.1.1 model request failed. Hopefully it gets fixed and I'll adjust my rating. Sucks to put time into a story and make progress just to get stopped abruptly. Edited: thanks the issue has been resolved and running strong,5,5,1.2.69,2024-09-12 15:56:04,Hey there! This issue should be resolved now. Please try again and contact us at support@aidungeon.com if you still need help.,2024-08-06 22:49:51,1.2.69,gam1865,com.aidungeon
b9d4c511-768f-4ce7-820d-9c929bd98dc6,A Google user,https://play-lh.googleusercontent.com/EGemoI2NTXmTsBVtJqk8jxF9rh8ApRWfsIMQSt2uE4OcpQqbFu7f7NbTK05lx80nuSijCz7sc3a277R67g,good ai makes semi-consistent stories but I'd feel more comfortable utilizing this app if the AI art was less to non-existent.,4,0,1.1.172,2023-02-13 01:52:43,"Hey there! You don't have to use AI Art. You can also use our cache of pixel images or choose not to use the ""see"" function. If you have any questions or concerns please reach out to us at support@aidungeon.io. Thanks!",2023-02-17 17:31:10,1.1.172,gam9329,com.aidungeon
1e8bccf1-1575-4cda-8a01-925ab488eb5d,A Google user,https://play-lh.googleusercontent.com/EGemoI2NTXmTsBVtJqk8jxF9rh8ApRWfsIMQSt2uE4OcpQqbFu7f7NbTK05lx80nuSijCz7sc3a277R67g,so I'm going to rate this 4 because I like the app I downloaded this a year or 2 years ago and deleted it now I'm re installing it but the ratings are too low so I'm gonna help it I just rate it 4 because I want to add something can you pls make some stories offline?,4,0,1.1.178,2023-04-27 09:59:42,,,1.1.178,gam9202,com.aidungeon
95b66d89-9c29-4458-8324-0ae23183dcfe,A Google user,https://play-lh.googleusercontent.com/EGemoI2NTXmTsBVtJqk8jxF9rh8ApRWfsIMQSt2uE4OcpQqbFu7f7NbTK05lx80nuSijCz7sc3a277R67g,It used to be better. They went the wrong direction,2,1,1.1.134,2023-12-07 16:17:48,,,1.1.134,gam19765,com.aidungeon
9c74d67c-af1f-46d7-b03d-92754f478d9a,A Google user,https://play-lh.googleusercontent.com/EGemoI2NTXmTsBVtJqk8jxF9rh8ApRWfsIMQSt2uE4OcpQqbFu7f7NbTK05lx80nuSijCz7sc3a277R67g,I remember when all you could do is play and continue stories. But now you can do more with a catch. Now you have only 20 actions to play. If you whant more then you have to pay a monthly subscription. But you can get free actions but if you whant to play a full story you have to wach an ad for a action. It has become a money grab game like voodoos games.,1,2,1.1.148,2022-07-27 04:10:41,Player feedback is vital to us; we've found ways to reduce our AI cost to offer all players gameplay uninterrupted by ads with unlimited actions! Premium upgrades are available that remain cost-prohibitive to offer for free. We would love to discuss any questions or concerns; please reach out to us at support@aidungeon.io.,2023-01-14 16:50:15,1.1.148,gam3805,com.aidungeon
b6f80634-903e-49fb-b019-6438b0c1a172,Darkest Heart,https://play-lh.googleusercontent.com/a-/ALV-UjWmODJgtoCZpFKm6KDYHSzTwS986JA9OgicXSBuYAkCYI77OEzA,this is the most fun I've had with a app like this I'm a huge DND nerd and this is right up my alley,5,0,1.7.3,2024-06-08 06:23:21,Thanks! We're thrilled to hear that especially from a fellow D&D nerd! Enjoy your adventures!,2024-06-13 07:13:43,1.7.3,gam29833,com.aisuccess.ai_game_master
65db7230-6f3a-4a37-b4cd-adc48fbd3441,A Google user,https://play-lh.googleusercontent.com/EGemoI2NTXmTsBVtJqk8jxF9rh8ApRWfsIMQSt2uE4OcpQqbFu7f7NbTK05lx80nuSijCz7sc3a277R67g,"Really great app/game and I love the concept of trying to play it with your imagination and things like that. However the AI sometimes has errors such as ""Mark says"" without any context. It doesn't complete certain sentences and just says ""Mark says"". I love it how you can train the AI to talk like you and such. Love it! Please fix the errors.",4,4,1.1.134,2022-05-19 20:22:40,,,1.1.134,gam951,com.aidungeon
5a3c25a3-0257-41eb-9620-68027fac7a8b,A Google user,https://play-lh.googleusercontent.com/EGemoI2NTXmTsBVtJqk8jxF9rh8ApRWfsIMQSt2uE4OcpQqbFu7f7NbTK05lx80nuSijCz7sc3a277R67g,I always have a good laugh with this app. I don't recommend this to people who don't like writing; some don't realize that you have to write along the Ai it doesn't do everything for you!,5,0,,2022-04-07 12:25:59,,,,gam12003,com.aidungeon
0859d6aa-df2e-4fec-a577-34a20a1c24fa,A Google user,https://play-lh.googleusercontent.com/EGemoI2NTXmTsBVtJqk8jxF9rh8ApRWfsIMQSt2uE4OcpQqbFu7f7NbTK05lx80nuSijCz7sc3a277R67g,"After having the issue resolved I'd say the core app in itself is good it feels about the same as when I tried this previously. It's fun overall but even the premium AI can be dumb and forget things but maybe I'm not using the remember settings properly. Only complaint is the trial is misleading. The payment page after cancelling says ""your plan is still available till the end of the trial"" but in reality the moment you hit cancel the premium features are no longer available.",4,5,1.1.172,2023-02-17 20:27:09,Hey Justin! We appreciate you reaching out about this issue and are glad it's now resolved. If you could update your review we would really appreciate it. Thanks!,2023-02-17 17:26:15,1.1.172,gam2265,com.aidungeon
40a51b9b-7cff-4af6-8f35-eac51c977ab4,Rob Health,https://play-lh.googleusercontent.com/a-/ALV-UjUgSje0VUyf-A_AXaGNYOHcDYluYFob_BvJZ75N68JkNPcFq3y2,pretty cool and self explanatory but it could benefit from an inventory you can check at anytime,4,0,1.6.0,2024-04-21 15:30:31,Thank you for your feedback! We're glad you're enjoying the game. An inventory is a great idea and it will indeed be included in one of our next big projects. We appreciate your suggestion and are excited to implement it to enhance the gaming experience,2024-04-24 07:30:51,1.6.0,gam29708,com.aisuccess.ai_game_master
7ff474d6-a143-4c5d-8b60-db6cd4823d10,A Google user,https://play-lh.googleusercontent.com/EGemoI2NTXmTsBVtJqk8jxF9rh8ApRWfsIMQSt2uE4OcpQqbFu7f7NbTK05lx80nuSijCz7sc3a277R67g,Please remove verify email please I can't play at all,2,0,1.1.118,2022-01-18 20:03:47,,,1.1.118,gam20258,com.aidungeon
d7d20ffd-bcd2-4603-abe6-5b2926020b36,A Google user,https://play-lh.googleusercontent.com/EGemoI2NTXmTsBVtJqk8jxF9rh8ApRWfsIMQSt2uE4OcpQqbFu7f7NbTK05lx80nuSijCz7sc3a277R67g,You've lost the trust of your users,3,2,1.1.134,2022-06-06 20:43:18,,,1.1.134,gam24411,com.aidungeon
e6693d75-8f15-4e7e-bc05-821d8bdc50d6,A Google user,https://play-lh.googleusercontent.com/EGemoI2NTXmTsBVtJqk8jxF9rh8ApRWfsIMQSt2uE4OcpQqbFu7f7NbTK05lx80nuSijCz7sc3a277R67g,Man duck Model was cool w ai dungeon. Also advanced settings being free big w,5,0,1.2.49,2024-04-30 20:15:44,Thanks for updating your review! We want our players to have a great experience and will continue to find ways to improve. Premium upgrades are available that remain cost-prohibitive to offer for free. If you have any questions please reach out to us at support@aidungeon.io.,2023-03-09 21:17:13,1.2.49,gam14611,com.aidungeon
62dc56c0-f2d9-4ad0-a657-af7933032375,A Google user,https://play-lh.googleusercontent.com/EGemoI2NTXmTsBVtJqk8jxF9rh8ApRWfsIMQSt2uE4OcpQqbFu7f7NbTK05lx80nuSijCz7sc3a277R67g,Pity. It's awful now. Shouldn't have updated. I miss the old version without logging in and all of this paying. Was fun while it lasted.,1,0,1.1.139,2022-05-28 20:57:54,,,1.1.139,gam8393,com.aidungeon
faa4b384-f267-45ca-bde0-d5a1caf432ab,A Google user,https://play-lh.googleusercontent.com/EGemoI2NTXmTsBVtJqk8jxF9rh8ApRWfsIMQSt2uE4OcpQqbFu7f7NbTK05lx80nuSijCz7sc3a277R67g,I genuinely love this app. It's so fun to use because the responses can be so out of pocket. Also you can ACTUALLY choose what happens next by altering storylines to suit your narrative. Most services don't do that. 10/10,5,0,1.2.45,2023-12-06 05:28:26,,,1.2.45,gam5048,com.aidungeon
780758eb-5906-4c12-b468-fbd7af76f92e,A Google user,https://play-lh.googleusercontent.com/EGemoI2NTXmTsBVtJqk8jxF9rh8ApRWfsIMQSt2uE4OcpQqbFu7f7NbTK05lx80nuSijCz7sc3a277R67g,Constant bugs it's honestly atrocious the game won't allow me to login meaning tI simply can't play cause after a certain amount of moves I need to login to continue yet I can't honestly it's just glitch and bugs 24/7 that keep it back otherwise the AI itself is practically perfect but if you're looking for the ai dungeon aspect I'd opt for another app cause this game constantly is bugged in one way or another and has become a money grab such a shame,1,2,1.1.134,2022-04-17 18:55:25,,,1.1.134,gam3200,com.aidungeon
6780d9f5-a607-4837-a184-f952611954be,A Google user,https://play-lh.googleusercontent.com/EGemoI2NTXmTsBVtJqk8jxF9rh8ApRWfsIMQSt2uE4OcpQqbFu7f7NbTK05lx80nuSijCz7sc3a277R67g,Oberall a great app with many stories and worlds created by the community and mostly intuitive interface. However recently I've had issues where buttons stop working images fail to load and wait times for AI responses get way too long. I've had these issues happen to me both in the PC and mobile versions however the Mobile app is definitely more unstable.,3,2,1.1.178,2023-08-21 03:10:55,,,1.1.178,gam2239,com.aidungeon
c7b4343b-47bf-4174-8186-372c86673f76,A Google user,https://play-lh.googleusercontent.com/EGemoI2NTXmTsBVtJqk8jxF9rh8ApRWfsIMQSt2uE4OcpQqbFu7f7NbTK05lx80nuSijCz7sc3a277R67g,Sometimes the AI can get really stupid. I had a really good story written at one time and decided to restart. Then the AI kept confusing my actions with speech and then when I did give actions it barely registered.,3,0,1.1.170,2022-09-19 15:12:13,This shouldn't be happening. If the issue persists please reach out to us at support@aidungeon.io. We want to help improve your experience :),2023-01-06 17:27:25,1.1.170,gam6039,com.aidungeon
1356d687-e981-410d-9c74-e5bea01786a6,A Google user,https://play-lh.googleusercontent.com/EGemoI2NTXmTsBVtJqk8jxF9rh8ApRWfsIMQSt2uE4OcpQqbFu7f7NbTK05lx80nuSijCz7sc3a277R67g,It won't let allow me to play any of the scenarios I created and keeps crashing.,1,0,1.1.178,2023-03-14 10:24:39,Sorry you experienced this issue Khloe; we have since resolved this issue. Please let us know if you still need any help at support@aidungeon.io.,2023-03-15 20:06:57,1.1.178,gam13311,com.aidungeon
3afbc6b1-07ec-43d5-963d-9d933a2b934c,A Google user,https://play-lh.googleusercontent.com/EGemoI2NTXmTsBVtJqk8jxF9rh8ApRWfsIMQSt2uE4OcpQqbFu7f7NbTK05lx80nuSijCz7sc3a277R67g,Been a while but I came back here after they responded and played a bit. I think it's been a right step forward to provide old premium features for free. Other than that the AI has improved a bit. Overall 4.5,4,15,1.1.172,2023-01-14 17:02:56,Please try out our newest update called Unchained! Free play allows for unlimited actions on our base AI model (Griffin). Learn more at https://aidungeon.io/unchained. Weve also made other performance improvements with more planned for the future :) Reach out to us at support@aidungeon.io if you have any additional concerns happy to help.,2023-01-12 18:35:12,1.1.172,gam4651,com.aidungeon
ea7581e8-3976-4736-bed2-f33b5ea0dd3f,A Google user,https://play-lh.googleusercontent.com/EGemoI2NTXmTsBVtJqk8jxF9rh8ApRWfsIMQSt2uE4OcpQqbFu7f7NbTK05lx80nuSijCz7sc3a277R67g,"The ""advanced settings"" to this game are locked to be extremely random and not stick to the story at all. They also give you a slower and less coherent AI model which combined with the randomness makes it completely unplayable and off the rails and the only way you can unlock the better options is to buy premium only problem is that premium is 10-30 dollars!",1,15,1.1.178,2023-06-14 04:30:41,,,1.1.178,gam1247,com.aidungeon
63349373-61b7-4a5c-966e-bb9ae862d01a,A Google user,https://play-lh.googleusercontent.com/EGemoI2NTXmTsBVtJqk8jxF9rh8ApRWfsIMQSt2uE4OcpQqbFu7f7NbTK05lx80nuSijCz7sc3a277R67g,The game keep freezing when I type more than two sentences,1,0,1.1.172,2023-02-04 02:18:43,,,1.1.172,gam13860,com.aidungeon
7250111b-4777-4965-9e0f-a9f84b187e2c,Nick D.S,https://play-lh.googleusercontent.com/a-/ALV-UjWg3TVIj9fZk-ev7OHn4yPZhrXXD55kU5eQXaI-0GRviAodBTUW,Idk i thought this is a cool concept but this game didn't deliver it well. And the ai generated image is a bit of a bumer honestly.,1,0,,2024-03-10 10:04:14,Oh got it Nick! Thank you for your honesty,2024-03-10 17:36:47,,gam262,com.feynmanapps.aitales
93ebea75-9c6a-4fd5-bde1-59c21ed70395,A Google user,https://play-lh.googleusercontent.com/EGemoI2NTXmTsBVtJqk8jxF9rh8ApRWfsIMQSt2uE4OcpQqbFu7f7NbTK05lx80nuSijCz7sc3a277R67g,If I could give you zero stars out of 5 I would you made something great with Legacy but of course you just had to ruin it and make it terrible clunky and to be honest boring,1,4,1.1.52,2024-01-19 00:13:54,,,1.1.52,gam12029,com.aidungeon
dcb65134-676e-4f40-ba6d-fabe8ec0a79d,A Google user,https://play-lh.googleusercontent.com/EGemoI2NTXmTsBVtJqk8jxF9rh8ApRWfsIMQSt2uE4OcpQqbFu7f7NbTK05lx80nuSijCz7sc3a277R67g,This used to be a nice app but now it's just unoptimised garbage. It crashes after barely 6 sentences of writing. Before you could safely fill up the box with thousands of words before even getting close. Now all it does is crash,2,1,1.1.172,2023-01-03 23:21:43,This shouldn't be happening and we would love to look into this more. Please email us at support@aidungeon.io. Thanks!,2023-01-04 16:40:58,1.1.172,gam4197,com.aidungeon
ab32fe2d-19f5-493d-a913-d5cc5451d260,A Google user,https://play-lh.googleusercontent.com/EGemoI2NTXmTsBVtJqk8jxF9rh8ApRWfsIMQSt2uE4OcpQqbFu7f7NbTK05lx80nuSijCz7sc3a277R67g,Used to use it all the time came back to use it today and the amount of things that you need to pay for is stupid. It was completely fine before a subscription was needed to play this for longer than TEN minutes. I do not recommend anymore.,1,3,,2022-09-18 04:41:59,Great news! We released a new update called Unchained. Ads no longer inhibit gameplay; all players have unlimited access to our base AI model (Griffin). Learn more at https://aidungeon.io/unchained :),2023-01-06 17:46:10,,gam6325,com.aidungeon
e5898051-79f5-4c26-9601-27865ea61514,A Google user,https://play-lh.googleusercontent.com/EGemoI2NTXmTsBVtJqk8jxF9rh8ApRWfsIMQSt2uE4OcpQqbFu7f7NbTK05lx80nuSijCz7sc3a277R67g,They fixed most of the problems I had with the game now other than the off and on random crashes and the energy bar it's a great game to roleplay by yourself and create your own scenarios. Edit: removing a star because of the extremely overactive filter. I mean I can't even mention that my distant cousin has a child without it somehow triggering the filter and halting the story entirely. Filter is annoying haven't found a way to consistently not trigger it.,3,7,1.1.108,2022-04-02 22:52:23,,,1.1.108,gam568,com.aidungeon
edd9982a-9408-4ca2-a127-70138a6fbdb3,A Google user,https://play-lh.googleusercontent.com/EGemoI2NTXmTsBVtJqk8jxF9rh8ApRWfsIMQSt2uE4OcpQqbFu7f7NbTK05lx80nuSijCz7sc3a277R67g,It used to be really good but as the updates go by they fail to fix it back to what it was the game kept getting worse and worse to a point that I cant even sign in to my account. The only reason why I don't think it's a 1 star is because of what it used to be and I still believe they can fix their game to what it was.,2,0,1.1.139,2022-05-27 07:37:24,,,1.1.139,gam6055,com.aidungeon
e7daad24-89fa-4894-b228-993695ff84e0,A Google user,https://play-lh.googleusercontent.com/EGemoI2NTXmTsBVtJqk8jxF9rh8ApRWfsIMQSt2uE4OcpQqbFu7f7NbTK05lx80nuSijCz7sc3a277R67g,Only slight complaint is that sometimes it gets caught in a loop or throws out something completely random; but thats not really an issue cause all the tools to fix are there. Pretty good boredom buster overall.,4,1,1.1.119,2022-01-21 08:39:48,,,1.1.119,gam4677,com.aidungeon
60a7eee3-b72e-445e-a49e-39d4f262d651,A Google user,https://play-lh.googleusercontent.com/EGemoI2NTXmTsBVtJqk8jxF9rh8ApRWfsIMQSt2uE4OcpQqbFu7f7NbTK05lx80nuSijCz7sc3a277R67g,Alright I won't say the AI is bad. By no means. But it's far from the best. It's repetitive and when it isn't it outputs random garbo. It can create good scenarios but it does struggle a lot to do so.,4,3,1.1.161,2022-08-11 10:42:53,Thanks for the sweet review! We recommend using in-game tools like Memory Retry and World Info to help the AI maintain your adventures context as planned. Our community is buzzing with helpful tips try checking out our Discord! aidungeon.io/discord,2022-08-16 14:25:52,1.1.161,gam5981,com.aidungeon
b9437f01-caa0-4306-9c34-ee87a43cec8f,A Google user,https://play-lh.googleusercontent.com/EGemoI2NTXmTsBVtJqk8jxF9rh8ApRWfsIMQSt2uE4OcpQqbFu7f7NbTK05lx80nuSijCz7sc3a277R67g,Love this game but currently on my s21 I cannot change any of the settings like it's unresponsive when I click on anything and it freezes the whole app,4,0,,2022-04-23 14:36:53,,,,gam8999,com.aidungeon
b0898256-280f-42df-95e7-69d3b5b2ec37,A Google user,https://play-lh.googleusercontent.com/EGemoI2NTXmTsBVtJqk8jxF9rh8ApRWfsIMQSt2uE4OcpQqbFu7f7NbTK05lx80nuSijCz7sc3a277R67g,This is top notch for AI Role play I don't get why everyone is rating this game 1 star it deserves a 5 star but there's always room for improvement! I do recommend making it so that the actual AI part of it doesn't correct your role-playing chat response because it gets god awful annoying but other than that KEEP IT UP!,5,0,,2023-12-30 19:05:14,We appreciate your enthusiasm and support for our game! If you have any feedback please come chat with us in our Discord server at https://aidungeon.com/discord.,2024-01-04 13:21:53,,gam6066,com.aidungeon
e5706d8c-c0c9-4df0-aa07-869bb210bbc0,A Google user,https://play-lh.googleusercontent.com/EGemoI2NTXmTsBVtJqk8jxF9rh8ApRWfsIMQSt2uE4OcpQqbFu7f7NbTK05lx80nuSijCz7sc3a277R67g,It is pretty great but hope the AI learns things a little better in the future. It tends to forget details and make stuff up that dont fit the story.,4,0,1.1.139,2022-06-06 01:00:09,Thanks for the review and feedback Brandon! We recommend using tools like World Info MEMO and Retry to help the AI maintain the context of your adventures. You can learn more about how the AI works in the link faq.aidungeon.io Thanks again!,2022-06-06 17:55:09,1.1.139,gam6378,com.aidungeon
a2e52557-a4ce-4413-9558-d0a00cf1091d,A Google user,https://play-lh.googleusercontent.com/EGemoI2NTXmTsBVtJqk8jxF9rh8ApRWfsIMQSt2uE4OcpQqbFu7f7NbTK05lx80nuSijCz7sc3a277R67g,The game and the idea are great but unfortunately I'm not fluent in English and I don't understand much please bring the Portuguese language I really love the app and would like to delve even deeper.,2,0,1.2.49,2024-06-30 02:09:13,,,1.2.49,gam7573,com.aidungeon
cefd2585-b495-4047-9c72-b18e0aad18d7,A Google user,https://play-lh.googleusercontent.com/EGemoI2NTXmTsBVtJqk8jxF9rh8ApRWfsIMQSt2uE4OcpQqbFu7f7NbTK05lx80nuSijCz7sc3a277R67g,I used to love this game but now it's hard to have any coherent story or have any sort of good experience with the game anymore. Even with having the paid models it's still incoherent and it's just not fun anymore. The AI is just too all over the place to generate anything.,2,0,1.1.172,2023-01-25 05:05:07,We have tools and guides that can help with this :) Learn more here: https://help.aidungeon.io/ai-dungeon-101 https://help.aidungeon.io/advanced. If you encounter any issues or have any questions please reach out to us at support@aidungeon.io. We want to help!,2023-01-25 07:40:17,1.1.172,gam4473,com.aidungeon
9a6df9ed-b4da-4769-9941-72e04a0cc84a,A Google user,https://play-lh.googleusercontent.com/EGemoI2NTXmTsBVtJqk8jxF9rh8ApRWfsIMQSt2uE4OcpQqbFu7f7NbTK05lx80nuSijCz7sc3a277R67g,It's not let me do anything for whatever reason,1,2,1.1.147,2022-06-26 01:23:11,,,1.1.147,gam23072,com.aidungeon
ebd8cd36-2e5e-4e4e-81c3-6531bf9eb82f,A Google user,https://play-lh.googleusercontent.com/EGemoI2NTXmTsBVtJqk8jxF9rh8ApRWfsIMQSt2uE4OcpQqbFu7f7NbTK05lx80nuSijCz7sc3a277R67g,the free acct is a good balance of enjoying it and making you want more. ai tells a good start of the story though I seem to have to guide it in a direction because it will get caught up on one subject and forget to progress.,4,0,1.2.49,2024-06-07 20:37:35,,,1.2.49,gam2991,com.aidungeon
57ce01a3-76ca-4e41-98fa-7e1c2005b9a3,A Google user,https://play-lh.googleusercontent.com/EGemoI2NTXmTsBVtJqk8jxF9rh8ApRWfsIMQSt2uE4OcpQqbFu7f7NbTK05lx80nuSijCz7sc3a277R67g,It's a great app but the 2d images are really ugly I can't see what going on in the images it is pixelated. Make the images more clear.,3,6,1.1.155,2022-08-10 05:31:56,Thanks for the great suggestion! We actually a dev working full time on the image/art aspect of the game so positive changes are coming. Thanks!,2022-08-10 14:20:25,1.1.155,gam7351,com.aidungeon
68263fe2-4db3-4246-b7c4-91db855056f1,Caleb Ditch,https://play-lh.googleusercontent.com/a/ACg8ocJ5jT1-PNHpisHK7aJVXwTt6zlWR7RIyL0lulf0KjUZ3gmttw=mo,this is fun could use some upgrades so the storylines are longer but other wise this a great experience totally recommend,5,0,2.106,2024-06-28 12:11:26,Thank you Caleb you can actually control the length of the story using Game Master even set it to infinity.,2024-07-03 16:29:24,2.106,gam71,com.feynmanapps.aitales
75519c82-5580-49e5-bdf5-c8e589006039,A Google user,https://play-lh.googleusercontent.com/EGemoI2NTXmTsBVtJqk8jxF9rh8ApRWfsIMQSt2uE4OcpQqbFu7f7NbTK05lx80nuSijCz7sc3a277R67g,I can't redownload it anymore for some reason.,1,10,1.1.161,2024-01-01 17:33:25,Hey there! Please reach out to us at support@aidungeon.com for help with this issue. Thanks!,2024-01-04 13:04:54,1.1.161,gam20146,com.aidungeon
785f20ec-62ce-4305-904a-e8829efc9497,A Google user,https://play-lh.googleusercontent.com/EGemoI2NTXmTsBVtJqk8jxF9rh8ApRWfsIMQSt2uE4OcpQqbFu7f7NbTK05lx80nuSijCz7sc3a277R67g,Dear latitude games. Why are you like this? aI dungeon used to be great. It used to be free to play with minimal ads and less drama and BS. Why did you change the game to where only people who play or weirdoes who somehow actually like watching ads can play this game? What were you thinking?! You turned an awesome idea into a greedy cash grab. I'm usually not this angry sounding in my reviews I try to remain calm and pleasant. But this? This is the biggest waste of potential I've ever seen.,1,2,,2022-08-26 00:30:46,Free play is now an unlimited experience! Ads no longer interrupt gameplay; all players have unlimited actions when using Griffin (our base AI model). Learn more at https://aidungeon.io/unchained. We will continue to improve our model and overall game experience. Stay tuned for more exciting updates :),2023-01-11 14:16:04,,gam4738,com.aidungeon
17bba04d-fbad-49a5-9183-37809fe43eb7,A Google user,https://play-lh.googleusercontent.com/EGemoI2NTXmTsBVtJqk8jxF9rh8ApRWfsIMQSt2uE4OcpQqbFu7f7NbTK05lx80nuSijCz7sc3a277R67g,I lost an entire prompt o wrote because I accidentally clicked some option that took me to another page and when I got back everything I wrote was gone..really great app. Love it. Absolutely stunning. Redirecting me to another page without warning that it'll erase my unsaved data. Thanks aidungeon team. Great app.,1,2,1.1.119,2022-03-22 19:18:34,Hey Tofu! Thanks for letting us know. We'd love to see if we can do anything to help; please email support@aidungeon.io with details and we'll see what we can do. Thank you!,2022-03-25 15:50:11,1.1.119,gam7087,com.aidungeon
05cafe54-e909-4ddb-9e31-fc494c94d792,A Google user,https://play-lh.googleusercontent.com/EGemoI2NTXmTsBVtJqk8jxF9rh8ApRWfsIMQSt2uE4OcpQqbFu7f7NbTK05lx80nuSijCz7sc3a277R67g,I paid for scales then logged into my account and my scales were gone the app doesn't have a restore purchases button and their support page doesn't have anything about restoring a purchase just took my money and ran. -1/10 severely overlooked feature (almost intentional??),1,1,1.1.147,2022-07-12 08:16:41,So sorry to hear that! Please reach out to support@aidungeon.io and hopefully we can resolve your issue.,2022-07-12 10:07:17,1.1.147,gam3612,com.aidungeon
b90d3f36-3352-4e61-97fe-03ca46776795,A Google user,https://play-lh.googleusercontent.com/EGemoI2NTXmTsBVtJqk8jxF9rh8ApRWfsIMQSt2uE4OcpQqbFu7f7NbTK05lx80nuSijCz7sc3a277R67g,Good game! (Edit not as much anymore),4,0,1.1.147,2022-07-04 23:42:06,,,1.1.147,gam20144,com.aidungeon
997af599-5d38-46e9-ac49-c24016006d60,popuph8r,https://play-lh.googleusercontent.com/a/ACg8ocIIvyDuXJ0nH8Thl_Y0ncRrnXlRCNn4pixyCc1I_lqectf_ZQ=mo,Interesting bit feels bare bones and A.I is limited and tries to reroute everything back to original storyline it doesn't expand or change parameters with the story.,4,0,1.6.3,2024-05-17 18:34:11,,,1.6.3,gam29679,com.aisuccess.ai_game_master
bd320f80-64e9-4e31-9ed8-5fed13473a33,A Google user,https://play-lh.googleusercontent.com/EGemoI2NTXmTsBVtJqk8jxF9rh8ApRWfsIMQSt2uE4OcpQqbFu7f7NbTK05lx80nuSijCz7sc3a277R67g,The quality is slowly decreasing compared to last year. (In my opinion) Used to make some pretty cool stories even when the app generated something that isn't really what I intended in the story I expected to just help students learn magic but it generated students fighting so now I as the magic teacher has to resolve this situation that was fun! But I'm not getting cool little generations like that anymore still a good AI though!,4,4,1.1.172,2022-10-13 19:02:37,Hey Tiny Goomba! Appreciate your feedback major updates are underway that will improve the way players experience AI Dungeon. Read more about them at https://latitude.io/blog/next-steps-on-ai-dungeon. You an adjust your settings to make the AI more/less random. Also try using tools like Memory Authors Note and World info to improve your story.,2022-10-18 20:58:21,1.1.172,gam861,com.aidungeon
09ce9b34-aa50-47fd-9ac0-cc027bb465cd,A Google user,https://play-lh.googleusercontent.com/EGemoI2NTXmTsBVtJqk8jxF9rh8ApRWfsIMQSt2uE4OcpQqbFu7f7NbTK05lx80nuSijCz7sc3a277R67g,Fun and entertaining but they got rid of legacy and the new layout is annoying and glitchy. Also the AI is so random it makes little sense,3,1,1.2.47,2024-01-19 20:54:23,,,1.2.47,gam7739,com.aidungeon
495776c1-3079-4739-b9cc-b3eed18406b3,A Google user,https://play-lh.googleusercontent.com/EGemoI2NTXmTsBVtJqk8jxF9rh8ApRWfsIMQSt2uE4OcpQqbFu7f7NbTK05lx80nuSijCz7sc3a277R67g,From a completely free game you could play as much as you want to an energy system that still let you play the game for free but you had to wait to an energy system that forces you to watch an ad every 30 seconds Whoever is behind this app got too greedy I understand you want money for your hard work but the only people that will pay for this would simply support you without being forced to all this does is make everyone else stop using your app,1,2,1.1.151,2022-08-03 11:18:12,We've made some recent changes and improvements to AI Dungeon including our free-play experience. Actions are now unlimited for all players using our Griffin AI model. Upgrades are available for players who want better models and faster speedsbenefits that are cost-prohibitive to offer to free players. Appreciate your feedback :),2023-01-12 18:07:19,1.1.151,gam3699,com.aidungeon
f27aa102-9902-4ee9-a6c8-b3252283585d,A Google user,https://play-lh.googleusercontent.com/EGemoI2NTXmTsBVtJqk8jxF9rh8ApRWfsIMQSt2uE4OcpQqbFu7f7NbTK05lx80nuSijCz7sc3a277R67g,I have tried to log in over and over again for the past week. Every time I do it just gives me an error message. They said that they fixed the issues multiple times and clearly they have not. If you fix the issues for REAL this time I will give you 5 stars.,1,0,,2022-08-17 21:52:38,,,,gam5472,com.aidungeon
8e063250-0438-43b7-aade-c9f7871974e7,A Google user,https://play-lh.googleusercontent.com/EGemoI2NTXmTsBVtJqk8jxF9rh8ApRWfsIMQSt2uE4OcpQqbFu7f7NbTK05lx80nuSijCz7sc3a277R67g,The AI is good but this is the bugiest most user unfriendly app i have ever used. Constantly have to restart to fix the ui or reset an infinite loading screen. User interface is also trash.,2,0,1.2.66,2024-08-21 02:38:26,,,1.2.66,gam1941,com.aidungeon
f7888328-c0fb-49c5-a7e4-ac08b4f37580,A Google user,https://play-lh.googleusercontent.com/EGemoI2NTXmTsBVtJqk8jxF9rh8ApRWfsIMQSt2uE4OcpQqbFu7f7NbTK05lx80nuSijCz7sc3a277R67g,Used to work and was super fun absolutely not worth anyone's time anymore. Really sad because I liked this app but it breaks doesn't load or the ai lost -100 IQ over the years. I don't know what the developers did but this app doesn't work anymore. They seriously need to fix EVERYTHING,1,1,1.2.49,2024-06-05 06:33:09,We fixed the issue. Please try again and let us know if you still need help at support@aidungeon.com. Thanks!,2024-06-06 17:31:26,1.2.49,gam3332,com.aidungeon
a40de3f6-eb09-4199-bdcb-f7e48dd5e29f,A Google user,https://play-lh.googleusercontent.com/EGemoI2NTXmTsBVtJqk8jxF9rh8ApRWfsIMQSt2uE4OcpQqbFu7f7NbTK05lx80nuSijCz7sc3a277R67g,This is the best AI I have ever seen. Do not pay too much attention to the one stars. The developers are constantly updating and upgrading it. Yes sometimes there are bugs but the developers are good about fixing it efficiently.,5,0,1.1.178,2023-07-08 06:13:41,,,1.1.178,gam4498,com.aidungeon
8db9619a-d4f5-42b3-a18a-6c70b455ae4c,A Google user,https://play-lh.googleusercontent.com/EGemoI2NTXmTsBVtJqk8jxF9rh8ApRWfsIMQSt2uE4OcpQqbFu7f7NbTK05lx80nuSijCz7sc3a277R67g,Not perfect but much better than it used to be.,4,1,1.2.72,2024-10-10 01:01:06,Nicholas we really want to help you with this :) Please email us if you haven't already at support@aidungeon.io with your account username and email. We will sort out any billing issues that might be occurring and work with you to get this resolved. Look forward to hearing from you!,2022-10-21 20:02:00,1.2.72,gam7862,com.aidungeon
72e783ff-d171-4d39-9c27-0e3e4a26f377,Dyson Castillo,https://play-lh.googleusercontent.com/a-/ALV-UjU2PXZDv1gKQ-pu35ATwYK1VUhCFTM5qg8-NRwEgDJC_QJHCuMH,Fun game. It lets you change a lot of things about your character. Please let us upload our own images as our characters,4,0,1.7.7,2024-07-11 04:47:41,Not a bad idea well check this out!,2024-07-11 05:00:01,1.7.7,gam29706,com.aisuccess.ai_game_master
55b43f68-eff9-4fee-af40-9bfc286cde14,A Google user,https://play-lh.googleusercontent.com/EGemoI2NTXmTsBVtJqk8jxF9rh8ApRWfsIMQSt2uE4OcpQqbFu7f7NbTK05lx80nuSijCz7sc3a277R67g,I used to use Ai Dungeon because I loved the fact that you could create ANY scenario you could IMAGINE and EXPERIENCE it but as time flew by I noticed they where trying to give the app a specific theme paying more attention to what they THOUGHT we wanted when in reality we just wanted to have fun with AI and our imagination.They tryed to put Ai dungeon into a GAME category something that they need to understand will ONLY RESTRICT this amazing app further We care about expression not design,2,5,1.1.52,2022-03-12 21:08:28,,,1.1.52,gam5985,com.aidungeon
fec58125-8e73-459b-8254-80cd2c4c17ad,A Google user,https://play-lh.googleusercontent.com/EGemoI2NTXmTsBVtJqk8jxF9rh8ApRWfsIMQSt2uE4OcpQqbFu7f7NbTK05lx80nuSijCz7sc3a277R67g,The AI is admittedly inferior compared to other models on the market. The censor has gotten way better since 2021. Customer support is fast and polite.,3,1,,2024-02-28 12:48:51,Glad to hear you've had a good experience with our support team and are encouraged with some of the changes. Our goal is to continue improving and providing the best game we can. Please feel free to reach out if you have any additional feedback or questions. Thanks!,2023-05-26 20:21:38,,gam10208,com.aidungeon
ea085e30-143d-40f3-8980-fb464264655c,legendary fart master,https://play-lh.googleusercontent.com/a-/ALV-UjVwO3YBO0YfVYHi-Gut4fCkfQdf5qlrUgwdGRFaCNzZPFenso8,The app is entertertaining And Im grateful you guys care about The fans Unlike some other games,5,0,1.9.0,2022-02-01 01:39:57,We're glad you enjoyed the game. And thank you for your support!,2022-02-01 02:04:31,1.9.0,gam388,com.feynmanapps.aitales
da064464-0c0f-4c87-9e9a-a43bfc0dd2d1,A Google user,https://play-lh.googleusercontent.com/EGemoI2NTXmTsBVtJqk8jxF9rh8ApRWfsIMQSt2uE4OcpQqbFu7f7NbTK05lx80nuSijCz7sc3a277R67g,It literally is so bad I have to retry so often just to get something that even makes sense. They just put the good one behind the pay wall and dumbed the other one down I get literally so bored just needing to keep retrying it takes the fun out of it. If I could rate this a 0 I would,1,3,1.1.178,2023-03-09 20:55:18,We are sorry to hear you've had a negative experience. Please reach out to us at support@aidungeon.io we would like to address any issues or concerns you have. Our free AI model is not dumbed down; we will continue to work on improving our models and experience for all players.,2023-03-09 21:15:06,1.1.178,gam7027,com.aidungeon
7ea4675c-6516-46a8-916a-5e26635cc690,A Google user,https://play-lh.googleusercontent.com/EGemoI2NTXmTsBVtJqk8jxF9rh8ApRWfsIMQSt2uE4OcpQqbFu7f7NbTK05lx80nuSijCz7sc3a277R67g,Very fun! Expecially with the random out puts that you can make the Ai produce! It is very fun with friends- but do keep in mind that it can get explicit. But overall my favourite game on mobile!,4,2,1.1.130,2022-03-23 19:46:50,Thanks for the feedback we're happy to hear you're enjoying going on AI adventures with your friends! Friendly reminder that you can toggle Safe Mode in your Settings to either STRICT MODERATE or turn it off completely. We hope this helps for when you prefer avoiding explicit content. Thanks again!,2022-03-25 14:52:06,1.1.130,gam5639,com.aidungeon
6e61f00a-6d34-4c6b-8c33-2dddd61b80ab,A Google user,https://play-lh.googleusercontent.com/EGemoI2NTXmTsBVtJqk8jxF9rh8ApRWfsIMQSt2uE4OcpQqbFu7f7NbTK05lx80nuSijCz7sc3a277R67g,Hey latitude i am overall satisfied with how things are currently going. You will need to fix the numerous bugs as it is annoying when it does happen. But i am sure glad that you listened to us and gave more tokens for most of the plans! I never expected that you would lend such leniency and i will try to support ai dungeon as best as i could.,5,29,1.2.49,2024-04-26 10:39:45,Hey there! Thank you so much for your review and support. We want to look into any issues or hear any feedback you have. Please reach out to us at support@aidungeon.com or if you've found a bug please report it in our Discord server at https://aidungeon.com/discord.,2024-04-29 19:15:53,1.2.49,gam2997,com.aidungeon
ad6744f8-2e88-4bed-9683-e09fccabb58d,A Google user,https://play-lh.googleusercontent.com/EGemoI2NTXmTsBVtJqk8jxF9rh8ApRWfsIMQSt2uE4OcpQqbFu7f7NbTK05lx80nuSijCz7sc3a277R67g,I used to love this game. And still kinda do but I wanna be able to use my scales to stack actions as a free player!,3,0,,2022-08-07 00:24:45,Great news! We released a new update called Unchained. Ads no longer inhibit gameplay; all players have unlimited access to our base AI model (Griffin). Learn more at https://aidungeon.io/unchained :),2023-01-12 18:40:20,,gam10927,com.aidungeon
190fe6af-6a6a-4d61-a4cd-22cb3649210c,A Google user,https://play-lh.googleusercontent.com/EGemoI2NTXmTsBVtJqk8jxF9rh8ApRWfsIMQSt2uE4OcpQqbFu7f7NbTK05lx80nuSijCz7sc3a277R67g,I'm just so glad I'm finally able to open and mess around with this app again. It became unavailable for my tablet (and I guess I was locked out of editing my old review too) but now I'm back and I'm here to stay. Giving it a 5 stars since I personally don't have any problems with it and last time I checked it's better than using the website version. So long as the app does the thing I can't complain. It's really fun to mess around with and a great way to kill time.,5,0,1.2.47,2024-01-16 18:23:49,,,1.2.47,gam1656,com.aidungeon
b8607f8e-02fe-45c9-a1e6-cd8a88934304,A Google user,https://play-lh.googleusercontent.com/EGemoI2NTXmTsBVtJqk8jxF9rh8ApRWfsIMQSt2uE4OcpQqbFu7f7NbTK05lx80nuSijCz7sc3a277R67g,a ton of fun and a decent enough way to brute force through a writing block or not knowing how to get a scene from one place to another,5,0,1.1.148,2022-07-27 16:48:16,,,1.1.148,gam12050,com.aidungeon
31ec97f4-a0fc-45a9-bd30-92a3f9d82a26,A Google user,https://play-lh.googleusercontent.com/EGemoI2NTXmTsBVtJqk8jxF9rh8ApRWfsIMQSt2uE4OcpQqbFu7f7NbTK05lx80nuSijCz7sc3a277R67g,It will be a nice app if the ai wasn't so annoying whenever you create a story even with good details it finds a way to change it to a completely different thing and it is very very repetitive and doesnt make sense most of the time,2,0,,2023-02-04 17:34:31,,,,gam4764,com.aidungeon
96598b73-76fb-4227-ac4b-40227722edc9,A Google user,https://play-lh.googleusercontent.com/EGemoI2NTXmTsBVtJqk8jxF9rh8ApRWfsIMQSt2uE4OcpQqbFu7f7NbTK05lx80nuSijCz7sc3a277R67g,I absolutely love all of the scenarios and worlds that this app has probably the best for ai adventures.,5,0,1.1.178,2023-07-05 14:09:12,,,1.1.178,gam11877,com.aidungeon
38bac819-13a4-44fe-9c4f-4b6a1731b33c,A Google user,https://play-lh.googleusercontent.com/EGemoI2NTXmTsBVtJqk8jxF9rh8ApRWfsIMQSt2uE4OcpQqbFu7f7NbTK05lx80nuSijCz7sc3a277R67g,Really fun to use! I love all of the stories you can play through,5,0,1.1.172,2022-12-01 12:26:46,Thank you for your 5-star review! Glad you are enjoying AI Dungeon and all of the stories that have been created. We will continue to make improvements to the game :) If you have any feedback or suggestions on how we can improve your experience we would love to hear them: https://feedback.latitude.io/. We appreciate your support!,2022-12-01 16:46:39,1.1.172,gam13598,com.aidungeon
ad19f1cf-260d-425d-8468-cf6f9fd08e75,A Google user,https://play-lh.googleusercontent.com/EGemoI2NTXmTsBVtJqk8jxF9rh8ApRWfsIMQSt2uE4OcpQqbFu7f7NbTK05lx80nuSijCz7sc3a277R67g,a very funny app :) I think that I have a lot of stories.,5,0,1.1.172,2022-12-29 16:15:42,Glad it has been a fun app for you and that you've been able to create so many stories!,2023-01-04 21:39:17,1.1.172,gam14345,com.aidungeon
bd422852-c90a-445e-97d6-6ecacd58d4a5,A Google user,https://play-lh.googleusercontent.com/EGemoI2NTXmTsBVtJqk8jxF9rh8ApRWfsIMQSt2uE4OcpQqbFu7f7NbTK05lx80nuSijCz7sc3a277R67g,a lot of stupid shite but worth the subscription,4,0,1.1.71,2022-02-08 16:18:16,,,1.1.71,gam17598,com.aidungeon
9202df3a-b75d-45aa-a3e0-2ad7ee0ee79c,A Google user,https://play-lh.googleusercontent.com/EGemoI2NTXmTsBVtJqk8jxF9rh8ApRWfsIMQSt2uE4OcpQqbFu7f7NbTK05lx80nuSijCz7sc3a277R67g,Very bad tbh. Just imagine a simple line can easily make the Ai confused. Lets say you typed in 'You were suprised at how big the place is' in the story section. You can either get a repeat a semi-good answer after countless of redo a you can either answers that you have to put in yourself(worse one imo) or worse ai can't answer or something. Overall it very depends. Oh and it gets very laggy if u stay more than an hour. Sometimes 30 minutes is enough to break it.,2,0,,2022-06-15 10:47:50,Hey Muhammad thanks for letting us know! We recommend using tools like MEMO Retry and World Info to help the AI maintain some of your adventures context as planned. We also. suggest checking faq.aidungeon.io for guidance on how to improve your adventures. Thank you!,2022-06-16 17:40:53,,gam3414,com.aidungeon
c4f3990d-39a0-41fd-9d03-972379f7ab22,A Google user,https://play-lh.googleusercontent.com/EGemoI2NTXmTsBVtJqk8jxF9rh8ApRWfsIMQSt2uE4OcpQqbFu7f7NbTK05lx80nuSijCz7sc3a277R67g,Two strikes and you're done Laititude automatic sign in sounds absolutely perfect in concept. Of course in order to do that you used your app to store emails and passwords without anybody's permission which is once again a giant brief in privacy. I expected to be watching this go down to the end but I guess this is where I'll be jumping ship. Use Dreamily.,1,46,1.1.119,2022-01-21 00:00:59,,,1.1.119,gam2776,com.aidungeon
4ea27d4b-7712-4c89-8503-2edda86283ca,A Google user,https://play-lh.googleusercontent.com/EGemoI2NTXmTsBVtJqk8jxF9rh8ApRWfsIMQSt2uE4OcpQqbFu7f7NbTK05lx80nuSijCz7sc3a277R67g,Fun but definitely needs some polishing.,4,0,1.1.139,2022-05-24 22:37:58,,,1.1.139,gam15293,com.aidungeon
c5fbc668-3f3c-43d2-b4fd-fa36dc688147,A Google user,https://play-lh.googleusercontent.com/EGemoI2NTXmTsBVtJqk8jxF9rh8ApRWfsIMQSt2uE4OcpQqbFu7f7NbTK05lx80nuSijCz7sc3a277R67g,Actually Pretty impressive. I wish the pictures were a little more detailed. But the AI is able to stay on track and respond to just about anything.,5,0,1.1.178,2023-08-24 11:34:46,,,1.1.178,gam9497,com.aidungeon
9c697729-0e23-4344-9e3a-7dffe414934f,A Google user,https://play-lh.googleusercontent.com/EGemoI2NTXmTsBVtJqk8jxF9rh8ApRWfsIMQSt2uE4OcpQqbFu7f7NbTK05lx80nuSijCz7sc3a277R67g,It's not worth the money they are asking for and the free experience isn't great,1,0,,2022-05-11 15:38:04,Hey Owen! Thank you for the feedback. If there are specific areas of improvement that you'd like to see in the free or paid plans then please feel free to share them in the Feature Requests board in feedback.latitude.io thank you!,2022-05-13 12:56:37,,gam16232,com.aidungeon
1d56b34d-bab1-4fba-9528-bec129ba3e02,A Google user,https://play-lh.googleusercontent.com/EGemoI2NTXmTsBVtJqk8jxF9rh8ApRWfsIMQSt2uE4OcpQqbFu7f7NbTK05lx80nuSijCz7sc3a277R67g,I have to say this app has been improving quite a lot. Although there were times where I struggled and had complaints with the action limits thankfully I managed to get the limited offers back then where I gained unlimited actions. Hopefully this offer I bought in steam doesn't change somehow in the future. I've been enjoying the app and I've made quite a few stories and fantasies were I was immersed in for days. Looking forward to your next updates and the improvement of its AI.,5,7,1.2.40,2023-11-10 07:37:08,Hi thanks for the feedback! We're happy to hear from a long-time AI Dungeon user. For the particular error message you're running into we recommend experimenting with Temperature and Length in the AI Model Settings. Please email us at support@latitude.io if you have any questions!,2022-03-25 15:34:48,1.2.40,gam3535,com.aidungeon
736f8b61-861a-404a-bdca-53691c250a6d,A Google user,https://play-lh.googleusercontent.com/EGemoI2NTXmTsBVtJqk8jxF9rh8ApRWfsIMQSt2uE4OcpQqbFu7f7NbTK05lx80nuSijCz7sc3a277R67g,Good game really! Good for storytelling,5,0,,2024-08-13 00:04:06,,,,gam15047,com.aidungeon
b53a7f49-ebd7-427b-a84e-e318785abebd,Ogihci Nidudoes,https://play-lh.googleusercontent.com/a-/ALV-UjWyF2l3ulKD9KYoEWVpyoOcVQ68DF3g32gfVje9G54Rw8KO6iNJ,I bought the game's upgrade some time back and now it's gone. Update: it was bought in Sep 6 2021. Update: Alright I got my account back and working. Apologize for flying off the handle like that earlier.,4,0,2.3.1,2022-09-29 17:45:29,Hi Ogihce If you purchased Lifetime Game Master and you have the same Google Play account just press Restore button at the bottom of the GM purchase screen and everything will come back. Email us at at@aitales.art to figure it out. Update: Glad it all worked out! Have a good game we've added a lot of stuff since September 6 2021,2022-09-03 02:50:49,2.3.1,gam167,com.feynmanapps.aitales
2aec9c67-b090-44ed-94cd-446066f13f0f,A Google user,https://play-lh.googleusercontent.com/EGemoI2NTXmTsBVtJqk8jxF9rh8ApRWfsIMQSt2uE4OcpQqbFu7f7NbTK05lx80nuSijCz7sc3a277R67g,Ever since the update the game is unenjoyable,2,0,1.1.52,2022-03-30 08:08:15,Hey Joshua we appreciate the feedback. If there are specific areas of improvement you'd like us to look into then please share them with support@aidungeon.io. Thanks!,2022-04-01 16:43:14,1.1.52,gam18973,com.aidungeon
693c7a7c-aad9-41b0-9438-92c18034ae14,Boatagne Daniel,https://play-lh.googleusercontent.com/a/ACg8ocKZ5Cld3CkrcbsXZSYeVCO4DM0tiha4MU5-SjatUN1COa0Q04wL=mo,It still needs a lot of improvements.,1,1,,2023-01-09 06:42:04,Got it we continue to work on the game with enthusiasm there are still a lot of ideas and plans! Hope you enjoy and Happy New Year!In the near future we plan to add more kind tales improve the AI and will add a new 3D engine this winter. We are still a small team of enthusiastic scientists but we are working with great diligence,2023-01-09 07:48:02,,gam401,com.feynmanapps.aitales
3b6ac218-2a99-48e9-ac1b-ac5c94a9f02d,A Google user,https://play-lh.googleusercontent.com/EGemoI2NTXmTsBVtJqk8jxF9rh8ApRWfsIMQSt2uE4OcpQqbFu7f7NbTK05lx80nuSijCz7sc3a277R67g,Claims any prompt will work but when asked the setting or character and if you add in a prompt it won't let you use it plus if you pick the same prompts again it doesn't change anything and add a randomness to the story its a set story with said prompts provided if I could would give a 0 star rating.,1,0,,2023-03-09 11:48:38,Hey Alice! We would love to look into any issues you've experienced and help resolve them. Please reach out to us at support@aidungeon.io.,2023-03-09 17:00:26,,gam3648,com.aidungeon
7ea41b80-3c26-4415-bd59-3f77d6cf012a,A Google user,https://play-lh.googleusercontent.com/EGemoI2NTXmTsBVtJqk8jxF9rh8ApRWfsIMQSt2uE4OcpQqbFu7f7NbTK05lx80nuSijCz7sc3a277R67g,Can't login many bugs as well.,4,2,1.1.108,2022-01-17 19:08:38,,,1.1.108,gam16243,com.aidungeon
94fb1b45-c783-4063-a8d6-ea66475972d5,A Google user,https://play-lh.googleusercontent.com/EGemoI2NTXmTsBVtJqk8jxF9rh8ApRWfsIMQSt2uE4OcpQqbFu7f7NbTK05lx80nuSijCz7sc3a277R67g,Good game. You can do literally anything. The game will try to push you in directions but you can easily change where the story goes. I lost a lot of sleep when I first downloaded this. The AI is pretty powerful. It doesn't always get things right but you can re-roll it's answers. It's definitely worth a gold membership if you like text-based adventures. Edit (1/7/22): They're struggling right now with getting their AI up to speed. The results are repetitive and forget previous details.,3,7,1.1.108,2022-01-07 20:28:13,,,1.1.108,gam3062,com.aidungeon
