reviewId,content,score,thumbsUpCount,reviewCreatedVersion,at,replyContent,repliedAt,appVersion,unique_id,appId
f920c405-e802-41db-8cd8-84bdab0c1588,Literally recorded my voice for 8 minutes and now can't use it or find it to use. No instructions on how to use this app. Robbed me of 4.99 for what? Load of rubbish,1,0,4.2.24,2024-09-13 17:32:45,,,4.2.24,mus10582,com.feraset.tune
59286844-6199-49ec-9ac5-9243f1b8b852,It's great to make a songs,5,0,1.0.14,2024-08-15 20:48:57,,,1.0.14,mus2368,com.ai.sound.donna
02f322d6-18ea-4a41-91fd-fc722d92204d,Making your own songs is fun.,5,0,1.0.1,2024-06-06 13:20:42,,,1.0.1,mus3537,com.ai.sound.donna
20de4676-f795-454b-80fe-2cb5cfbcd019,This app isn't it. I tried my voice along with others voices and all it does is add auto tune to the original song lol sounds nothing like me and my friends.,1,0,4.0.9,2024-02-20 22:18:56,,,4.0.9,mus11104,com.feraset.tune
0b05acc6-01cc-433d-8407-67a2db171a72,Crashes as soon as I open it,1,0,,2023-03-27 23:11:19,Hello. We updated MusicAI a couple of times since your comment. We can't see any bugs about that. Hope it works well! Thank you for downloading MusicAI! -Big Mobile Games Team,2023-05-20 09:59:20,,mus18093,com.bigmobilegames.musicai
8f75a295-ad94-47a9-a27e-f8d1005e5bbb,Only 15 seconds??? It didn't sound like Eminem too,1,0,1.4.2,2024-08-02 22:42:36,,,1.4.2,mus9314,co.appnation.aimusic
eb39d52e-6e17-4e9c-b6de-423d7320a57d,Trash waist of money dosnt even work like at all,1,1,1.3.2,2024-05-31 01:09:19,,,1.3.2,mus16198,com.talentme.singup
2e9466fb-4687-42d0-b512-7123b11d0af8,Do not waste your time like I did won't ever get that back,1,0,4.2.20,2024-08-12 17:02:30,,,4.2.20,mus11349,com.feraset.tune
cba7e7ed-11b3-4c01-937a-8ec2a9b6d92e,asking for a review before you even try out the app,1,0,4.0.15,2024-02-29 16:16:37,,,4.0.15,mus12986,com.feraset.tune
61bdedab-f130-4d63-afd1-d06a0f5c59ba,The generating process takes ages. The rendition is unsatisfying. Money wasted. No trial period.,2,0,1.3.0,2024-05-23 08:07:38,,,1.3.0,mus16054,com.talentme.singup
8dea1cbf-ad38-4cc8-92e3-f9c7b61a0026,No directions been at it four days hidden costs if you want your own voice and it's a guessing game on why continue won't continue sadly I got the life time mistake as it's not at all fun. Frustrating and confused .,1,0,4.0.15,2024-03-07 01:06:36,,,4.0.15,mus11109,com.feraset.tune
3a8fc1fd-af45-42e8-bcdd-9e5ecd4cb17d,Dissapointment. Cant even tell you if this works well or at all as the free version does not even allow enough to judge it worth money or not.,2,1,,2024-04-17 14:16:23,,,,mus11299,com.feraset.tune
3e903811-a97b-430c-8b41-615bbf093248,amazing app. Absolutely love it. so fun.,5,0,1.0.5,2024-07-02 12:42:57,,,1.0.5,mus3472,com.ai.sound.donna
63277fe9-6346-49ff-b7ca-b121b367f06d,need selection of voices and indian classical music selection,4,0,1.0.21,2024-09-19 07:44:24,,,1.0.21,mus1406,com.ai.sound.donna
2d527ee3-13e5-4d1e-a60c-4db901b5c26b,great app. it's professional,5,0,1.0.24,2024-10-05 03:34:41,,,1.0.24,mus2365,com.ai.sound.donna
e61b1d4e-910d-4fb6-9b89-50e1352d5e99,Bro you have to pay for it is so annoying and it's that I had no points.I hope this game gets a battery view Bad bad badBad bad bad bad. So when I was trying to Do my song it says I have to pay for who says the song is for free but you have to pay for it?This is why don't need it app,1,0,,2024-09-30 20:51:45,,,,mus2215,com.ai.sound.donna
c56e2ed4-5668-41e0-8801-00f396c591d9,There's no creativity here. Thought it would allow me to use built in instruments to arrange and compose my ideas but it doesn't. Get yourself a DAW if you want to be more creative and original.,1,2,1.0.2,2023-06-22 03:29:16,,,1.0.2,mus9043,co.appnation.aimusic
fccd67e4-af50-4367-886a-a5b5ff465a23,Immediately hit a pay wall after you open the app. -1000000000000000/10 would never recommend,1,1,1.2.1,2024-07-24 01:49:24,,,1.2.1,mus7275,com.singgenix.suno
443f07b9-8208-4190-8edb-3cb64d0a4902,Don't pay for it. Shockingly bad renditions.,1,0,4.1.2,2024-04-12 16:23:27,,,4.1.2,mus12386,com.feraset.tune
14b1b831-3fec-438c-b020-2cb2f2871921,The voices sound nothing like the characters and it just isn't worth it.,1,0,4.0.15,2024-02-22 08:05:33,,,4.0.15,mus11872,com.feraset.tune
0bd2a787-e930-4ea0-8b77-71569dfa53bb,Just don't download this its a horrible app Waste of time,1,0,4.0.9,2023-12-17 10:20:55,,,4.0.9,mus12699,com.feraset.tune
17065334-463f-4afe-8174-4b1068c4e60e,Doesn't even give you an option to pick from audio files because it doesn't ask for permission nor does it have it in the settings for you to look through your saved audios poorly made.,1,2,1.3.2,2024-06-01 00:26:37,,,1.3.2,mus15819,com.talentme.singup
eeac5dd4-3179-4ed7-a277-268b15c0fc37,it's so good it gave life to the lyrics I've hide for so long,5,0,1.0.6,2024-07-06 00:09:09,,,1.0.6,mus2298,com.ai.sound.donna
d4281e04-9aa9-4b1c-a9b9-3a6d8fe7e1d4,awesome outlet! Great app.,5,0,1.0.8,2024-07-16 22:28:39,,,1.0.8,mus3647,com.ai.sound.donna
e45912b2-f151-417d-9cd0-6db03565a15e,The song productions is amazing but there's no point if you have to pay a subscription for everything,2,0,1.0.1,2024-06-07 02:01:34,,,1.0.1,mus1765,com.ai.sound.donna
63a2a9f9-615a-4d40-bba8-1568593d28b0,I have written lyrics for years. Unfortunately I don't know how to play an instrument but Donna made my song lyrics come to life!!! It's so amazingly awesome!!!,5,0,1.0.14,2024-08-15 12:15:09,,,1.0.14,mus706,com.ai.sound.donna
997338e6-5e97-441d-b92d-a1e1bb9b4363,pretty cool. just a question are songs able to be used on youtube as into or outros?,5,0,1.0.21,2024-09-19 12:15:15,,,1.0.21,mus1186,com.ai.sound.donna
4c6ddadd-f071-420f-a80a-0b5391983fbd,Worst app over can't even send an email for support and song generation is stuck forever get your refunds from Google play don't wait for them.,1,1,1.2.1,2024-05-15 13:41:28,,,1.2.1,mus15946,com.talentme.singup
c731f462-decc-4939-aa8d-735d9f4863d2,I'm only rating this 5 stars because I need this to be read. So I really wanted to make music but the you LITERALLY HAVE TO PAY to make the song! I don't think that's fair especially charging someone 5 dollars a week for an app you don't even know is going to work. I'm really disappointed. do not download please,5,3,1.2.1,2024-07-24 12:45:35,,,1.2.1,mus7205,com.singgenix.suno
ee51c64c-2a81-4ff8-b460-bacd1a6740ce,mygaaadddd so niceeee very nice nakagawa ako ng kanta para sa boyfriend ko,5,0,1.0.14,2024-08-16 07:02:54,,,1.0.14,mus5657,com.ai.sound.donna
888ad5e4-77b9-487d-b437-f5cb63a07cf0,paid 6.99 for it to not even do what it's meant to do. I can't do anything on this app! And it asks me to pay an extra $4.99 to add my voice. isn't that what the app was for in the firs!t place?! I want a full refund,1,0,1.3.3,2024-08-26 15:43:30,,,1.3.3,mus15788,com.talentme.singup
91bf2404-c116-4015-ac27-47facf45f1be,Sounded nothing like my voice. Didn't have many songs just common overplayed ones. Made my voice so much higher and muffled. And you have to pay just to use it.,1,0,1.3.2,2024-06-24 23:08:58,,,1.3.2,mus15858,com.talentme.singup
61d3ba8b-e2c6-4f70-ac40-e3cdae78a3a8,after generating a song from an idea of mine let us sell for money,5,0,1.0.15,2024-08-22 03:27:18,,,1.0.15,mus3343,com.ai.sound.donna
91ecaa74-ea7a-46eb-9aba-952c93150142,Really good kinda fun but in the ads they dont talk about how your first one is full but then the rest are only 15 seconds and you have to buy premium as a subscription yes it is cheap but still i dont want to be spending money to do ai cover songs for the full song,3,0,4.0.9,2024-01-05 12:10:45,,,4.0.9,mus10834,com.feraset.tune
af15baa0-0bcc-45e7-911c-56a09eabc620,I absolutely love this app! it's so much fun and creative,5,0,1.0.22,2024-09-24 15:03:26,We appreciate your kind words! Donna AI was designed to be the ultimate AI song maker giving you the tools to create music that's uniquely yours. We're glad you're enjoying the app and can't wait to see what you create next with our AI music generator.,2024-09-30 14:02:03,1.0.22,mus1218,com.ai.sound.donna
172bc4e5-f0d6-4d9a-a53b-88a0554fc7f2,CHARGED ME FOR WHOLE YEARS SERVICE WHEN I CANCELED. THE VOICES SOUND HORRIBLE THE WORST APP LIKE THIS YET. STILL WAITING FOR REFUND BEFORE I FILE DISPUTE. MUCH BETTER APPS FOR THIS DO NOT DOWNLOAD!!! THEYLL RIP YOU OFF.,1,0,1.4.2,2024-09-07 17:13:33,,,1.4.2,mus8975,co.appnation.aimusic
e37b4c6b-fbfc-4e35-9121-26ce02ed83b7,it's a great application try it,3,0,1.0.3,2023-09-17 16:58:41,,,1.0.3,mus9512,co.appnation.aimusic
7f0be965-f979-4e43-8fce-ffdb82f8e8e7,Great fun and easy to use,5,0,2.0.20,2024-10-08 02:50:11,,,2.0.20,mus16604,com.script8888.magicmusicai
1e9946c2-d3ee-4bcd-a7aa-f76a53ced5e3,A free app that requires me to subscribe or give 5 stars in order to even create a single song.,1,1,1.0.1,2024-06-05 03:03:01,Dear User thank you for your comments and feedback. We would like to support you with this issue and so wed appreciate it if you could write back to us at donna@mobiversite.com.,2024-06-06 05:30:29,1.0.1,mus2264,com.ai.sound.donna
6b2fc46d-2c27-4e3f-aaff-fdc8619b3132,Would be better to give chance to use 5-10 times for free. Only payment requires. Was not sure to subscribe or nor. Deleted.,1,1,,2024-07-14 15:59:48,,,,mus2802,com.ai.sound.donna
77c42fd8-6bc9-4080-9cbd-34efa688c5a0,Nice but u can't make much song or cover because of pro,1,2,2.0.3,2024-09-08 01:11:47,,,2.0.3,mus8341,ai.vyro.musicly
baf8c132-cb0b-4a27-9c63-e521e563dc2b,This app has potential but why only make us make one song like no wants one songs trying to make us pay not everyone can jus get money to pay for an app,1,31,3.0.1,2023-09-09 22:51:45,,,3.0.1,mus11460,com.feraset.tune
544832d4-d32f-40cd-b59c-2a82ca7a2600,I Wish You Can Save Songs From This App To My Phone,2,0,1.0.1,2024-05-14 17:12:13,Hi please check the next update in the store when it is available;) Donna Support Team,2024-05-21 10:19:38,1.0.1,mus3714,com.ai.sound.donna
43fb67bd-98e4-4b32-9292-1f12bb16e505,Absolutely amazing ! I made a song for free wow! And bro it was soooo good. Like it didnt sound fake at all it sounded like a real artist it was smooth and clear with the music,5,1,1.0.14,2024-08-14 19:41:15,Thank you for choosing Donna AI! Our ai music generator is crafted to inspire and elevate your musical journey. Whether youre a seasoned pro or just starting out our app is here to help you create unforgettable music.,2024-08-16 07:27:51,1.0.14,mus480,com.ai.sound.donna
26a6599e-c075-45ab-984d-e0ca6b973184,Thanks for getting back to me. Yes! That would be great! If there was on option to use what ever the app creates for commercial use. Then that would be amazing. This would be a service I'd have no problem paying for too. When something like this has been implemented. Ill definitely rate 5 stars Many Thanks,4,4,0.1.6,2023-02-27 08:45:57,Hi there we're just figuring out the commercial licensing and should fully release it in 1/2 weeks. For now if you like a song tap on the $ button next to it this will send us an email indicating your interest and we'll get in touch with the details. We're game developers too so totally feel your pain!,2023-02-21 20:15:13,0.1.6,mus7971,com.dc1ab.wau.ai.music
320e0aca-6cf3-4809-8573-3b2bc4c6701a,Love the simplicity of it,4,0,1.0.16,2024-08-28 04:23:43,,,1.0.16,mus2408,com.ai.sound.donna
d7f176f8-8dbf-482c-8321-8ab69d18e20a,Asked me to rate it before we even got to the start screen. When I rated it 1 star it didn't create a rating in Google but I bet it does if you give it 5 stars.so creating this rating before I uninstall otherwise I wouldn't be able to rate it without Downloading it again.I see your deceptiveness,1,1,4.0.13,2024-02-07 21:31:26,,,4.0.13,mus10855,com.feraset.tune
e295d414-b1d7-4500-9702-aad2b4513582,Worst music generator ever bought 1000 credit 90 percent of song not in full length only 1 to 2 minutes wasting your money,1,0,1.2.8,2024-09-08 11:12:50,,,1.2.8,mus7244,com.singgenix.suno
f22f8bcf-e1bf-4410-9949-295106ef0eb1,Goes through all the steps to create your custom AI voice (wasted 7 minutes of my life) and then asks for money. Won't let you proceed to even try using your custom voice. Discards the whole lot.,1,1,,2024-08-18 05:31:36,,,,mus10974,com.feraset.tune
861b963c-f619-40a9-ac4e-7b3643c6247b,Disappointing. None of the voices sound like any people of color. They all sound like they're trying to imitate and those have no flavor. Uninstalled after an hour.,2,0,1.0.14,2024-08-08 22:45:31,Donna AI is designed to create diverse and inclusive music experiences. We dont engage in any discriminative practices and were constantly working to improve and diversify our vocal options. We appreciate your feedback and will use it to continue enhancing the app.,2024-08-09 04:05:18,1.0.14,mus714,com.ai.sound.donna
7ab70e76-cc59-4261-aeca-a495f3e49599,It's pretty cool. But as others have said it's hard to really tell if it's generating from your prompt or just making something generic based on the genre you picked. Maybe I'm wrong but it doesn't seem to do lyrics either. All I wanted was a depressing lo-fi song about corn!!! :),3,1,0.2.7,2023-04-06 07:59:32,Hi there! Lo-fi is one of the best performing genre actually. Text to music is still beta though. Would you like to join our Discord? It would be so good to have you there!,2023-04-09 12:37:31,0.2.7,mus7974,com.dc1ab.wau.ai.music
b325fe2b-7070-4502-bce9-a04d3b3735cb,Beautiful app am highly recommending it so easy to use,5,0,0.4.24,2024-09-11 16:23:29,Thank you so much any suggestions or requests?,2024-09-11 22:33:44,0.4.24,mus7988,com.dc1ab.wau.ai.music
c2788d00-40c2-44d7-9b88-25823155ea89,Only made one song but it was a really random prompt and Donna pulled it off amazingly. I mix music myself normally but damn this is gonna save me months of work. Are there any plans to allow pro members to create profiles and organise music for others to listen to? Thanks for the response that's great to hear!,5,1,1.0.14,2024-08-10 05:45:16,Were thrilled to hear that Donna AI is saving you time with your music creation! We are indeed working on profile creation which is currently in testing. This feature will be available to all users soon allowing you to organize and share your music more easily. Stay tuned for updates!,2024-08-05 06:47:00,1.0.14,mus322,com.ai.sound.donna
99d78a77-e925-406f-a388-cb0b458afd02,This app's basic UI need to be improvise for music image text so that users can able to generate the exact combination they want.,2,0,,2023-11-01 04:01:54,Thank you for the review! We could be adding those features in a future update; please stick around and you might end up seeing it!,2023-11-04 14:25:53,,mus8007,com.dc1ab.wau.ai.music
dad8cffc-ea97-434a-912d-2e4ac2b211ff,why do I need to pay to make a song why im poor,1,0,,2023-12-21 02:32:22,,,,mus12783,com.feraset.tune
710fa112-3b4b-479c-a95d-0b5b5cbfe5f0,There is nowhere to cancel your subscription for this very poor app. It keeps taking money out my account weekly and I have no way to contact anyone.,1,1,1.3.2,2024-06-09 10:36:23,,,1.3.2,mus15897,com.talentme.singup
f543fc89-1c13-44be-a16f-03c6aee34f3a,Lost 100 dollars App was not making songs based on my prompt was making different genres so I un-installed and reinstalled and it deleted the over 600 songs I had purchased and would not restore them I have messaged the developers but they won't do anything.,1,18,1.1.0,2024-07-09 19:21:49,Dear user we will ask the members of the technical department to upgrade the system and hope that you will not have such problems in future use.Thank you for letting us know about this situation.,2024-07-09 23:34:57,1.1.0,mus16847,com.ai.music.generate
39b7a391-9051-4820-8ecf-80b2cde22e9c,Wanted to try it out because of an ad. It does not let you use your voice without paying. If I cant try the product why would i pay. Honetly giving me scam vibes.,1,1,4.2.3,2024-06-25 14:58:27,,,4.2.3,mus10680,com.feraset.tune
0bd59299-b286-4793-9797-122111718882,I like the app but the only thing I'm disappointed about is the lack of Kpop idol voice models I'm huge Kpop fan so I usually love listening to AI covers of my favourite k-idols singing to songs that suit their voices. And I would really like to make some AI covers of my own but bc of the lack of voice models I can't. Also I wanted to ask Is it possible for u to add in the feature where u can make an AI cover with more than one person voices together singing a song ????,3,5,1.0.8,2024-07-25 00:28:42,,,1.0.8,mus8186,ai.vyro.musicly
77f51c68-828d-4b0e-a690-ece091d01295,It was good at first but when I realized that the own lyrics had a price I didn't really like that,3,0,,2024-08-16 10:31:20,,,,mus3579,com.ai.sound.donna
d87e82a4-0ec8-4c7b-8560-a752345e2f71,Updated review. Love this app. Made a couple great songs that I've got on repeat. Sometimes they come out a bit corny or too literal if using description. Writing your own lyrics is the way to go. A couple suggestions I'd love to see: Please add a feature for people to like songs. Also really need to be able to change/customize the photo generated for the song which it gets wrong sometimes. Also want to be able to edit lyrics/title if there's a typo and show which genre/mood I used please.,5,42,1.0.11,2024-08-03 22:43:20,,,1.0.11,mus48,com.ai.sound.donna
be7ed295-3e3d-4276-af65-ac58cbd9892a,I don't even know what the music sounds like when you generate it. .BECAUSE YOU HAVE TO SIGN IN. .,1,8,,2023-01-27 19:07:52,,,,mus15157,com.multiplewords.ai_music_generator
d30244a7-7500-44d4-bb62-d0b6dcddc0b3,I couldn't even use it. I had to pay for every song i make.,1,0,1.0.7,2024-07-15 10:10:07,,,1.0.7,mus2887,com.ai.sound.donna
7d32b54c-ae1f-497f-a408-4a454a930d4c,I'm reporting your ad for false advertising,1,0,,2024-02-10 22:35:51,,,,mus12455,com.feraset.tune
43699f61-4912-4184-b6f1-303aa5d77b2b,Thats so bad. I spent 7 minutes recording my voice and in the end they said i had to pay to continue. This is greed,1,0,,2024-08-27 11:00:36,,,,mus11400,com.feraset.tune
0252ae1c-e3c6-4d9e-8f0e-19678429b4fa,No 7 free trial,2,0,1.0.17,2024-09-02 21:44:03,,,1.0.17,mus4394,com.ai.sound.donna
b200ce9e-65be-458a-8d4c-b44cc2cfa4df,I like this app a lot. But I feel like the fact that I'm paying for this service I should have the ability to create explicit content like any other artist can do. It gets old to take the time to create something only for it to deny my creation. And for what? Please make an 18+ section for this app. Or just simply remove the explicit ban completely. Like I said I like the app. I've made lots of music so far. But I'm also paying them money for this. Soooo yeah..,4,0,1.0.22,2024-09-25 11:13:51,Your enthusiasm is infectious! We designed our AI music generator to be a powerful tool for anyone looking to make music and we're thrilled to see you enjoying it. Keep creating keep sharing and let's make some amazing music together with Donna AI!,2024-09-30 14:04:35,1.0.22,mus271,com.ai.sound.donna
7fe6cdd9-79dc-4178-aee9-62f85c09c3e2,would give this negative stars if I could cant enter prompt and it wont accept any input otherwise DO NOT INSTALL,1,0,1.1.3,2024-09-18 15:59:26,Sorry for your trouble you can try restarting the program to fix this error.,2024-09-18 23:03:34,1.1.3,mus16877,com.ai.music.generate
8884dba7-7f40-43aa-b526-be3a0f2a0efc,Not even give you a free trial.,1,0,1.0.2,2024-08-09 13:49:25,,,1.0.2,mus16519,ai.cover.suno.song.music
9613c7b4-ad9f-4a36-85a1-1475d595143f,It's great except sometimes instead of giving me what i ask for it gives me some random song about a dead dog,3,0,1.1.2,2024-09-24 19:16:36,We apologize for any inconvenience. The AI generator may not have fully understood your request. Please try describing your preferences in more detail such as specifying the mood instruments or genre you'd like. This will help to create a more accurate and satisfying piece for you. Thank you for your patience and understanding.,2024-09-24 22:51:44,1.1.2,mus16873,com.ai.music.generate
40827339-de79-4318-b598-f04f4d0a709c,Terrible Does not work. Every single one fails. HUGE WASTE OF TIME AND MONEY . DO NOT DOWNLOAD,1,0,1.3.2,2024-06-15 00:19:38,,,1.3.2,mus16039,com.talentme.singup
2e2240fa-3cbf-43ea-b688-8bbb801bceef,Honestly speaking this is one of the worst apps I've seen so far. The app would continuosly stop working and couldn't generate anything. I've read the reviews people saying that they should fix the app or upgrade it but it seems that overtime things only got worse. I am very disappointed. This was a waste of time and internet,1,3,,2024-03-28 14:56:40,,,,mus17371,ai.music
1c17c2ce-1f57-4f89-9995-ae32b6718b58,Not paying for anything until I see if you can actually produce what I want. But not free trial,1,6,1.2.7,2023-11-26 00:43:15,,,1.2.7,mus17914,com.ai.music.clone.generator
c2367550-b3b9-427d-a3e2-eb8ccd603f9e,ai itellegent and sitizen,5,0,4.0.9,2023-12-20 00:13:06,,,4.0.9,mus13214,com.feraset.tune
4560f1b0-1f2a-49f8-96dc-476ccd0225b5,Love this app but it's hard to get credit I hope it can use 3x a day for free like the other amazing app,4,0,1.0.7,2024-07-09 00:04:30,,,1.0.7,mus2249,com.ai.sound.donna
cbad0bf4-5f78-4662-b74c-caa0c876e6cc,i just wish I could make more songs without paying:(,3,0,1.0.22,2024-09-28 20:57:32,,,1.0.22,mus1664,com.ai.sound.donna
a2e11321-a516-4c5c-825b-3e053044bf9a,Couldn't get a refund,1,0,1.4.2,2024-06-07 00:44:08,We're sorry to hear that you had trouble getting a refund. Please reach out to our customer support team for assistance with your refund request.,2024-06-14 05:47:32,1.4.2,mus9623,co.appnation.aimusic
e23e219d-016d-4e7c-84fd-b5f89a4ddbf9,This app isn't working will not create anything,1,0,1.0.3,2024-05-15 15:04:46,Dear user we will ask the members of the technical department to upgrade the system and hope that you will not have such problems in future use.Thank you for letting us know about this situation.,2024-05-15 23:13:00,1.0.3,mus17063,com.ai.music.generate
496bd405-5c3a-475c-9326-209427fb0da0,Not only can you only do 3 free song generations but when you post a link it goes to a totally different YouTube video. Absolutely unusable,2,0,,2024-05-01 16:16:20,,,,mus9087,co.appnation.aimusic
73984a1a-d6d2-4c79-b25b-3fadc86a7470,"Not putting ""paid"" tag up front on a feature like making your own custom voice is not wise. Imagine following the steps but was stopped at the last part bec. it's a paid feature. I don't have issues paying an extra feature but I don't like being told only on the last part that I need to pay.",3,0,4.2.24,2024-09-07 15:20:42,,,4.2.24,mus10523,com.feraset.tune
60d94da1-2250-4d78-9d56-800bd45fe2ac,An amazing app. But the AI does need improvements. Like sometimes I get one or two songs that have nothing to do with what I typed and sometimes the render only takes a few seconds. Witch let's me Know that the AI didn't read my script,3,0,1.1.1,2024-07-26 16:54:08,Dear user thank you for your valuable and detailed feedback. We've forwarded it to our developers. If you encounter any further issues please don't hesitate to contact us. We hope that our software can get a higher rating from you in the future. Have a great day!,2024-07-28 22:40:32,1.1.1,mus16816,com.ai.music.generate
2ca54b39-96e3-4b0a-8a5d-aa1214708462,when downloaded the instrumental there are part missing. I'm wondering if that's supposed to on purpose?,4,0,1.0.9,2024-08-01 03:03:58,,,1.0.9,mus1464,com.ai.sound.donna
1d0a65b6-bb22-4db4-8fe4-a83fe337c2b7,I have been deceived. I thought I could create my own AI singer. I was wrong.,1,6,1.2.5,2023-10-24 05:17:45,,,1.2.5,mus17923,com.ai.music.clone.generator
1232cd44-b287-43b6-ae44-df2296ff9b64,I like this app it did a good song for me ! Can we use the music for a song if we get a beat made by a producer & sing over the beat ! Can I make a song with it & release it ?,5,0,1.0.24,2024-10-11 00:55:07,,,1.0.24,mus795,com.ai.sound.donna
a3373a37-465b-455d-a0a8-7a980033bc62,I have a huge suggestion. I'm pretty sure it's because of licensing. but having a name or an actual real-world photo of the perosnas we can choose from.the A.I. charakchers are not as informative as a paying customer would like.other than that 100% like it.,4,1,1.3.1,2024-02-01 01:15:27,,,1.3.1,mus8970,co.appnation.aimusic
4b174241-6928-416d-a487-cfaccd8a6275,"Junk. Will only generate music up to 45 seconds and then won't save (""something went wrong""). Cancelled.",2,1,4.0.9,2023-12-27 10:28:13,,,4.0.9,mus11185,com.feraset.tune
c8a0279a-4a31-4388-a40b-1420bf96db89,Pretty impressive what's possible nowadays. Hope there will be soon more settings to customize what the ai can do. For example I would really love a section where I can input the beat per second. So if I write my own lyrics and have a certain beat in mind that the ai picks that up. Because the music style itself still varied a lot in song speed. It would also be cool if there would be more options editing within a song created so if I really like a song to change vocals but keep the style i.e.,5,16,1.0.17,2024-09-03 09:22:43,,,1.0.17,mus97,com.ai.sound.donna
d53df6bd-1824-4687-ab2e-3e9854abeac8,this app has not too shabby songs that you can make,4,0,1.0.16,2024-09-01 13:16:46,,,1.0.16,mus2017,com.ai.sound.donna
12a8a541-257f-40fb-b2c3-f0d20c094a21,Download this. It's amazing.,5,0,1.0.24,2024-10-08 12:07:14,,,1.0.24,mus2695,com.ai.sound.donna
4eb8ca6c-8a0e-469a-86f5-866b3a1eeb1f,Actual Garbage. I set it to play as Hatsune Miku and put in a link for a song. Right off the bat putting in a link for a song is weird. Then I wait around 3 minutes for a slightly higher pitched song. Don't use this app it ain't worth it,1,5,3.0.9,2023-09-29 19:16:07,,,3.0.9,mus10798,com.feraset.tune
26640e18-1b77-413e-ac0e-224b6b119fcd,It made me yap about memes for 7 minutes and then only then after did it say I needed to pay to use the custom voice. Stupid app and a waist of my time.,1,0,,2024-03-21 19:49:23,,,,mus11518,com.feraset.tune
785805ce-c8cf-4c7d-a48f-17f6c8475085,I downloaded it because I wanted to try it but the app won't let you try not even once until you pay. Sorry but I'm not paying for something I don't know if works as good as I need.,1,0,1.5.7,2024-10-09 18:23:40,,,1.5.7,mus6839,ai.music.generator.song.maker
5b595a23-ea9a-4c62-a262-3856de77ab68,I love this app the moment I can add my own voices to the app was super fun! But the new Halloween update made the whole screen white and I cannot do anything about it. I lost everything in there I can't use this app anymore. I am using a Galaxy S 23 Ultra and it never worked again thanks to the update and this stupid unless white screen. Please fix it.,1,3,4.0.5,2023-11-04 23:14:29,,,4.0.5,mus10495,com.feraset.tune
392af4f2-f509-44f0-a141-7a042cc2326b,One free song then you need to pay a monthly or yearly subscription to use it.,1,1,,2024-07-23 21:46:31,We understand your concern. Donna AI offers one free song to showcase the capabilities of our AI music generator. Subscriptions help us to continuously improve the app and add new features. Thank you for your feedback.,2024-07-24 06:26:52,,mus3599,com.ai.sound.donna
9110dba0-bea4-49df-95de-a945260ea08b,I pass classes thanks to this app lol. Great work,5,0,,2023-03-05 11:07:37,,,,mus18089,com.bigmobilegames.musicai
dead0e19-8540-458a-9be8-6dfb4a4fa763,I'm a professional music producer and the model(s) used to train the ai were absolutely inspired. Some of the clips generated are stunning. The AI lacks the constraints of typical ideas related to making music I noticed especially in the EDM areas it acceled at making sounds you wouldn't typically imagine. Seriously cool. Keep it up. (Tip for random people: I really wouldn't get into AI looking to make tangible or coherent content just for fun),5,22,1.0.3,2023-09-28 15:53:41,,,1.0.3,mus8944,co.appnation.aimusic
bdc357da-794b-48fb-b9bd-db06dd087737,Pointless app unless you wanna pay money it seems,1,0,4.0.9,2023-12-06 06:20:44,,,4.0.9,mus12583,com.feraset.tune
e125a340-ee1b-4527-8141-e337628cfa18,"Doesnt work. After using a very simple prompt to test it it failed twice to generate a classical instrumental song. When it finally started ""generating"" it got stuck with ""in final adjustments"" loop repeating 30 seconds. I thought if I subscribed to the free plan it would work so i did.But no! Same thing happened..After an HOUR of waiting i UN-subscribed and gave up.",2,13,1.0.7,2024-06-08 19:41:15,,,1.0.7,mus16784,com.ai.music.generate
b3f6d543-1858-431f-bb2d-52ab78f650e0,I love it but I tried it and ran out of credits. Didn't know I needed credits to create. But it's still a great tool for making music and learning it and recording it again.,5,0,2.2.2,2024-08-06 22:20:39,thanks,2024-08-07 02:36:20,2.2.2,mus15325,com.app.sunaia
093c1b15-81f3-4910-88fc-eeedcc686af9,Immediate pay wall without any sort trial. Presents a demo of how it works without any verification. None of the reviews here mention this. Obvious astro-turfing.,1,0,,2024-08-14 00:33:16,Free trials arent ideal for AI tools but you can still create songs for free by inviting friends to join Donna AI. This gives you the chance to explore the apps full potential without an upfront cost. Were committed to offering a genuine experience and your feedback helps us improve.,2024-08-14 08:22:55,,mus2823,com.ai.sound.donna
5b7360f2-71fa-454f-a3f2-c32cdee0c7df,Pretty Good music maker song,5,0,1.0.9,2024-07-30 06:05:05,,,1.0.9,mus3047,com.ai.sound.donna
8f0de614-baaf-4fcb-b7c8-b2b455474041,I want my money back this is terrible,1,1,1.3.2,2024-06-01 13:49:43,,,1.3.2,mus16237,com.talentme.singup
da873b1b-14df-4ac4-b6e9-4c9a294e8328,pretty f#$%g Cool.great for inspiration!!,5,0,,2024-08-19 21:30:48,,,,mus4444,com.ai.sound.donna
98a3cd13-02fe-4c31-9f85-8f2b3ad6e5c0,wow!! so if you have lyric wrote and don't know how to make em sound you can definitely pick up some inspiration from here. and if you just wanna hear your lyric sung in any genre it's a freaking BLAST!!,5,0,1.0.14,2024-08-17 12:30:03,Thank you for your amazing feedback! Were thrilled that our AI song generator is helping you create incredible music. Keep exploring new sounds and pushing the boundaries of your creativity with our AI music maker. The possibilities are endless!,2024-08-19 07:52:05,1.0.14,mus717,com.ai.sound.donna
eba7040e-8de3-4907-8a5f-d23baa3b824c,Ask for a review before purchase? Dodgy antics.,1,0,4.1.6,2024-05-27 09:50:58,,,4.1.6,mus12395,com.feraset.tune
ac49f268-c692-4eed-bd49-a4259b65013f,1st song done Woahhh is all I gotta say. can't wait to see what they come up with next!,5,0,1.0.22,2024-09-24 01:28:25,Thank you for sharing your excitement! We're thrilled to hear that you enjoyed your first song and cant wait to see what comes next. Your enthusiasm motivates us to keep improving the app. If you have any thoughts or suggestions feel free to reach out to us at donna@mobiversite.com. Happy creating!,2024-09-24 09:04:15,1.0.22,mus1662,com.ai.sound.donna
ca4a5ce4-2df4-4ef0-8db2-538bac93473b,I got to say this is the first app that truly impressed me.,5,0,1.0.24,2024-10-07 05:09:25,,,1.0.24,mus1821,com.ai.sound.donna
ae01df92-ba54-4bdc-9334-622315ddab2b,It really is remarkable what the AI can generate with a few prompts.,4,0,1.0.9,2024-07-29 23:37:09,,,1.0.9,mus1376,com.ai.sound.donna
0f42c261-9ba4-4f84-bdf3-9cb7d4b026a5,Easy app to use,4,0,1.0.1,2024-06-08 18:11:09,Thanks for taking out time to rate us. It really helps us to keep going and delivering the best :),2024-06-10 08:35:03,1.0.1,mus4112,com.ai.sound.donna
49ed9ada-0344-4b0b-ba3d-b1f3497d67d5,It works okay? But the quality is pretty bad,3,0,4.0.14,2024-02-15 15:23:13,,,4.0.14,mus12231,com.feraset.tune
4067d046-c57b-40b4-847f-55f2b65a8625,This is stupid you literally have to pay to hear the songs you make,1,0,1.6.0,2024-04-17 12:12:40,,,1.6.0,mus17506,ai.music
8417c3fe-8c7f-40c5-b381-658e12060cf6,Can't even preview your voice,1,2,,2024-04-15 19:43:56,,,,mus12561,com.feraset.tune
dabb8370-7a83-41b0-a6b4-ce3507a37f5d,totally 100% hands down the perfect app for upcoming inspiring artists looking to get ideas.,5,0,1.1.7,2024-07-18 17:51:14,,,1.1.7,mus7271,com.singgenix.suno
0334a464-292a-472c-9816-2a930fe7f234,The Magic Music app is one of the most fun and best apps I have downloaded very easy to use and understand. It has some pretty hilarious results. The developers are real good folks too I had an issue with the app and they resolved the matter PDQ.,5,15,2.0.4,2024-07-27 08:53:13,We have a new version which fixes the error issue we are just waiting on approvals. I would love for you to update your rating when you feel like. You can email us magicmusic@highpowtech.com,2024-07-25 23:42:28,2.0.4,mus16570,com.script8888.magicmusicai
4597ed2a-b0e4-49cb-b456-03cb3206bac8,You have to pay before you can use it,1,0,1.3.4,2024-09-10 18:12:27,,,1.3.4,mus7040,ai.music.generator.song.maker
8c485f52-0570-412e-aad1-766cc09be93f,It wouldn't even let me use a free trial. Said I'd used this before when I haven't even heard of it until today.,2,0,,2024-07-01 18:10:55,Sorry for your trouble. Due to the high cost of using AI we have to limit the number of free uses. every user has 1 free time try. After you use up the free time you can get free access by watching ads or pay for a subscription,2024-07-02 22:47:12,,mus17109,com.ai.music.generate
5122661f-847d-433b-953a-0466bf34ef5f,Love the app. First trying free songs. Would be great if option to select musical intrument is available while generating songs.,4,0,2.0.4,2024-09-26 06:12:19,Dear User! Thank you for your Love and support. To keep our servers running and continue improving the app we need to balance free and premium features. Your support helps us provide a better experience for all users. Thank you for your understanding. The Saaz team!,2024-09-30 13:23:49,2.0.4,mus8196,ai.vyro.musicly
5cb01bd2-2114-40c6-a566-efe4238fe7d6,I have to pay 60 bucks like literally its everywhere this is have to pay to create music greedy pigs I don't recommend this app everything is restricted,1,0,1.3.3,2024-03-07 04:51:20,,,1.3.3,mus9180,co.appnation.aimusic
cd85ae43-ad7c-479a-b78d-1c72bd25d269,Is not free !,1,0,4.2.27,2024-10-05 08:53:53,,,4.2.27,mus11934,com.feraset.tune
5b8e1d82-6cd8-4ddd-be4f-208f2710f833,Ok at first it was great by the way I'm paying for this app anyhow now when I try to create a song it only plays 58 seconds of the song I can read the lyrics which are much longer than the song played if that makes sense. In hence ut doesn't play the entire song.,3,1,1.0.8,2024-07-20 23:57:13,We apologize for the recent issues with song length. Our team is working to resolve this problem and restore the full functionality. Thank you for your patience and continued support.,2024-07-22 04:16:40,1.0.8,mus569,com.ai.sound.donna
701cbabd-9848-4fed-9f13-4595fa3eef49,pretty good the paid package seems to be more reasonable than another app I was on,5,0,1.1.0,2024-07-08 16:25:12,,,1.1.0,mus16978,com.ai.music.generate
0ba2a6db-dce4-4a0a-aaa5-474d7f7173f1,tbh I'm doing this for the free song thing but the abilities of the app is great tho.,5,0,1.0.1,2024-05-25 16:05:06,Thank you for downloading our app! We will keep working on it!,2024-05-27 02:15:44,1.0.1,mus2487,com.ai.sound.donna
4b354456-96ac-42f8-a5d0-a6f2a66dc1f7,I've never seen anything like this. From the little bit I write in the description it seems Donna can reach into my head and pull out all the things I WANT to say but can't think of on my own! The musical accompaniment is just as spot on as the lyrics! The mood is preserved throughout. Truly an amazing demonstration of AI potential.,5,10,1.0.1,2024-05-27 08:43:55,Thank you so much for your review!,2024-05-27 02:11:42,1.0.1,mus770,com.ai.sound.donna
937f36e7-65c0-481d-970d-9659215b00b2,Amazing music! I love it,5,1,1.0.8,2024-07-16 16:29:29,,,1.0.8,mus2956,com.ai.sound.donna
9597fca9-e814-4f9b-9029-cbec39fa2d17,It's excellent but the price is way too abusive. Limited music tokens for subscribers is a bit too much for my taste.,4,0,1.0.14,2024-08-16 23:57:55,,,1.0.14,mus629,com.ai.sound.donna
13ce5fb2-6fc7-4a95-b1e0-f60f6c7613d8,very cool app looks to be very comprehensive,5,0,1.0.3,2024-06-16 17:48:08,,,1.0.3,mus3460,com.ai.sound.donna
eb436f45-6013-4c5a-80ff-4d051ff42ed6,Do not download this app it's trying to charge me for a subscription that I'm not wanting. I've deleted the app and there still trying to charge me I've email them to stop before and they have not said anything back once so yea if your interested in downloading this poor excuse of an app don't you'll be charged out of no where and even if you deleted the app they'll still try to charge you,1,0,,2024-09-12 18:19:00,,,,mus7263,com.singgenix.suno
889c76a4-1574-404f-b3e8-301f240c4883,I have to constantly uninstall and reinstall just to be able to use the app just because it doesn't want to load up. It stays on a white screen for several minutes before I have to uninstall it.,1,0,4.0.6,2023-11-08 20:51:15,,,4.0.6,mus10905,com.feraset.tune
817c9840-589e-45d2-9e06-99483bfbb282,Love it. Even cried on some. But is there a way to delete the songs that don't have the same vibe?,5,0,1.0.1,2024-06-02 22:30:54,Hi Robert we added delete song feature to next release. We will keep working on it! Donna Support Team,2024-06-03 03:30:56,1.0.1,mus2304,com.ai.sound.donna
5ed98c2d-ef6a-47c5-bcb3-46757791f10c,it's okay but I would like to hear my voice singing it.Really cool definitely feels like a real song!,3,0,1.0.15,2024-08-24 16:09:29,Were thrilled that youre enjoying the realistic feel of the songs generated by our AI song generator! Were planning to add a feature that allows users to integrate their own voice in the future so stay tuned. Were excited about whats to come!,2024-08-26 11:07:07,1.0.15,mus927,com.ai.sound.donna
74b47c37-f63b-4e4f-978c-440852e48c80,Only allows you to try your own voice if you pay Wasted 7 minutes setting that up to not even get a demo Immediate uninstall,1,0,,2024-02-04 14:35:20,,,,mus11829,com.feraset.tune
6406ef9b-1ded-43d3-8794-75b98857c4c9,No way in hell am I paying R155 a week just to hear myself,1,1,4.0.15,2024-02-28 12:02:25,,,4.0.15,mus12660,com.feraset.tune
c3332fea-f879-4075-9527-416443f46290,Creates amazing fun personal songs,5,0,1.0.1,2024-05-30 14:35:08,Thank you for downloading our app! We will keep working on it!,2024-05-31 02:47:39,1.0.1,mus3531,com.ai.sound.donna
0276bd22-0ad9-42e9-b197-9672aaf0c191,When I picked music and I picked a character generated it's said I have to buy the pro :(,1,0,,2024-02-20 08:44:42,,,,mus9257,co.appnation.aimusic
4c90bb2a-325c-45db-8750-77116a14ffcf,It doesn't follow the instructions for the song. I told it that I want a single male voice with no reverb and it did exactly the opposite. My guess is it has some presets and thats it.,2,0,1.5.7,2024-10-11 05:23:20,,,1.5.7,mus6786,ai.music.generator.song.maker
be155187-0a71-4911-816a-72deb6cf8974,why must we give review before testing the app,5,0,1.6.1,2024-05-18 05:19:32,,,1.6.1,mus17487,ai.music
fc892b04-a526-4987-bab9-9a15d1869dc3,Basically can't do nothing I picked a character and a song it said I need premium,1,0,1.3.3,2024-02-28 01:21:07,,,1.3.3,mus9323,co.appnation.aimusic
757838de-3ed1-4e6c-8bef-1390321e6d1f,this is a creative way to express myself in my own words love it,5,0,1.0.16,2024-08-31 13:09:04,,,1.0.16,mus2064,com.ai.sound.donna
f1fd3784-4708-4219-bd56-1232b688f127,It won't make me full songs,2,0,1.3.1,2024-01-09 03:36:33,,,1.3.1,mus9522,co.appnation.aimusic
c470b68b-7bc7-4a47-817b-58afecb64d5e,The app is perfect but i put salsa or merengue and no create the song whit this style.,4,0,1.0.24,2024-10-07 12:10:11,Thank you for your feedback! Were glad to hear you enjoy the app. Salsa and merengue are available genres and we're continually working to improve the experience. Your input is valuable and we appreciate your support as we make enhancements!,2024-10-08 02:38:04,1.0.24,mus1042,com.ai.sound.donna
15b82588-a31d-4c83-8d81-59d6933843b6,Absolutely ridiculous! I was looking forward to create a Ai cover but i had to pay for this stupid thing. I bet the quality is also bad. It also spams ads. Do not recommend. Don't download.,1,4,,2024-06-19 01:11:39,,,,mus15533,com.aicover.aimusic.coversong
d75dc8b7-7d42-4940-ba67-038aed8790cb,You get one free song then it's $50 a year. It works great though!,3,0,,2024-07-29 14:37:03,Thank you for your feedback! Were glad you find our AI song generator effective. Your suggestion about pricing is noted and we appreciate your input.,2024-07-30 03:14:02,,mus3603,com.ai.sound.donna
540eb108-085a-4fb6-98cf-d664b57dd5a9,WinStar for misleading name an improper placement in the Google Play Store.,1,0,,2024-01-03 06:57:54,,,,mus18087,com.bigmobilegames.musicai
e2fb3004-5a61-4a1c-9e19-aff9b92e14f9,Simply amazing helps me create good songs even in tuff times as a artist its not always easy to write songs when times are hard and if i do then it projects the negativity to others and we dont want that its simply a wast of melody we just project positivity and dona helps with that when its hard to be positive i hope no bad comes frome Donna there is two sides and choices are important lets be good,5,1,1.0.21,2024-09-22 08:12:07,We're so happy you're enjoying the app! Our AI music generator is designed to help you bring your musical ideas to life with ease. Whether you're making music for fun or something more serious we're here to help you create incredible tracks. Keep making music that moves you!,2024-09-30 13:54:54,1.0.21,mus252,com.ai.sound.donna
e971f1d0-517b-401c-bc17-e700d1f7ab4b,Not creative preprogrammed prompts it's not real AI.,1,0,,2024-08-09 16:59:32,,,,mus3612,com.ai.sound.donna
0dd0a87b-731b-4d1e-936a-13bab40f3134,I don't think that 40 songs at $6 a week or 2000 songs at $60 a year is justified. It's only free for one song and I wanted to make an old country song that didn't sound like modern pop bs but that's what it came up with. I also know that it's AI but the singers sound like trash regardless. The music isn't even made up by the AI though anyways. If you look up the songs they are real and not unique. It's still royalty free but it's a gimmick because you can just listen to these songs for free,1,18,1.0.18,2024-09-10 00:45:31,Hello we are sorry to hear that you did not find our app up to par. Please contact us at donna@mobiversite.com with your thoughts on how we can improve your user experience. Your feedback is important to us and we will try to act upon it. Thank you for taking the time to leave a review.,2024-09-10 07:16:53,1.0.18,mus99,com.ai.sound.donna
8462792f-1f1e-42f4-b4b4-e37e62cf7a07,Paid app. No way to test before purchasing.,1,0,,2024-06-28 11:52:33,,,,mus4459,com.ai.sound.donna
2e1c9eeb-6c33-4d38-80b2-63287a68051d,I freaking love this. it actually works. I just wrote the funniest rap song for my girlfriend,5,0,1.0.9,2024-07-23 11:44:23,,,1.0.9,mus1848,com.ai.sound.donna
5c69ef80-a5d6-4fc3-878a-2fedc407870a,Only get four choices for genre. Uninstalled before I even got it set up.,1,0,1.0.20,2024-09-12 08:10:17,,,1.0.20,mus1350,com.ai.sound.donna
cb2cedc6-b8dd-42f3-a9eb-652ce7e4da82,Uploaded my song link of YouTube. It was in processing for an hour or two then that too vanished. Now return my money. I think your app doesn't have Hindi Language.,1,19,1.0.1,2024-02-07 05:21:50,,,1.0.1,mus15572,com.aicover.aimusic.coversong
67a97974-c29a-4494-8573-1b26d9ce89d3,Great learning experience can't wait to use it more,5,0,1.0.1,2024-05-28 20:02:07,Hi Thanks for your feedback. We are continuously working on adding more features to our app to make your experience better.,2024-05-30 02:54:47,1.0.1,mus2537,com.ai.sound.donna
1a688f48-55a5-4de0-bb7b-1e5d90113947,this app is helpful in every aspect of life.I'm getting used for it every time and anywhere i go,5,0,,2024-04-13 10:33:12,,,,mus12069,com.feraset.tune
29726144-e9c2-41d7-a028-afa39eb0345d,Horrible waste of time,1,0,4.0.14,2024-02-17 15:06:12,,,4.0.14,mus12694,com.feraset.tune
d266fa5e-d674-4e04-920f-615dd99966ae,great app i had my doubts when i downloaded this app so i was pleasantly surprised when my first song came together with not much trouble at all. thank you,5,0,1.0.21,2024-09-18 04:01:15,,,1.0.21,mus626,com.ai.sound.donna
bc4b2d8a-7436-462c-9d4a-d9c1e95f1482,The songs are too short and they frickin forced u to get the premium version and it nothing like they hype it up to be now here me out if the creator of this app is listening to this. respond if you want to make money give the people what they want then ppl will get this app and using the artists song from them without knowing u frod.,1,0,4.1.2,2024-03-20 01:28:19,,,4.1.2,mus11120,com.feraset.tune
5a371090-42f0-4096-b4e6-e2b9eb3fbfb1,You have to pay premium to even try it. Can't even listen to anything that someone else created,1,1,1.3.4,2024-09-01 23:34:33,,,1.3.4,mus6921,ai.music.generator.song.maker
15c41212-9403-45f2-8895-938afef48c24,"I can't get in touch with ""email support"" to cancel my subscription. All of the other options like rate the app works. But try pushing email support nothing",1,1,1.3.2,2024-07-08 19:43:47,,,1.3.2,mus15828,com.talentme.singup
b3647351-5d3f-4b2f-a89a-4189d14503a6,thank you for this app,5,0,1.2.0,2024-01-10 01:37:18,Thanks for taking out time to rate us. It really helps us to keep going and delivering the best :),2024-04-19 20:33:48,1.2.0,mus17569,ai.music
13f5b6b5-5891-4695-84fd-13980b8e320a,This app is incredible. Having discovered a song on YouTube that was AI generated I had to find an app that would let me do the same with my imagination. I've had an immense amount of fun creating music that has valid lyrics and terrifingly thoughtful purpose to them. I was sold instantly and shelled the money to upgrade to DonnaPRO to have an unlimited amount of songs and entertainment. It's easy to use and the songs take minutes to generate. Thank you for this!,5,14,1.0.15,2024-08-19 00:00:36,,,1.0.15,mus123,com.ai.sound.donna
55740d52-1107-4cec-abee-a4eab11c18cc,Great output based on descriptions YAHAWSOME!!!,5,0,1.0.8,2024-07-18 18:45:07,,,1.0.8,mus3800,com.ai.sound.donna
64cac8d1-70e2-4496-acab-c43af44735bf,Actual great music although could use a bit less money,4,0,1.0.16,2024-08-29 01:06:12,,,1.0.16,mus1359,com.ai.sound.donna
bf6c947c-b6a6-4ead-87cb-03b45eb7877e,Have to pay before even trying out to see if the app is worthy of your money. No tutorial to help navigate the app. Money grabbing app for sure.,1,0,1.3.4,2024-09-02 22:00:23,,,1.3.4,mus6850,ai.music.generator.song.maker
d9cef7bf-4627-4ef2-b7d9-334bb6bd64ad,Useless app lol. Tried mario got 1 free song. You don't get to hear a little preview before choosing and the ai didn't sound like him. Uninstalled,1,0,4.0.13,2024-02-11 20:47:01,,,4.0.13,mus11308,com.feraset.tune
6fddda92-a2fb-4e89-837c-20a79f90cc79,it's amazing but idk how to publish it to tiktok,4,0,1.0.10,2024-08-03 02:06:18,,,1.0.10,mus1810,com.ai.sound.donna
2c4cc078-2b75-4680-823c-f1cea4cca829,Absolute rip off. Don't use this.,1,1,4.0.11,2024-01-23 20:15:08,,,4.0.11,mus12588,com.feraset.tune
7a74bc02-a2c6-4a2d-9ca4-6acb961ff4e9,Best music ai. You don't wanna miss out on this magic. It's fun all day. I love this app,5,0,2.2.1,2024-07-23 09:10:06,thanks,2024-07-24 00:38:56,2.2.1,mus15364,com.app.sunaia
1fb45692-21e0-42e2-aa7c-fd6faec02921,you make my dream come true thank you for this app,5,0,1.0.12,2024-08-07 00:47:18,,,1.0.12,mus2504,com.ai.sound.donna
bf102754-258b-4d5f-9dbf-d00685ae90b7,Can't even use it to see if it works because yall charging before we even experience the product.,1,0,1.3.3,2024-07-24 05:41:32,,,1.3.3,mus15886,com.talentme.singup
63c6c0c4-f795-4efa-b597-764ba1eb185c,Forced to rate this app for a free song right off the bat.,1,0,1.0.2,2024-06-10 19:41:31,,,1.0.2,mus3051,com.ai.sound.donna
32542a60-0770-495b-9127-1ae425e30aab,The app hasn't been responding since yesterday. I tried to open the app several times but it closes automatically.,4,4,2.0.0,2024-08-26 02:30:18,Dear User! Thank you for your positive feedback. We are constantly working to improve our app and adding new features based on user feedback and demands. We can assure you that your suggestion has been duly noted and we will consider it for future updates. Stay tuned for exciting update. Team CX,2024-08-07 01:27:45,2.0.0,mus8228,ai.vyro.musicly
0d523d76-1cec-4e77-a422-6f46a81926e4,I created a song for my beautiful lady friend and it used my descriptions and created the perfect song as I envisioned it and more! Simply amazing! I've been wracking my brain for the perfect mix of lyrics and music to make her a song and now I have it thanks Donna! Now I should make one for you! Jonny B. aka Dooziewahdoozie,5,0,1.0.24,2024-10-05 01:06:39,Were thrilled to hear you created the perfect song for your friend! It's great to know that our AI music generator helped bring your vision to life. Thank you for your kind words! If you have any questions or need support feel free to reach out at donna@mobiversite.com. Happy creating!,2024-10-05 13:19:04,1.0.24,mus290,com.ai.sound.donna
6de69b55-c582-4725-a0b2-03d972c5910b,!Paywall Do not download! They make you go through at Least 7 minutes of reading BS just to tell you you have to pay.,1,0,,2024-04-08 02:37:34,,,,mus12198,com.feraset.tune
31c1592d-5d2d-426f-bc02-17e819611a34,False ads. Don't waste your time.,1,0,,2024-05-16 20:20:08,,,,mus16288,com.talentme.singup
41bb51fd-9f92-4321-9f20-3af9ceae8aba,ZERO Stars I put in lyrics for my song so I could get inspo and i said i wanted a pop song i waited 20 minutes for it to give me a country rock song with all of the lyrics changed none of the lyrics were the ones I typed in this is a horrible app would not recommend,1,0,1.1.0,2024-07-02 21:29:53,We apologize for any inconvenience the generator of AI may not understand your request. Plz describe it more specifically and try again.,2024-07-02 22:44:22,1.1.0,mus16875,com.ai.music.generate
26103dfa-4239-4222-81af-ac6310003559,I'm already in love with this app. one song in. I don't like to have to pay over $15 to declare that the song was created by me. But if you need proof I guess you need proof and I will download the proof when I need to. Otherwise a fantastic app.,5,0,1.0.23,2024-09-29 16:26:29,,,1.0.23,mus463,com.ai.sound.donna
2cc0e2e6-799a-4f10-a614-793820bc6776,I've been using this app for a few weeks now and I have to say I am no longer impressed with it. The lyrics and music have a sameness to it that is constant throughout all the songs no matter what genre I choose. If I'd gotten the opportunity to try this app for a longer period I wouldn't have purchased it. It could be improved by having a wider range of lyrics and music content. Some of the lyrics would never be used by a real songwriter. Too many of the same words are used in every song.,2,3,1.0.17,2024-09-08 09:52:47,,,1.0.17,mus84,com.ai.sound.donna
f741a468-6daa-49dc-8c8e-e2fa6842942a,Another low grade ai app even after paying it lacks.,1,0,4.0.11,2024-01-12 15:04:00,,,4.0.11,mus12279,com.feraset.tune
f5e7beb0-35b5-48a9-acde-4be29216dcfe,Can do a good job but the app sucks and now I can't even get back into it and if I do I can't get signed back in.,2,0,1.0.3,2024-06-15 10:31:30,,,1.0.3,mus2267,com.ai.sound.donna
26535895-b028-4c2d-a1c1-ffa9ac6017c7,You have to pay to use your voice and the scumbags only tell you after you sit there for ten minutes recording yourself,1,0,4.0.4,2023-10-30 13:20:48,,,4.0.4,mus12353,com.feraset.tune
adf7e210-b940-47c8-b12d-38a0972f8c24,I'd put a zero if I can it has oayealls for literally everything misleading because it was free and the free 5 seconds you need a subscription for,1,0,1.0.3,2023-10-15 02:33:03,,,1.0.3,mus9172,co.appnation.aimusic
e021ded1-a50d-4172-ab86-75ebef918a91,not seeing how to record my own song,1,1,1.0.24,2024-10-11 02:43:36,,,1.0.24,mus2735,com.ai.sound.donna
5f109b0f-9e44-4664-8d14-fc2e09eeb71b,It's good ish the bots don't always sound like the actual idol and it glitches and you can only make one song unless you buy premium. Over priced and kinda dumb ngl,2,2,3.0.4,2023-09-13 15:47:58,,,3.0.4,mus11394,com.feraset.tune
ab3ab77a-d135-480b-8a01-6fb7c994bec7,You don't even get a chance to use it to see if you like it before you have to pay.,1,0,,2024-08-23 19:46:44,Sorry for your trouble. Due to the high cost of using AI we have to limit the number of free uses. Every user has 1 free time try. After you use up the free time you can get free access by paying for a subscription.,2024-08-25 22:29:57,,mus17102,com.ai.music.generate
799e5d87-7266-47ca-961f-c58971cbaea0,it's realistic op app,5,0,4.0.6,2023-11-17 12:03:42,,,4.0.6,mus12715,com.feraset.tune
307ef105-9eb1-48f1-a7a5-c1b689f06a10,okay the freebie they made me was sooo good wow! idk if it is worth 60 a year *sigh* but I can see if one can't sing but can write lyrics how this can help them be creative,5,0,1.0.7,2024-07-08 15:53:04,,,1.0.7,mus1622,com.ai.sound.donna
382fc5aa-3ae8-4786-a171-f694d5d62d4c,Excellent amazing app of future,4,0,1.3.1,2024-09-27 07:42:00,,,1.3.1,mus7299,com.singgenix.suno
5225ab40-f008-4a0f-8f90-65b6990f50b2,Doesn't work as advertised. Scam. Hopefully you saw the reviews before you made the same mistake I did,1,0,1.3.2,2024-06-14 02:49:08,,,1.3.2,mus16164,com.talentme.singup
02a8410e-ca81-427d-ab1f-41058e180599,Can't do anything without paying,1,0,1.6.2,2024-08-01 20:15:09,Dear User could you share which features you don't like at okyanus@6hive.co. We value your suggestions and will try our best to improve our product for users.,2024-09-24 10:57:52,1.6.2,mus17465,ai.music
7b436414-43f4-4e4f-a9b4-51817abebe7f,I don't like the 1 one song trial limit. I have no clue if it does what I am looking for with only song and I won't pay for it unless I know it does what I'm looking for. The one trial didn't convince me it could preform,2,0,,2024-09-30 01:27:30,,,,mus16624,com.script8888.magicmusicai
61a8a18b-6098-4256-96e7-4954e0368a8a,You buy the app and then they try and charging you more in order to make the app work. Doesn't not work for me at all,1,0,1.3.2,2024-07-13 08:55:00,,,1.3.2,mus16022,com.talentme.singup
d0dd8e86-0831-4095-a238-2622ab98a206,You can't say certain things. They limit your creativity and freedom of self expression. Lame.,1,0,,2024-09-14 20:00:23,,,,mus4010,com.ai.sound.donna
d2f68c0b-0058-497f-8089-7c98c48e7d19,I love Donna it make me wanna do more song I also invited my friends to download it it's really satisfying,3,0,1.0.14,2024-08-11 11:20:14,,,1.0.14,mus1819,com.ai.sound.donna
d89ed8c8-9a36-4753-9dad-d8c38004a1fc,Don't like it for one won't let you search characters and to the voice all sounds the same and three it won't let you search certain songs at all and not free a few times a scam,1,0,1.3.3,2024-09-15 08:43:08,,,1.3.3,mus15786,com.talentme.singup
0c9252f5-01c3-4a92-a36e-06d5774b56da,The quality of the results is not great and is not really worth the price. most of the results barely change the voice at all but gives it a robotic sound. The quality isn't great and the results are finicky and unreliable,2,2,4.2.10,2024-07-28 12:54:06,,,4.2.10,mus10581,com.feraset.tune
25eb22bb-c36f-426d-9442-9b32b37d1064,i wanna add miraculous ladybug,3,0,,2024-03-03 01:17:21,,,,mus13258,com.feraset.tune
62b023ed-34b0-405f-8b1b-aa1a986c6f01,It doesn't let me put in the subjects. It makes the subjects for me,1,0,1.0.21,2024-09-24 02:53:18,Thank you for your feedback! We understand how important it is to customize your experience. Your input is valuable to us as we work to improve the app. If you have specific suggestions or need assistance please reach out to us at donna@mobiversite.com. We're here to help!,2024-09-24 09:01:24,1.0.21,mus1515,com.ai.sound.donna
579d5cfe-ce66-4dd7-ba8d-bc7ffb30ed09,this is kinda crazy I couldn't figure out what to do with the lyrics that I wrote but this app knocked it out of the park,5,0,1.0.22,2024-09-27 20:32:46,,,1.0.22,mus1022,com.ai.sound.donna
1d78f94a-5cb6-42c9-ba2d-bfd2b115c890,No free trial option why would I pay for an AI model that may or may not be worth the subscription?,1,1,1.3.2,2024-07-07 13:56:36,,,1.3.2,mus15974,com.talentme.singup
537655ed-3ed8-4264-8d30-4730581710d7,Great app but it requires some level of expenditures,4,0,,2024-03-12 08:49:27,,,,mus9295,co.appnation.aimusic
bbdbf5c9-4e6c-4e26-82d4-d058d3dcbb00,Would give one star if I could adverts constantly so I decided to give it ago. And hear myself sing some songs I recorded a 7 minute recording about memes and how great they are then rambled on for another 3 minutes just to be told nope you need premium to continue. Deleted straight after don't waste your time unless you're happy to pay,1,1,4.0.8,2023-12-01 12:04:32,,,4.0.8,mus10852,com.feraset.tune
29aaa07a-cbb4-4b80-b83b-e8e8c7049f42,Apple's absolutely fabulous I love this a friend of mine but I do not like me happy 17 years play how much you like to do this it was beautiful I cried,5,1,1.0.8,2024-06-17 11:03:53,,,1.0.8,mus16960,com.ai.music.generate
cd6290e5-83b5-42ed-8323-0017b3b48208,it's good app but the major issue is the limitation ( 2 minutes !!! and no in and out !! ) and because of that it's useless honestly.,3,0,1.0.6,2024-08-13 06:05:37,Hi Evo Teck Thanks for your feedback! As a non-premium user you can create songs up to 2 minutes long. To make longer songs and access more features consider buying credits or upgrading to premium. If you have any questions let us know! Best The Sono Team,2024-08-15 08:31:29,1.0.6,mus15003,com.aigenerator.sunno
5f1a10b2-3631-40cc-b5fb-2acd2e14f5c9,So far it's only let me make one song before prompting me to pay and making me review it for another free song. It said it was free. And after I was given another song for free I entered in all the details I had and it notified me quickly that it was finished and ready to be listened to but then I clicked on it so I could hear it and I got an annoyingly long buffering circle that's still rotating after 5 or so minutes and I still have yet to hear the song so it was clearly not ready.,3,3,1.0.1,2024-06-03 07:16:39,Sorry to hear you are unsatisfied with the progress of the updates. We hope you can enjoy our app again in the future. Donna Support Team,2024-06-03 03:31:17,1.0.1,mus588,com.ai.sound.donna
3f202b36-2361-492c-991c-4350da6c578a,it's the shiz! perfect I'm using this with chat gpts lyric creator to come up with some BADACE shiz!,5,0,1.0.14,2024-08-15 14:39:17,,,1.0.14,mus2165,com.ai.sound.donna
0a594201-0f1d-4d54-acea-7738c20c264d,Very stupid you have to spend mony to lesson to ai music and a 2d cool down,1,0,,2024-02-17 19:38:54,,,,mus12248,com.feraset.tune
ab4037f5-ab50-4b46-a187-7e1af37de8c5,I like this app I primarily use it to set my own lyrics to music but it sucks that creation credits don't roll over to the next week. If they did I'd give it five stars.,4,0,1.0.17,2024-09-04 01:46:09,,,1.0.17,mus653,com.ai.sound.donna
80e240ff-6040-4926-8ab0-518a68bd819f,Downloaded recent update and now it won't create anything.,3,0,1.0.21,2024-09-21 18:21:34,,,1.0.21,mus1467,com.ai.sound.donna
77e2c25c-0366-4740-99c8-2eaa62bf1442,They are going to try to make you pay for a subscription.,1,0,1.4.4,2024-09-19 22:46:36,,,1.4.4,mus6944,ai.music.generator.song.maker
6c6f91e5-8a27-42e4-886b-86fd85fbdfda,The songs are clever but all very similar. You only get one song and then it's 50 a year seems high to me,3,2,1.0.14,2024-08-13 12:05:46,,,1.0.14,mus898,com.ai.sound.donna
e89819e9-f934-4f44-bd6c-00905e04b1dc,Another one of those that doesn't let you do ANYTHING until you pay. Waste of time,1,0,1.3.2,2024-06-03 02:51:19,,,1.3.2,mus16236,com.talentme.singup
1de4f155-813f-4832-8d64-c9a0f0b67acd,It's not letting me see the ai songs I made .,1,2,4.2.8,2024-07-05 04:29:16,Hello Damian Thank you for your feedback. We recently removed the library feature from our app and recommend saving covers directly to your device. If you need help locating your covers please contact us at support@feraset.co with your user ID. We are here to assist you. Best regards The Music AI Team,2024-07-09 06:34:15,4.2.8,mus11593,com.feraset.tune
2858bec8-006a-40c9-ae14-054fd6c0926e,amazing! it helped me make my own on the sampler! a big 5/5 for me!,5,0,1.0.21,2024-09-17 19:57:00,,,1.0.21,mus1116,com.ai.sound.donna
fdb47deb-cf91-4067-a31d-6dd3f94f944f,creates the perfect songs for my content because usually I can't find the right song or I find a good song but get copyrighted so this app helps so much!,5,0,1.0.21,2024-09-22 03:27:15,Thank you for sharing your experience! Our AI music generator is all about giving you the freedom to create and it's fantastic to hear that you're enjoying the process. Keep making incredible music and we're here to support you every step of the way.,2024-09-30 13:55:07,1.0.21,mus524,com.ai.sound.donna
e7ba6d5a-208a-4d4c-9bdd-e400f3ce2aee,Pay walls everywhere. Do NOT go through the process of recording your voice for a custom AI unless you're ready to pay $6.99/wk otherwise your voice will be deleted and you'll have wasted over 7 minutes. They don't tell you this until AFTER you've recorded your voice so you feel trapped into paying or immediately losing the work you just did. Shady! I didn't even test out the rest of the features because it's probably the same situation.,1,0,,2024-05-14 12:08:44,,,,mus10715,com.feraset.tune
080d725b-a3d6-429d-83b9-d0d4279b0f85,Love this app and purchased for a week. However sharing options are limited and it would be nice to download it. You advertise it as royalty free music to use in content but your app comes up as it and as someone who pays for the subscription I don't think that should be the case when will this new update be out me subscribing to more weeks will depend on that,4,10,1.0.1,2024-05-29 16:14:28,Hi Amie. We added download as sound or video option to new version. However sometimes review times for apps can take times. After new version is released you can download songs :) Donna Support Team,2024-05-30 02:48:18,1.0.1,mus173,com.ai.sound.donna
6a366f6c-c38e-4730-9563-df6ccc79e46f,i deleted the app after half an hour it took them to bother to create a custom music for me after 30 minutes of me processing it still failed to complete the job and i deleted the app it sucks,1,2,1.4.0,2024-04-07 18:52:43,,,1.4.0,mus9086,co.appnation.aimusic
78d90601-dcc2-47de-b232-91d1b534782d,Two stars because I made six songs and I wait a few days but it continues showing error something and I can't do anything else and I tried emailing and showing the error thing but it won't go through..,2,1,1.1.1,2024-07-09 15:40:11,Hey sorry for the trouble! Please try updating to the latest version of the app. If the issue persists contact us at connect@lascade.com. Were here to help!,2024-09-02 04:27:54,1.1.1,mus10281,com.lascade.songai
1d53ac11-9d62-4dc2-b327-7bb2b60dcbb0,"Very bad app it's only good if you wanna spend money on ai music it says ""your first ai music Is on us"" then when I press create it says to buy premium. this app sucks don't bother with it",1,0,,2024-08-19 17:42:18,,,,mus11093,com.feraset.tune
c5c7d45c-760c-4aa6-b3e8-218c1ceabc1c,I love the app! But it charged me for my subscription but never gave me the credits,3,0,1.2.5,2024-08-14 11:49:52,Dear user could you please send us an email to support@superinteractica.com so that we can check again for this issue? Thank you so much.,2024-09-02 05:41:30,1.2.5,mus7243,com.singgenix.suno
0fa57db6-6118-4d58-908e-e2fea24cae4c,Just Blah you could have really played the 1 artist I wanted for 1 song. Not switch it to 16bit. Not that it was terrible in 16bit but still. One free cover with any artist. That's not true. Watch out for it switching after the wait.,1,0,4.2.24,2024-09-17 12:11:55,,,4.2.24,mus10539,com.feraset.tune
39319446-871f-4dad-acd3-1af2599e743c,I hate it. it has what I want but I need 19 dollars to listen to it. it's stupid if there's an ACTUAL good app please show me it,1,1,1.6.2,2024-07-11 13:11:09,,,1.6.2,mus17382,ai.music
47f7b806-1cc7-49e1-a389-977430d4c8c0,This app is just amazing,5,0,,2024-08-09 19:37:00,,,,mus15432,com.app.sunaia
9ef0166e-2913-43f7-98b1-cad0ec7bbb15,head and shoulders above the rest,5,0,1.0.23,2024-10-02 23:12:28,,,1.0.23,mus2549,com.ai.sound.donna
d1e901c9-24ff-4bd5-8b2e-e1fea358a453,if i could rate 0 stars i would. this app gives you one free cover and then gives you an insane price for covers that arent even good. i get you want a bag but this is just the definition of entitled craziness.,1,0,,2023-10-08 10:13:38,,,,mus11171,com.feraset.tune
4badda0a-83a6-4291-b1c1-ff750a65d213,Yeah so. I'm starting a separate project for AI music.,5,0,1.0.9,2024-07-31 08:14:36,Were so glad to hear you love our AI music maker! Thank you for the wonderful review. Keep exploring and making great songs!,2024-08-01 02:27:29,1.0.9,mus2141,com.ai.sound.donna
ae29a5fe-55c3-444c-88cb-2285dada4747,Feels like a big scam I do not recommend this app,1,0,4.0.14,2024-02-16 09:54:09,,,4.0.14,mus12433,com.feraset.tune
30b9a19d-7f3e-4ef3-baad-78e6a990189e,I took a poem I wrote and tried it in this app.brought tears to my eyes even if it was ai made it came out so beautiful.,5,0,1.0.22,2024-09-23 22:23:12,Thank you for your heartfelt review! We're truly touched to hear that the app brought your poem to life in such a meaningful way. Its wonderful to know it resonated with you. If youd like to delve into your experience further feel free to reach out to us at donna@mobiversite.com. Were here to listen!,2024-09-24 09:09:26,1.0.22,mus1060,com.ai.sound.donna
2da247a3-07f2-440d-92f7-0d3f04e71bc5,It's really good but how do you delete a song? Please add if it not a feature at,4,0,2.0.7,2024-09-04 22:12:57,Hi we listened to you and now have it as a feature on the song page.its on the top right! Would love for you to update your rating if you think we deserve it,2024-09-06 14:45:11,2.0.7,mus16597,com.script8888.magicmusicai
9a69f819-a02f-4154-a5d6-9a84126ae659,It hade said something went wrong and wouldn't let me try again,1,0,3.0.6,2023-09-19 05:34:55,,,3.0.6,mus12712,com.feraset.tune
08ea089b-4b9d-49a3-93ed-6a20998b8659,I May Upgrade My Rating Later bt For Now I'll Give It 3 Stars.It Does Male Me Wanna Pay for The Subscription bt I Need to Know If It'll Do What I Actually Needs Like; 1) Picking A Different Voice Because The Voice Makes A Big Difference Within The Song 2) Pick A Different Beat &/or Rythm That Makes A Difference In How I Imagine The Song to Be vs What A.I. Wants It to Sound Like 3) Somehow / Someway Being Able to Have A.I. Use Our Own Voices or Similar to Our Voices,3,0,1.0.21,2024-09-20 17:42:20,,,1.0.21,mus319,com.ai.sound.donna
eb73d03f-36e2-425c-afa3-3f3a11a1cd97,So I've been messing around with this app for about a week. I've seen it make absolute bangers. And I've seen it make absolute duds. That's kinda where my issues with it are as of today. There's no guideline or explanation of what words or descriptors work. Also the genres I ask it to create are not represented well I.E Thall or djent. Or jazz fusion. It doesn't write solos well either. And the rhythmic knowledge is lacking. But it is still fun to create songs about anything!,4,7,1.0.19,2024-09-11 10:08:19,,,1.0.19,mus92,com.ai.sound.donna
9d29de11-d9b9-4633-b846-1c9aea5f127f,This app is a money pit will not allow you to correct your tone without starting over and charging you $4.99 each time and I purchased the annual subscription waste of money DO NOT PURCHASE!!!!!,2,1,1.3.2,2024-07-06 12:35:59,,,1.3.2,mus15923,com.talentme.singup
635d8e0c-f6a4-40a0-9555-4b1ada5bea44,WHAT DO I PAY FOR LIKE I FINISHED AND GENERATED MY SONG AND WHAT DO I PAY FOR,1,0,,2024-08-18 02:27:31,Dear Michael Taryela we appreciate your feedback. Our AI song maker offers advanced features for enhancing and exporting your creations. Visit our app for more details on unlocking premium options. Thank you for using our music generator.,2024-08-18 03:02:11,,mus7757,com.zona.aimusic
cadf15be-fc2d-4036-91ea-f294cd45b074,Its good but I kinda want the option to record my own voice and an AI will use my voice for the vocals.,3,0,1.0.9,2024-08-01 11:48:48,We appreciate your suggestion! Integrating your own voice into the vocals is a fantastic idea. Were constantly working on enhancing the ai music generator experience so stay tuned for future updates!,2024-08-02 02:32:04,1.0.9,mus742,com.ai.sound.donna
292576f1-2c81-4969-8c3c-4d330acf9a21,This app is so much more than I expected. I just gave a few words that gave Donna the idea and chose a genre and in less than 5 minutes out comes a pretty well written song in the platform I chose. I want to see how she does when I write some of the lyrics. I'm extremely poor or I would definitely pay for the pro version because no doubt it's probably amazing! I would recommend this app to everyone!,5,2,1.0.14,2024-08-09 14:02:41,,,1.0.14,mus79,com.ai.sound.donna
49e899c4-9466-46e0-97c1-ae62fe8eb6db,It keeps saying no internet connection please fix,1,0,0.3.7,2023-09-19 18:06:43,Thank you for your review if you're having connection problems please try restarting the app if the problem persists we would be more than happy to help you assist you just hit us up on our Discord!,2023-09-20 05:43:53,0.3.7,mus8056,com.dc1ab.wau.ai.music
1e4dc9fb-b56f-4820-80f8-6110d01cffff,It rarely does what you type in and when it does it isn't very good quality. Also super expensive compared to others. I also don't understand where I go to cancel my subscription. Nevermind. It looks like it already charged me without me knowing. I never recieved a notification saying the free trial period was ending. I've been trying to cancel for 2 days and now I'm charged for something I wanted to cancel. I want a refund!,1,7,1.1.2,2024-09-09 03:26:38,Dear user You can cancel the subscription in your Google Account. Open your Google Play personal center then open Payments & subscriptions then click Subscriptions or Budget & history find the app to unsubscribe. If you are unsure how to cancel a subscription please visit Google Play Help. Thank you for your understanding!,2024-09-09 05:46:26,1.1.2,mus16778,com.ai.music.generate
51da2cc9-ffe5-4d0b-9863-bdf822baf510,It's good but I can't seem to put in any images only videos so I was wondering if it only accepts a specific image format or it's just a glitch for me Edit: It's fixed now I can put in images thank you also I see that there are a bunch of new features now nice. Edit 2: for some reason It won't load any ads when I want to earn the coins and all the tracks I make now don't load so I can't play or listen to them I don't think it's my Internet since it works fine for YouTube and other games.,5,11,0.1.2,2023-01-11 22:22:33,Should be working now sorry about this!,2023-01-12 01:42:33,0.1.2,mus7965,com.dc1ab.wau.ai.music
03507a95-c762-40f7-ab9f-6693143c7e72,I can't believe what I just listened to. It has to be humans! It is so realistic. It's easy to share with friends too which is good. I love creating songs with magic music also my son created this app!,5,2,1.0.27,2024-04-23 11:27:01,,,1.0.27,mus16579,com.script8888.magicmusicai
3737952e-897d-4453-a78b-c1a8e66c6e16,it's pretty good everything fine no payment yet,5,0,2.2.2,2024-08-31 02:45:10,Thank you Bernadeth Soliman for your 5-star review of our AI music generator app Zona. We're glad you enjoy using the AI song maker. Your feedback is valuable to us!,2024-08-31 03:02:07,2.2.2,mus7625,com.zona.aimusic
cc640cb1-49fd-4b73-b4a3-393e6b32f3e6,"Uncertain what the issue is. I picked a song and a charcter voice and when i try to select the ""generate song"" button its unresponsive. I thought the os was just lagging but i could scroll and select literally anything else on the app with no latemcy.",1,2,4.2.24,2024-09-26 17:36:35,"Thank you for your feedback. Were sorry to hear about the issue youre experiencing with the ""generate song"" button. Please try restarting the app or reinstalling it to see if that resolves the problem. If the issue persists feel free to reach out for further assistance.",2024-09-27 04:27:32,4.2.24,mus10521,com.feraset.tune
b01933c9-f0fe-43e0-9a2a-057ad15c0ffe,this app changes songs voice very efficiently but I have a request could you please make it change voice also I mean for speeches whenever I tried it with speech it produced robotic sound.,3,0,4.0.11,2024-01-27 09:25:13,,,4.0.11,mus11103,com.feraset.tune
e93716e9-e84d-4b25-93cf-9173d6aef839,Pleasantly surprised at how much I like this app. I've made several songs and they sound really good!,5,0,1.0.14,2024-08-12 20:26:35,Were thrilled to have you with us! Donna AIs ai music maker is all about unleashing your musical potential. With our app you can experiment with new genres styles and soundsbecause your music deserves to be heard.,2024-08-13 02:24:02,1.0.14,mus984,com.ai.sound.donna
4b877054-5582-4bcf-b138-8608c9402517,Dont waste your money it just asks for money without making music,1,0,4.1.6,2024-05-07 18:32:13,,,4.1.6,mus11625,com.feraset.tune
8acba3d8-3c5f-4c27-b229-4560e96b0454,Best ai cover app worth the money .I wouldn't have payed if I didn't get first try for free that proved me that it works. I love it I would have rated it more if I could,5,0,1.3.3,2024-08-25 09:14:30,,,1.3.3,mus15880,com.talentme.singup
cef233f0-2495-467b-a1ba-3c81b546b828,There is quality at all. Just randome pieces of cheap music. It cannot be AI,1,0,,2023-02-03 06:36:39,,,,mus15139,com.multiplewords.ai_music_generator
d55a3c7e-6cb7-467f-a1d4-99ccc3190e9a,a little clunky but overall impressive. It's not as good as a musician but its enough to really put ideas together in your head.,4,0,1.0.16,2024-08-28 05:32:00,,,1.0.16,mus592,com.ai.sound.donna
21299e29-7388-44fd-a708-7d193df6d0a8,Not working I paid for the life time subscription and after an upgrade I lost my saved voices and is asking me to upgrade to premium again.,1,0,4.0.5,2023-11-02 02:20:24,,,4.0.5,mus11182,com.feraset.tune
e6e7e62f-2756-47a7-8b88-fb21ec6bd4f5,Don't like it when I have to pay so I'll find a better app,1,2,1.2.6,2024-08-17 18:46:32,,,1.2.6,mus6970,ai.music.generator.song.maker
1715b36b-ef54-4ef9-a82b-27a5472cc38a,Awful it kept closing by itself,1,1,2.1.4,2024-07-16 21:04:39,We apologize for the inconvenience. Please update the AI music generator app for improved stability. Enhancing our song maker's performance is a top priority. Thank you for your feedback J Lee (Zatoichi).,2024-07-16 22:02:06,2.1.4,mus7661,com.zona.aimusic
0e3f3c2d-11e2-497e-8e58-48490fadf45f,I love this app. But I think they should add bill cipher from gravity falls,5,0,3.0.6,2023-09-16 10:57:15,,,3.0.6,mus11813,com.feraset.tune
2837595d-3bd0-46ef-8157-5a7fb9ff0e20,it would be better if I was made aware before using this app that I have to pay for further generations. I am trying to create a song for my clan in APB reloaded. it did not do it properly and I cannot pay for a subscription. if they included ways where we could earn generations without paying and referring that would be great and I would easily turn it from a two-star to a five star,2,1,1.0.5,2024-07-02 22:11:13,,,1.0.5,mus598,com.ai.sound.donna
99a61003-45aa-44db-a9a3-e4d58b1d20e3,Creepy I swear I heard a voice as if someone was watching me and my music lyric video stopped. I didn't stop it.. so I deleted it asap.,1,0,,2024-05-13 00:34:22,,,,mus11294,com.feraset.tune
980b8733-3087-4872-b91d-7a1c23566d83,This app is just another money grubbing app making me pay money just to make a song. At least let me sample a song or get a feel on how to use the app! You need to do better!,1,0,,2024-09-13 01:59:39,,,,mus6989,ai.music.generator.song.maker
a2ac22d6-10de-4f36-b3fb-81739532b3e9,Premium is stupid why can't it be free,1,0,3.0.8,2023-09-27 17:20:36,,,3.0.8,mus12692,com.feraset.tune
13d5824b-4ad4-4d78-aa9e-5fbe8ecec694,I downloaded it only to see images from Suno on the intro. When you first open the application. This is a scam and they are either using a third-party api which is against suno tos to use sunos systems or have multiple paid suno accounts and this is a way to get more money than what they are paying suno. I have yet to See a legitimate a I music app or website use images and style similar to that of suno and all the ones that have used it are Scams and profiting off of sunos hard work,1,0,,2024-09-11 08:15:55,,,,mus2344,com.ai.sound.donna
24e24699-2b51-4e32-8382-01987042be22,wish I can edit the songs after created. reusing the same prompt will create an entirely different song,3,2,1.2.0,2024-07-19 12:40:52,,,1.2.0,mus7292,com.singgenix.suno
67111a69-7be6-4bd0-bceb-5344d05d493a,The app so complicated and so Hungry for money if you only add watch ads to make you will earn more than buying because no one can buy something thats not test And Where can found all my songs that i uploaded,2,0,4.2.24,2024-08-28 13:51:50,,,4.2.24,mus10579,com.feraset.tune
63c73845-75ee-4f54-82d2-9068f4628ac0,Terrible App you should have told us of the paywall before recording,1,0,,2024-01-30 21:49:56,,,,mus12439,com.feraset.tune
3828eb49-7309-484f-abc9-cace0cbffd2e,Dont waste time downloading or testing Typical free app from the ad wasting time and on top of that trying to make money. Why do you let people spend 12 minutes asking to record their voice to then show up the information that the user has to pay to hear it. Even if I was really curious to hear I would have paid but not this way This way you just made me uninstall your app and leave you opinion because you've wasted my time and you waste a lot of people's time.,1,3,4.2.27,2024-10-04 10:15:50,Thank you for your feedback. We apologize for the frustration you experienced and we understand your concerns. We appreciate your input and will work on improving the transparency of our process to enhance the user experience. Best regards,2024-10-07 15:31:58,4.2.27,mus10516,com.feraset.tune
66e7e13c-d345-4d71-9476-7ac9a1f6c58b,You have to pay to use it before you can check it out then it doesn't work & it seems to be impossible to find a cancel link.,1,0,1.3.3,2024-09-06 21:56:21,,,1.3.3,mus15840,com.talentme.singup
1070bf36-6bdd-4c78-8334-00a8e896e5ec,App sucks you people want me to pay to use this shot app.,1,0,4.0.6,2023-11-09 14:36:52,,,4.0.6,mus12608,com.feraset.tune
fd38ec38-56d5-46f7-9f5c-7d913c13b7ad,good app for ai funny or interesting!!,5,0,4.0.6,2023-11-20 20:13:14,,,4.0.6,mus12224,com.feraset.tune
fa1931c8-3bad-4abb-9f6d-df5edd5e409f,It's literally because of the subscription bro like why can I at least make two songs instead of one and done like bro these apps be good but it's always the subscriptions,1,0,1.0.23,2024-09-30 21:22:23,,,1.0.23,mus560,com.ai.sound.donna
41cc717b-8902-4e1d-8ce4-d216955620ff,The concept is good but it really needs a lot of cleaning up. Most of the voices almost sound the same or they don't even sound close too the voice they're supposed too. And for the price of premium I'd like the voices to actually match and not feel kinda generic. Like I said it's a good concept but really needs a lot of work to be fully functional and sound correct.,3,13,4.0.4,2023-10-29 01:45:12,,,4.0.4,mus10497,com.feraset.tune
89d19bdb-d989-4afe-958e-02f481a12ee9,I'm glad I wasted 8 minutes of recording my voice just to get moved to a screen for payments so I can use my voice. Very dumb and very unnecessary,1,1,4.1.2,2024-03-24 17:01:59,,,4.1.2,mus11395,com.feraset.tune
5e545dc4-54d4-4a53-88cb-d0afb2b09b46,Won't even let me try it without trying to sign me up for premium. Why would I pay for something not knowing what I'll get,1,0,,2023-09-21 08:42:54,,,,mus9320,co.appnation.aimusic
1713218c-84c3-4bb1-8746-1ebefd85eae8,Didn't even try to offer a free trial . wanted you to pay without letting you sample a track to see if it's worth it,1,0,,2023-11-11 01:33:34,,,,mus11686,com.feraset.tune
7820f40a-c603-4160-8db8-2bc5778361df,It's amazing. I could make whatever this song it's just I need a type in lyrics I can't just. Write the description and then think it's gonna put in the lyrics for me.No we have to write It's such that it's five Stars,5,8,1.1.2,2024-09-07 11:38:34,,,1.1.2,mus16824,com.ai.music.generate
7f436ec9-fc6d-4817-9f90-3f5b6762ecad,Downloads need to be fixed when I make a cover and download it its downloading it 3-4 times,2,0,4.0.5,2023-11-04 19:07:58,,,4.0.5,mus11750,com.feraset.tune
8f32729e-5041-4d42-962a-318edafb5ab4,If I could give this a negative 5 I would it's not f2p friendly at all and the free version just plays sound full like 5 seconds UNBELIEVABLE you can do better I'm terribly disappointed,1,38,1.5.0,2024-03-04 08:57:46,,,1.5.0,mus17433,ai.music
fbbe3265-6b3b-4c00-bda7-1152d63db153,Scam ! Be aware do not spend money on this. The generator doesn't work but it still uses credit even when not generating anything !,1,2,1.0.8,2024-05-15 10:21:25,,,1.0.8,mus7317,com.singgenix.suno
19ccd121-9e47-48f1-af5c-e0ddda0632cb,You don't even get to try the app before they ask for your money,1,0,1.0.14,2024-08-27 21:32:46,We understand that trying before buying is important. Thats why Donna AI offers one free song upon installation and you can create more songs for free by inviting friends. This way you can explore the apps capabilities without any initial commitment.,2024-08-28 06:47:13,1.0.14,mus2395,com.ai.sound.donna
56f9c29b-0567-44fd-988b-b63bf680ea71,Doesn't let you convert songs and is just a scam for downloads,1,0,2.0.8,2024-09-12 21:18:05,,,2.0.8,mus15525,com.aicover.aimusic.coversong
ae769aae-585e-4a7d-8bbb-36b088aa090f,can you add like other genres like phonk Brazilian funk please? thank you,3,0,2.1.4,2024-07-27 09:52:39,Thank you for your feedback on our AI Song & Music Generator - Zona app. We appreciate your suggestion to expand into genres like phonk and Brazilian funk. Our team will consider this for future updates.,2024-07-27 10:02:06,2.1.4,mus7665,com.zona.aimusic
19dd15f6-6de4-48a0-8914-5bd4b3fb889e,Love it but I'd like it more of it had more genres and they didn't all sound alike. All the songs end up sounding like 2010's electro pop retail store music.,5,0,1.0.9,2024-07-31 15:25:48,We appreciate your 5-star rating! Were glad our music making app is meeting your expectations. Keep enjoying the music creation process!,2024-08-01 02:28:48,1.0.9,mus515,com.ai.sound.donna
e692a26f-9b36-4016-9dcf-0a87d39c77e4,much better than you expect and much much better than new music by actual people,5,0,1.0.7,2024-07-14 14:30:43,,,1.0.7,mus2964,com.ai.sound.donna
4cf1181f-e7c8-426a-8c57-274b48f7b489,Bruh I can't make more songs without any payment such a waste of potential,1,1,1.0.9,2024-07-27 22:27:54,Were sorry to hear youre disappointed. While Donna AI offers a free song generation our subscription plans unlock the full potential of the app. You can also earn free credits by inviting friends. For more information please reach out to us at donna@mobiversite.com.,2024-07-29 02:42:57,1.0.9,mus1683,com.ai.sound.donna
e0a1086b-90f4-4edd-a8ae-d9cce9178bd8,Fun. Makes real music about whatever in any language.,5,0,1.0.22,2024-09-26 12:10:16,,,1.0.22,mus5056,com.ai.sound.donna
e595088d-7684-402b-8d90-fa337d15a224,next time give us unlimited points to undo us mistakes.,1,0,1.2.6,2024-08-27 16:29:39,,,1.2.6,mus6986,ai.music.generator.song.maker
19043954-e340-4660-8c1e-2e89abfd3af7,That's so amazing AI song app I really happy to installed this app and I am playing also my free time I love this app . Thank you for app management system.,4,0,1.3.6,2024-07-23 13:01:48,,,1.3.6,mus10266,com.lascade.songai
f3cad220-56a0-49eb-b581-0f7514949728,ONLY 5 SECONDS!!! HELL NO I WOULD GIVE THIS APP A 0 STAR IF I COULD.,1,0,1.0.3,2023-10-07 13:13:10,,,1.0.3,mus9465,co.appnation.aimusic
6bbf23dd-fa54-4402-b53c-2742c138b2b2,Very good app for recording muzic generating a great voice for your lyrics,5,0,2.2.2,2024-08-05 12:42:44,,,2.2.2,mus15348,com.app.sunaia
ded705fe-8655-4d58-922a-baa8aee63fcb,why it need account add ads to watch for free gratis to generate for free gratis,1,0,,2024-10-11 10:02:08,,,,mus18024,ai.musicstar.v1
086bf62e-3244-4123-a302-06f8c42fd566,Pretty amazing. Not clear how to download the songs--or about any copyright limitations.,4,0,1.0.1,2024-06-04 16:20:23,,,1.0.1,mus1845,com.ai.sound.donna
af0f883b-fd62-4fb1-934a-47a58cf19fdc,It was phenomenal until the app wouldn't open at all just would either be stick at the first screen or it'd sow up half the screen Uninstalled and re installed and it was fine for a few days now I tried the same thing and app won't even load anymore,3,0,1.0.8,2024-07-19 18:10:06,Thank you for your review. We apologize for the technical difficulties youre experiencing. Please ensure you have the latest version of the app. If the issue persists contact us at donna@mobiversite.com and well assist you in resolving this.,2024-07-22 04:58:21,1.0.8,mus753,com.ai.sound.donna
2d2d8272-dd8d-4891-8a0d-b2a136e9028b,Waste of money don't even bother with it.,1,0,4.0.5,2023-11-04 22:46:31,,,4.0.5,mus13159,com.feraset.tune
2a6910b5-a209-4396-842a-2d164b33b84d,I'm blown away by the quality sound and lyrics. This is hands down the best AI music app that I've seen or heard. Need original music? Look no further give Donna a shot. You won't be disappointed!,5,0,1.0.24,2024-10-05 19:05:52,Thank you for the amazing review! Were thrilled to hear that youre blown away by the quality and sound of our app. Your support means a lot to us and were glad you find our AI music generator to be the best! If you have any questions or feedback feel free to reach out at donna@mobiversite.com. Keep creating incredible music!,2024-10-07 02:02:25,1.0.24,mus269,com.ai.sound.donna
ad721bac-50c8-4d82-9894-dc96413114b0,Need app support I want a refund it won't record or up load my voice,1,0,1.3.3,2024-07-30 07:58:51,,,1.3.3,mus16000,com.talentme.singup
6217d5c4-39f5-448e-a33f-9f3ef5e9aa0d,absolutely ridiculous. you don't even get to do one free anymore.,1,0,4.0.9,2023-12-04 23:31:27,,,4.0.9,mus12180,com.feraset.tune
7eda843c-8031-48a1-ad55-c5137b334953,I enjoy this app. creative and fun.,5,0,1.0.22,2024-09-26 06:07:40,Thank you so much for your enthusiastic review! It's always rewarding to know that our hard work is making a positive impact. If you have any feedback suggestions or questions wed love to hear from you at donna@mobiversite.com! We cant wait to bring you even more exciting features in the future!,2024-09-26 09:19:31,1.0.22,mus1725,com.ai.sound.donna
1dc08a52-6bcc-44dc-9630-f4b74f398aca,I thought I could get ai covers for free like other apps but instead you have to pay,1,0,1.3.3,2024-03-02 12:02:58,,,1.3.3,mus9291,co.appnation.aimusic
b6436cba-ba1f-496a-b7ea-1f91554f1ca4,doesn't let you do anything if you don't pay first,1,0,4.2.8,2024-07-04 22:23:12,,,4.2.8,mus12107,com.feraset.tune
6e0ddac5-2c68-4145-833c-916603047cf5,Awesome! This AI will definitely scare human artists into thinking they'll be replaced.,5,0,1.0.6,2024-07-05 08:02:30,,,1.0.6,mus2263,com.ai.sound.donna
e486018a-dd06-425e-94e7-8c045bc8c4f2,I came back to give you a 5 star because the download button was added. Now I can play around with my songs. Thank you,5,0,1.0.4,2024-06-22 17:46:52,,,1.0.4,mus1800,com.ai.sound.donna
6743aff0-b05a-4e82-966c-388b758020d8,"This app. I don't even want to talk about it. Everything is locked behind a paywall and I couldn't even try the app before I got BOMBARDED with things saying ""RATE US!"" ""BUY OUR PREMIUM!"". Don't even bother with this.",1,0,4.0.9,2023-12-19 19:32:33,,,4.0.9,mus11165,com.feraset.tune
028a284d-77dc-46bd-a8ee-41f9b73572ad,paid for the package thing. Read 8 minutes of bloody text to then be asked to pay more.. uninstalled.,1,0,4.0.14,2024-08-15 09:25:04,,,4.0.14,mus11401,com.feraset.tune
07fb7705-bb7c-40d4-a9f0-6c68b48a38cb,it's rather amazing to hear your own lyrics put into a song but I wish they had examples for the styles of music to choose because I don't know most of those genres. other than that this is a pretty amazing app I do have to admit. I'm not one who is big with AI at all but I think I will keep this app around for a while,4,4,1.0.10,2024-08-03 07:05:00,,,1.0.10,mus335,com.ai.sound.donna
c6614866-1e2d-49d4-aca4-d20a57edcc65,My first attempt sounded cool.,4,0,0.2.1,2023-03-25 22:43:50,Thank you! Your words are encouraging for us. Would you like to join our Discord community?,2023-03-28 11:42:47,0.2.1,mus8085,com.dc1ab.wau.ai.music
df553312-0abf-4d99-b6bc-31471e2f6e53,Trash!! I was exited to try this Custom AI they made me talk in the microphone for over 8 minutes just for them to say that I need to pay $7 weekly couldn't they have said it before I wasted my time and breath.so disappointed,1,0,,2024-02-14 09:30:10,,,,mus11135,com.feraset.tune
cd7f7016-d240-47a1-b6e1-7f98f1f69199,no se parece a mi voz,1,0,1.3.2,2024-07-02 18:08:19,,,1.3.2,mus16393,com.talentme.singup
55b71d75-9b43-4a7f-9969-e0ba3b220822,Not good at all you technically shouldn't have to pay for it because the AI is making it not the person or person who made this app.,1,0,,2024-06-10 21:51:56,Dear user have you any details suggestion to improve our product? Please send us to email rthronstudio2021@gmail.com. Look forward to your feedback and suggestions soon.,2024-06-11 22:48:33,,mus17050,com.ai.music.generate
24f15ee8-2593-4f1e-bd58-a873d1e2fb22,its so good thank you (but some song can be saved for free),5,0,1.0.24,2024-10-10 13:25:41,,,1.0.24,mus1736,com.ai.sound.donna
d9d7c84f-855e-4684-8b88-888d7721a8c8,The app is like P2W games you waste your money for something temporary,1,1,1.0.1,2024-05-24 09:14:08,Thank you for downloading our app. We'd love to earn 5 stars so please write to us at info@mobiversite.com suggesting what we can do to improve.,2024-05-27 02:18:12,1.0.1,mus3719,com.ai.sound.donna
6526acf5-0ead-431a-87e7-f28eeb9c357b,Was solid until they decided to tell adults that are paying for it what they can and can't say. A paint brush doesn't pick the color. Wasn't even derogatory.,1,0,1.0.22,2024-09-29 10:05:04,,,1.0.22,mus1409,com.ai.sound.donna
82176d0b-6992-4b26-a379-d8213b19ea62,"Even after spending $50 on the app for it permanently they still ask for $5 to create your AI voice. Edit: Paid the money and I might as well use it right? So I did every ""Custom voice"" you record and I mean EVERY it's a $5 charge for ""Computational rendering"" You press a button to ""Generate"" music and for all I can tell it just makes up a number saying ""You are generating music with (x) amount of people"" Seriously stay away",1,0,4.1.2,2024-03-25 22:13:47,,,4.1.2,mus10792,com.feraset.tune
98fa941a-d605-49c4-be23-0b9960f00cee,complicated to use. does not save work done. sounds distorted. bad experience had to record myself 7 times for 7min because the app doesnt save anything.,1,0,4.1.6,2024-05-17 13:34:15,,,4.1.6,mus10627,com.feraset.tune
c6d5785f-8dea-4861-9c06-63470608f02a,They may you pay a ridiculous amount of money for a mediocore product,1,0,4.0.9,2023-12-22 14:52:25,,,4.0.9,mus12468,com.feraset.tune
8c28164e-48f7-426c-9137-52eff86a5c08,Worst app stuck on paywall scam scam scam DO NOT DOWNLOAD THIS PIECE OF SCAM I REPEAT ITS A SCAM.AFTER RECORDING 7 MINUTES IT WILL TELL YOU TO HAND OVER MONEY THIS IS A SCAM IT SAYS FREE BUT IT TRICKS YOU TO PAY SUCH A SCAM,1,0,,2024-09-12 07:24:05,,,,mus12007,com.feraset.tune
ef8b9264-b89a-48ca-a529-f609fad1e1be,This thing is horrible. Waste of money.,1,0,,2024-07-09 00:51:09,,,,mus16347,com.talentme.singup
274480da-b6de-448d-b3d2-bea7980c1565,it's okay. I think they should give more tokens to test to see if it's something I'd be willing to pay for,3,0,0.1.2,2023-01-15 21:18:52,Hey there thanks for your feedback. Each song generation has a cost so we currently give you 3 to try and then you can watch an ad to get another 5. Let me know what you think!,2023-01-15 21:33:03,0.1.2,mus8030,com.dc1ab.wau.ai.music
0ae97151-f201-45e9-a9ad-282fc7d5c3c9,The app is great when it works but most of the ideas that I have inputted have failed to generate even just inputting lyrics fails most of the time,2,5,1.0.1,2024-08-28 16:19:09,,,1.0.1,mus17268,com.superapplabs.song
e282b195-2158-4a2c-9483-75323e328589,I love it but it needs new voices,4,0,1.0.7,2024-07-10 11:35:31,Thank you for your feedback! Were glad you love our AI music maker. Were constantly working on adding new features and voices to enhance your music making experience.,2024-07-11 01:43:57,1.0.7,mus3453,com.ai.sound.donna
4220be69-98b6-43fc-881a-72912febc0cc,love this app easy to use and it writes songs for you when you tell it what you want your song to be about check it guaranteed you will have fun,5,0,1.0.9,2024-07-29 21:56:28,,,1.0.9,mus873,com.ai.sound.donna
2395c25f-f98d-4d34-943d-e5db59dc07e0,It just loops through beggin for a rating and begging for a subscription whenever you try to actually make a cover. Then it doesn't even make the cover.,1,1,,2024-05-25 10:38:54,,,,mus17377,ai.music
360f2624-5fd3-485c-8afb-48ba092b8f24,This was a big waste of time I had to read for hours to get a ai recording of my voice singing just for it to say at the end to pay seven dollars a weak,1,0,4.1.2,2024-03-20 12:15:55,,,4.1.2,mus11439,com.feraset.tune
029e9676-6834-426e-a057-cdffd23b1b14,It hasn't generated anything at all,1,0,1.3.0,2024-05-25 23:47:00,,,1.3.0,mus16230,com.talentme.singup
db92d9d4-0be1-4ca7-b210-a981fe21af86,Fake News I Have To Wait 3 Minutes But It Only Went 1 Minutes AI Vocal Video At 16 Seconds And I Tried To Save The Audio But Instead It Was Only Not Saved And Watch Ads For An AI I'm Fine With That Im Just Not Fine That Only One Save Audio Can Do An AI If I Use AI Again With The YouTube Link Its No Longer Able So I Give This A Two Stars It Was Good But Not Good Enough I Give This 3 Stars If You Put 6+ On Your App But It's 3+ It's A Little Inappropriate For Kids To Pay This I Don't Trust Scam Pay,2,0,4.2.23,2024-08-18 07:13:49,,,4.2.23,mus10566,com.feraset.tune
9a94dd93-68a8-4fad-85fd-d38cadcc5752,Cool app if you can afford it it's not free. You have to sign up with a subscription.,4,0,,2024-08-06 04:07:09,,,,mus3589,com.ai.sound.donna
4e10a2d5-7c93-4249-b377-e3d14503a968,Does not allow me to add another payment method. For example if I click Maya it does not show anything else aside from white screen.,2,0,4.2.23,2024-08-19 03:08:28,,,4.2.23,mus10575,com.feraset.tune
ef351194-0b3a-4194-8291-3d5e16540ecb,Guys I just love this app. if you have your own song than you can get the help of this app as an composer and singer brilliant app,5,0,,2024-09-16 01:57:11,,,,mus7327,com.singgenix.suno
0e939e8d-9ade-4ccb-8357-c9635b09a1a8,Not as advertised. Pre recorded songs thst are not generated with your own text as per the advert. Seems to be about 9 sperst3 options so I guess the app has a total of 9 pre recorded songs. Gimmick and an utter waste of time.,1,2,1.0.10,2024-08-03 16:40:48,Our app generates unique songs based on your input. Ensure you complete the onboarding process to experience true customization. Feel free to reach out if you need assistance.,2024-08-05 04:45:58,1.0.10,mus366,com.ai.sound.donna
49328d3c-8872-47f0-b36f-d1eacae0bfce,it was great but not what I was looking for,3,0,1.0.22,2024-09-26 17:14:36,,,1.0.22,mus2416,com.ai.sound.donna
da9cb834-7c4f-4fa5-8ab5-d0790b1f33e7,Good AI voices only one song. Not worth it,1,0,,2023-09-23 12:23:26,,,,mus11914,com.feraset.tune
8800ac0e-2fd0-4e90-920c-ade6e85915c9,I love this wonderful options!,5,0,1.0.17,2024-09-07 16:16:03,,,1.0.17,mus2172,com.ai.sound.donna
f5f4ff65-9c82-4820-949c-a128f562852a,Bad won't even let me play bla bla bla DONT INSTALL IT,1,0,,2023-12-23 09:53:21,,,,mus12392,com.feraset.tune
ad23f56a-94d1-49de-ac62-999390736c61,This app is a complete scam. After paying It still asks u to pay again. I wish I had read the reviews before purchasing. Absolute disgrace. I don't understand why Google doesn't ban these scammers,1,2,4.0.15,2024-02-22 07:26:02,,,4.0.15,mus11280,com.feraset.tune
9796f862-5db7-4eaf-82dc-4a289c38f11b,COULD BE 5 STARS IF: I've been using Poemitfy & then I ran across Music lab I should say & I didn't use the 1 time free trial right only using 200 letters. I only used a couple hundred characters I believe 200 characters when I could have used 5000. I really do like this app the only thing is that there are no free trials so I am not going to get this app even though I want it and I believe it is better than Poemitfy a lot. I've used it and made 60+Songs. IT NEEDS A TRIAL,4,1,1.0.6,2024-07-27 13:31:46,,,1.0.6,mus8786,musiclab.suno.udio.ai
ad990cbe-9aa9-4bbb-b43d-67ea5fef39e0,It's good until you run out of credits,1,0,,2023-09-21 07:00:34,,,,mus18033,ai.musicstar.v1
3688c7bf-44e2-40c8-8650-7f81682ef5cf,The music is weird I don't like it,1,0,,2023-05-20 21:50:12,,,,mus9437,co.appnation.aimusic
a94d9218-bbf4-422c-88b5-d060917905ca,I had to give it lower rating because if it's a long song it doesn't sing all of it even tho it's under the 2800 characters and went I extend it it just repeats the start of the song? Why is that? Can you please fix it,3,0,1.0.15,2024-08-25 16:17:43,,,1.0.15,mus643,com.ai.sound.donna
bc8de1f2-4b01-40fe-bb7e-45e06520eb81,Did love this app but recently it has started creating songs with a lot of lyrics only to have it cut off after 1.30 leaving most of the lyrics yet to be heard. Not good enough since u only get a set number of tracks per week,3,2,1.0.14,2024-08-13 22:19:46,,,1.0.14,mus422,com.ai.sound.donna
d2248a19-8177-4749-a8f0-9809df6c5d42,One go of limited use so uninstalled.,1,0,1.0.1,2024-06-08 21:20:47,Dear User could you share which features you don't like at donna@mobiversite.com. We value your suggestions and will try our best to improve our product for users.,2024-06-10 08:33:57,1.0.1,mus4116,com.ai.sound.donna
a3f97527-6a50-425b-8841-58e18e84383f,This is great. what you create you own the copywrite. It does tend to get the words wrong slightly but it is an easy fix. I love that fact you can edit words if you need to. one bad thing though. If you don't like the creation and you delete them you don't get your credits back. You lose them. That is why I went with 4 stars.,4,15,1.2.1,2024-07-30 14:56:01,,,1.2.1,mus7194,com.singgenix.suno
1c3f7f7a-eaca-4f21-a291-eed19a20be85,my first song was a great success !!,5,0,1.0.12,2024-08-07 02:23:57,,,1.0.12,mus2196,com.ai.sound.donna
3f5b5de1-aca4-4691-b95d-9b95b52eb98a,I expected to hate this quite the opposite. Maybe this app could help me out of the writers block I've been stuck in for years.,4,0,1.0.21,2024-09-18 10:08:25,,,1.0.21,mus573,com.ai.sound.donna
2154a050-7135-4c73-b649-b994862424ad,I love this app but can you fix that the voice section it's not load anything?,4,0,4.2.8,2024-07-03 07:27:35,Hello Thank you for your love for the app! We apologize for the issue. Please know that we are constantly working to improve the app and will address this issue as soon as possible. If you need further assistance please contact us at support@feraset.co. Best regards The Music AI Team,2024-07-09 06:40:49,4.2.8,mus10957,com.feraset.tune
919e41ab-bd45-4676-9d97-b5a700ad10e3,even though I haven't used it yet (because I just opened the app and got asked for a review) I have a good feeling about this app and I feel I might help me for the purpose of which I added it for.,5,8,1.6.2,2024-07-15 09:08:40,,,1.6.2,mus17389,ai.music
31e62445-3cb7-4bba-bd4c-cdff608d20bf,The first song was great. The second song they tried to charge me 5 bucks for. I would watch a couple ads for a free song but that's not an option. Uninstall,2,1,1.0.16,2024-09-01 16:14:23,,,1.0.16,mus453,com.ai.sound.donna
8750d7c7-8c19-4662-af08-4954a2fe6e1c,I lost my subscription or pro feature eventhough I just resubscribe yesterday and I have proof but after the update my pro just lost and I want it settle by today or I want a refund. Why it is so hard for you guys to read my review I want my premium or money back.,1,0,,2024-10-11 09:48:56,,,,mus8399,ai.vyro.musicly
01112f78-56af-440a-9f39-116e11dbcf43,Don't listen to the fake reviews they're false. You can't make ai music without paying. That's the whole point of the FREE APP is to make ai music. Just make the app cost money itself rather than tricking people into thinking they have no other choice but to pay.,1,0,,2024-09-25 08:52:52,,,,mus6898,ai.music.generator.song.maker
fc082191-8d62-4c35-a0ea-7458039eab43,Can be creative with this,4,0,1.0.1,2024-06-07 07:37:15,,,1.0.1,mus4193,com.ai.sound.donna
bdfbda60-1822-48fc-b8d7-6febe278ee72,Bad app only wants money and don't let any trials do not recommend as it hides the fact that is a charging app,1,0,,2024-08-07 16:52:11,,,,mus3593,com.ai.sound.donna
a0bfd97d-26bf-4181-b8bb-68c1252cdf8c,reasonably priced and an amazing app,5,0,1.0.5,2024-07-03 18:58:28,,,1.0.5,mus3068,com.ai.sound.donna
6d7fa4be-6fd2-4fd5-9a35-2162aa13fd10,No trial. Tells you it sucks right there.,1,0,1.3.2,2024-07-02 21:31:16,,,1.3.2,mus16254,com.talentme.singup
5eaed3b5-85f9-4779-9ae3-60badf1a2488,This AI song generation app offers really an impressive array of features that allow people to effortlessly create unique music tracks by leveraging advanced algorithms providing a user-friendly interface that caters to both novice and experienced musicians enabling them to experiment with various genres customize lyrics and fine-tune melodies though it occasionally struggles with nuanced emotional expression ultimately making it a valuable tool!,5,0,1.4.4,2024-09-25 18:08:49,,,1.4.4,mus10427,com.lascade.songai
6165b66b-fd82-457a-a16a-120a898f959b,Terrible tried to create a voice was 30 seconds or se too long.then blocked by premium. OK so I try the text to speech.none. Then try a couple iconic voices. I got one decent ish vegeta one. Was excited tried to create a youtube short (needs* link) to enhance it.only to be told 3 days for more creating. I'm not waiting 3 days for a 10 second or so possibly good attempt at an audio edit. If it's a business idea you got to do what you got to do I guess but as a consumer I just refuse :/,1,1,,2023-10-24 11:06:57,,,,mus10506,com.feraset.tune
91f4b2f6-38a2-404d-8f9f-1bfeeeeefadb,Only one cover is given. Can't use your own voice unless you pay money. Waste of time.,1,0,,2024-04-06 17:14:44,,,,mus11702,com.feraset.tune
ff2ab08c-5204-459c-b9b8-9ca567282263,No option to test the voice. I don't like paying without knowing what and how about this app.,1,0,,2024-06-27 22:30:48,,,,mus16173,com.talentme.singup
ac573019-399f-4d07-be26-e81cf5779e94,Pretty new I'm sure it will get better but at the moment can't do much with it.,1,0,1.3.2,2024-06-27 23:42:59,,,1.3.2,mus16151,com.talentme.singup
7b194023-cbbd-4245-af75-6f1704ddfec9,Part of modern science Artificial intelligence media creation software enterprise.,5,0,1.0.1,2023-04-21 11:29:21,,,1.0.1,mus9616,co.appnation.aimusic
714492c6-711d-4a8a-b964-d65753117038,Great AI Song App for Music Lovers! I recently tried this AI song app and it's fantastic! The interface is clean and easy to use making music creation a breeze. The AI recommendations are spot-on offering great new tracks based on my preferences. Its fast reliable and delivers quality results. Whether you're a music enthusiast or a pro this app is definitely worth trying!,5,0,1.4.4,2024-08-28 09:14:38,,,1.4.4,mus10426,com.lascade.songai
99dff533-52f3-4fa0-b49d-34b3a84cd19b,It says it's free but it's not. You have to pay Mommy brown my and it's really expensive. Not free at all,1,3,1.2.5,2024-10-03 22:01:09,We apologize for the disappointment you experienced. The presence of paid features in our app can be misleading for users. Your feedback is important to us and we will take this situation into consideration.,2024-10-11 05:15:46,1.2.5,mus17276,com.superapplabs.song
8ed24207-cd0e-46df-b96d-c96eefb8b469,Only could make 2 of 3 songs that I wanted to make I love boots and cats,1,0,1.1.0,2024-07-10 22:18:31,Dear user have you any details suggestion to improve our product? Please send us to email rthronstudio2021@gmail.com. Look forward to your feedback and suggestions soon.,2024-07-10 22:47:14,1.1.0,mus17019,com.ai.music.generate
999b3a38-03d7-4f98-aab2-6c2118d4fef8,Its pretty cool wish it didn't cost so much though,5,0,1.0.1,2024-06-06 12:06:24,,,1.0.1,mus3479,com.ai.sound.donna
5f151db3-6c20-4e4f-b96b-502946a2ff7b,Waste of time. Not free like it makes it seem. Makes you talk for 7 minutes and then tells you have to pay. shady app for sure. Keep away.,1,10,4.0.9,2023-11-29 20:54:42,,,4.0.9,mus11442,com.feraset.tune
2e1df219-a795-4561-8c8a-a8f1781530df,The app is great until the fake free sign turns into pay 25.99$. It could have been one my favorite apps but it was ruined.,1,1,1.1.0,2024-07-22 00:06:01,Thanks for your feedback. Our application is free. When you download the app you can skip the paid procedure first and then you can experience some functions for free. Then you can experience more functions by watching ads or paying.,2024-07-22 05:01:41,1.1.0,mus16909,com.ai.music.generate
099ba73b-12e3-4c91-8de5-d35608c86824,makes some pretty nice songs,5,0,1.0.11,2024-08-03 09:43:57,,,1.0.11,mus2388,com.ai.sound.donna
88b3c44e-8dcb-4a19-8f35-32a7c94cd49b,Don't get me wrong: This app impressed the hell outta me. However like most AI Music apps you get to generate one song before the app becomes money hungry. If you guys want more people to use Donna you have to allow at least 5-10 free songs before expecting us to pay anything. That way we feel confident our purchase is valid for what we receive. As a music artist I genuinely would like to see some improvements to this app to make it more user friendly.,2,6,1.0.15,2024-08-20 12:38:19,,,1.0.15,mus110,com.ai.sound.donna
242992bf-f5c1-4d97-b39d-23fbecba8309,29.999 for the yearly subscription and then it keeps asking me to renew my yearly subscription and I haven't gotten my 10 credit that they're supposed to give me after a week,1,0,1.3.4,2024-09-06 12:55:43,,,1.3.4,mus6858,ai.music.generator.song.maker
23db59b1-095c-444b-9d9b-43ca56dde4f4,Cant even use my 1 song cause everything I get to the end of an add the screen just goes black and I cant do nothing,1,1,3.0.4,2023-09-12 23:39:51,,,3.0.4,mus11815,com.feraset.tune
b07d4a44-7007-4993-96a0-41e46ef415d5,IOS has more features. When can android expect to have the option to change the lyrics?,3,0,1.0.1,2024-06-05 09:01:52,Hi Oliver In upcoming releases these features will be available for Android devices. Donna,2024-06-06 03:57:03,1.0.1,mus2306,com.ai.sound.donna
52adb273-4f5b-41eb-9fe7-2b444163103a,really Good I'm surprised it's ai the music it makes sound so real. but you do have to pay a subscription but to me it is worth the money..,5,0,1.0.15,2024-08-19 17:44:38,,,1.0.15,mus674,com.ai.sound.donna
de89295a-c55e-4a88-b421-fbb84b5b6741,Can't sample/try out without $$,1,0,,2024-06-30 23:50:49,,,,mus16345,com.talentme.singup
31f1a4f5-52ff-4ffc-bda1-adbf280aa897,I just purchased my song so why haven't I gotten a confirmation from yall.,1,0,1.0.14,2024-08-17 11:08:34,,,1.0.14,mus2109,com.ai.sound.donna
b34f34fd-d7d2-4b4c-ac68-e8796d9b1926,only reason it is getting a 3 is because you only get 1 free song then have to pay a fortune after that.,3,0,1.0.9,2024-08-01 19:04:29,Thank you for your feedback. We offer one free song to showcase Donna AIs capabilities and you can create more songs for free by inviting your friends. This allows you to enjoy our AI music maker without any additional cost.,2024-08-02 03:01:27,1.0.9,mus1229,com.ai.sound.donna
d65b8216-f33d-4e8c-aeae-61039b9e7ea3,pretends to be a free app forces a free trial on you so you have to put in your information so it can charge your,1,0,1.2.1,2023-12-20 22:26:39,,,1.2.1,mus9414,co.appnation.aimusic
3c936bdc-cfc7-4cb8-9cfd-85702f71c2e9,horrible ai singing. dont bother downloading. only get one free song unless you uninstall and redownload over and over,1,2,3.0.6,2023-09-15 01:39:22,,,3.0.6,mus11601,com.feraset.tune
56e787d9-8d9e-4082-b2aa-72154c21b6b2,I paid $6.99 for this stupid app to see what it could do. I did a customized voice 2 days ago still isn't done! Now it wants me to pay $4.99 more to customize my voice????? The creators of this app is only out to take your money that's it! Yall should be ashamed of yourself for scamming people out of their money!!!!!,1,2,1.2.1,2024-05-17 05:53:05,,,1.2.1,mus15851,com.talentme.singup
c1035456-0d4c-4666-90cb-1846e48d712d,Paid for the subscription thinking id be able to make a clone of my voice but they want to me to pay on top of that why would I pay for a subscription to do covers with celebrities voices and other random people's voices Like that doesn't make sense,2,0,,2024-08-22 11:05:42,,,,mus10973,com.feraset.tune
b55d47a8-8eb7-4d52-913d-4b08458da649,okay so I was skeptical at first but after I went ahead with the weekly sub to try out some of my own songs .. I'm very impressed so far!,5,0,1.0.8,2024-07-18 12:23:19,,,1.0.8,mus1174,com.ai.sound.donna
c0c05e8e-494d-48fb-8186-ce31773f80ee,Unless you upgrade to premium you are only able to make a 5 second long song. This app wasn't even worth the download.,1,3,1.6.2,2024-07-10 03:40:04,,,1.6.2,mus17360,ai.music
7f3056bb-d8d3-4e97-aebf-944b30582ebb,Pretty good but needs some work. You should be able to edit or get it to regenerate songs if it makes a mistake or produces something bad. You should also be able to edit the title. You should also be able to use comma's and other grammar in the title but you can't. Another good feature would be likes for other people's songs and potentially a song sheet/notes so you can also play your song on guitar or similar.,4,16,1.0.12,2024-08-07 06:06:42,,,1.0.12,mus216,com.ai.sound.donna
11e8e870-a419-4888-b2f7-7c86d5c01e4e,Absolutely amazing. super Cool,5,0,1.0.7,2024-07-10 16:45:39,Thank you for your enthusiastic review! Were thrilled to hear you find our AI song generator amazing and cool. Enjoy creating!,2024-07-11 01:47:10,1.0.7,mus4084,com.ai.sound.donna
d5380e99-a843-4242-a97d-bd30905c9739,Give more songs without premium,3,0,3.0.6,2023-09-15 20:57:53,,,3.0.6,mus12686,com.feraset.tune
3d6a7991-0e17-4694-827e-323fcf93b64c,it cannot create more than one song at a time,4,0,1.0.24,2024-10-05 17:16:31,We understand your concern about the limitation on creating multiple songs at once. This restriction is in place to manage resources effectively. We appreciate your feedback and will keep it in mind as we look to improve the app. If you have any further suggestions or questions feel free to reach out at donna@mobiversite.com. Thank you!,2024-10-07 02:09:57,1.0.24,mus1752,com.ai.sound.donna
278cae47-0fae-4549-9239-7d5215e08539,Yert It's an app that does what it says. Fun hearing my voice in a song I'm not confident in.,4,0,1.3.2,2024-06-11 22:07:57,,,1.3.2,mus16020,com.talentme.singup
1e59643c-07dc-4cc7-817a-83722d48ee3e,Pay monthly notice. Not fun enough to continue uninstalling.,1,2,1.0.3,2023-08-19 05:17:40,,,1.0.3,mus9227,co.appnation.aimusic
ac309ee3-2fa1-4d60-b609-be12c91a47c9,Probably the best by far but the paywall is ridiculous they should have a free ad version,3,0,,2024-07-21 08:07:31,Thank you for your feedback. We strive to offer a valuable experience with our ai song maker. We appreciate your suggestion for a free ad-supported version and will consider it for future updates.,2024-07-22 04:17:26,,mus3596,com.ai.sound.donna
78402a5c-dfac-4cd3-bb10-61b01cecf90d,Useless meaningless app. Waste of time and energy!,1,8,1.5.0,2024-02-19 14:22:00,,,1.5.0,mus17450,ai.music
01a3b596-e66f-4343-92b1-07969da6292f,False advertising no trial,1,0,4.2.24,2024-09-01 17:56:25,,,4.2.24,mus11342,com.feraset.tune
bbcaef2d-f94a-4c2d-9625-183ac3c96099,This app was terrible! No matter what prompts I put in all it did was go between 2 different sounds with same boring beat. If this is AI it sucks!,1,4,1.0.1,2023-05-21 23:52:43,,,1.0.1,mus9016,co.appnation.aimusic
605744bc-68b9-4286-9a2d-bb02a4b07cc6,The app is total trash don't download..it can't even process the song it just takes your time and shows an error till the three songs for free given to you are done..it's like they don't want us to test.. even this one star is much for this fake app.,1,0,,2024-06-05 05:48:58,We're sorry to hear about your experience. Please reach out to our support team so we can help you troubleshoot the issue and improve your experience with our app.,2024-06-14 05:45:05,,mus8930,co.appnation.aimusic
d5afbd77-100b-4776-b569-bab5244fa0df,this app is so awesome dahil makakagawa ka ng iyong sariling song,5,0,1.0.9,2024-07-22 08:27:13,,,1.0.9,mus5901,com.ai.sound.donna
b365797b-4c10-40df-9565-2ee27ce764fb,I want to use this app more but i have to pay a lot of money.. i don't like this app now..,1,0,4.0.6,2023-11-24 15:19:21,,,4.0.6,mus12145,com.feraset.tune
90541c09-bd06-4125-a21e-b5d82a9977f6,"This is absolutely trash you have to get the pro version to download your own music is just insane fix this and i""ll give it 5 stars",1,1,2.0.4,2024-09-21 10:58:54,,,2.0.4,mus8206,ai.vyro.musicly
b3a0e15f-4895-45c1-9f1f-6b9a5ff98939,You can get some amazing results using this app. It would be amazing if you could somehow use the same sounds from one song you've made for other songs. For example I like the singer for one of my songs and I'd want to have the same one for all of my songs. If I were trying to make an album to release it'd be amazing to have the singer for each song sound the same.,5,5,1.0.15,2024-08-19 17:26:27,,,1.0.15,mus111,com.ai.sound.donna
9e734e54-bded-419a-b331-de19b3dcd2d0,wow I was not expecting this thing to work that well. but it did.,5,0,1.0.8,2024-07-17 19:18:46,,,1.0.8,mus2965,com.ai.sound.donna
18bfc058-dd67-4ea0-8232-931011249b22,Just one star You can't make any song unless you have some subscription I thought it was free like you can make create any songs without paying. But you need to pay to create Useless uninstall!!!!,1,1,1.0.9,2024-07-29 09:39:08,We appreciate your feedback. The free version provides an introduction and subscriptions unlock the full potential of our AI music maker. If you have questions please reach out to donna@mobiversite.com,2024-07-29 10:46:26,1.0.9,mus659,com.ai.sound.donna
ade6b2de-97be-42d8-b8d7-6f5d9ba933f0,fantastic as a gigging musician chic this is awesome,5,0,,2024-09-13 14:00:32,,,,mus4005,com.ai.sound.donna
715bf759-14bd-499c-a00f-d8fa28b301c7,Thought you could create your own lyrics and get them made into a song. This is definitely not going to help me.,1,0,1.0.9,2024-07-30 19:27:53,Donna AI does allow you to create your own lyrics and turn them into songs! Please try creating a song after completing the onboarding process. For further assistance feel free to reach out to us at donna@mobiversite.com.,2024-08-01 02:00:29,1.0.9,mus1334,com.ai.sound.donna
4618df4a-5729-413b-b4a0-8970e0f4d5e9,This app is perfect perfecto but he wants vpn to the Arab Countries,5,0,,2024-08-11 09:27:37,,,,mus7399,com.singgenix.suno
09bdb163-7fc3-4366-b53d-31c06feb06d7,Absolute garbage the paywall was so insistant and it only had a 15 second demo I guess thats the price of actual talent. I wish I could give no stars,1,0,,2024-02-29 20:43:06,,,,mus11139,com.feraset.tune
f20680ff-783c-419e-b89a-46c99532a841,i absolutely love the song it made,5,0,1.0.9,2024-07-26 22:24:01,Were thrilled to hear that you love the song! Donna AI is here to help you create music you love. Keep making great music and sharing your creativity with the world!,2024-07-29 02:08:21,1.0.9,mus2453,com.ai.sound.donna
78cbebb7-81c4-4bd3-9439-e42c39fe2eac,I love this app I just wish it was free as I'm broke .,5,0,1.0.19,2024-09-10 18:37:18,,,1.0.19,mus2574,com.ai.sound.donna
1c08d063-bcc7-48c1-b02d-48126f5e4b45,it helps me say so much that I can't say myself,5,0,1.0.14,2024-08-14 00:03:54,We appreciate your support! Donna AI is here to make your music dreams come true. Whether youre crafting the next big hit or just having fun our ai song generator will help you bring your ideas to life. Keep exploring new sounds with our ai music makeryour creativity is the only limit!,2024-08-14 08:12:18,1.0.14,mus3204,com.ai.sound.donna
76c61b1d-4026-41dd-9106-9117f07a883a,So I'm not really sure what the text box has to do with the music output of the ai if anything at all. I started by putting in the text box-Piano playing Amazing Grace in the style of Debussy. I got some kind of guitar accompanied by a drum beat which was not what I was hoping for at all. So I thought if I changed the style to classical I'd get something closer. No dice. AI has a long ways to go before it actually can respond appropriately to text prompts. I think my bandinabox can do better.,2,15,0.3.5,2023-07-08 06:18:13,Hey there the AI inputs are definitely a little loose at the moment but we'll be adding a new release asap with a lot of sample prompts as well as updating with a new way more effective music model!,2023-07-10 06:34:49,0.3.5,mus7956,com.dc1ab.wau.ai.music
24d4943e-9269-46f3-9d63-c42c8be08f58,paying premium for a full version? no.,1,0,4.1.2,2024-03-18 17:39:45,,,4.1.2,mus12236,com.feraset.tune
a0850a1d-c908-40d5-97f6-21b58d4f56a5,"This app is not very good. You know it's bad when I gives you 2 different prompts to buy premium as well. The voices barely sound anything like them. Also you need to watch an ad every time plus you need premium to get clips more than 15 seconds and you only get 3 a day. The funniest part for me though is the names here's a few. ""Son1c"" ""Spongeybab"" ""Plenkton"" ""Patreck"" ""Billie Eyelash"" Michail Jacksan"" Just for that they get a star.",2,3,4.0.15,2024-02-23 00:42:44,,,4.0.15,mus10805,com.feraset.tune
8d67c627-4042-47fe-abbe-ccaf922d4e5f,This app is broken it's like close to being awesome but it seems to forget I bought into it already and some people mite not realize that and buy twice. So yeah watch out! Awesome but it's BROKEN!!!,2,0,4.2.10,2024-07-27 23:03:06,,,4.2.10,mus10640,com.feraset.tune
3589feb4-b36b-4de5-b30b-fe3f5fef5b38,Pretty dope app. Interesting. Let's go!,5,0,1.0.17,2024-09-06 14:03:15,,,1.0.17,mus2385,com.ai.sound.donna
45048ac2-d51f-47ba-924a-1323125ecb79,very good!<3 I just wish that I didn't have to pay for everything,5,0,1.0.13,2024-08-09 01:00:40,Thanks for the great review! Were glad our AI music generator is meeting your expectations. Keep exploring and making incredible songs!,2024-08-09 04:01:09,1.0.13,mus2090,com.ai.sound.donna
34c02cba-0dae-4b2d-a610-d26f7b3941f5,The app made me read for 7 minutes just for me to know that I have to pay in order for me to use my voice recording.,1,0,4.2.23,2024-08-19 17:48:42,,,4.2.23,mus10653,com.feraset.tune
dbe7aa5b-1e49-4302-a700-5d9dd014d2c5,Not enough recording time and needs a little more structure to the app.,2,0,1.4.4,2024-09-17 17:44:49,,,1.4.4,mus6877,ai.music.generator.song.maker
4f1dcad3-735d-4095-9919-56a54fb61f74,It doesn't work i subscribed for a week but if i want to change my recorded voice i have to pay more.,1,0,4.2.24,2024-08-28 10:22:37,,,4.2.24,mus10656,com.feraset.tune
15504fc2-c75e-4405-9c8e-9a5b61f7d7c5,Have spent 3 hours trying to upload my voice to create my own ai voice and the app refuses to do so. I ignored reviews giving it the benefit of the doubt but should have listened. Now would also like my refund back like all the other people in reviews are requesting.,1,0,4.1.2,2024-03-17 20:54:03,,,4.1.2,mus11017,com.feraset.tune
0b6701ee-8005-4dcc-9fef-a75f7bb0e142,its very useful i love it a lot and it only takes a few minutes to generate a song.,4,0,1.0.21,2024-09-17 03:06:02,Thanks a lot for the positive feedback! We are really happy to hear that you are enjoying with AI music generator. If you ever have any suggestions or need help just give us a shout at donna@mobiversite.com. We are here for you!,2024-09-17 07:27:53,1.0.21,mus1121,com.ai.sound.donna
3be78ff5-6e7a-404e-acdb-b047a037170f,Honestly I think this is a very good app. Sure it has a few things that can be fixed but overall I can more than see the potential for this app. Good job to the developers. Can't wait to see the future of this app,4,1,0.2.12,2023-04-16 15:26:19,Hugely encouraging. Thank you for your support! We update every week adding in art models soon!,2023-04-17 04:20:39,0.2.12,mus8009,com.dc1ab.wau.ai.music
aa67ee3f-8d11-4c5c-a4c4-8507124c68f4,"I wanted to test the app by plugging in some lines from the recent doom games. Well the app glitched and only played the first couple sentences on repeat with increasing speed. I think ""ok whatever I'll try again"". Nope the dam app says I've used my free quota and wants me to purchase premium. There is no indication on that quota having a cool down or not. Why would I waste money on this if the only test I can do failed",1,4,1.0.14,2024-08-13 00:22:53,,,1.0.14,mus243,com.ai.sound.donna
b0c07b44-4e37-4f34-9838-396c3892b7ad,Absolutely Amazing! Excellent App real fun,5,0,1.0.15,2024-08-25 18:59:19,,,1.0.15,mus2081,com.ai.sound.donna
00f84693-e2ff-49c2-a601-c1594452cda4,this app is absolutely terrible stolen my money there is no way to cancle it either no email nothing to contact them an absolute scam. if someone can help me out with cancellation please do so,1,2,1.6.2,2024-07-18 00:40:32,,,1.6.2,mus17357,ai.music
8def31a5-dd83-4cbe-aade-cc0ea564fbaf,I don't understand allow me to tell you what to write about. You can't just generate anything you like then ask me to pay over 7 thousand naira before I can download? Mtchewwwww,1,1,2.2.2,2024-08-07 16:15:20,We apologize for your experience with our AI song generator. Our aim is to provide quality music creation tools. Your feedback on pricing is noted. Thank you for sharing your thoughts.,2024-08-07 18:02:14,2.2.2,mus7659,com.zona.aimusic
03e886cc-c63e-4b2a-ab3d-26d439bc2029,I am extremely disappointed with this app. It is utterly useless without a free version and I can't understand how the developers expect users to pay for something without first being able to sample its features and capabilities. The subscription cost is ridiculously high as if we are all working at the Bank of America or Midland Bank in England. Moreover the lack of creativity from the team behind this app is astounding. They have taken everything from Sooner AI and branded it as their own,1,43,1.0.4,2024-07-06 15:36:11,,,1.0.4,mus8803,musiclab.suno.udio.ai
b7d10b56-fcc0-48e5-90eb-202a484cbc15,As an actual musician I'm just going to say one thing. This will ruin the music industry. Edit: I get where you're going here but remember that you're granting people many of which whom have no prior experience with the craft of composition access to tools that have the ability to create music that could've taken a real person months even years to make. Effortlessly in the click of a button. AI uses thousands of other people's work as a basis for the mulch it generates. We're doomed.,1,13,1.0.14,2024-08-09 04:53:00,Donna AI is designed to be a tool for creativity and inspiration not a replacement for musicians. Many musicians use Donna AI to enhance their creative process and we aim to support and complement the music industry not compete with it. We appreciate your perspective and hope youll see how Donna AI can be a positive force in music creation.,2024-08-09 04:05:54,1.0.14,mus226,com.ai.sound.donna
892c2959-e18b-4b2a-8b1a-7d60d92e22d8,Never and never try to use this app first of all it takes long time to get opened,1,0,,2024-02-25 13:21:09,,,,mus9310,co.appnation.aimusic
bf512f09-900c-48d8-9b20-06a9b21618aa,This app kinda sucks the voices don't even sound good and they don't even tell you ya have to pay until you actually do the custom ai cover. Big waste of time,2,0,4.2.10,2024-07-12 14:54:47,,,4.2.10,mus10674,com.feraset.tune
f44e0b51-f2c3-4227-8f10-1b6106435091,The app only gives you one free song but I have a hack around it for yall. Uninstall and re install. It completely resets so you can do others.,1,4,3.0.6,2023-09-15 14:07:38,,,3.0.6,mus11155,com.feraset.tune
80a0c3ae-b033-4fa3-8ecb-4464033671a9,It's a really good app it's funny and fun but you only get one try for free but it's really good y'all download NOW,4,0,1.0.24,2024-10-10 17:04:00,,,1.0.24,mus1040,com.ai.sound.donna
8dc1f5a8-a31d-420c-bb49-bf0dfb3518e5,I gave it a 4 star until it held my song hostage unless I paid for a subscription. If you're gonna have ads to create the music it is not appropriate to hold that music hostage.,1,0,1.1.0,2024-06-25 20:43:45,Dear user we will ask the members of the technical department to upgrade the system and hope that you will not have such problems in future use.Thank you for letting us know about this situation.,2024-06-26 21:54:26,1.1.0,mus16894,com.ai.music.generate
5c796b16-ac48-4c73-9db3-1163045b28f3,Wow this app is amazing! I was always writing songs but could never actually bring them to life. Thank you Donna AI for changing my life!,5,0,1.0.17,2024-09-05 16:10:37,,,1.0.17,mus736,com.ai.sound.donna
998929b3-48c4-4d4b-b4b1-2e520a42e22b,Awful expects you to buy it straight away doesn't offer enough to test it first avoid unless absolutely desperate,1,2,,2024-07-27 21:48:35,,,,mus8858,musiclab.suno.udio.ai
77db9e20-30d7-4971-a28a-9367c7d3810c,Can't figure out how to get a male voice on the R&B option,3,0,1.3.4,2024-09-03 09:16:05,,,1.3.4,mus7047,ai.music.generator.song.maker
b15ea194-68d9-422e-b6fb-21f1c99b4bb1,Everything is behind a paywall,1,0,,2024-08-14 21:50:22,,,,mus16528,ai.cover.suno.song.music
5e4f1fa9-ac23-4e38-81ae-983d2194f438,"It's one of the most incredible things I've ever used. It is not perfect and it takes some time to play with it and see how to get better results but it is very compelling. I think the pricing is fair. It would be better to get a preview of the song and if you like it then you commit to spending a credit ie. ""do you want to keep this song for 1 credit?"" But all in all it is a fascinating and inspiring tool.",5,1,1.0.13,2024-08-08 00:40:52,,,1.0.13,mus135,com.ai.sound.donna
703d35ba-ac31-4a25-9aff-9ef725fa093a,absolutely surprising how well it works !!! awesome !!!,5,0,1.0.10,2024-08-14 08:58:10,,,1.0.10,mus2237,com.ai.sound.donna
53fc7cec-4bb4-4fa8-b2bb-05cb47fb9b0d,Fun for the initial song then you can't do anything because it wants money. That's a tad disappointing.,5,0,1.0.3,2024-06-14 13:45:14,,,1.0.3,mus6273,com.ai.sound.donna
64bf1335-b1a0-446e-8f96-f70409386c13,I'm being bribed to rate to get a free song. I actually can't rate cause the app doesn't give me an option to try without payment soooooo,4,0,1.0.2,2024-06-12 18:12:07,Hi we would like to fix this. As we don't have your email address can you please write to us at donna@mobiversite.com so that we can help you better. We look forward to your email.,2024-06-14 04:19:34,1.0.2,mus1728,com.ai.sound.donna
48d65fbb-3584-490a-89a8-3c06c51f3690,Not for me. Didn't sound like me at all. Not worth it.,1,0,4.2.24,2024-09-15 01:22:10,,,4.2.24,mus11310,com.feraset.tune
c2ba9834-d3b4-4f0c-9fc0-3e82fec48fc4,this app is great by creating an App.every category is quite synthetic and the algorithm provided with tunes/melody/Instruments and more,5,0,1.0.9,2024-08-01 09:46:43,Were so glad to hear you love our AI music maker! Thank you for the wonderful review. Keep exploring and making great songs!,2024-08-02 02:24:56,1.0.9,mus739,com.ai.sound.donna
0458df94-99b0-42d4-8f2e-df3c7d43d4bc,I love it. just wish there were more options.,4,0,1.0.21,2024-09-19 16:57:33,,,1.0.21,mus1734,com.ai.sound.donna
da055f3a-97ab-428e-94fe-a2facf97b82e,One don't that's it. I chose vegeta and it sounded nothing like him. Kept this app on my phone for 4 days trying to remake the song wanted me to but premium. What a waste.,1,0,,2023-09-20 04:18:04,,,,mus11220,com.feraset.tune
706097a4-212d-4ed2-a423-2c32519cbf71,The song is very good. The first versus is pretty close to where I want it to be. The other verses need to be changed. Just a little bit rather than that great song,5,0,1.0.11,2024-08-03 22:51:50,,,1.0.11,mus5821,com.ai.sound.donna
07b5a8d0-0d72-4fe8-a6b4-8ac3130d5e5f,They put 1 song together and it suckedd. I might have purchased the song had it been good. Who ever owns this app why did you give us different variations of our song to see if it was worth buying?,1,0,,2024-10-05 19:51:07,Were sorry to hear that your experience didnt meet your expectations. Your feedback is valuable and we are always looking to improve the app based on user input. If you have more suggestions or questions please reach out at donna@mobiversite.com. Thank you for sharing your thoughts!,2024-10-07 01:57:12,,mus2218,com.ai.sound.donna
ce219c22-ff87-475f-8bb7-26aa31ef0b67,this app is amazing,5,0,1.0.3,2023-09-04 10:32:10,,,1.0.3,mus9586,co.appnation.aimusic
df02129f-546a-49e6-ae07-89bcd8d5bc19,it works am having so much fun with it,4,0,1.0.24,2024-10-06 15:04:57,,,1.0.24,mus1763,com.ai.sound.donna
9684245c-5337-46c5-b973-4b8cf0d5aec8,I can't get it to work after i entered in what i want it to do it just restarts the app,2,0,3.0.9,2023-10-06 11:34:00,,,3.0.9,mus11819,com.feraset.tune
9e1d915b-9afa-44e9-9d7d-d9a5f1affa9b,It is good but keeps putting in pro mod,3,0,1.0.7,2024-07-09 00:16:18,Thank you for your feedback! Were glad you find the app good. Our goal is to provide a seamless experience while also offering enhanced features in the pro version. We appreciate your input and will continue to work on improving the balance. If you have any specific suggestions please let us know at donna@mobiversite.com.,2024-07-10 04:07:06,1.0.7,mus3560,com.ai.sound.donna
bf2a7be1-57ec-43b2-9d70-0d2fb914a380,Do Not Download It takes up to 5 minutes to process a song generated They only give you 5 seconds to hear the song App is trash.,1,1,,2023-07-14 04:14:20,,,,mus9115,co.appnation.aimusic
2e3b149d-d400-4919-9fd2-54f802e26d06,This app left me speechless especially if your a music listener. Is there's any way you can get free songs? I've waited for 3 days now. This is bad especially if you don't have friends or anything lol. That's all!,4,0,,2024-08-11 04:07:47,,,,mus1796,com.ai.sound.donna
0f5741b0-f577-4308-9d73-01b31106c003,This people behind this app are the same ones behind the Donna AI music app. Layout is near identical as is the subscription system and the reason the songs end after about 2 mins,2,3,2.0.4,2024-08-14 07:55:39,,,2.0.4,mus16582,com.script8888.magicmusicai
5b8facc4-852d-4beb-99f1-fa9e73df0700,It's a good app but I wish I could use my voice without having to pay It's really sad :(,3,0,4.0.15,2024-03-03 22:04:45,,,4.0.15,mus11726,com.feraset.tune
db160c40-b32e-4a7a-ae70-a1504177a5b1,I really really like it! and it sounds great!,5,0,1.0.15,2024-08-19 11:01:02,,,1.0.15,mus1962,com.ai.sound.donna
a26a41d6-1536-4350-84db-4bf7d4a883ed,Hii.. I have made a song using your app with my own lyrics. I want to upload that on YouTube. I will give your app the credits and even attach your link. Is there any copyright issue or any other issue of some kind? However I will mention that lyrics were written by me.,5,0,,2024-09-23 10:57:30,Thank you for your kind words! You can upload your song freely. Just credit the AI Song Maker app if you share it. Mentioning your lyrics were self-written is perfect. Enjoy sharing your music creation!,2024-09-23 11:02:08,,mus7629,com.zona.aimusic
1c1b5e58-67d6-425d-a8e1-603a718fea65,It's impossible to know if it's really generating music from your input -- and it offers no apparent way to change genres moods etc. . It's simple and it looks nice and I'm happy to find a developer who understands the ethical usage of AI but this app has a ways to go. Uninstalling for now; I'll check back again someday.,3,17,0.1.5,2023-02-14 19:09:28,Hey there thanks for your review. In terms of genres/moods there's three toggle buttons underneath the text prompt that are genres moods activities - was there an issue with selecting them? Regarding the AI output quality there are definitely still issues in classifying things and we'll improve drastically in the upcoming releases!,2023-02-14 19:39:13,0.1.5,mus7954,com.dc1ab.wau.ai.music
74f592c2-f47d-4d8a-9dfc-39491a5bbdb4,It will say you need to subscribe to use a voice you just trained for 7 minutes. so you subscribe you come back expecting you can now use the voice model you trained.. then it tells you you need to pay because creating new voices is server expensive. and you end up paying another 7 quid. that then says 35ins to train. when in reality will take hours. So finally you have your voice done. and oh my god does it sound rubbish. Frankly I feel like this is a scam. Cancelled subscription,1,7,4.0.9,2023-12-07 02:04:19,,,4.0.9,mus10811,com.feraset.tune
a2643a98-1c59-4066-90b8-da9ede664d5b,Asking for money for AI is pathetic,1,0,4.0.5,2023-11-03 02:46:17,,,4.0.5,mus12907,com.feraset.tune
c6287378-4d03-4f07-934d-6fb81a335c6d,No trial. I'm not going to pay for something that I have no idea how well it works,1,0,,2024-09-12 18:19:30,,,,mus16518,ai.cover.suno.song.music
86053e90-9e78-4788-aa68-816ad397a843,Great app to use but the ai cover seems to be disabled as they don't pop up and only my voice works,3,0,4.2.3,2024-06-18 05:17:03,,,4.2.3,mus10742,com.feraset.tune
1cb05ccb-f0a9-4837-8b0c-3738c6fb1c89,"Based on a fun and exciting concept. The app seems to deliver so far generating and providing music loops unique to your prompts. Tho after trying different suggestions many of the ""songs"" generated are no longer than 4 or 8 bar loops. I would like to maybe experiene a bit of unpredictability or complexity in the future.",3,30,1.0.2,2023-06-26 01:24:08,,,1.0.2,mus8935,co.appnation.aimusic
3fcca393-1937-471d-b6f4-d679900ee2e4,Wish I could make simple songs with watching adds to really get to know the app before investing in it .,4,0,1.0.1,2024-05-27 03:05:30,Hi We've forwarded your feedback to our developers. Thank you for taking out the time to send us your suggestions!,2024-05-27 05:33:14,1.0.1,mus1610,com.ai.sound.donna
5ca1d51b-9535-44a1-b6f4-6e6522c5da29,fantastic app absolutely love it my go to ai music app.,5,0,1.3.1,2024-09-26 19:35:54,,,1.3.1,mus7281,com.singgenix.suno
e6806ca1-ba37-4bf9-bd41-dc0fd6e0c67a,this is a great app for making fun tracks,5,0,1.3.1,2024-01-27 18:18:14,,,1.3.1,mus9367,co.appnation.aimusic
44e4c6d3-ee64-44c1-a28f-5fc0f45bf99a,good app for music and chnge voices,4,0,4.0.9,2024-01-01 12:38:50,,,4.0.9,mus12193,com.feraset.tune
ce2cb6ab-a92a-46a2-9041-f21e0f92991f,Pretty good but getting glitchy as time goes on,3,1,1.0.12,2024-08-07 18:01:11,Please update to the latest version of Donna AI to enjoy a smoother experience. Weve fixed many bugs and improved performance. Thank you for your patience!,2024-08-08 02:36:29,1.0.12,mus1807,com.ai.sound.donna
c594a282-7930-4cae-a892-689bebdb5adf,Doesn't work. Can only do preset voices and preset songs. Scam,1,0,1.2.1,2024-05-17 21:21:16,,,1.2.1,mus16065,com.talentme.singup
cff1d399-694a-4f95-bece-acf692cd84b0,Never Generated any song total cash scam wait of time please save your money,1,0,1.0.3,2024-06-19 11:49:07,,,1.0.3,mus3769,com.ai.sound.donna
001d97d9-a5bc-4ee4-801e-9657ec40768c,They literally want over $300 USD a year for this yeah you conveniently leave that part outta your ads,1,1,,2024-07-16 21:23:34,,,,mus3754,com.ai.sound.donna
41602d9b-98ff-4522-bda1-0b160cb79699,look just try it it is unbelievable just simple few words pik your style ang go omg u won't believe it,5,0,1.0.22,2024-09-27 13:57:19,Thank you for sharing your experience! Our AI music generator is all about giving you the freedom to create and it's fantastic to hear that you're enjoying the process. Keep making incredible music and we're here to support you every step of the way.,2024-09-30 15:07:53,1.0.22,mus1674,com.ai.sound.donna
01eed007-a0ba-4483-9be9-6d0c1dca7450,Glitches and makes it were I can't load up the app if I just hit the home screen to my phone it will not allow me to access any more music unless I restart my phone. I tryed to claim multiple songs and it glitches and ended up paying but not getting my document for the purchase. And sometimes it will continue to play music when I back out completely and won't stop unless I restart my phone.,2,2,1.0.9,2024-07-31 19:48:58,Were sorry to hear about the issues youve experienced. Please reach out to our support team at donna@mobiversite.com so we can help resolve these problems and ensure you have a smooth experience with our AI song maker.,2024-08-01 02:39:24,1.0.9,mus96,com.ai.sound.donna
cad583af-5d0e-46c3-978e-b934dd6bc7b0,5.99 a week only one free song.,1,0,1.0.17,2024-09-08 20:43:24,,,1.0.17,mus2951,com.ai.sound.donna
998b288a-7595-445f-bc1c-1ec3b2af5d8a,First you have to have a paid subscription (fair enough). But then you hit a pay wall every time you want to actually use an advertised feature (not cool). The subscription should come with something more than access to the next pay wall.,1,2,1.3.2,2024-07-07 22:27:02,,,1.3.2,mus15810,com.talentme.singup
374f8435-64a5-4b28-bdd5-9c70d03b6f63,I thought it would use your lyrics that you write and y'all better not charge me for the free trial BS.,1,0,1.1.1,2024-07-25 18:03:04,Thanks for your feedback. Our application is free. When you download the app you can skip the paid procedure first and then you can experience some functions for free. Then you can experience more functions by watching ads or paying.,2024-07-25 21:58:20,1.1.1,mus17001,com.ai.music.generate
6bb1cb87-d4cc-4e82-bf57-fabad6859bec,Loving it so far but is there an upgrade for more character space for lyrics?,5,0,1.0.24,2024-10-07 21:58:12,,,1.0.24,mus1030,com.ai.sound.donna
c4183898-79c9-4000-b803-e465a405d736,You can not do much of anything without paying a fee.,1,1,1.3.4,2024-09-01 03:21:18,,,1.3.4,mus7031,ai.music.generator.song.maker
66439894-0a5a-4732-9e2f-1b6a58221253,So far it hasn't worked once for my voice. Don't waste your money I'm mad I did.,1,0,1.3.2,2024-06-27 12:54:23,,,1.3.2,mus16148,com.talentme.singup
b6ae9995-c2af-41c8-ad15-8a4daebc708d,Solid AI! Works perfectly. worth the $5.99 a week. I'll be making my own music.,5,0,1.0.8,2024-07-28 01:06:34,Were thrilled to hear youre enjoying Donna AI and finding value in our subscription! Thank you for your support. Keep making amazing music!,2024-07-29 02:45:09,1.0.8,mus1890,com.ai.sound.donna
190002c0-a91c-4b0b-868c-2d85305d8eca,Changed my rating when accidentally paid the weekly price which was about close to $10. It was less then 2 days when I reached out to the developer. They we're sneaky because they would. Send emails very late allowing time to pass. Till I found out Google gives the refund. But. I was out of time due to the developer dragging the email responses. Very very unprofessional for. That and. Didn't use the app the entire week didn't have what I needed and never got a refund I am disappointe,1,248,1.3.2,2024-02-20 16:08:28,,,1.3.2,mus8900,co.appnation.aimusic
d7890f30-c49a-40cf-a3d4-09d204fba30f,Paid but cannot use as activation code not sent. Where is my activation code MusicLab?? WHERE?,1,2,1.0.6,2024-08-08 15:31:15,,,1.0.6,mus8825,musiclab.suno.udio.ai
8a2ee706-7a2a-47f9-b8d5-196884ca4c2c,This app won't let me log in. ATROCIOUS!!!!!!!,1,0,,2023-04-07 00:12:48,,,,mus15178,com.multiplewords.ai_music_generator
dcd2794a-8f2d-4246-91a1-b5396fbe6d81,always 1 star when asked to review when you first open the app. never a good sign. I imagine it's all hidden behind a pay wall,1,1,4.0.13,2024-02-08 13:42:23,,,4.0.13,mus11469,com.feraset.tune
c2e496ca-febc-4e68-8cc6-293707e92934,Sad I can't give zero stars. One it needs to be free. Two it plays for three damn seconds and is in no way relevant,1,0,,2023-05-31 00:57:27,,,,mus9104,co.appnation.aimusic
e082ab63-9a9f-41b2-a9b0-52307c76c918,AI cover or AI music just want to get money and also you have 3 voices you can waste is stupid it should give it a one and a half.,1,0,1.3.2,2024-02-19 00:55:41,,,1.3.2,mus9124,co.appnation.aimusic
5ce5c621-ce20-4597-aeb6-52a630a9d799,Not what advertised ai fails to construct a simple song with lyrics given failed.,1,0,1.1.0,2023-12-12 21:42:41,,,1.1.0,mus9201,co.appnation.aimusic
f3d37547-8b14-4f1e-a4f2-b129ab880281,The app is very wonderful. I create a lot of songs in it but I suffer a lot (you can only get one song delete the application re-download it and download a second song but this wastes time),1,29,3.0.8,2023-09-27 07:42:34,,,3.0.8,mus10876,com.feraset.tune
bb29e10a-47ca-4788-8368-bc0fce1bc0a3,It doesn't work now. l did three covers and then stopped working,2,1,1.0.8,2024-08-06 02:50:50,Dear User! We apologize for any inconvenience youve encountered. Your feedback is invaluable and we are committed to improving our service. Please try using the app again now as the issues have been resolved. Thank you Team CX,2024-08-07 01:26:26,1.0.8,mus8358,ai.vyro.musicly
f04d3e40-d0e0-4a0d-81c0-e39e8de19dd3,This is a scam. Had to pay 2 times abd it does not work with my voice. Dont buy,1,1,4.0.9,2023-12-09 11:30:15,,,4.0.9,mus11785,com.feraset.tune
7c6c67a6-2b02-41cd-ba42-cc1c27208ae5,Try a few before instant attack to purchase or you can't do anything else not fun.,4,0,1.0.4,2024-06-29 04:40:52,,,1.0.4,mus2291,com.ai.sound.donna
87f82d48-2406-46cc-876a-c11d18f64b47,It forced me to upgrade to premium before i could make even the first song,1,21,1.0.4,2024-07-04 02:33:30,,,1.0.4,mus8839,musiclab.suno.udio.ai
3817114e-957f-44ed-bf48-1ac33b3c8dae,The app is absolutely amazing.It is very user friendly. It is simple to operate. I really like it's appearance and how it works.,5,0,1.1.0,2024-07-16 11:02:46,,,1.1.0,mus10285,com.lascade.songai
d451affb-49d3-46a0-abb3-6a2608dd6eaf,It won't let you try the app until you pay and after paying you realize the app is useless and you wasted your money. They will not refund your money even after cancellation.,1,2,1.2.1,2024-05-16 20:15:58,,,1.2.1,mus15924,com.talentme.singup
8e1a824c-a888-43c8-a85e-de148cbec8ee,I love this app. I'm a DV survivor and being able to hear my songs I've written come to life is so therapeutic beyond words. Thank you so much for existing. It's such a great app. My only suggestion is I would like to have an option to be able to multiple delete songs instead of having to go through one by one.,5,12,2.2.2,2024-08-27 16:11:25,Thank you for your kind words Jodie! We're thrilled to hear that our AI song & music generator has been therapeutic for you. Your feedback on improving bulk song deletion is noted. Keep creating with Zona!,2024-08-27 17:02:07,2.2.2,mus7570,com.zona.aimusic
9a86687c-c5a7-49d6-86bb-3ff8c0a4eee1,No way to edit or clear up the recording of the use my voice option even trying to replace the previous recording even after paying for the service is an additional charge. No matter what your voice sounds like the creepy old man from family guy.,1,1,1.2.1,2024-05-18 05:17:53,,,1.2.1,mus15813,com.talentme.singup
b32eb56f-055f-47d0-af00-058464de434e,Use the suno website instead much better prices you get free songs to see if you like it too and you have more rights to your content. Cut out the middle man,1,1,1.2.5,2024-08-14 22:34:54,,,1.2.5,mus7229,com.singgenix.suno
f1044422-7b38-4238-b09f-ef17dee7487b,You didn't give me enough time to actually play with the app to give you an actual rating to start off I don't like that you're requiring payment so high,1,4,1.0.1,2024-06-01 15:32:00,Sorry to hear you are unsatisfied with the progress of the updates. I hope you can enjoy our app again in the future.,2024-06-04 04:23:28,1.0.1,mus1603,com.ai.sound.donna
453f9076-d58e-41b8-8574-3ca7d5a49d31,I like to make up songs.,5,0,1.0.15,2024-08-24 18:30:40,,,1.0.15,mus3199,com.ai.sound.donna
2c0d5eaa-f47e-4e2d-8aff-36eb84dab496,I like the way you can make pop songs but let's talk about paying for making the songs I wanna make a k-pop song and you have to pay not fair. Hope y'all fix that,1,1,2.0.3,2024-09-17 22:38:20,,,2.0.3,mus8245,ai.vyro.musicly
e0b14c27-a191-4d42-919f-45bf07955f8c,helps me a lot!,5,2,1.0.3,2024-05-17 22:20:50,Thank you Disha Deshinta Nurdin for your feedback! Glad to hear that our AI music generator has been helpful in your creative journey. We strive to empower users like you with innovative song-making tools.,2024-05-17 23:02:08,1.0.3,mus7728,com.zona.aimusic
d5dfbdef-99b5-462c-9f38-9517607237d8,A lot easier than I expected most apps can be frustrating this was a pleasant experience. Thanks,5,0,1.0.1,2024-05-31 17:09:34,Thank you for downloading our app! We will keep working on it!,2024-06-01 08:58:49,1.0.1,mus6430,com.ai.sound.donna
ce67cb9d-b4c2-47f8-bcee-d2cec01fda2c,Says you can use for free with ads no you can't! $7 per week or $50 for lifetime. This app is a scam!,1,0,4.2.23,2024-08-14 20:51:07,,,4.2.23,mus10619,com.feraset.tune
38560700-5f63-4d3e-838c-9b8076a51e87,I CLICKED A FILE IN MY SD CARD BUT IT DOESN'T LET ME OVERALL BASED ON THAT I TRIED MANY MANY TIMES AND YET THEY FAILED I HOPE THEY FIXED THIS I RECOMMEND OTHER APPS,1,2,4.0.8,2023-11-25 03:00:59,,,4.0.8,mus11807,com.feraset.tune
f1df637e-a473-4088-98fb-7b3de5c8cc0a,All good only problem is when you read one of your pop ups eg when you press extend a message pops up and goes does not give you enough time to read it over all lovely app,5,0,1.0.15,2024-08-23 10:41:22,,,1.0.15,mus630,com.ai.sound.donna
ac90674e-5c07-4f66-9280-f4267d86b0d3,fun but very limiting to 1 song creation unless you pay or recruit others.,3,0,1.0.12,2024-08-06 20:11:59,,,1.0.12,mus1977,com.ai.sound.donna
496bc5ff-a7c8-42a5-8563-d65d1760fb16,You can only use it once if you don't want to buy subscription,1,3,1.3.4,2024-08-29 14:04:35,,,1.3.4,mus6945,ai.music.generator.song.maker
ff57b75d-f9b1-437f-a0c3-fbda3c42a1e1,It's cute but I could only create one quick demo song. A longer free period to experiment with app to see if it's worth it would be nice,2,0,,2024-07-25 00:03:02,Thank you for your feedback. We offer one free song to showcase the capabilities of our AI music generator. We appreciate your suggestion for a longer trial period and will take it into consideration for future updates.,2024-07-25 10:25:38,,mus2346,com.ai.sound.donna
1588c4f7-71ee-48ca-924c-caa18e402c90,Great and amazing application for generating custom songs which is mind-blowing!! I highly recommend it.,4,0,1.4.4,2024-09-25 07:21:07,,,1.4.4,mus10234,com.lascade.songai
3113caa1-58f4-46a6-83af-d0c4657270bf,poor vocals vocals sound as fake as it gets. of course its a work in progress but dont get your hopes yet as said in the advertisement.,1,0,1.0.7,2024-07-12 12:00:33,,,1.0.7,mus1612,com.ai.sound.donna
a564b18a-6029-4ff0-89ad-489ba2b093a1,good to help you create song ideas,5,0,1.0.11,2024-08-05 22:56:23,Thank you for the 5-star review! Were excited to continue providing you with the best AI music creation experience.,2024-08-06 04:42:55,1.0.11,mus3105,com.ai.sound.donna
3ced628e-32b3-4c6f-b4c0-69a70c29f552,Tried it for a little bit and didn't like the result of how my voice came out in some songs. Alright so I tried to figure out how to delete my payment stuff so it wouldn't charge me for another week and there's no way to delete my payment stuff off the app before deleting it.,1,0,,2024-03-06 10:11:44,,,,mus10934,com.feraset.tune
afdb411c-07ed-494c-b1fc-6144d124b33b,Only 15 seconds make full ai covers for free,1,0,,2023-12-26 18:23:32,,,,mus12200,com.feraset.tune
ce27ade2-f9a3-4ec2-8a6c-082cfdcc40d7,Not the experience I was going for. Too choppy and never sounded like the character I chose.,1,0,4.0.9,2023-12-10 14:19:26,,,4.0.9,mus11715,com.feraset.tune
a37243a3-3473-45de-9399-7b1088c7044e,ITS FREAKING AMAZING WHAT I DID NOT EXPECT IT TO BE SO GOOD WHATTTTT keep up the good work dont put too many paywalls once you get recognizeddd love ittt,5,0,1.1.1,2024-07-03 16:40:33,,,1.1.1,mus10345,com.lascade.songai
15caa179-9655-4126-9919-86b2bb9700a7,I've only made one song but wow.,5,0,1.0.20,2024-09-14 13:35:22,,,1.0.20,mus2934,com.ai.sound.donna
0f905d44-2fc2-4af7-a760-bd56f8813596,I signed up for a weekly subscription but the app still isnt functioning properly. I feel like I've wasted my money on this app; it seems like they're trying to scam us.,1,0,2.0.4,2024-09-21 17:40:17,,,2.0.4,mus8235,ai.vyro.musicly
11122dde-4c9d-4c6f-9424-4b82b77c6e47,this helps me create songs better,4,0,1.0.16,2024-08-28 07:03:26,,,1.0.16,mus3089,com.ai.sound.donna
525fc208-6fc8-4aac-a47c-a00de6263056,This app is good the vocals of the songs is really good the only downside is that I can't download the songs I create without having to Subscribe first and Pay is there a way I can continue for Free and download my songs it's a shame to not download them?,3,0,2.0.5,2024-10-08 13:10:08,Dear User We understand that it can feel frustrating. To keep our servers running and continue improving the app we need to balance free and premium features. Your support helps us provide a better experience for all users. Thank you for your understanding. The Saaz team!,2024-10-09 09:16:28,2.0.5,mus8171,ai.vyro.musicly
49a6efee-eba0-4171-b1ea-b58b787d6703,It glitched and deleted my one free song before I was able to listen to it and didn't offer me a new one,1,0,4.0.13,2024-02-04 14:34:00,,,4.0.13,mus11621,com.feraset.tune
988b314f-96bf-47c3-9257-468a4833adca,"Bought credits and they do not display how much something costs. Not only is there App only 50% finished as NO Vocals Stems voice changer or audio editor that they have saying COMING SOON. the ""Accapella"" feature repeats itself and I've tried to download some and it doesn't show. This app would be good if changes were made to perform and adapt to the people. Thanks. Spent money for nothing. Please refund ! I'll give you another try after the bugs get fixed;)",2,14,1.2.2,2023-08-10 12:37:00,,,1.2.2,mus18001,ai.musicstar.v1
0af87475-cc1e-4722-9f72-083565ab460b,Pay wall I have tried my fair share of AI apps Most have a free version which wow limited still allows me to use it. This app does not. You might as well not make it free if you are going to charge for all the features because as it is now its just taking space on my phone,1,0,1.0.17,2024-09-25 23:49:54,,,1.0.17,mus325,com.ai.sound.donna
ac819272-e4e4-4a00-80cc-48bb0c69e3f6,it let's you make your own lyrics and you can do any time,4,0,1.0.8,2024-07-20 14:41:16,,,1.0.8,mus3789,com.ai.sound.donna
9b72ff29-c09b-4086-89e4-a922e6f9e394,Would not let me sign up and get free credits. Cant get past a payment screen. android 2022 model up to date too. App is confusing and I would've liked to understand it more if my registration worked. I went with other music a.i apps very happy with the layouts and instructions. Finding many bugs here I wish I could get a free trial like it said to compare ! Boo.,2,8,1.3.0,2023-08-17 03:39:45,Kindly send us your registered email address to help@multiplewords.com we will surely give you credits,2023-08-17 05:54:51,1.3.0,mus15115,com.multiplewords.ai_music_generator
453b419c-61e3-4ce8-b309-45128cdb43cf,Use once then gotta subscribe to use again,1,1,2.2.6,2024-09-22 06:47:52,We appreciate your feedback Lyle. Our AI music maker offers a trial to showcase its generator capabilities. Subscriptions help sustain ongoing updates for a better user experience. Thank you for trying our app.,2024-09-22 07:02:07,2.2.6,mus7651,com.zona.aimusic
a56c1c0e-765c-4c9b-91ef-a7ce4e50898b,Too expensive. Don't be so greedy. 7.99 a week is ridiculous. Instant uninstall.,1,1,1.0.1,2023-05-12 03:22:35,,,1.0.1,mus9197,co.appnation.aimusic
e39d8c44-ecf6-47be-aa3a-688323f67edd,Paid for weekly out of curiosity and while it processed my voice sample I exited the app to return to it not having registered my payment and no longer having the voice sample,1,1,4.0.9,2023-12-03 00:09:39,,,4.0.9,mus11288,com.feraset.tune
8b4686b8-61c7-476b-a49e-4ee7b0be6c00,I just did the trial and it's pretty dope! I'll probably think about getting a subscription. super easy to use,5,0,1.0.16,2024-08-27 13:52:19,We appreciate your kind words! Donna AI was designed to be the ultimate AI song maker giving you the tools to create music thats uniquely yours. Were glad youre enjoying the app and cant wait to see what you create next with our AI music generator.,2024-08-28 04:24:43,1.0.16,mus946,com.ai.sound.donna
6b489230-506d-4170-90cb-1e9bc1d2169d,very helpful app for finding your voice tone and rhyme,1,0,4.2.10,2024-07-15 14:49:55,,,4.2.10,mus11302,com.feraset.tune
f01b31df-acba-4714-936a-bf8c5853f10f,I should have read the reviews first waste of time and probably just existing to profit from the sale of information.,1,0,,2024-07-06 15:51:49,,,,mus18081,com.bigmobilegames.musicai
44968181-8e35-436e-a253-6651f019e103,Absolutely an amazing app. You can make your own songs and they are absolutely amazing. Even if their meant to be funny it is so bloody good. Highly recommend,5,0,1.0.9,2024-07-30 15:09:47,Thank you so much! Were thrilled to hear that youre enjoying Donna AI. Keep creating amazing songs!,2024-08-01 01:49:55,1.0.9,mus517,com.ai.sound.donna
a4fbbf35-264b-4b9a-97dc-346e8c57a9ad,Gives me a jumping off point for composing and arranging my original music with good ideas.,5,0,1.0.14,2024-08-16 01:40:44,,,1.0.14,mus1177,com.ai.sound.donna
ff4be16f-49e3-4f2e-a5b0-f521e1680699,it's good besides the dumb thing where you copy link to make them sing the song but overall it's good but DONT MAKE SO MUCH ADS,5,0,,2024-03-02 11:20:14,,,,mus14852,com.feraset.tune
caece532-de55-412f-b652-4e119410b604,It's a pretty cool app I'm curious to see what songs this can generate with my ideas we shall see!,5,0,1.0.1,2024-05-30 09:54:56,Thank you for downloading our app! We will keep working on it! Donna Support Team,2024-05-30 10:07:41,1.0.1,mus1621,com.ai.sound.donna
7ddd2071-410c-42c2-ac95-8f114c975e55,You have to pay and it starts at $9.99 a week.,1,0,1.3.4,2024-09-13 11:45:25,,,1.3.4,mus6990,ai.music.generator.song.maker
c8be9665-b8fe-4873-a19c-398208614c27,Yo this app steals your time and crushes your dreams! Downloaded it for fire tracks stuck with 5-second jingles. Less musical freedom than a broken karaoke machine! (Seriously). Don't waste your time (or money freemium alert!). It's an energy vampire disguised as music glory. = regret. There are better options trust me. This app's a scam-burrito of disappointment. Downloaded hyped then WHAM! 5-second limits? Come on! Yo this app crushes music dreams in 5 seconds. Don't download it.,1,9,1.6.1,2024-05-03 19:31:23,,,1.6.1,mus17351,ai.music
f2eca9b2-b0a4-4fa1-ae97-c8e49f83cdc7,It's not worth the 49.99 a lifetime or 4.99 a week,1,0,,2023-11-02 19:20:29,,,,mus12454,com.feraset.tune
3f87ade5-6744-457a-a3a5-045a1b6c8634,Oh Donna you express me so well. Thanks,5,0,1.0.17,2024-09-04 03:09:26,,,1.0.17,mus3319,com.ai.sound.donna
9935d1f9-cf75-4760-a450-75db6a59aaf0,Not even a free trial song $49.99 right off the bat but that's right before it wants your review. Smh,1,0,4.1.2,2024-04-05 22:17:32,,,4.1.2,mus11867,com.feraset.tune
25659f43-45f9-496d-b3ac-661ca8988587,Doesnt let me sign up or log in,1,1,1.0.2,2024-08-03 23:21:50,We are sorry for the inconvenience caused to you. The problem has been solved. Please try again. Thank you.,2024-08-05 00:08:55,1.0.2,mus16504,ai.cover.suno.song.music
a50efe15-a477-4cb3-98e5-44f15073765e,Let us try it once for free then ask for money. Im not paying 1 cent untill I know how it actually works.,1,0,,2024-08-08 19:47:56,,,,mus9280,co.appnation.aimusic
dc999f63-d5c4-424d-a510-fa0a390de3a1,Can you all please tell me how do you put a song in there and change it to another voice artist cover like a music ai app,3,0,1.2.2,2023-08-16 10:46:45,,,1.2.2,mus18025,ai.musicstar.v1
de5f2552-76f4-4a36-89bb-f40a040b89d3,LISTEN HERE STUPID AI APP I NEVER ACTUALLY MAKE REVIEWS BUT BUT THIS ONE IS JUST INSANE ONLY 2 SONGS AND I HAD 10 CREDIT BUT GUESS WHAT THOSE 2 SONGS TOOK AWAY MY 10 CREDIT IMAGINE HOW GREEDY YOU WOULD BE IF YOU HAD TO TAKE AWAY SOMEONE'S 10 CREDIT YOU KNOW I'M JUST YAPPING ABOUT 10 CREDIT BUT DO NOT INSTALL THIS APP NEVER! IT WILL BE OKAY IF YOU JUST GIVE 10 CREDIT EACH DAY BUT I THINK THEY'RE JUST GONNA USE US FOR MONEY!,1,1,2.2.6,2024-09-21 21:46:00,Dear Brenda Jackson we value your feedback regarding our AI music generator app. We're sorry for the inconvenience caused. Rest assured we continuously strive to enhance our generator's offerings.,2024-09-21 22:02:09,2.2.6,mus7580,com.zona.aimusic
0e56ccdd-4543-4c5e-a556-c03336fa14f6,very good for making songs,5,0,1.6.0,2024-04-12 03:48:43,Thanks for taking out time to rate us. It really helps us to keep going and delivering the best :),2024-04-19 20:31:18,1.6.0,mus17716,ai.music
0be10024-0422-4265-a7a7-165e26adf5c2,Pay Wall (subscription) prevents you from trying a custom voice (your voice) and the app doesn't even inform you of this until after you've spent 7 minutes recording your voice. Waste of time.,1,2,4.1.2,2024-03-16 18:44:39,,,4.1.2,mus11125,com.feraset.tune
19839884-9118-424d-a1f2-fc488129766c,"I had wrote a song when I was 13. I am 31 now. I remembered some lyrics and gave the ai the theme of the song what it was supposed to mean how deep the song would go and some old lyrics I remembered. An absolutely GORGEOUS song was made that made me cry to hear my little song brought to new life. To hear it with music and a great ""singer"" was more than I ever could have hoped for. Now I JUST need to edit a lyric or two. Editing is a Pending feature update I look forward to.",5,30,1.0.21,2024-09-20 05:11:41,,,1.0.21,mus15,com.ai.sound.donna
7f94d711-e364-4768-8645-abbddb533ee4,first try and it was amazing really brought tears to my eyes I miss you so much Tara I will always love you .,5,0,1.0.22,2024-09-25 10:57:44,Thank you for your amazing feedback! We're thrilled that you're loving our AI song generator. We strive to make the music creation process as seamless and enjoyable as possible and it's great to see that reflected in your experience. Keep creating with our AI music generator and let the world hear your unique sound!,2024-09-30 14:05:12,1.0.22,mus1454,com.ai.sound.donna
7e7d6a39-34c8-4728-8725-40ab6a1d7f06,it should be free,1,0,4.0.2,2023-10-16 01:03:13,,,4.0.2,mus13236,com.feraset.tune
cfbc25f4-a5b6-4fd1-9ef5-789ec5706b9e,donna made my hunting Season more how i wanted it to be but this doesn't repeat verses though it seems to glitch when putting in lyrics stopping the song while listening or just not loading it at all til refreshing a couple times/close & reopen app.,2,2,1.1.7,2024-07-03 17:58:28,,,1.1.7,mus7226,com.singgenix.suno
af1400c4-94f6-425f-a642-abc4f30f5402,DONT WASTE YOUR MONEY. AFTER YOU PAY FOR THE APP YOU HAVE TO PAY AGAIN TO CREATE A SONG. SCAM,1,0,,2024-06-09 14:03:53,,,,mus16317,com.talentme.singup
076a6f2c-3dad-461e-8868-83ba229bfbfb,Just created great . Flabbergasted! Thanks.,5,0,2.0.16,2024-10-06 15:20:27,,,2.0.16,mus16611,com.script8888.magicmusicai
c4924e58-6227-4f73-bef1-fe90ac4f9c06,You need to buy stuff to use it.,1,1,,2024-01-23 19:44:42,,,,mus12896,com.feraset.tune
1622a07d-af10-4d33-89af-2af661086169,Thank you for this. this is awsome it sounds just what I was thinking about. luv it.,5,0,1.0.11,2024-08-05 18:16:50,Were delighted to hear that you love our AI music generator! Your support means a lot to us. Enjoy making great music with Donna AI.,2024-08-06 02:09:59,1.0.11,mus2041,com.ai.sound.donna
57ddd158-ee52-49f0-861f-5df95412a1a3,I love this app cause it function successful and I have no problem with it,5,0,2.2.2,2024-09-20 13:10:43,,,2.2.2,mus15355,com.app.sunaia
605a126a-2251-4de8-a5b2-06cda3841eda,an awesome app definitely going to use it more,5,0,1.3.4,2024-08-30 13:55:59,,,1.3.4,mus6998,ai.music.generator.song.maker
c9b94a10-d638-48a4-ac2c-0f229ceaa45f,Nearly got everything I can ask for the AI understands my vibe like the back of my hand.,5,0,,2024-07-05 00:58:07,,,,mus4239,com.ai.sound.donna
0e7b506e-038e-4685-87a9-39e3c813b212,U HAVE TO FRICKIN PAY FOR EVERY SINGLE THING!,1,0,4.0.9,2023-12-20 06:35:53,,,4.0.9,mus13103,com.feraset.tune
d16dce96-2598-4467-84bf-d1c6b9d19e82,it's better cause it's free,5,0,1.0.11,2024-08-04 02:17:26,,,1.0.11,mus3304,com.ai.sound.donna
65f29add-fbb4-44c4-a488-52f6238d2c6d,The app does not show lyrics. It tells you it's copy to your clipboard but it does not,2,1,1.2.6,2024-08-23 21:27:10,,,1.2.6,mus6864,ai.music.generator.song.maker
d2c75ad7-c734-4f2f-9f12-f82ff47296b4,I hate it it wont let me in I have small storage and its the worst app,1,0,2.0.8,2024-09-03 06:29:46,Hi! We sure ads are annoying! However it is a way for us to make ends meet:( We appreciate your specific feedback and really feel your concern! We promise you that we will work on the speed function. If you might give it another try and if you like it the premium deal with no-ads could fit you well!,2024-09-09 00:23:20,2.0.8,mus15528,com.aicover.aimusic.coversong
22137d33-6fa7-4901-85db-af9e845d05ed,for this app is for real i liked it cos it creates a song in just few minutes,4,0,1.0.22,2024-09-24 16:25:57,,,1.0.22,mus1094,com.ai.sound.donna
8644c563-71e2-464c-abb1-fd0e74864170,At first it was fun but you have to pay to get limited ai covers .who would buy it honestly if you want to buy it go ahead I ain't stopping you.but let us have more ai covers to have and make thats what you want us to do don't only let us have only one ai cover to use . Go ahead you can buy it but I honestly don't recommend this app if you don't want to spend any money.,2,2,3.0.6,2023-09-17 17:35:59,,,3.0.6,mus10982,com.feraset.tune
9478d9b4-7ff8-4c22-940e-7d15872e4e4e,I was excited to see what this app could do but after getting through the pay wall I was disappointed to find that all it does is use auto tune to attempt to fit your voice over the original singers voice. And if you use the create new music feature it has a tendency to just play a singular note on and off throughout the whole song which ruins it even though the background might be pretty good. Overall don't waste your money on this till the AI gets an update or two.,2,187,4.0.14,2024-02-12 17:51:44,,,4.0.14,mus10471,com.feraset.tune
5bbec644-cf1a-41d4-b1e7-aeb9ea6b851d,It is Terrible. I got the app excited I thought that it would make my voice sound good but it just made it sound like crash and also when I used the ai voices the sounded like even more trash do not get this game plz it will make you very sad and upset you also may have to pay for the subscription,1,0,,2024-03-24 18:12:35,,,,mus10821,com.feraset.tune
07032148-1b98-489a-a447-6f2ccfbbadbb,Great app to make music.,5,0,1.2.1,2023-12-29 17:34:39,,,1.2.1,mus9415,co.appnation.aimusic
a7a9d2f1-956d-45ef-a705-e22d774ee150,remarkable. kinda scary but amazing.,5,0,1.0.8,2024-07-18 07:01:58,,,1.0.8,mus2988,com.ai.sound.donna
d473d510-a7d0-45b7-9b90-6eb64ad2810b,Honestly cool concept disliked because I couldn't even make one song without having to pay 30 bucks which I'm not doing,1,0,1.4.4,2024-09-14 21:56:44,,,1.4.4,mus6878,ai.music.generator.song.maker
7740c002-b385-4341-8453-11126b8fa05a,Can't use anything. Must pay first.,1,0,1.0.4,2024-06-23 02:04:47,,,1.0.4,mus4139,com.ai.sound.donna
69509ebb-18cc-40d9-932d-af081453993e,This app isn't very great. I'll admit. It's ai is impressive. But here's why I gave 1 star is because I spent 15 minutes recording my voice and it told me AFTER I recorded that I need to pay TEN DOLLARS. like seriously? Next time tell me before you record it.,1,0,4.0.9,2023-12-24 19:42:34,,,4.0.9,mus11021,com.feraset.tune
355a7bd4-ca8c-48d9-b42f-8f973805a159,absolutely loving the fact I can make heavy metal songs without having to deal with looking for people to form a band!,5,0,1.0.7,2024-07-11 01:46:16,Thank you! Were thrilled to hear youre enjoying making heavy metal songs with our ai music generator. Keep rocking out those epic tracks!,2024-07-11 08:55:35,1.0.7,mus1443,com.ai.sound.donna
6365041e-240d-413e-be7c-1c082cb88726,BUYER BEWARE!!!! Funny how right when I paid for a subscription the app crashed and now it gives me a white screen and nothing else!,1,1,4.0.4,2023-10-30 16:07:34,,,4.0.4,mus11233,com.feraset.tune
6860faaf-0b6a-440b-a69d-19f6a8404919,Dumb that you have to pay to use,1,0,,2024-05-26 21:17:25,,,,mus16349,com.talentme.singup
daf6815a-3f54-4d16-933d-9f2e1702584e,Misleading app no free features,1,0,4.0.11,2024-01-13 11:30:55,,,4.0.11,mus12218,com.feraset.tune
67dc4a10-d815-4569-abc3-ff531cba5f5d,if your a musician like me but have trouble with lyrics this can be a boost. if it gave the tab or sheet music for its creation would give 5 stars,3,0,1.0.15,2024-08-18 20:19:57,Were working on adding features like tab or sheet music to further enhance the songwriting experience with Donna AI. Stay tuned for updates!,2024-08-19 08:59:46,1.0.15,mus979,com.ai.sound.donna
0c59ab65-ebab-49e0-85c8-08082208fa2a,I hate this app with a burning passion,1,0,,2023-12-01 11:25:31,,,,mus12852,com.feraset.tune
cb116870-fb58-47a6-9cc7-884b07c74858,I can't even click on the app it's not working.,1,0,,2024-02-21 22:20:05,,,,mus9383,co.appnation.aimusic
ad62f2a7-1d68-4b11-84a3-3592b7ff0496,Doesn't work for Android ig woulda been interesting if it worked,1,0,1.0.23,2024-09-29 20:21:52,,,1.0.23,mus1410,com.ai.sound.donna
304f82d4-6eae-425e-8e0b-fac9448407ac,Not a good app or generator at all. Scammy,1,0,,2024-04-24 10:46:11,,,,mus17533,ai.music
e16bf868-02a1-46ec-adf7-c0ede6d41de1,The app that creates music for you offers numerous benefits and advantages. It provides a user-friendly platform for individuals to express their creativity through music composition regardless of their level of musical expertise. The app's intuitive interface allows users to easily experiment with different melodies rhythms and instrument sounds fostering an enjoyable and engaging experience! This app is definitely worth your time creating music and other things ig. :],5,19,2.2.2,2024-08-04 03:41:00,Thanks man!!,2024-08-05 15:42:21,2.2.2,mus15320,com.app.sunaia
fc33375d-14c1-43a4-9ca0-65b4cdaa380b,Not working despite having a lifetime paid subscription. Not impressed,1,2,,2024-09-03 10:55:45,,,,mus17302,com.superapplabs.song
32898e8e-9108-42c5-bda6-818bc80de684,I'm very impressed by this app,5,0,1.0.9,2024-07-29 02:58:17,Thank you! Were happy youre impressed with our AI music generator.,2024-07-29 10:43:36,1.0.9,mus5918,com.ai.sound.donna
32efcb59-73dc-42c6-a437-1ad9320e49e2,this thing is totally wonderful keep it free and people will love it,5,0,1.0.11,2024-08-05 12:15:22,Thank you for the 5-star review! Were thrilled to hear that youre enjoying our AI song generator. Keep creating amazing music with our app!,2024-08-06 02:00:52,1.0.11,mus1564,com.ai.sound.donna
2e1accf3-25e4-4647-9ed9-670456807709,Bro This a ai cover For Pay? I can't make carl the npc sing sleep well,1,0,,2024-03-19 08:29:19,,,,mus13079,com.feraset.tune
d012fb9f-05d1-41d8-89dc-bcb91b2dd0a9,Everytime i Try to open the app Is Teleports Me To The Main Screen Pls Fix This I would appreciate it :),3,0,,2023-12-20 05:19:46,Hello Ricky thank you for your feedback. We updated and fixed our application according to your feedback. Hope you enjoy MusicAI!,2023-12-24 11:06:24,,mus18085,com.bigmobilegames.musicai
c21a553d-cb6f-429d-a48d-a31ae78f0051,I wanted spongebob singing Say so but it gave me as completely different song with a completely different voice.,1,1,,2023-12-21 21:04:04,,,,mus9202,co.appnation.aimusic
5a007232-233c-4b57-9239-2b4b73d5d645,Don't waste your time installing the app unless you are willing to pay. Wil have you recording your voice for ages to then tell you to sign up.,1,2,4.0.11,2024-01-30 08:22:27,,,4.0.11,mus11414,com.feraset.tune
351f780b-595d-44ce-b41d-cca11ef0c8b7,"Waste of time unless you plan to pay. Can not use it unless you pay. Don't make ""free"" apps you can't use for free",1,0,,2024-02-21 20:51:52,,,,mus11574,com.feraset.tune
a8f29d69-5cea-463c-8fc1-369e86a898d1,Like it but it will only allow you to create one music as a demo then you have to pay for the full version of the app and you can create your own music. But beware do not add cussing words or inappropriate words or it will report your account to a moderator and they can permanently banned you from there platform.,2,0,2.0.20,2024-10-08 22:48:01,,,2.0.20,mus16707,com.script8888.magicmusicai
b876afcb-bb15-43cf-8167-6da3ceb0b238,Love this app but not happy. Went to create more songs and you have to pay. It needs to be free!!!!,3,0,1.0.17,2024-09-05 20:00:23,,,1.0.17,mus940,com.ai.sound.donna
01e6bf40-4289-462a-b298-f4b4cd2b0388,The app doesn't work and doesn't have a contact to cancel subscription. It's a SCAM!!!,1,1,1.3.3,2024-07-29 21:10:16,,,1.3.3,mus15847,com.talentme.singup
e68c13d9-7999-4f87-81b3-bd6eec8ab786,neat program but the free version is limited,4,0,1.0.11,2024-08-03 13:12:27,,,1.0.11,mus2157,com.ai.sound.donna
8808947a-b05a-43c1-a183-889af41bf026,Trash. Everything you have to have the subscription to use. Unless you wanna pay 7$ a week it's useless a bunch of websites let you do just for signing up.,1,1,,2023-07-10 21:07:40,,,,mus9057,co.appnation.aimusic
aaf9e759-0436-4933-a716-665f028e172f,I pad for the weekly version and all the results of the songs are terrible and worst the app itself is just bad,1,9,,2024-07-04 09:55:00,,,,mus8833,musiclab.suno.udio.ai
82748d4c-5d64-4062-9d3c-f7665a88244b,honestly not a bad experience. I love it tho ads are annoying like any other app does so I'm used to it,4,0,1.5.5,2024-09-29 12:42:37,,,1.5.5,mus6844,ai.music.generator.song.maker
aa2c861e-d90d-4b52-8ebd-df35785696da,It won't let me create anything without buying a subscription.,1,0,1.0.3,2023-08-31 02:49:29,,,1.0.3,mus9370,co.appnation.aimusic
a2c1c60c-cb4c-4766-8804-40651e240b49,I'm tired of having to pay for everything if any apps require me pay for an app that isn't really all that I'm giving it 1 star I wish non but can't do that,1,0,,2023-11-02 21:46:56,,,,mus11643,com.feraset.tune
291a9940-792a-4c45-9b99-ddebb4c955d5,No response from the official support. Bought over 1000 credits. Try to generate a song and keep on saying generation failed. Doesnt give you reasons why. Cant edit a song without having to pay for it. Voice and style all random. Have a lot of potential but like I say no support at all,1,49,1.0.6,2024-08-01 03:51:35,,,1.0.6,mus8787,musiclab.suno.udio.ai
bd053cbe-f924-4d6c-b8e6-521bd107d39d,Too many ads so annoying.,1,1,,2024-07-23 17:37:07,,,,mus15594,com.aicover.aimusic.coversong
c86d39f4-792c-42c7-8d6c-45f8cf3635a3,Fun to see what comes if your mood and thoughts,5,0,,2024-05-28 01:47:40,Thanks for your review! Please recommend our app to your friends and dont hesitate to shoot us a note at info@mobiversite.com if you have any questions.,2024-05-28 02:50:52,,mus4487,com.ai.sound.donna
5781ed6d-ccdc-4677-abe2-7e4b0582ae4a,Pretty deep if that AI is singing these song,5,0,1.0.3,2024-06-16 20:02:49,,,1.0.3,mus6275,com.ai.sound.donna
c0794778-9a98-4776-b7f4-7a60c5e4b11f,Just delete the payments and it's legit,3,0,1.0.5,2024-07-02 23:37:18,,,1.0.5,mus3635,com.ai.sound.donna
5306bc69-1056-4c84-8d39-393a9c34157f,Doesn't let you test it woth one song with you own lyrics.. I don't trust that it will work after you buy.,1,0,2.2.2,2024-09-03 18:41:19,We appreciate your feedback Tommy Shumate. Our AI music generator ensures seamless song creation with unique lyrics once you unlock its full potential. Thank you for bringing this to our attention.,2024-09-03 19:02:09,2.2.2,mus7621,com.zona.aimusic
532a52a4-fd9e-4813-bbcb-2259fc353cb8,this is is amazing,3,0,4.1.2,2024-03-23 18:53:11,,,4.1.2,mus13362,com.feraset.tune
47800fc8-ebd1-438d-88dd-ebbe4b3379ff,Because we have to pay for the game I hate it,1,0,1.0.24,2024-10-06 11:46:19,The costs are necessary to maintain the app and its features. Your feedback is valuable and we appreciate your honesty. If you have suggestions for improvement or would like to share more please reach out at donna@mobiversite.com. Thank you!,2024-10-07 04:48:14,1.0.24,mus2595,com.ai.sound.donna
7078bb46-03d7-46b0-8ce6-48554f361cf4,doesn't work at all tried same song with three different voices and got same results,1,0,,2024-04-08 04:44:25,,,,mus9237,co.appnation.aimusic
dc729d25-4ec0-4c58-ba13-9208096bdd75,a great app if you wanna make music but aren't a musician this is for you,5,0,1.0.15,2024-08-21 11:52:57,,,1.0.15,mus1352,com.ai.sound.donna
fe599f72-5b11-4dff-9c29-44d0dd598c23,awesome music apps download and enjoy your favorite music new and old,5,0,4.0.9,2023-12-30 13:04:38,,,4.0.9,mus11804,com.feraset.tune
764cf2ca-1546-46cb-a1bb-302c80a8fade,It keeps telling me to buy pro features when I try to make a ai cover and I try and try again to make a ai cover and it keeps telling me,1,0,,2024-02-28 22:36:14,,,,mus9245,co.appnation.aimusic
a769d679-294e-48c6-aa80-d15adea27ff5,You dont find out the custom voice has a paywall till after you talked for 7 min that felt like deception so im out,1,1,4.1.2,2024-04-08 22:55:07,,,4.1.2,mus12575,com.feraset.tune
d6e709b8-f676-44c5-bf13-43427b24437a,I looooove this app I wrote my first reggae song in two minutes how awesome .,5,0,2.0.7,2024-08-21 14:44:26,,,2.0.7,mus16621,com.script8888.magicmusicai
90615314-21d9-4667-a6bc-7ae1a5a1159f,Great songs! But you need a subscription and most of us like me can't pay for one. Don't waste your time!,3,1,1.0.1,2024-05-08 19:32:51,We apologize for any frustration you're experiencing. We understand your concern about the app's payment model. We're continuously working to balance providing value for our users while sustaining the development of the app. Donna Team,2024-05-13 10:16:07,1.0.1,mus1534,com.ai.sound.donna
d38919ae-70de-4adc-ac7d-1a228ee82345,5 sec samples. Skip this,1,0,,2023-10-25 18:33:42,,,,mus9612,co.appnation.aimusic
bda79d08-7796-4b8c-832b-641b4233faa9,BEST APP I HAVE EVER SEEN!!! This app is like a magic wand just write your mind and it's done! The app will make everything beyond your imagination everytime. Stunning lyrics BGM Interface Voice Endings and everything is good very simple interface. Hats Off to the creator..,5,1,1.0.1,2024-05-31 09:46:50,Hi Shahrib we added download option to next release. Donna Support Team,2024-05-31 08:52:19,1.0.1,mus771,com.ai.sound.donna
0e66d78c-e156-4754-bdf2-9e446ec6d597,WOW!!! So amazing just perfect.,5,0,1.1.2,2024-09-18 12:37:33,,,1.1.2,mus16939,com.ai.music.generate
c33e7dcb-f928-4d4b-b967-24648ccfe289,Hello sir this app super but only one music create second music not create pls next update no pro and many music create download pls pls,4,0,2.0.4,2024-09-24 13:20:01,Dear User To maintain optimal performance and manage server costs weve set some limitations in the free version. For more flexibility and features we encourage you to explore our premium packages. We appreciate your understanding and continued support. The Saaz team!,2024-09-25 02:15:09,2.0.4,mus8263,ai.vyro.musicly
33be62cb-3805-4fad-93ca-58f9aa1b74e1,DONNT DOWNLOAD THIS BIG SCAM ITS HAS A DANGEROUS VIRUS,1,0,,2024-02-12 07:00:50,,,,mus9615,co.appnation.aimusic
cc8eab8a-946b-4d71-a946-2fc892f339ec,This is a great app.You can try it out free..and well worth the money for subscription .Makes amazing pro sounding demos with your own ideas.or with your own lyrics.all in any musical style you want. I'm hoping you will one day be able to upload a rough song worktape demo and it will transform that into a full professional demo from your work tape.However it makes amazing demos and melodies from your own song lyrics now and I am amazed and happy with the quality and results. Awesome app!,5,3,2.0.1,2024-08-17 19:13:55,,,2.0.1,mus15702,com.mavtao.ai.song.generator.maker.sunora
fd59e1d9-81ba-4493-b298-4512b14ce514,You only get one free song.,1,0,3.0.6,2023-09-17 00:07:35,,,3.0.6,mus12905,com.feraset.tune
c11fe997-5c5d-4f60-8023-dcf137d1056a,what a great app! my sister and I just created a Hit!! all while pumping gas.,5,0,1.0.22,2024-09-24 18:05:09,Thanks for your support! Our AI song maker is built for music lovers like you who want to experiment and express themselves creatively. We're constantly working on improving the app and adding new features to make your experience even better. Keep pushing the boundaries of your creativity with our AI music generator!,2024-09-30 14:04:59,1.0.22,mus1102,com.ai.sound.donna
43e3317a-3247-4022-8fac-cfc7241d4253,I wish it had a monthly subscription. weekly adds up pretty fast and annual is expensive,3,0,1.0.3,2024-06-16 10:49:11,,,1.0.3,mus1865,com.ai.sound.donna
9ff9a073-bae0-49ce-9414-756dd2095525,"Dude this seriously sucks. First off ""pro"" version really only means you get 3 free ""songs"" and you gotta pay to use the rest of the app. Second the ""songs"" are 5 second beats that all sound the same repeated for hours on end. There's no way to lengthen the beat either. It's not good. You could ask it for 90s punk inspired techno and it'll always spit out some rnb lofi beat you only use if there's no obvious cut. So if that's your thing use the app. If not don't even bother downloading.",1,24,1.0.1,2023-05-23 18:21:31,,,1.0.1,mus8951,co.appnation.aimusic
d58b6da1-21bc-4a32-be94-eb6b51a29f8d,it is an excellent generator for music. However. The subscription is basically mandatory and I feel if they gave users a set amount of songs a day or the ability to watch an ad to earn a song it would be truly exceptional.,4,2,1.0.2,2024-06-12 01:27:24,,,1.0.2,mus769,com.ai.sound.donna
ce7317f0-4df6-4094-ab25-9deafc1ae63b,I have a huge huge problem with this app and its beacause the screen is taking forever,1,0,,2024-08-15 01:02:03,Weve addressed all performance-related issues and the app should be running smoothly now. Please update to the latest version and enjoy creating more songs!,2024-08-16 07:46:53,,mus3605,com.ai.sound.donna
4de3cfa1-ccd6-4e11-9274-352ccd8445f5,Spent money on yearly subscription and didn't receive subscription and wait a week for credits just for them to randomly disappear,1,2,1.2.6,2024-08-13 14:30:26,Hello! We appreciate you taking the time to write a review for us. Please get in touch with us at support@aiby.com so that we can investigate and find a solution to this problem. Your needs will be better met by our support team.,2024-08-14 11:19:39,1.2.6,mus6883,ai.music.generator.song.maker
58fa9ce5-7c4a-4604-b640-b158f645f142,love how fast it can give me something to work with.,4,0,1.0.20,2024-09-14 10:35:02,,,1.0.20,mus2793,com.ai.sound.donna
971316a1-964c-4f3f-9247-0aa88ae7fe0b,I did not what to do everything was so confusing and cempt on trying to ask me for money,1,1,3.0.9,2023-09-29 19:11:31,,,3.0.9,mus12212,com.feraset.tune
1456fdce-7a66-43ff-9643-540b9e9600e1,This app is somewhat good but it has more ads and its seems like they are greedy for money by asking the premium pack frequently so I didn't liked it all hope they may change it,1,2,4.0.11,2024-01-24 11:21:56,,,4.0.11,mus11266,com.feraset.tune
a891d497-3bfc-4e75-8ec1-985d4d7d9bb7,Great lyrics and good melodys.,5,0,1.0.22,2024-09-28 07:52:43,,,1.0.22,mus1649,com.ai.sound.donna
279bd009-cb42-4d53-8381-b238084f4227,They give you a quick 45 second verse for free and then give you the option to extend it. It's 99 cents for 10 extends and the song it creates is legit. Not a bad app.,5,1,1.0.8,2024-07-18 23:50:34,,,1.0.8,mus840,com.ai.sound.donna
0dd0a166-3071-4950-a013-9a954b1a424d,Sp fun to make songs!,5,0,1.0.11,2024-08-04 22:06:46,,,1.0.11,mus3263,com.ai.sound.donna
2c1a4399-057e-4b91-97b9-865052931691,It can make songs so easily! I like it!,5,0,1.0.24,2024-10-07 02:40:24,,,1.0.24,mus1450,com.ai.sound.donna
501706f7-1fb9-4a7c-9546-cf36303811b3,This app STOLE MY MONEY. DONT PURCHASE,1,0,4.0.9,2024-01-06 15:50:16,,,4.0.9,mus12993,com.feraset.tune
1c350478-5eab-4c0d-ae2c-8d7b11e147a8,Sent an email asking for payments and they never answered There are better AI to make music.pd: read again cause i never said that you were asking for money.there was a song that i wanted to buy and pay YOU for it.but you never answer my email inquiry,1,0,0.3.2,2023-06-23 14:27:34,Hi Sebastian I'm going to look at it first thing on Monday!,2023-06-25 05:17:35,0.3.2,mus8010,com.dc1ab.wau.ai.music
ba9b973d-a8f2-4aa4-af52-c01ffcd19365,Angry about this generating rubbish. I will not subscribe again. This could you imagine that after clearly stating what I wanted to be generated this app generated a Spanish song for me. I was ever asking for Spanish song because I don't understand Spanish. And in other songs it will just generate what was not in my descriptions. And each time it does that it wastes my money because I only have 30 songs to generate. This is very annoying.,2,0,1.0.17,2024-09-10 05:14:51,Hello we are sorry for this problem that you have encountered please contact us at donna@mobiversite.com so that we can help you with this. Thank you for your review!,2024-09-10 07:09:59,1.0.17,mus225,com.ai.sound.donna
feb6b1e2-c8d9-4ef3-88ce-2b8ec6a79eaf,Not happy. You can't really hear it in another character's voice because it doesn't put it in the register of the new voice. For example you have Barry White and Sarah Brightman on the same octave in the same key. Also where do you unsubscribe? I'm waiting to hear from customer support how to not get charged again for this service I don't want. Uninstall doesn't cancel subscription.,1,42,4.0.11,2024-01-30 16:20:27,,,4.0.11,mus10500,com.feraset.tune
a221637a-056f-44ee-a5ce-29a616a8aeac,the ai art is not allowing personal separate decision but allow nazi doctatorship against each separated being i writen this words : effeminate homosexual biological male without muscle and it given me a muscle male which mean my own personal separate decision is not allowed and that i am kept into dictatorship against my free will and personal separate decision,1,0,,2024-05-27 14:32:29,It's bit of a problem indeed. We are currently beholden to the filtering overlords. In the next few weeks we'll be releasing models that run on our servers which should be able to produce a wide variety of stuff. Unfortunately there's also some pretty dark stuff that people want made so you do need some moderation and filtering but we hear you!,2024-05-27 15:33:55,,mus8059,com.dc1ab.wau.ai.music
71fea671-8619-43ab-b215-7bcca8781663,Let's you record 7 mins of your voice then tries to force you to pay for the app before giving you a sample of what your voice will sound like really poor,1,0,4.0.9,2023-12-05 15:57:43,,,4.0.9,mus11859,com.feraset.tune
277f19e7-c323-4999-b41f-10f2020f73cc,this is app is so amazing,4,0,1.0.6,2024-07-05 10:38:46,,,1.0.6,mus4101,com.ai.sound.donna
f260a009-6a99-414e-ad95-45f173b9424d,Absolutely useless app difficult to use slow totally wasted my time don't bother move to better apps,1,0,1.3.2,2024-06-04 03:42:41,,,1.3.2,mus15975,com.talentme.singup
84ac64d5-c2d6-4f75-9c2b-931d5606ea32,I put in a song link and when it came out it wasn't even the song,1,0,,2023-11-28 19:47:19,,,,mus9261,co.appnation.aimusic
8a38abf3-0ea4-4cbf-b0dc-5e2dedc0056f,They don't let you create a song in less you get pro. But the pro is expensive and some of us don't have the money for that.,1,1,1.5.7,2024-09-28 17:27:55,,,1.5.7,mus6869,ai.music.generator.song.maker
faa06e5d-8854-443f-b6fd-fb5b77e8b7e9,What an amazing app for music generator,4,0,1.0.3,2024-06-14 14:20:49,,,1.0.3,mus3615,com.ai.sound.donna
4cc63985-0590-456d-afbf-4299462fcce7,Horrible that people have the skills to develop apps but then become lazy and find it easier to deceive. This app is a deceitful useless money grab and there are numerous apps that do the exact same thing for free.,1,0,,2024-01-06 17:38:10,,,,mus11197,com.feraset.tune
fae908be-6c75-49de-8acb-a97d81a52c4e,I feel incredibly disappointed having paid for the year of it for the sole purpose of using my own voice. The audio is a mix of choppy and distorted when using your own voice however the audio of the ai already on there seems to work much better. Selling it for the purpose of using your own voice to do song covers is misleading and poor marketing as the quality doesn't match the ads. I would love a refund.,1,5,1.3.2,2024-06-02 14:48:47,,,1.3.2,mus15781,com.talentme.singup
890c11a3-6425-4b9a-8d44-ca47ca625376,Why is everything always locked behind a paywall? And they only give you 1 free song?! I need to get a feel for the app before I even consider paying. 1 star because I barely got to even use the app.,1,0,,2024-08-28 19:33:18,You can continue to create free songs by inviting friends to Donna AI giving you unlimited access without a subscription. This way you can explore the app more fully before deciding on a subscription.,2024-08-29 02:12:56,,mus2401,com.ai.sound.donna
76e33919-4dfb-43b8-9898-0d05eb448bf9,Overall the app is good minus the premium but hey atleast I made Peter Griffin speak Russian,3,0,4.0.15,2024-03-01 09:53:07,,,4.0.15,mus12095,com.feraset.tune
eb5476db-0c17-4efc-b4aa-464e956237f3,Really pushy for payment and wasted 7 min of my life just to tell me after i needed to pay.,1,0,4.0.4,2023-10-31 00:18:20,,,4.0.4,mus12148,com.feraset.tune
716e4154-4f3f-4afc-8acd-16ef2e2f2be6,A friend recommended this app to me & I'm enjoying every bit of it. I'm a music lover and I was able to play around with the lyrics generated by the app. This is cool!,5,0,,2024-08-27 16:01:50,,,,mus10352,com.lascade.songai
598c6ba2-e6a7-4ab7-b7e6-649717b48611,This app active like I was going to be able to use my own voice for free. I spent 14 minutes 1 to practice in one to actually complete the prompt for 7 minutes of voice recording and now has my voice and I have no product. Horrible one star for life.,1,1,4.0.3,2023-10-26 00:48:59,,,4.0.3,mus10970,com.feraset.tune
7037e22b-f963-4de5-8f0b-1d2e60bb4f29,Ripped off! Paid not one but two fees and it won't even give me the option of doing a self cover. I'll be pushing for a refund.,1,0,4.1.2,2024-04-21 13:51:34,,,4.1.2,mus11293,com.feraset.tune
1ab79e95-6f2d-4b05-86ea-323c04133613,"It is great but it's all just about ""Credit"" to make songs.. It is just too annoying I hate it I expected it to be free but it's not. Makes great songs and all however you need credits but they only provide only 10 credits and your done. My suggestion is that they should make a task thing to gain credits unlike forcing a friend to play the game with no interest. Sucks..",2,25,1.0.7,2024-07-09 07:41:41,Thank you for your feedback. We understand your concerns and are working on ways to improve the experience. Your suggestions are appreciated and will be considered for future updates.,2024-07-10 02:23:04,1.0.7,mus471,com.ai.sound.donna
515e8354-955e-4928-8a80-ef411ea7f68b,It works like magic,4,0,2.1.1,2024-10-04 16:49:40,,,2.1.1,mus15574,com.aicover.aimusic.coversong
addb99a9-04f0-4c56-83d8-2191e5a6a33a,I have to pay to create music,1,0,1.0.3,2023-10-03 18:00:05,,,1.0.3,mus9572,co.appnation.aimusic
fb6a1ca3-16b7-4d72-b6c4-7c70609067c4,Paid for subscription then 2 days later all the voices are missing. What am I paying for ? Contacted support and no response from them.,1,0,4.1.6,2024-05-27 13:25:39,,,4.1.6,mus10685,com.feraset.tune
3a1988a5-18d5-4452-a1a1-45ed2fc86f72,As a musician of 20 years experience all i have to say is wow. Not a clickbait review its legit. This thing.. is embarrassingly good at what it does.,5,0,1.0.11,2024-08-06 00:54:47,Thanks for the awesome review! Were happy to know that our AI music generator is meeting your expectations.,2024-08-06 02:21:26,1.0.11,mus749,com.ai.sound.donna
8796e285-637a-41f9-b439-5d6f675eeec5,Ok first I don't leave reviews like ever. I'm making this an exception. First they want you to spend 6.99 a week to record your voice and use it in the song ok I can see that but then every time you want to do it after it's 4.99 each time. They don't tell you until after you spent 7 plus minutes recording your voice like and idiot. Uninstalling.,1,25,4.0.14,2024-02-17 07:47:46,,,4.0.14,mus10493,com.feraset.tune
ba6e0f81-a9dc-4855-88f9-4d61034ff4b1,It was working great until after the update came through. Now I can't generate any songs. Always comes up with generation failed. Network abnormality. My internet and phone work fine. Even tried drafting a song on my lunch break at work and it still fails. I have almost 200 credits I can't even use. This needs to be fixed asap,3,10,1.0.8,2024-05-14 18:00:00,We have fixed the bug. Please try again after update. It should be pushed soon after review. Thank you so much.,2024-05-16 09:51:28,1.0.8,mus7206,com.singgenix.suno
d4bc8fd3-01b0-4a59-8827-438c70e157ec,I like what I have but the time limit sucks How are you gonna ask $100 for infinite creations but then give a 4 minute time limit There should be a bigger limit It's not worth the money at that point,3,1,1.0.7,2024-09-05 07:14:01,,,1.0.7,mus8815,musiclab.suno.udio.ai
af21df6b-6a7f-46d8-b97c-db675f39f464,Bcz they don't make song the same lerson,1,0,,2024-05-01 13:13:35,,,,mus13270,com.feraset.tune
3bff9922-353c-48b4-b018-38be672a211f,Can't even try it without giving a credit card game over. Developers let people try your app to see if they want to buy?! Asking for a credit card the first thing is a no-go,1,2,,2024-01-02 23:44:44,,,,mus17400,ai.music
3dfc676e-8fc2-4166-a0a6-6b5beae11826,It doesn't work at all. It gets you to record your voice pick a song then it says generating but never finishes. I think they're just stealing your voice print.,1,0,1.3.0,2024-05-23 02:51:09,,,1.3.0,mus15826,com.talentme.singup
4a39aa8b-0a43-43cb-8266-d34f2e781674,Generates different genres of music,4,3,1.2.0,2023-12-01 10:28:10,,,1.2.0,mus17571,ai.music
0633c2c5-01c1-4b63-839e-35797c615793,It's nice and all that but why can't I download the track to my device? The other issues I have can be grudgingly overlooked but I need to be able to download to my device,3,0,1.0.1,2024-06-08 20:24:17,Hi Please check the latest version from store! Donna,2024-06-10 08:34:26,1.0.1,mus1614,com.ai.sound.donna
e7cb89d2-39f5-4535-9f2d-0c27a784cf5d,Makes you pay before you know how good it would be at replicating your voice. It would be reasonable to let me create a 10 second clip to see if its worth paying. Instead you have to blindly trust that it will be worth paying. No thanks.,2,4,1.2.1,2024-05-17 14:58:29,,,1.2.1,mus15804,com.talentme.singup
5c71b2e3-f2a8-49b5-a727-fdf1af2b4006,it's good But The way They say a name not so very good but average,3,0,1.0.14,2024-08-17 09:36:11,,,1.0.14,mus1789,com.ai.sound.donna
5e010cab-5df4-4f50-954f-ca5be83b0bca,this is very nice. great lyrics and beats,5,0,1.0.19,2024-09-11 11:12:09,,,1.0.19,mus1798,com.ai.sound.donna
f666a4e5-7026-48d6-9656-61b54fc97493,really great you can make your own songs,4,0,1.0.24,2024-10-09 04:15:44,We appreciate your kind words! Donna AI was designed to be the ultimate AI song maker giving you the tools to create music that's uniquely yours. We're glad you're enjoying the app and can't wait to see what you create next with our AI music generator.,2024-10-09 04:18:36,1.0.24,mus1710,com.ai.sound.donna
e88b7e17-e7c4-45e8-9395-8ecf1d3511a5,makes you pay regardless,1,0,4.0.13,2024-02-16 08:37:02,,,4.0.13,mus13238,com.feraset.tune
67b36e9f-6625-4fc9-b80d-cdb47b8b8c58,Pretty cool hearing my voice.,5,0,1.3.3,2024-07-28 08:36:46,,,1.3.3,mus16003,com.talentme.singup
6fb140ab-cdad-44cb-a7d4-a3afff76b574,good and awesome music creation app,5,0,2.2.2,2024-08-10 08:25:26,Thank you Artist Prajeesh for your 5-star rating! We're delighted that you find our AI music generator app good and awesome for crafting unique tunes. Keep creating with Zona!,2024-08-10 09:02:11,2.2.2,mus7620,com.zona.aimusic
abe3ccf5-4ffb-443c-947d-619cf3659626,"The song I asked it to create has been ""in process"" for 3 days!!!! Worst app ever in my opinion",1,0,2.0.4,2024-09-27 16:16:31,Dear User! We apologize for any inconvenience youve encountered. Please reinstall/update the application and try using the app again now as the issues have been resolved. Thank you The Saaz team!,2024-09-30 12:17:40,2.0.4,mus8249,ai.vyro.musicly
0c2271f2-6467-4d83-ad69-ea8f85e62ed6,You should remove the 15 second limit and if the user wants the full song they have to watch a ad instead.,3,0,4.0.2,2023-10-11 17:13:39,,,4.0.2,mus11515,com.feraset.tune
ea73cbfd-7ec5-4a6d-a54e-7a06d78da638,Doesn't work. Don't spend money on it. Just freezes and never generates a sond,1,0,1.0.0,2023-04-24 21:10:18,,,1.0.0,mus15148,com.multiplewords.ai_music_generator
d616d85a-4416-44af-92e9-fb0f1d4be11f,You charge money weekly for the app not an issue but to only give 10 credits a week is ridiculous when each song is a credit. This should be unlimited when you're charging for the app. Fix this and it will be a great app Also need to add the options of picking the voices and different beats before it counts as a credit.,1,26,1.2.6,2024-08-28 04:57:18,,,1.2.6,mus6772,ai.music.generator.song.maker
6565c756-87bd-4cbb-b788-09b8206b608b,I have paid for the subscription but in the app it does not show so. Tried to connect with the admins but every time just refers to an email contact and no phone or customer care number .. it is frustrating . Nobrrply to my email. Ideally my subscription should have reflected and an upgrade should have shown immediately I just paid for beta extend but how do I extend the same song.. I copied the lyrics to generate the song but a new version got generated ..inwant to extend the original version,3,0,1.0.9,2024-07-23 05:08:06,We apologize for the inconvenience. Please ensure you are using the latest version of the app. For immediate assistance contact us at donna@mobiversite.com. We are committed to resolving your issue promptly.,2024-07-23 02:55:58,1.0.9,mus308,com.ai.sound.donna
7b1f2af2-ca72-4147-925a-9204c79834a4,let me try before i buy,1,0,4.0.15,2024-02-28 23:26:29,,,4.0.15,mus13226,com.feraset.tune
a8721cf5-f1d5-4ce5-881c-17264e2d4d38,1 free song. Otherwise subscribe. Can't even explore features. Meh.. Uninstall,2,0,1.0.24,2024-10-09 00:12:41,Thank you for your feedback! If you want to create a song before subscribing you can check out the Refer a Friend section for options. We appreciate your input and we're always working to improve our AI music generator.,2024-10-09 04:26:24,1.0.24,mus1014,com.ai.sound.donna
b321fab5-43fd-4ee6-afb4-6ece2a6020bb,My ai version doesn't generate,1,0,1.0.8,2024-07-27 10:55:35,,,1.0.8,mus8469,ai.vyro.musicly
79e96bd0-0a72-498c-adff-dd85aadc1370,"Homer and Toad voices are identical? This app is garbage. Premium is $4/month if you buy the full year ($52 yearly billing) or it's $11/week! That's $572 for the full year! Not only is the price GROSSLY disproportionate I can't see ""premium"" being any better when 2 EXTREMELY DIFFERENT VOICES are made to sound exactly identical.",1,4,1.4.0,2024-04-01 11:34:43,,,1.4.0,mus8988,co.appnation.aimusic
b50e4a79-6e19-4dbc-ad47-48aba281a0de,So far I really like this it's pretty cool!,5,0,1.0.12,2024-08-07 02:34:21,,,1.0.12,mus2426,com.ai.sound.donna
781f9358-6704-48aa-8298-95c725cc6376,Good times actually makes what you ask it to,5,0,1.0.3,2024-06-17 09:08:59,,,1.0.3,mus3529,com.ai.sound.donna
70cbef62-e9d2-4d08-a668-4c671e599c55,This is a good music generation app. I was able to write my own lyrics. the AI elaborated and added to the vibe.,5,2,1.0.3,2024-05-22 17:20:00,,,1.0.3,mus16900,com.ai.music.generate
b813d6ef-bfa8-4b8d-9181-6e3a1e90eecf,I got this app to have my own voice be used for the songs. I was very disappointed to find out that it mostly sounded like the original singer.,1,0,4.1.2,2024-04-07 22:00:49,,,4.1.2,mus10992,com.feraset.tune
6ce77c22-9f5e-4774-9bb2-43bb6b1ed6d7,The first song automatically created itself without any inspiration for me and then it wanted me to pay to even look at the features other than what it showed me for the first 2 seconds,1,1,2.2.6,2024-09-19 19:52:52,We apologize for your experience Jack Frost. Our AI music generator aims to inspire creativity. Unlocking features expands song-making possibilities. Thank you for your feedback.,2024-09-19 20:02:07,2.2.6,mus7581,com.zona.aimusic
c1fbb400-bd87-46f7-8e14-389eaaa0989c,Can't do anything unless you buy a subscription. don't bother. EDIT IN RESPONSE: Yes but the one and only free song you get you can't even tell it to use your input. So you don't actually get to test the app before you pay a subscription kind of a joke. Also inviting people to get free songs? What is this Farmville 2009?,1,3,,2024-08-05 12:01:06,After the first free song you can unlock additional songs by inviting friends. We aim to offer value and flexibility to our users.,2024-08-05 04:46:07,,mus1513,com.ai.sound.donna
f696487e-6acf-4dad-ad41-1f73dd975e28,Absolutely terrible. Would not recommend. I pay for this app and it gives me the exact same song that I applied.,1,1,4.0.3,2023-10-18 20:40:59,,,4.0.3,mus11424,com.feraset.tune
b10a4c97-84f6-490c-8941-b4f88e3e1203,Complete waste of time. Can't create an account.,1,0,1.3.0,2023-08-03 11:25:38,,,1.3.0,mus15180,com.multiplewords.ai_music_generator
ecc8a4f2-5aa5-4e49-ad0a-a6183edffef2,I'm not waiting two days for the thing to refresh so I can be able to use ai covers no deal,1,0,,2024-01-04 14:39:59,,,,mus11838,com.feraset.tune
7764f348-fa20-4859-89a3-7e520f0fc8a7,This just a copy from Suno and udio I don't like it,1,0,,2024-10-06 06:09:45,,,,mus4579,com.ai.sound.donna
c4835eb9-9b67-4817-97a2-2f69949698e8,Wow with this app I can generate my own songs. I always wondered how people create music but now with this app I have a chance to create music I love. And the lyrics generation feature is lit!,5,0,1.1.1,2024-07-02 03:32:14,,,1.1.1,mus10282,com.lascade.songai
c11bc41f-3156-4c6a-940b-6aafce202011,First trial but this is too much. Thanks to the creators of this AI. But a problem is you can't type anything in the input field. Please fix that.,5,0,1.0.8,2024-09-14 13:50:43,,,1.0.8,mus8802,musiclab.suno.udio.ai
25ec290d-23e5-4a56-8a4f-8cdfaac868d3,App doesn't work waste of time and money,1,1,2.1.4,2024-07-18 18:08:02,We apologize for the inconvenience. We strive for excellence in our AI music maker. Please contact us for assistance with the generator.,2024-07-18 19:02:06,2.1.4,mus7663,com.zona.aimusic
5b68a7c2-766d-410b-8d91-3d037c54b27e,Made me record around 10 minutes of audio making me read out a script only to then say I need to pay for the service? Atleast make that clear before I waste my time.,1,1,4.0.9,2023-12-04 08:25:46,,,4.0.9,mus11286,com.feraset.tune
20d2d661-da82-48f4-a7a4-fbeff3f87f62,More than half the songs came out not matching the prompt,1,3,1.1.0,2024-07-15 11:46:12,Your love keeps us motivated. Thank you for your continuous support!,2024-05-08 23:34:29,1.1.0,mus16982,com.ai.music.generate
1719210a-f7d1-4310-b85a-2c458469cfcb,it delivers an overproduced sound at a Hollywood speed. buying copies of popular voices cloned by ai is another profitable angle that would confuse royalties and credit. Would an ai clone voice Michael Jackson resurrect his popularity more than what's already recorded in his history?,4,0,1.0.8,2024-07-15 20:39:16,,,1.0.8,mus1210,com.ai.sound.donna
9ec6f7d1-ccf6-4d62-ad63-040407c6a41e,I wasn't able to use my referral code because I changed it when Donna AI emailed me. So No Free Song (Or Songs).,1,0,,2024-09-28 23:25:21,,,,mus3387,com.ai.sound.donna
a569782a-b3eb-4d76-a614-a6cd7237ddee,"I've now used this app to make songs to help me learn more about mixing vocals songs that inspire lyrics for my own songs quick songs for friends birthdays and songs that help me heal from deeply personal issues. I recommend the app. I'd love to see folders for groups of songs and able to choose which voice sings each song. Just a note to the Dev: Support that just says ""The issue is your end"" with no other help given is the lowest form of Support.",4,11,1.0.14,2024-08-15 02:39:11,Hello Could you please provide us with your GPA number? You can find this in the confirmation email sent by Google Play when you made your purchase. Additionally please describe the issue youre experiencing in the same email. You can reach us at donna@mobiversite.com. Thank you!,2024-08-09 10:51:08,1.0.14,mus215,com.ai.sound.donna
5f535829-55ce-42a1-bb32-5f8d68e566de,Easy to use and alot of fun.,5,0,1.0.1,2024-05-31 18:48:25,Thank you so much for your review!,2024-06-01 08:58:31,1.0.1,mus6447,com.ai.sound.donna
fc399b8d-ec95-41f6-aa07-30f77eb2bb52,I love the beats but it will only let me do one sing and not let me Wright anymore and I really don't appreciate it,1,0,1.0.15,2024-08-25 22:50:58,,,1.0.15,mus1559,com.ai.sound.donna
59857381-fbf8-43aa-b574-baef573a2c08,it can make sad songs too! I love it!,5,0,1.0.14,2024-08-12 03:07:01,,,1.0.14,mus2000,com.ai.sound.donna
aa2b8251-4a1d-4fb0-98f8-858e2a701ef8,No matter how I record my voice it comes out sounding muffled.,2,0,1.3.3,2024-08-23 21:17:35,,,1.3.3,mus15977,com.talentme.singup
78eaa398-66f1-437f-ad58-9cdf4840b619,pay wall to do custom voice,1,0,4.0.5,2023-11-01 18:59:05,,,4.0.5,mus12858,com.feraset.tune
c1a80765-4cda-4c7d-95b6-0c0b2eb1a7fd,people should really try this app is really amazing,5,0,2.2.2,2024-08-17 12:07:37,Thank you Precious Mary for your glowing review of our AI music generator app Zona! We're thrilled you find it amazing and hope it continues to inspire your song-making journey.,2024-08-17 13:02:09,2.2.2,mus7627,com.zona.aimusic
ec3e5373-7962-4f63-8223-a6bd2a131d23,Great app for making fun music!,5,0,1.0.8,2024-07-19 17:53:51,,,1.0.8,mus2947,com.ai.sound.donna
b73f9eaf-e21c-4c3d-bace-a3f80d3fd400,You can't even cancel this and support never gets back to you.,1,0,4.0.11,2024-01-18 16:52:29,,,4.0.11,mus11951,com.feraset.tune
fda7a2ae-d8c0-4d84-ad3d-b7e11a2adf12,Couldn't even test it out. Right away with a bunch of ads. They try to sell you a premium as soon as you open the app. I'm not paying for something I might not ever use.,1,0,4.1.2,2024-04-12 20:29:15,,,4.1.2,mus11423,com.feraset.tune
63479b1b-63dc-4852-ab15-8932d11f8d0e,The program itself seems excellent for quality sound and has a good interface that's why i gave 3 stars but sadly you can only make 1 5sec melody before you have to upgrade to premium to use it the program locks up after the 1 song and on premium the longest you can make is 30 sec sadly you can't really test the program properly,3,11,1.4,2024-01-05 00:45:03,,,1.4,mus15022,com.aimusic.melodiai
f7043a77-af40-4a5c-be89-39c4211f4033,Best app for easy use and more efficient for all type of users to generate quality music professionally made by AI,5,0,2.2.2,2024-09-25 23:39:35,,,2.2.2,mus15341,com.app.sunaia
f7a4692f-f801-4d53-af76-e11d5fca0399,First of all I am honored to be the first to rate this app but most Importantly the app actually works I did not like us with Rhianna and it actually souds like her and even though theres a low selection of voices it works beautifully,5,6,1.0.2,2024-08-06 00:59:23,,,1.0.2,mus16478,ai.cover.suno.song.music
6a7acbe5-b9fd-4b54-a0f2-370349860f7e,Great AI for making really good sounding music. But more recently the songs I'm trying to make are only lasting 1-2 minutes and half of the lyrics are being cut off. This happens more than half the time which is very aggravating when I'm paying for the subscription and more than half my daily song limit is being wasted on half of a song. A few changes that would be helpful would be the option to cancel a song processing and a daily limit counter of how many songs you still have :),4,11,2.0.4,2024-09-21 00:23:28,Thank you for your positive feedback. We are constantly working to improve our app and adding new features based on user feedback and demands. We can assure you that your suggestion has been duly noted and we will consider it for future updates. Stay tuned for exciting update. The Saaz team.,2024-09-25 02:32:41,2.0.4,mus8161,ai.vyro.musicly
af2f93f1-57b4-46fb-9df5-3a24719447d2,Forces you to pay at the end to save your voice recording! Just wanted to try it but uninstalled at that point!,1,1,,2024-04-16 18:35:48,,,,mus11047,com.feraset.tune
97206f51-8915-49ca-bab6-098e91cc979b,OMG this app is amazing!,5,0,1.0.7,2024-07-08 20:56:20,,,1.0.7,mus4082,com.ai.sound.donna
f194b81c-41b4-46f4-a5ad-baba59b557ff,"When I try signing up it says my email is in use but when I try ""forgot my password"" it says I don't have a account for this.",1,1,,2023-07-30 15:45:31,,,,mus18021,ai.musicstar.v1
a6a8afd3-06a1-44f8-ab78-5767c2d43d6d,Was cool for a moment asked for $5.99 a week sure.. and then you get one ai render of your voice. if you try to remake it and make it better they make you pay an additional $5 after you've already paid for the subscription. gross.,1,1,,2024-07-25 01:23:06,,,,mus15932,com.talentme.singup
da50a6c0-8463-40fe-a23a-5a8f5e573052,This app sucks!! They want to charge you $5.99 a week. I got the subscription and 75% of the songs I tried to make either came out one minute long or I would pick metal and the song would come out sounding country. I messaged customer service this is there response Hello Shawn Sorry for the issue. Sometimes AI does not work as expected. We are constantly developing AI. Since this is a new technology there may be some problems. We would like to state that we are doing our best for this.,1,27,1.0.21,2024-09-16 14:06:40,,,1.0.21,mus13,com.ai.sound.donna
d8696ebf-7926-46d8-94f0-dc83dde62714,Actually works really well and is fun to mess around with. THERE IS NO FREE OPTION you will have to spend some money.,5,0,,2024-07-28 09:29:29,,,,mus2809,com.ai.sound.donna
1583bd92-b0c5-4c9e-a6f6-6da1a22f7b96,"Got too annoyed trying to get past the multiple ""do you want premium"" screens to even test the functionality.",1,0,,2023-10-31 18:03:01,,,,mus11244,com.feraset.tune
876502c9-b29e-4c43-9da2-3c853eb56b73,Soulfull music ai cover generator app.,5,1,1.0.4,2024-06-13 08:45:18,Dear User Thank you for your positive feedback. Stay tuned for exciting updates in the app! Team CX,2024-07-13 09:13:10,1.0.4,mus8511,ai.vyro.musicly
efdda931-71b0-4504-a9e3-fc901bbac100,FAKE! DONT USE THIS APP! ITS NOT THE OFFICIAL SUNOAI!,1,1,1.0.8,2024-05-11 18:58:29,,,1.0.8,mus7388,com.singgenix.suno
8f726386-80ef-49bf-9c93-7fba034ab423,ask it to write a song about anything really. you will be surprised,5,0,1.0.14,2024-08-09 13:48:38,,,1.0.14,mus2554,com.ai.sound.donna
9e62a102-b71e-4b68-92ab-0fcc10dbaccf,It's really good but I hate how you can only make one song,2,0,3.0.6,2023-09-15 21:44:23,,,3.0.6,mus12049,com.feraset.tune
1343ae1d-200d-43a8-85c6-3580410afcd0,great app. I love hearing myself sing when I really can't sing! it's a lot of fun!,5,0,1.3.2,2024-06-23 02:31:59,,,1.3.2,mus16047,com.talentme.singup
e49ff428-8b1d-4174-8dc7-5a99bb99f516,This would be a lot of fun if it wasn't for the tedious and overused credit system. I get you guys wanna make money but a monthly subscription service would be much better for this kind of app. Credits just make your app look tacky. Uninstalling right now but I will return if you ever change to subscription.,2,2,,2023-05-15 03:27:14,,,,mus18004,ai.musicstar.v1
9135bdfb-2d31-48d1-99f2-87d9ea171de1,Honestly bro u had potential ngl. It's a fun app for a one-time use. Create once and the rest u gotta pay so honestly it's not worth it,1,0,,2023-09-14 15:27:55,,,,mus11522,com.feraset.tune
0eea6831-9e82-4e1a-945c-0422dee796e1,Paid for a week of this service and it was fun at first. Made a few songs and shared them with friends and was considering keeping my subscription then randomly on WiFi full signal any situation the app would not load. I tried to force close relaunch nothing worked just a blank screen with the Donna logo at the top of the screen. I couldn't show other friends some silly songs. I'm done paying for this app it was fun while it lasted but I like applications that open.,3,11,1.0.9,2024-07-30 16:35:40,We apologize for the loading issue. It has been addressed and the app should now work smoothly. If you encounter any more problems please let us know at donna@mobiversite.com. Thank you for your patience and understanding.,2024-07-31 03:40:20,1.0.9,mus38,com.ai.sound.donna
da872b8c-2b46-4f7a-a332-0faab4297f8b,Will not let me use my voice even after paying.,1,0,4.0.15,2024-03-02 08:43:15,,,4.0.15,mus12929,com.feraset.tune
d703e17d-d975-47da-a869-449dafb95da3,They don't even let you have credits when you first start the app,1,1,1.2.0,2024-07-21 10:24:59,,,1.2.0,mus7345,com.singgenix.suno
7862748f-e1c7-4ff7-9167-5fc05d907f22,"Stopped working! I put my own lyrics in because I got tired of the recycled lyrics that the app produces. I put my lyrics in English no issue; the put tge ""same"" lyrics in Spanish & an error msg stating ""no adult language allowed"". There was no adult language period. Now the app won't work at all. Hit create & goes to a blank screen.",1,4,1.0.22,2024-09-27 22:37:45,,,1.0.22,mus20,com.ai.sound.donna
15cc9415-02a8-4977-9c5d-79e55cd3be55,the voices didn't even load..,1,0,1.4.0,2024-03-26 16:45:41,,,1.4.0,mus9330,co.appnation.aimusic
db14e61e-f420-417b-acce-fb3804c0d0fe,This is so cool Whenever I make music's with ai characters it sounds like them! That's awesome!,5,0,4.0.9,2023-12-24 14:16:25,,,4.0.9,mus11448,com.feraset.tune
fe5db882-0c08-4c30-8640-7c9a1d67c895,good vocals with the ability to pronounce,5,0,1.0.9,2024-07-29 20:44:26,,,1.0.9,mus1579,com.ai.sound.donna
77c54b2c-cbe0-4c62-b4eb-01c05dfa8c51,love it I have a good imagination but my voice is horrible this is perfect,5,0,1.0.22,2024-09-25 10:58:57,We're delighted you're finding so much value in our AI song generator. It's designed to make music creation accessible to everyone and it's clear you're making the most of it. We look forward to hearing more of the amazing tracks you create!,2024-09-30 14:04:55,1.0.22,mus1070,com.ai.sound.donna
1aee4e2d-b99d-43ff-b780-b566cda2db9e,I have a paid subscription that is still in effect. I can't login! I can't use the app unless I can login. Please fix this!,1,0,1.5.0,2024-03-08 15:06:45,We are really working hard. To improve ourself everyday In terms of apps quality and AI quality . Your feedback is highly valuable to us . Please email us if you need any new feature which will be highly useful to you then you can request that feature at help@multiplewords.com .,2023-08-25 11:59:12,1.5.0,mus15125,com.multiplewords.ai_music_generator
2d3716e9-0b07-4e9e-85d4-42861ca1243f,I thought it will be fake but it's Real!,5,0,,2024-08-16 21:15:49,,,,mus4622,com.ai.sound.donna
c1e3c933-4fe2-473e-ac13-f5e36d32f394,Made me do 7 minutes of talking for my own AI voice then says I have to pay $5 to get it. Should've told me before.,1,0,4.2.27,2024-10-06 19:09:28,Thank you for sharing your experience. We apologize for the inconvenience and understand your frustration. Your feedback is valuable and well work on improving transparency regarding costs. Best regards,2024-10-07 15:41:56,4.2.27,mus10622,com.feraset.tune
35857c84-fbce-4360-a903-a8683bc66c42,amazing how quick the song is made and very well made. It suited exactly what I wrote and can be a very helpful Tool keep it up,4,0,1.0.24,2024-10-07 17:09:25,Thank you for your wonderful feedback! We're thrilled to hear that you found the song creation process quick. It's great to know that you see our AI music generator as a helpful tool. We appreciate your support and encouragementyour enthusiasm motivates us to keep improving!,2024-10-09 06:25:39,1.0.24,mus544,com.ai.sound.donna
48689483-98a9-43be-bd1f-0bea9be8a07c,Can't use without buying subscription,1,0,1.4.4,2024-09-14 22:21:45,,,1.4.4,mus6991,ai.music.generator.song.maker
239b8092-fab0-4136-9d09-e35e4464762e,Perfect app for Ai memes contant.,5,2,1.0.4,2024-06-13 08:42:06,,,1.0.4,mus8731,ai.vyro.musicly
ce22d6bd-9aa8-4a53-bab7-5fd6ce801f41,I like it but I'm not about to pay to use an app,3,0,1.0.9,2024-07-22 14:25:11,We appreciate your feedback. Our AI music generator offers advanced features and high-quality outputs that require a subscription to sustain. We do offer a free trial for new users to experience the app. Thank you for trying Donna AI.,2024-07-23 02:59:48,1.0.9,mus3075,com.ai.sound.donna
67962922-c252-4254-b091-b361a3e7010a,Literally wouldn't generate a song. Just kept playing ads every time I pressed generate. I probably pressed it ten or so times.,1,40,1.0.6,2024-03-24 01:14:01,,,1.0.6,mus15548,com.aicover.aimusic.coversong
64bfbafe-9bb7-4e9b-b998-cddbab27f71c,Please allow us to make more than one song I find it ridiculous that I have to pay a monthly fee to make to make more than one song,3,1,1.0.27,2024-04-21 17:05:20,Hi - I will be increasing it to 2 songs in a few days! Unfortunately it costs money for us to generate your songs so we need to sustain ourselves. For now 2 is the max we could do. We now give you more songs! - download the latest version can you change your rating?,2024-05-03 06:17:30,1.0.27,mus16663,com.script8888.magicmusicai
b0f34245-99dc-4223-a406-332487cd95f9,I installed and was immediatley pay walled and asked to rate before doing anything,1,0,,2023-12-13 21:39:45,,,,mus9374,co.appnation.aimusic
b1050d16-79b8-4f4b-9300-2ac95e2a6ce2,"Unable to try. ""Free"" trial requires credit card. Uninstalling.",1,2,1.0.3,2023-08-21 05:47:28,,,1.0.3,mus9178,co.appnation.aimusic
944cc818-ed34-4317-8841-4d08c3c6f732,The app will not open not sure why it all of a sudden it started acting crazy also half songs are still an issue,5,0,1.0.13,2024-08-07 21:27:18,,,1.0.13,mus959,com.ai.sound.donna
f1b8c1e9-d91d-4e6b-812e-33cb488e7756,best app for music I've seen in a while. good work keep it going. can't wait to see the improvements in the future . P.S FIRST REVIEW I POSTED IN A YEAR,5,0,1.0.10,2024-08-02 18:27:00,Thank you for the 5-star review! Were thrilled to hear that youre enjoying our AI song generator. Keep creating amazing music with our app!,2024-08-05 04:25:37,1.0.10,mus682,com.ai.sound.donna
c19c95c2-6ccb-4775-8c31-0830ff92d582,The covers that I am generating are failing everytime,1,0,1.0.8,2024-07-27 18:40:21,,,1.0.8,mus8448,ai.vyro.musicly
96acbd41-ec93-4a60-ac14-b14eaf4a0b06,It's fun and the songs sound great. It's also one of the most simple apps I've ever used. And that's saying something considering I'm talking about the free version. 5 stars. Would reccomend,5,0,2.0.3,2024-09-12 18:04:05,Dear User! Thankyou for your Love and Support! Stay tuned for more exciting updates.. Team CX,2024-09-13 00:47:56,2.0.3,mus8620,ai.vyro.musicly
600b9465-3e23-40ff-bc3e-0ab063a7b519,This is fun to use. I typed in a few words and out comes a song. Will update once I try the paid options.,5,0,1.0.7,2024-07-10 00:14:09,Were delighted to hear youre enjoying the app! Our AI song generator makes music creation fun and easy. We look forward to hearing your thoughts on the paid options!,2024-07-10 02:13:56,1.0.7,mus1659,com.ai.sound.donna
db023f61-7246-48f9-97fb-357dccc6832e,Everything I'd behind a paywall. Don't waste your time recording voice unless you want to pay.,1,0,4.0.4,2023-10-29 20:41:49,,,4.0.4,mus11535,com.feraset.tune
f6961f87-abca-4190-a6af-da74e62a2f2a,too many in app purchases,1,1,4.1.2,2024-04-17 14:45:43,,,4.1.2,mus12178,com.feraset.tune
c310a217-f74a-48b6-84c1-ad5fac7149f8,It was a great app when I found it I paid 4 weeks in a row. However what I didn't realize is that if you don't use all your songs before the end of the week you lose them. I'm low on money so I decided to take a break this week and lost 19 songs that I still had to use. I feel like if you pay for the songs you should keep them even after the week is up. So just make sure you use up all your songs if you are going to take a break from your subscription or they will disappear.,2,1,1.0.17,2024-09-07 04:43:19,,,1.0.17,mus352,com.ai.sound.donna
12629cdf-d606-4b6b-8561-545ea6b80145,Lyrics can only be 350 characters long,1,1,1.0.7,2024-09-05 20:59:08,,,1.0.7,mus8832,musiclab.suno.udio.ai
55681f00-3499-4849-9218-93e10974c0f7,I just wish I could add my own voice on the beats then it would be perfect,4,0,1.0.24,2024-10-05 13:14:38,,,1.0.24,mus1038,com.ai.sound.donna
01f3d39e-179d-41e7-a51c-3153ed38d10a,For an AI it's using a pretty good job in helping with composing songs. I'm still at the early stages of using the app but I've been impressed so far and will continue using it,5,0,,2024-07-16 09:00:17,,,,mus10328,com.lascade.songai
9e932226-d2f2-49ab-8e7a-98cfcbe2f5e8,It only let's you do one song free you have to pay to do more than one.,1,0,3.0.6,2023-09-20 20:11:37,,,3.0.6,mus12441,com.feraset.tune
4c1fd6da-8a02-42de-9de2-b906757f9ac9,AFTER the new update the app STOPPED working. Other than that I had no issues with it,4,1,1.0.6,2024-08-11 20:25:59,Were sorry to hear that the app stopped working after the update. Please try reinstalling the app and if the issue persists feel free to contact us at support@sunomusic.ai so we can assist you further. Thank you for your understanding.,2024-08-13 02:35:38,1.0.6,mus8811,musiclab.suno.udio.ai
c6b2fa74-8e9f-4ec1-bd74-2125fc96be09,I recorded my voice but it won't let me use it.,1,0,4.0.8,2023-11-24 22:27:30,,,4.0.8,mus12453,com.feraset.tune
89d38185-23dd-4e45-ac89-aea3cca16995,works well great app,5,0,4.0.9,2023-12-18 01:48:34,,,4.0.9,mus12664,com.feraset.tune
38c6e1f7-de74-4893-b89f-fffa4bde2de8,Imaging enticing people to download this app record 7 min voice memo just for you to tell us we have to PAY for premium to submit a recorded voice. That should have been stated before you make us waste our time. F this app!,1,0,4.0.2,2023-10-17 06:18:40,,,4.0.2,mus11251,com.feraset.tune
7986a7b9-0548-4a63-9650-80fd06282b0b,I understand that this should cost money but just why? I would've actually enjoyed this but I feel like it's a great app but again it costs money,2,0,3.0.9,2023-09-29 14:45:14,,,3.0.9,mus11704,com.feraset.tune
ac1efab6-aea1-47d8-b17c-9c46267cc5d2,This app is terrible because it doesn't actually work. Literally everything is blocked by a paywall.,1,2,3.0.6,2023-09-13 23:36:32,,,3.0.6,mus11640,com.feraset.tune
91683857-8e29-4e7b-ae92-07599c164214,The device really surprised me i was skeptical not no more.,5,0,1.0.12,2024-08-07 06:54:26,,,1.0.12,mus1932,com.ai.sound.donna
320ec7d2-9f3a-48dd-ad58-2538d22f5995,Doesn't use everything you put into prompt to make picture. You start out with 5 free coins first time it took coin but didn't make a picture second time 1.5 coins and made picture that wasn't even close to the prompt.,1,1,0.3.4,2023-06-23 21:02:45,Hey Sandra sorry about that - going to check out our server. Regarding the models please wait for an update mid next week - your prompting issues will be solved.,2023-06-25 05:17:00,0.3.4,mus7985,com.dc1ab.wau.ai.music
f1ac562d-98db-436a-a964-dfb3f8b953d3,awesome great for anyone who loves music.,5,0,1.0.15,2024-08-22 02:18:59,,,1.0.15,mus2091,com.ai.sound.donna
5a3151ad-885a-4538-b1d0-b706e3e861ee,This is the perfect app I need for my sounds I have found this amazing app it generates any kind of sounds using your preferred lyrics it's been great since I started using and I pan on using it a very long time. The app is so good!!,5,0,1.4.0,2024-07-25 16:21:02,,,1.4.0,mus10194,com.lascade.songai
85bfec60-e2f3-417a-b73d-00b73f9d4db2,Can't even be used in the first step,1,0,,2024-08-04 06:29:20,We are sorry for the inconvenience caused to you. The problem has been solved. Please try again. Thank you.,2024-08-05 00:06:43,,mus16527,ai.cover.suno.song.music
a92c6354-11fa-4989-95b9-a85660c60513,Won't let me generate without paying $30. Anything that forces you to pay instead of using ads I will always rate 1 star and tell everyone my opinions on how bad it is. Terrible.,1,0,1.3.4,2024-09-07 09:33:12,,,1.3.4,mus6835,ai.music.generator.song.maker
10bdd171-263c-4d0c-a6e5-be12d4ad8686,"This is really amazing actually. I asked it to write a song about the grief I was feeling for my cat Urrow who died last week. I picked out one of the millions of weird genres I had never heard of before something called ""griot"" and with just a few words I gave it describing Urrow Donna played me the music that finally made the tears come. I might actually subscribe to this thing maybe just for a week or two anyway.",5,1,1.0.5,2024-07-01 08:55:52,,,1.0.5,mus767,com.ai.sound.donna
1b6dac4d-50e5-405c-bb58-787670dd17ca,Too expensive. Cant modify the words,2,0,1.0.24,2024-10-06 19:40:50,We understand your concerns about pricing. The costs of maintaining our AI song generator app do impact our pricing structure. While we would love to provide additional free song options the expenses associated with song creation restrict us. We appreciate your feedback and are always looking to improve our AI music maker based on user input.,2024-10-08 02:26:55,1.0.24,mus1699,com.ai.sound.donna
b0412ef5-56c2-4e63-a819-5770ac2a7946,So much fun!!! This AI Generator is Great!!!,5,0,1.0.21,2024-09-19 20:59:03,,,1.0.21,mus1862,com.ai.sound.donna
1577a8e2-d1db-4b5b-95ec-97064ac71073,I find the app intersing but the reason that a person has to buy or pay the subscription fee is inappropriate i think the app should attleast give someone +10 free trys to make their own songs i wrote the lyrics for 2 days and when pressed generate it said pay so i think this app should try and be fair pls lets work together,2,3,2.1.4,2024-07-03 19:18:27,We appreciate your feedback on our AI Song & Music Generator app Shaniqua. Offering more free trials for song creation is a valid suggestion. We'll strive to enhance user experience.,2024-07-03 20:02:08,2.1.4,mus7596,com.zona.aimusic
538e2a6a-5275-430c-a253-3e92440282f2,Unsubscribing from the subscription as the app no longer opens properly and keeps saying products couldn't be fetched,3,0,1.0.12,2024-08-07 21:31:31,Please update to the latest version. Weve resolved this issue and the app should now function properly.,2024-08-08 02:37:48,1.0.12,mus1179,com.ai.sound.donna
b6f3eff7-6c33-4ab6-a833-d259196871ff,very much potential :),5,0,1.0.9,2024-07-29 23:55:48,,,1.0.9,mus3138,com.ai.sound.donna
ed547399-a76a-4bc7-808f-8211d957ed9c,Not even a free trial to try it out. Can't use anything unless you pay. Oh well. Spent 7 min I can't get back.,1,0,,2024-02-28 21:52:21,,,,mus11565,com.feraset.tune
de1f3251-ae6e-4c95-b791-912cf74b6496,This app not generated song,3,0,2.0.3,2024-09-12 06:42:39,Dear User! We apologize for any inconvenience youve encountered. Please update the application and try using the app again now as the issues have been resolved. Thank you Team CX,2024-09-13 00:49:03,2.0.3,mus8453,ai.vyro.musicly
e68fcb0c-389b-4d08-bfc0-469665c28101,Makes surprisingly awesome songs!!,5,0,1.0.24,2024-10-04 18:55:16,,,1.0.24,mus1735,com.ai.sound.donna
0d0b5336-ade2-4a38-b879-30464f3694d3,Al Song's here to help! This app lets you create unique tunes with a few clicks. Pick a mood any genre and Al Song builds a cool track to match. It's super easy to use i like it a lot .,4,0,,2024-07-26 11:19:17,,,,mus10316,com.lascade.songai
009162ac-b49b-4b87-896d-a27bbf7865a4,They added new characters I gave it one more star,3,1,3.0.6,2023-09-14 22:34:27,,,3.0.6,mus12815,com.feraset.tune
cae4f174-4c93-457f-b1ad-da93d976f32d,Doesn't even come close to accurate to prompts,1,0,1.1.2,2024-09-27 16:03:12,We apologize for any inconvenience. The AI generator may not have fully understood your request. Please try describing your preferences in more detail such as specifying the mood instruments or genre you'd like. This will help to create a more accurate and satisfying piece for you. Thank you for your patience and understanding.,2024-09-28 22:41:24,1.1.2,mus16930,com.ai.music.generate
75adf80a-e696-4dd4-bba7-67a9e3e599d5,Should have a free trial. It guides me through a tutorial and then asks me for 6 dollars. Horrible experience.,1,2,1.0.7,2024-07-14 20:40:44,,,1.0.7,mus1175,com.ai.sound.donna
829b3789-b1e4-46b2-9355-fe0afbd9d583,Finally working but can't figure out how to use it,3,0,4.1.2,2024-03-13 23:26:53,,,4.1.2,mus12517,com.feraset.tune
0680670c-3a53-4b16-8d4f-b82ef5666ff7,right out of the gate it produced a hit in my opinion..cool!,5,0,1.0.14,2024-08-16 13:05:21,,,1.0.14,mus2511,com.ai.sound.donna
826870cd-173f-4f3f-b241-6f56c5097521,This is a great tool for song writers looking how to start out or for pros that just need a push.,5,0,1.0.10,2024-08-02 17:23:21,Thank you for the stellar review! Were excited that youre finding our AI music generator so useful. Keep those creative juices flowing!,2024-08-05 04:25:03,1.0.10,mus1257,com.ai.sound.donna
18b50349-3230-4deb-bfec-4f111a9387d9,I love this I can finally let my lyrics come to fruition,5,0,,2024-07-29 09:57:06,Were thrilled to hear that! Our AI music maker is designed to bring your lyrics to life. Keep creating amazing songs!,2024-07-29 10:47:02,,mus4288,com.ai.sound.donna
3f7909e2-c197-4ee6-9826-180b857d6462,Wish you could add thumbs up or down or comment on each song,5,0,1.0.11,2024-08-06 17:17:06,,,1.0.11,mus2106,com.ai.sound.donna
340498ca-74c0-4122-a1ed-69713e224b07,I had to create 2 of my own AI voices as the first one was stuck on 'almost done' until the 2nd one completed. That cost up to 10 The main problem. Even though i was close to the microphone with it being silent and only my voice speaking clearly. My AI voice sounds muzzled like really quiet. The instruments in all songs are louded than my voice so i can barely hear my voice. With the Subscription being 35 as well. I spent 45 when i can't even hear myself singing properly. Disappointed really,1,25,4.2.24,2024-09-12 15:42:16,,,4.2.24,mus10513,com.feraset.tune
1cb9c58b-4367-468a-80f8-b14c71140adb,Can't even try it without paying,1,0,1.3.2,2024-06-05 17:11:06,,,1.3.2,mus16215,com.talentme.singup
38fb2258-388d-4a28-a551-ab4e2a2b7869,please add Atif Aslam and armaan malik ai voice,1,0,4.0.9,2023-12-24 17:32:08,,,4.0.9,mus12965,com.feraset.tune
3d6bb3be-2b18-431e-81d5-ce4ec3b25529,Wonderful app there is some room for improvement with regards to editing generated songs but overall this app is affordable simple to use and allows a space for fun fueled musical expression. I have recommended this app to a handful of people already. Well done Donna AI,4,1,1.0.14,2024-08-13 06:19:55,,,1.0.14,mus338,com.ai.sound.donna
b8d4761b-a80d-46f1-a385-dde0d7049d6b,You said I can cancel the yearly pro whenever I want how do I do that?! Why is it so complex?! Everytime I'm looking for ways to stop the Donna Pro it only shows me other ways to pay more!,1,0,1.0.24,2024-10-08 06:40:29,Were here to help! You can cancel your yearly pro subscription at any time. If you need assistance with the cancellation process please reach out directly to us at donna@mobiversite.com.,2024-10-08 08:34:27,1.0.24,mus1104,com.ai.sound.donna
978e7311-063d-4418-b9d8-c72c54386e00,Everything is paywalled if you want to use your own voice. Wouldn't be an issue if they made that clear before you spent 15 minutes recording your voice first.,1,0,4.0.11,2024-01-17 01:36:00,,,4.0.11,mus11170,com.feraset.tune
ef582e64-5de9-4833-b7bd-964995f03da9,Horrible it won't let me make my own music,1,0,,2024-02-17 23:25:11,,,,mus12387,com.feraset.tune
76c5bb3b-3293-43fa-bd96-ab20c22eaf36,Very useless app do not bother downloading it. It is a total waste of time. Nothing works. Nothing at all.,1,0,1.1.0,2024-07-15 20:31:11,,,1.1.0,mus10319,com.lascade.songai
9e3f381f-93f9-4597-8abf-8f525eb282b4,Can't even use it,1,0,1.0.3,2023-09-18 04:25:01,,,1.0.3,mus9621,co.appnation.aimusic
d9c36ba3-b0ec-48a2-b3c5-d075072c8c72,Useless app. U totally not free,1,0,2.2.2,2024-08-26 22:44:51,We apologize for your experience. Our AI music generator offers premium features beyond the free version to enhance song creation. Thank you for your feedback.,2024-08-26 23:02:06,2.2.2,mus7670,com.zona.aimusic
50649f8a-d81b-4bae-b57d-b08a04d3adbf,my poem came alive,5,0,1.0.24,2024-10-09 00:58:30,,,1.0.24,mus4420,com.ai.sound.donna
7d404087-147f-43a1-9120-cdcb8c5c301f,Can't create anything without paying for premium. Was expecting to try out the features with ads.,1,0,,2024-04-07 22:19:25,,,,mus11491,com.feraset.tune
0938156e-4097-4eeb-adb1-3a0f3cc29d91,I mean the idea is there but dose need work. Other reviews explain the process of actually using your voice and payments. It's not bad but not exactly something I'd keep.,2,0,4.0.6,2023-11-13 02:35:31,,,4.0.6,mus11221,com.feraset.tune
122a4ea9-bf6f-447d-ab42-6a2841123fdc,This app is like that only if we could charge other listeners for downloading and listening to our songs,5,0,1.0.23,2024-09-29 18:21:02,,,1.0.23,mus1110,com.ai.sound.donna
1c36d46c-4fd7-42fb-a42a-2db0eaa2a682,it's really use full,5,0,1.0.5,2024-07-02 16:19:26,,,1.0.5,mus4072,com.ai.sound.donna
35c460d3-e232-4a35-bd6c-317e490c62e4,It's good app but i have make one ai cover so now its premium .I'm sad and plz add some kpop voice,3,1,,2023-09-14 15:11:15,,,,mus11783,com.feraset.tune
5a067470-79ae-4c12-9c54-726f1d519f7a,Well I made a song but when I made another one I had to pay but the first song was amazing,5,5,1.0.4,2024-06-28 13:22:47,,,1.0.4,mus2312,com.ai.sound.donna
1199b28d-43cc-48c4-94a8-ed7422b91c3b,it is a great way to start making music,5,0,4.0.9,2024-01-01 04:35:51,,,4.0.9,mus12199,com.feraset.tune
afaa034f-b466-4dec-8c35-a6c08a1728a5,Very good app creates fantastic music,5,0,2.0.3,2024-09-10 14:27:03,,,2.0.3,mus8361,ai.vyro.musicly
64ab033a-851f-451a-a8de-79534f33fb28,It should last let you be able to demo one song. To see how the app really works. Before you pay money and using it. Can you pay money to use it and it's a piece of junk and was not worth your money. Play if you can demo it at least one. Do you know if you want to buy or not.,1,0,2.0.5,2024-10-11 09:14:40,,,2.0.5,mus8178,ai.vyro.musicly
cb35773d-3509-4bc8-97a6-205ab8281e1d,i downloaded this for fun and it was actually really good i only used it once but i loved the song,4,0,1.0.14,2024-08-12 02:50:29,,,1.0.14,mus1355,com.ai.sound.donna
4b838a0d-d356-4eaa-839f-fc140ecfe7b2,Voices are amazing but it would only let me make 1 song cause Everytime I tried to make another one it would take me to the subscription and also wouldn't stop loading,3,2,,2024-08-06 00:21:34,,,,mus16497,ai.cover.suno.song.music
d95391fe-96a9-4652-862e-52bee438aae3,paid to subscribe doesn't have free feature or at least trial feature,1,0,4.2.23,2024-08-18 22:25:52,,,4.2.23,mus10663,com.feraset.tune
ae6d7d25-f242-47d6-aab9-ebd09f8ef493,This is so buggy you are taking people's money but they're not getting the voices because it's erroring up I request a refund for everything I have purchased from you undo the European law.,2,0,4.0.6,2023-11-19 16:47:40,,,4.0.6,mus11263,com.feraset.tune
407b9e21-9078-4dca-908a-01e7a13dfd67,Here's an actual review not these d@mn bots giving it 4 and 5 stars: its interesting but lord forbid if you wanna do your own voice like the ads say you can because you gotta pay 8 bucks a month just to do that. But if you just wanna use sonic and others then by all means do it otherwise i don't really recommend it.,1,0,4.0.5,2023-11-06 12:13:29,,,4.0.5,mus10870,com.feraset.tune
a758dac8-b61d-48eb-8100-99fb5dd9645f,You cannot even try the product without paying. What is produced is not worth paying for.,1,0,,2024-10-04 20:07:38,Thank you for your feedback! While you can create one free song the costs of maintaining our AI song generator influence our pricing structure. While we wish we could offer more free options song creation expenses limit us. If you have any specific suggestions please reach out at donna@mobiversite.com.,2024-10-05 13:25:04,,mus4023,com.ai.sound.donna
bb35ae97-49e5-41f0-9d91-9e4a30b0933c,Tell me in advance of making me read about meme on repear that payment is required. I would have paid but that's dirty. repeated calls to action are sleazy and pushy. If you make a good product people will pay. I would have but now it's uninstalled. edited for spelling.,1,0,,2023-10-27 19:20:47,,,,mus11204,com.feraset.tune
e3b8722c-3bcd-427f-b498-e055d4dd3835,Song Ai generator is a great app and suitably fits the artist who wants to generate music using AI. I recommend we use this app. for music adventures.I love it.,5,0,,2024-07-23 14:58:35,,,,mus10357,com.lascade.songai
c0697a46-9e1b-420b-97be-275918d56e18,Having a lot of fun with this app.You have to remember if you only pay the 9.99 a week.You only get seven songs,5,0,2.0.4,2024-09-27 22:45:21,,,2.0.4,mus8260,ai.vyro.musicly
5bcd7cd4-2884-499e-a1f3-446fc6c35589,Have a lot of distortion and when you paid not include your voice you should pay more,1,1,4.2.24,2024-09-20 19:17:42,,,4.2.24,mus10717,com.feraset.tune
1c5e65dd-417d-4517-a22e-5bc6dbfbc5ca,This app is great. I was finally able to make some epic custom Tavern music for my D&D games; however after I paid the subscription the next song I made (I haven't tried another yet) was cut off right before finishing. It's really unfortunate because it was exactly what I've been looking for but it failed me right in the end and some of the top rated songs do the same so I can tell this is a common trend. Fix this bug and I'll rate you 5 stars. Edit: Lowered cuz the cut off got worse,2,27,1.0.20,2024-09-15 00:42:09,,,1.0.20,mus24,com.ai.sound.donna
fa2ba647-09d2-4608-853a-f109f95b5426,Can u please add ai lyrics like we can put lyrics on our custom songs,5,1,1.5.0,2024-03-22 17:19:32,Thanks for taking out time to rate us. It really helps us to keep going and delivering the best :),2024-04-19 20:31:50,1.5.0,mus17558,ai.music
038682f9-8de3-4607-9df1-8afb81cd82a0,I think its good but dont like the money payment,5,1,1.0.3,2024-06-13 17:53:25,With every new app version we are introducing new features and improving existing ones. We are sure that your feedback will only help us improve further.,2024-06-14 04:13:47,1.0.3,mus3660,com.ai.sound.donna
a8349fe9-808b-4af6-9f9c-ff5274640ddd,I would put a zero if i could just make it so you pay for the app instead of tricking people that its free.,1,0,,2023-03-18 08:37:18,Hey there I don't think we ever say that it's free. We do say that it makes royalty free music and you can try creating a couple of songs for free and then watch ads for a bit more but we've got to make the $ maths work also if we can keep on building - hope you understand! really trying to keep the lid on the price! Give it another shot,2023-03-18 13:58:10,,mus8029,com.dc1ab.wau.ai.music
8f8e5b6b-cc5d-41b5-8d7e-129bf1a01944,Best.way more than I expected.please try one time and you can't back off.,5,0,2.0.3,2024-09-07 03:25:08,,,2.0.3,mus8384,ai.vyro.musicly
3287ca1e-6403-4cf3-b3d0-f0cfbbb41e2a,Loving this app it's working wonderful .,5,0,1.0.8,2024-08-07 01:53:36,Dear User! Thankyou for your Love and Support! Stay tuned for more exciting updates.. Team CX,2024-08-12 08:18:49,1.0.8,mus8391,ai.vyro.musicly
ae97454e-20a0-4a4b-8489-110089a23f82,When I want to pick a song it doesn't open it and when I want to pick a voice it sais: pick a voice.,1,0,1.3.2,2024-02-16 00:45:37,,,1.3.2,mus9234,co.appnation.aimusic
d1adf18a-aa9e-494f-9795-4795d7b59396,very neat. 2 or 3 mins u got a song.,5,0,1.0.23,2024-10-02 14:58:55,,,1.0.23,mus1833,com.ai.sound.donna
cf2105ee-7e88-48c9-8d44-33a002f12ad9,I just see this app on an add so I get confused then I try and boom I like it! Try this guys!,5,0,,2024-08-26 02:21:22,,,,mus3884,com.ai.sound.donna
4729a41f-90a6-4a6c-82f1-08643d34599e,Still needs a lot of work. Wasted 4 tokens on 4 very bad beats not suitable for any scenerio. Absolutely had no desire to buy tokens to try again. So I never even got to the part to see how much money this thing wants. Ill check back again in a month hopefully the technology has improved by then. Sorry for the bad review. I know yall are trying.,2,9,0.2.15,2023-05-13 23:33:06,Thank you for your feedback. Perhaps you can try Google's Music LM and see what you think. We have made finding and using background music a lot easier and a lot cheaper for video content creators.,2023-05-16 00:05:39,0.2.15,mus7958,com.dc1ab.wau.ai.music
d6556e00-46f5-425d-9709-c390265a8499,Horrible useless app you have to pay each voice recorded,1,0,4.2.23,2024-08-15 16:30:28,,,4.2.23,mus10864,com.feraset.tune
373f0809-e387-417e-97ac-297e836c8d61,made me record full 10 mins recording then says i need to pay at the end.,1,0,4.2.23,2024-08-19 19:04:22,,,4.2.23,mus10847,com.feraset.tune
a65373cb-b3c7-4711-bf86-23a9ec0cab2d,Neat idea but app is glitchy and does not perform as advertised. If you try to buy the customized voice feature it will charge you $4.99 for each recording,2,0,1.3.2,2024-06-25 02:45:38,,,1.3.2,mus15857,com.talentme.singup
3095285b-e8e3-4ff6-9bc0-b526ac77f175,Doesn't sound like personal voice mix no matter how much you sing,2,0,1.3.3,2024-07-30 10:15:46,,,1.3.3,mus16064,com.talentme.singup
92e5d875-a8bc-4aee-96cb-7fac4294b2b9,it free and fun but the music might be short,2,1,1.0.1,2023-05-07 09:37:29,,,1.0.1,mus9272,co.appnation.aimusic
27839825-bd3a-4a40-b2db-4e9ebb2f98b4,This is good but premium just to share and save- Thats honestly crazy work.,5,0,0.4.22,2024-09-04 20:22:51,Premium gives you access to our best models which are for paid users only because they are very expensive removes ads. I think it's worth the money!,2024-09-05 11:52:51,0.4.22,mus7967,com.dc1ab.wau.ai.music
92090ee9-3d0d-4c18-b2e4-c6bd796fe659,Nowhere near as good as advertised. The voices just sound like garbled noise.,1,0,1.3.1,2024-01-20 08:48:32,,,1.3.1,mus9103,co.appnation.aimusic
d626b596-b0e7-4f62-9a7f-d5a1de49d360,after i record my voice this app crash,1,0,4.2.24,2024-09-12 02:06:17,,,4.2.24,mus10914,com.feraset.tune
8055adfa-b72a-4427-8df7-5a47557693f7,Not free at all.,1,1,1.0.22,2024-09-26 18:33:12,,,1.0.22,mus3043,com.ai.sound.donna
bb89ebac-b2b3-493b-9633-e8695b16de89,You are kinda greedy for having premium to access iconic characters (also theres no bonzy buddy) lazy,1,1,,2024-06-13 12:38:31,,,,mus15581,com.aicover.aimusic.coversong
e2df7e56-715a-4a5f-9fd6-3516bcb1e600,Easy to use and very decent results,5,2,1.0.1,2024-05-27 08:33:23,We are pleased that you enjoyed the app. If there is anything we can do for you just let us know at info@mobiversite.com! Have a wonderful day!,2024-05-27 13:09:45,1.0.1,mus2824,com.ai.sound.donna
b5670a37-c50c-44ff-8b52-40eb49e39709,Bad @$$ app (Batteries not included),5,0,1.0.1,2024-06-05 18:25:07,,,1.0.1,mus4054,com.ai.sound.donna
6c357f2c-6825-4ef1-8911-b5bab639f6ff,it's so good because i love music and the lyrics that i route it's so good to sung it,5,0,1.0.13,2024-08-08 10:27:59,Thanks for the great review! Were glad our AI music generator is meeting your expectations. Keep exploring and making incredible songs!,2024-08-09 03:51:48,1.0.13,mus1324,com.ai.sound.donna
6d2a675d-2f44-4cea-b4c2-859e35bcb6a6,Force to pay no trial and does not generate in timely manner. (will say two minutes left and it's been 30 minutes),1,0,1.3.0,2024-05-24 18:02:52,,,1.3.0,mus15970,com.talentme.singup
ead330f5-4d8f-4c94-828d-d0a0a302887e,Amazing but there should be a way to watch an ad to get more songs or do one or two a day,5,0,,2024-08-24 00:14:14,,,,mus3578,com.ai.sound.donna
5ac33a4d-f87b-4b58-87cc-bf987047a471,this is a great app it helps me alot in just the way I Ned it to,4,0,1.0.23,2024-09-30 01:04:22,Thank you for your wonderful feedback! Were thrilled to hear that the app is helping you in just the way you need. Your satisfaction is our priority and were excited to see what you create. Keep enjoying the music-making journey with our AI song maker!,2024-09-30 14:19:17,1.0.23,mus1811,com.ai.sound.donna
2f9d1dd3-2bff-44b9-bcf6-1134843ba2d7,Amazing. they let you make free songs without subscription and the songs turn out fantastic. especially with your own lyrics.,5,1,1.0.20,2024-09-14 19:17:45,,,1.0.20,mus502,com.ai.sound.donna
bccc3ffe-1f5f-4ab3-9357-19d32ad2dc2d,Makes you create 7-15 minute voice recording then tells you to pay before it can create a custom voice. Why not say that before making me waste 15 mins.,1,0,4.1.2,2024-04-05 14:58:20,,,4.1.2,mus11607,com.feraset.tune
f9b2c3e8-80df-467d-98e4-ba905f2a0459,Honestly this app seems like the best AI music generator app ever until you see the paywall to use it. Can't you guys just please make a free version with ads at least. The price is quite outrageous and it's such a bummer that I had to quickly uninstall this app because I couldn't use it Please make a free version with ads. Please I will download this app later on to see if there have been any changes but for now good app no access unless money is involved,1,1,,2024-07-28 23:43:18,We appreciate your feedback on our AI music maker app Zona. We're constantly working to enhance user experience. Stay tuned for updates.,2024-07-29 00:02:06,,mus7605,com.zona.aimusic
84629d77-1655-4a28-8ee2-479851263d96,Fairly easy to generate great sounding radio friendly music with catchy lyrics. So who owns the songs once they're created or is there some sort of royalty or point system?,5,0,1.0.1,2024-05-29 21:07:40,Thank you for downloading our app! We will keep working on it! All the songs created in Donna are royalty free. We added download feature to new release as sound or video so you can share! Donna Support Team,2024-05-30 02:45:02,1.0.1,mus884,com.ai.sound.donna
9beb3fab-aa1f-446f-9719-f27e7c068a44,It's a good app but I won't open now the other day it did and I tried to load it today and it does the intro and I get stuck on a grey screen,4,0,2.0.7,2024-08-30 18:54:29,,,2.0.7,mus16587,com.script8888.magicmusicai
7a42aa1f-c2b2-4ea7-a8bd-5b087b3d6ff3,This app was terrible the voices sounded nothing like what they were supposed to and that's the entire purpose of the app,1,0,,2024-04-23 13:07:05,,,,mus11579,com.feraset.tune
8710d646-705a-491d-8320-6a7c8dd68208,waste of money doesn't work at all. Avoid at all costs. It is a rabbit hole of ads and every feature cost something.,1,0,1.3.3,2024-07-22 23:47:50,,,1.3.3,mus15790,com.talentme.singup
0422865c-8a23-415d-87bc-09e28cb2a1d5,Helps Me Create Music,5,0,,2024-09-06 08:56:52,,,,mus17153,com.ai.music.generate
86967dd9-0163-4a18-9820-cab530ded32b,Terrible app everything is overpriced,1,1,1.0.1,2024-05-05 10:54:02,We understand your concern. While some features may require a subscription we also offer a free trial period for users to explore the app's capabilities. Your feedback is valuable and we'll take it into consideration as we strive to improve the user experience. Donna Support Team is here to help!,2024-05-13 10:31:24,1.0.1,mus4064,com.ai.sound.donna
0216ba2d-0bf3-4727-8e07-732452a7d9cf,Okay so here's the thing. This is pretty incredible. I was totally surprised with how legit the track sounded. Now notice I say 'track' unfortunately you're only allowed one single song to test the app. Outside of that there's nothing else available to try out/toy with etc.. Now due to just the quality itself in my one track I could see the company relying on that one fantastic delivery to secure a subscription. Though that's still not enough I think for most.,3,18,1.0.14,2024-08-12 17:09:15,Were thrilled that you were impressed with the quality of your first track! To explore Donna AI further you can create additional songs by inviting friends to try the app. Each invite unlocks more songs allowing you to continue experimenting and enjoying the AI song generator without a subscription. Give it a try and see what more you can create,2024-08-13 02:28:12,1.0.14,mus34,com.ai.sound.donna
7b803e6e-f754-455c-94a9-36f16f7cbaaa,It's ok and all buy I don't like how you have to may to make more songs,3,0,1.0.13,2024-08-07 14:40:37,,,1.0.13,mus1555,com.ai.sound.donna
fc092ac0-c8d5-4078-b549-86d61f3361a4,It's a great app that when you put a little time adjusting the mood and genre of the music it comes out with really good sounding songs. Unfortunately though after the update to 1.0.13 when I try to change my username it crashes the app and it takes quite a bit longer to load into the app. But overall aside from those issues it's has been a really great app and I would highly recommend you at least check it out and see for yourself,5,15,1.0.13,2024-08-08 01:05:48,Were delighted you love our AI song maker! We have solved the issue. Your creativity shines through every track. Keep enjoying the music creation process with Donna AI.,2024-08-08 06:30:36,1.0.13,mus51,com.ai.sound.donna
7d20ae68-6017-4ab8-90db-80772899c5ca,This app is absolute garbage,1,0,1.3.1,2024-02-03 20:47:02,,,1.3.1,mus9583,co.appnation.aimusic
e4870bb6-bf8d-4b15-9123-f9d3859721b9,Really good for the first cover but I don't really like that you have to pay to make another(Full cover),4,0,,2024-01-01 11:27:41,,,,mus11685,com.feraset.tune
eb346cf1-f703-40db-a47d-9ff8690ab834,damn. this app is amazing. ty,5,0,1.0.23,2024-10-02 19:57:30,Thanks a lot for the positive feedback! We are really happy to hear that you are enjoying with AI music generator. If you ever have any suggestions or need help just give us a shout at donna@mobiversite.com. We are here for you!,2024-10-03 03:23:41,1.0.23,mus2684,com.ai.sound.donna
cb1546e3-c560-4298-9616-68b759ccca89,Yo it's cool as flip crazy what AI can do nowadays,5,0,1.1.3,2024-09-16 19:28:07,,,1.1.3,mus17157,com.ai.music.generate
ee6f48fe-80bd-4d08-9d28-aab8cc495faf,damn. for a free app this is fire,5,0,1.0.14,2024-08-10 18:37:28,,,1.0.14,mus3210,com.ai.sound.donna
ba1b28c6-6ca9-4db7-87ef-e154b8471fb7,"I downloaded the app but it is not generating my lyrics. It keeps showing ""Request failed due to status 403"". Can someone please tell me what to do?",2,0,1.1.0,2024-07-13 02:36:16,Hey sorry for the trouble! Please try updating to the latest version of the app. If the issue persists contact us at connect@lascade.com. Were here to help!,2024-09-02 04:55:00,1.1.0,mus10330,com.lascade.songai
b6cfe0b4-2aa0-4ea7-8649-89e09e8172b9,Made one then told had to pay ONE STAR total let down,1,0,,2024-10-08 05:18:13,"Thank you for your feedback. If you'd like to try out the app before subscribing you can take advantage of our free songs and the ""Refer a Friend"" option. We appreciate your feedback and are always looking to improve our AI music generator. Thank you for sharing your thoughts!",2024-10-08 08:40:46,,mus4592,com.ai.sound.donna
4e8e5f7e-b036-4e56-9d03-df37381fb6d3,Socks you don't get to do any of the editing like you want it only gives you a generic list to choose from therefore your app sucks you don't even get to pick the instruments or the background music itself,1,0,1.0.17,2024-09-04 17:53:41,,,1.0.17,mus506,com.ai.sound.donna
bf180dcd-48ed-4a73-be05-2f13e36c3c8d,If could give this app a rating it would be vastly be in the negative! I may not sing well but I dang sure do not sound like a d*$n squirrel. Plus every recording even though not satisfactory to one's self costs more money. Literally the worst app and user app interface I've tried! Negative 5!,1,0,,2024-08-10 05:09:30,,,,mus15875,com.talentme.singup
bbdd854c-1c94-4b10-9167-c232e050cddc,AI is an amazing experience.full of fantastic features it boosts a wide variety of songs surpassing most apps..it's a top choice,5,0,1.3.6,2024-07-23 17:47:09,,,1.3.6,mus10238,com.lascade.songai
ba9d8103-2439-46c7-a3cc-142374811584,This app is working fine but we need to see the instrument display so that we can choose the one we need for the song. Apart from that the app. is very fine and superb.,5,3,2.2.1,2024-07-31 00:44:58,,,2.2.1,mus15331,com.app.sunaia
fbb8dd2d-19e5-494b-b328-839a5b6b0e19,Was alright until I generated my only free song which was Hip-hop and came out as a country song.,2,0,,2024-09-26 19:18:23,We apologize for any inconvenience. The AI generator may not have fully understood your request. Please try describing your preferences in more detail such as specifying the mood instruments or genre you'd like. This will help to create a more accurate and satisfying piece for you. Thank you for your patience and understanding.,2024-09-26 23:21:33,,mus17020,com.ai.music.generate
d272f535-022a-416e-b791-6074660ab407,I'm having fun with it,4,0,1.0.5,2024-06-29 20:46:06,,,1.0.5,mus4256,com.ai.sound.donna
4c0082f6-555d-4487-a0e1-5c749535dfdb,This is the worst sing app it does not let you make short songs and you Need a link to pick a song,1,0,4.0.4,2023-10-27 05:51:09,,,4.0.4,mus11672,com.feraset.tune
273c2c66-4566-4621-b39d-1195015cbcce,can the beats be changed?,3,1,1.0.15,2024-08-19 09:08:41,,,1.0.15,mus4030,com.ai.sound.donna
45ab023b-f815-4a29-bc3e-b0e8b7bf5985,so far it's a great tool to create your voice,5,0,1.0.16,2024-08-30 01:23:48,,,1.0.16,mus2054,com.ai.sound.donna
b52d6375-dddf-4586-bf53-d6b3bc6a6953,THE POSITIVE RATING IS A LIE. Tried using my own lyrics. REFUSES TOO USE THEM. It does not use what you put in the Lyrics and doesn't even come close to the tone of the words used. I got some trashcan country rock some weird country song and a random rap thing. All of which went their own way. Used up all my free trial and it didn't even attempt to succeed. Thoroughly dissatisfied.,1,0,1.1.3,2024-10-03 00:47:26,We apologize for any inconvenience. The AI generator may not have fully understood your request. Please try describing your preferences in more detail such as specifying the mood instruments or genre you'd like. This will help to create a more accurate and satisfying piece for you. Thank you for your patience and understanding.,2024-10-08 04:04:46,1.1.3,mus16792,com.ai.music.generate
c862c236-2ece-40fa-bb96-4729c01e1c49,Was great to start with as you were able to get a whole song for one free credit a week but now you only get a 15secs for one credit unless you go premium no thank you why change what didn't need fixing,1,0,4.2.24,2024-09-08 07:25:20,,,4.2.24,mus10565,com.feraset.tune
446cb998-1c06-4df4-9811-88d64799cb37,Cover Library is gone! I can no longer find my covers that I've created. The library has been completely removed. Please fix this,1,2,4.2.8,2024-07-06 12:19:35,,,4.2.8,mus10738,com.feraset.tune
cd88305a-56a8-4e9a-a8c4-a5ebc0c2ab17,Does not work at all,1,0,1.1.0,2024-05-02 01:51:04,,,1.1.0,mus16231,com.talentme.singup
2df1f725-6d3a-40c3-a9eb-b9a82771d886,Wasted 7 minutes reading a script to see how this app is going to use my voice only to be bombarded by you need to have a premium subscription in order for you to use your voice,1,0,,2024-08-20 10:25:13,,,,mus11094,com.feraset.tune
7e55767b-5392-43c5-8ecb-eac277ef892d,Ai can't handle multiple voices in a chorus,3,0,1.1.0,2023-10-28 20:57:36,,,1.1.0,mus9395,co.appnation.aimusic
e2ff2076-3854-4a2f-ad30-31dbcd458dcd,A great AI song creator am only using it for free but it's great the only thing I do t like about these programs is there is normally a cost to them but if you can release 1 song and it becomes a hit then you have made your money back instantly that it would cost you a month or for a year's membership. Very impressed on this AI song creator.,5,0,1.0.24,2024-10-05 14:12:59,Thank you for your thoughtful review! Were thrilled to hear youre impressed with our AI song creator. If you have any questions or feedback feel free to reach out at donna@mobiversite.com. Keep making amazing music!,2024-10-07 01:50:22,1.0.24,mus249,com.ai.sound.donna
5c6d5698-eca8-4fda-82d2-a387c1443412,App itself is very cool but inability to train the AI to get better results is frustrating. For example I liked the first song it created but just wanted one line tweaked. Tried again and completely different. Kept trying with worse and worse resukts. Lyrics don't get added properly and I cannot download any of my songs just the video. Very glitchy on the user end.,1,22,1.0.5,2024-06-30 09:10:12,,,1.0.5,mus153,com.ai.sound.donna
af715110-85ee-43ad-b844-807266c3c1fe,it's so good to create a song,5,0,1.0.17,2024-09-06 04:47:00,,,1.0.17,mus2228,com.ai.sound.donna
d0c9f92d-c9f1-460b-90d0-56a7f5422caa,Really neat app. I would give it five stars if it a). had more music genre choices and b). created the songs exactly how I want it. For example I asked for a rap/hip hop song and it played metal. 8/10 times it comes out correctly. I would also like to have the option to edit songs rather than have to start from scratch over one minor thing. The next one you create may not come out the way you wanted or it may come out better. Lately the app has been lagging and freezing on me.,4,0,,2024-08-07 23:58:45,,,,mus189,com.ai.sound.donna
141b6cf5-68ce-4485-b907-28478eb23fe0,Add tony chopper please,5,0,,2024-01-12 14:09:05,,,,mus13314,com.feraset.tune
6c29b78d-7635-4d3f-b9b8-a30473ec8c85,I like the app and it's well done but why isn't there a free version and then one where you pay? I'm not paying to use the app that's ridiculous. 3 stars because everything's a money grab nowadays- don't have the app free in the store just to be prevented from using it inside the app because you have to pay.,3,0,1.0.8,2024-07-20 10:57:15,,,1.0.8,mus764,com.ai.sound.donna
5bc8b1ab-a75f-487e-b1ec-1e2690c04a56,Unbelievable how good this app is,5,0,1.0.9,2024-07-28 14:13:21,,,1.0.9,mus3192,com.ai.sound.donna
4658afce-f2d4-4b4b-8710-b28f431348a4,This is fantastic. It's easy to use with great results.,5,0,1.0.22,2024-09-24 20:53:42,It's wonderful to hear how much you love our AI music maker! Our goal is to empower everyone to create songs that match their vibe and your review tells us we're on the right track. Keep exploring different genres and styles with our AI song generator the possibilities are endless!,2024-09-30 14:05:06,1.0.22,mus1213,com.ai.sound.donna
b3733d2c-1011-48e9-b533-7a5686fb1a1b,Only does 30 seconds in premium! Worthless. Use Bandlab. It has better AI and is free.,1,2,1.4,2023-11-23 15:25:05,Sorry to hear you are unsatisfied with the progress of the updates. I hope you can enjoy our app again in the future.,2024-02-13 01:17:05,1.4,mus15037,com.aimusic.melodiai
f2f16a41-c2fa-49ba-acc7-019b5884a0dc,Absolutely rubbish this waste of time and effort. Nothing works. Don't go near it,1,0,4.0.11,2024-01-29 05:48:33,,,4.0.11,mus11833,com.feraset.tune
aedfa694-5473-4ce8-88ba-bcf1806be8c3,One start for not allowing free ai custom voice and nit telling me until I wasted 7 minutes of my life.,1,0,4.2.24,2024-09-18 14:18:57,,,4.2.24,mus10888,com.feraset.tune
d73d69d2-4165-44fd-8b64-25e1bbddea6e,If you don't pay for it the app force closes,1,0,4.0.5,2023-11-01 22:54:55,,,4.0.5,mus12475,com.feraset.tune
a2ea5026-5985-4f17-ba4a-d7781706472c,First try wasn't very good then it wouldn't work as it wanted money to proceed.,1,1,2.0.7,2024-08-23 20:44:42,,,2.0.7,mus16617,com.script8888.magicmusicai
3a700007-9435-455e-ac18-b408965d9f40,Utterly basic an absolute joke.,1,0,0.2.12,2023-05-03 00:34:54,Hi there we would love to hear more from you. Would you join our Discord community and tell us more about your expectations?,2023-05-03 01:13:20,0.2.12,mus8047,com.dc1ab.wau.ai.music
3307987b-9a5a-4e68-a2a8-87a35a3afdbd,It literally just wants you to subscribe to it's premium. Please don't get this,1,0,1.0.3,2023-10-03 01:51:59,,,1.0.3,mus9279,co.appnation.aimusic
1ded77ac-23f3-4341-801c-a2610194032b,This is amazing I've been laughing for 4 minutes straight download this app PAHAHAHAHAHAH,5,0,1.0.6,2024-07-04 23:51:13,,,1.0.6,mus3468,com.ai.sound.donna
7d9e8498-20b6-414e-a068-53c8c8808cf7,This app sucks because if you don't pay for it you have to wait 2 whole days before you get a new currency credit.,1,0,,2023-10-02 07:21:22,,,,mus11670,com.feraset.tune
405953c6-7b04-4ace-813a-53f62250031d,Would give it more stars if the free version let you create more than 1,1,0,1.0.15,2024-08-25 14:26:19,We understand that affordability is key which is why we offer one song for free and the opportunity to create unlimited free songs by inviting friends. We aim to provide the best AI music generator experience and continue to enhance our offerings.,2024-08-26 11:08:45,1.0.15,mus2139,com.ai.sound.donna
d03d8cc8-a063-43b8-abad-62e271fe182a,interesting concept will update with more information,4,0,4.0.11,2024-01-19 11:09:04,,,4.0.11,mus12214,com.feraset.tune
ac130bc1-1077-4725-89f0-6b48c0b8d184,insane how good this is. my mind is literally blown!,5,0,1.0.9,2024-08-01 23:21:56,We appreciate your 5-star rating! Were glad our music making app is meeting your expectations. Keep enjoying the music creation process!,2024-08-02 02:41:36,1.0.9,mus2912,com.ai.sound.donna
e9979b2b-634b-4687-a7dd-de12a2ae2c70,If you are going to make us pay for 5 seconds just give a price to install instead of a subscription! Also I'm not paying that much for something I'll only use once it would be worth it if it allowed more. Maybe.,1,0,,2023-08-31 01:45:13,,,,mus9002,co.appnation.aimusic
b1fa9bea-7e7e-4f27-90f0-816f9beec879,Please help I have been trying get a refund.Please help.,1,0,4.0.15,2024-03-15 01:09:49,,,4.0.15,mus12650,com.feraset.tune
d1549ca0-2f61-4a81-aa1f-b3d72889e530,NEED 2 Change the LACK OF FREEBIES to make and download music. I think USERS be awarded one free song at least every 5 days OF straight login when not premium. AGREE?? It's wrong to be all about money.SONGWRITING is a beautiful gift given freely used as a healing aid for centuries.AI needs to be used TO ASSIST not REPLACE human abilities. The APP Only exists because of a humans thought. The App only has content created originally by humans. Our consciousness powers this. It's not to be ignored,5,0,1.0.24,2024-10-06 19:22:23,,,1.0.24,mus556,com.ai.sound.donna
d93a0ab8-3293-4124-ade2-053fc47f03fc,good way to kill time if you like music,4,0,1.0.24,2024-10-10 17:33:49,,,1.0.24,mus1709,com.ai.sound.donna
547eaffb-cae8-4f97-b1ae-ef9dc7b737ff,I've had a chorus in my mind for 15 years. Donna just brought it to life.,4,0,1.0.9,2024-07-26 10:46:04,Were so happy to hear that Donna AI helped bring your long-held chorus to life! Its moments like these that make our work worthwhile. Keep creating and enjoying the magic of music!,2024-07-26 10:54:25,1.0.9,mus2370,com.ai.sound.donna
3daab80f-1478-4629-ae8e-5ce65bc0c633,It doesn't generate anything. It's a scam.,1,0,1.2.1,2024-05-17 15:29:24,,,1.2.1,mus16241,com.talentme.singup
c5c71619-5301-497f-b2e8-a1bc483ce87f,Only got to try it 1 time and I like it I have a few other options to try before I commit to this app.You only get to try it 1 time.,5,0,1.0.1,2024-06-02 17:50:17,Thanks for taking out time to rate us. It really helps us to keep going and delivering the best :) Donna Support Team,2024-06-04 03:36:32,1.0.1,mus2245,com.ai.sound.donna
1f918e28-18a7-4962-af1c-e6f3a571a796,I love the app it works very well however I prefer one time purchases rather than subscriptions.,4,0,1.0.20,2024-09-14 20:46:03,,,1.0.20,mus1192,com.ai.sound.donna
90c5e4f3-ae51-402a-9ec7-96f94f86c776,It is bad I could not even hear anything because of the 5 second time you must subscribe first before you can hear what you are creating at least let people hear the song first to know if it is worst paying for it,1,6,1.6.2,2024-06-09 04:15:37,,,1.6.2,mus17361,ai.music
a494bb4c-5250-4e70-8e98-ccfa875c084f,Went from five to 2 due to the fact that new updates have made it make 1 1/2 min songs using half of my lyrics. Probably to try to get you to pay for extending the songs but even then they just repeat the lyrics previously used not using the unused songs also the extends don't flow well at all usually occasionally it makes a good song with your lyrics not sure how the generated lyrics works I don't use that so if that's what you want try it but if you want to write your own lyrics it's a gambIe,2,5,1.0.21,2024-09-19 23:49:49,We sincerely apologize for the inconvenience. The issue with song length and lyrics has been resolved. Thank you for your patience and support!,2024-07-22 04:11:40,1.0.21,mus18,com.ai.sound.donna
5a42df96-dac8-4092-a481-ce649d85e8ab,they've hidden the cancellation button somewhere. can't figure out how to cancel,1,0,1.3.3,2024-07-21 22:55:59,,,1.3.3,mus15883,com.talentme.singup
7d1ed275-5830-4adc-9295-c3ca6c619ef5,Oh so lame. This is just a hot mess. You can't enter your own lyrics so the program makes up lyrics based on your imposed brief description. It's just simple and boring.,2,0,,2024-07-30 10:24:10,,,,mus16627,com.script8888.magicmusicai
b5c3403d-e83a-4408-b341-c47b85cb24eb,excellent just wish the song where longer,5,0,2.0.11,2024-09-29 10:42:43,,,2.0.11,mus16718,com.script8888.magicmusicai
a94de6c3-fb77-4dd6-8a20-22cc3cf2f95f,Very wonderful app. it brings out the lyrics so well,5,0,1.0.24,2024-10-05 01:13:42,Thank you for your kind words! We're glad to hear that our app is helping you with the lyrics! Our AI music generator is designed to enhance your creative process and bring your musical ideas to life. If you have any questions or need assistance dont hesitate to reach out to us at donna@mobiversite.com. Happy creating!,2024-10-07 01:29:08,1.0.24,mus1140,com.ai.sound.donna
43f3a6b2-ea00-4164-ba42-ffa67b82ad27,Waits until I waste my time trying to set up a custom voice before it tells me I have to pay for it or discard everything I just recorded. I DISCARDED AND UNINSTALLED THE AD IS CLICKBAIT FOR A PAID FEATURE.,1,1,4.1.2,2024-04-16 20:49:25,,,4.1.2,mus11028,com.feraset.tune
d7d5d424-f0af-4024-944d-7ad67e5c57a5,terrible. I want my money back. downloaded for my son to play and can't even do the basic feature without a second pay wall. I want my money back immediately. what a waste of time. such a terrible app that I wasted even more time to leave a negative review.,1,0,1.3.2,2024-05-29 12:16:04,,,1.3.2,mus15823,com.talentme.singup
cde359b6-3898-44f6-84b9-bc70183e9e6e,Don't bother for music creation doesn't let u put in lyrics it's just a toy app,1,0,0.4.6,2024-06-13 16:53:50,,,0.4.6,mus7989,com.dc1ab.wau.ai.music
94a2a10c-94af-4899-96ba-f8681decfa61,It's an OK app but after paying the lifetime price then finding out it wants money for each voice you upload is a bummer. Plus just to warn everyone it is literally just adjusting the pitch of songs. I uploaded three voices and all the songs created are literally just pitch adjusted and not our voices. It's a lie,3,1,4.0.6,2023-11-20 13:41:29,,,4.0.6,mus10779,com.feraset.tune
3be44643-3cf7-456b-b72f-8932d2435469,Horrible quality and make it impossible to cancel subscription,1,1,1.3.2,2024-06-05 12:40:05,,,1.3.2,mus16051,com.talentme.singup
322f252c-4e95-47c7-8755-859211e9fdaf,It's forcing you to subscribe to their plan,1,0,4.2.24,2024-08-29 08:36:03,,,4.2.24,mus11356,com.feraset.tune
0674da1e-6907-423c-884e-e052bf28c1c2,Can be a tad bit buggy when it comes to processing but otherwise exceptional in terms AI generated music!,5,0,1.0.2,2024-06-10 21:39:45,,,1.0.2,mus1420,com.ai.sound.donna
328cacee-c80e-4559-9b86-6108ba91a24a,Very different from the original sound,1,0,4.0.11,2024-01-28 06:44:43,,,4.0.11,mus12213,com.feraset.tune
639c8f30-ae5d-4e0a-a71e-7c4510176b79,It was asking for. Credits. By money.. When i dont how the app will work why i will invest in it.. Atleast give a chance to try then ask for credits,1,1,,2024-05-03 13:02:06,,,,mus7376,com.singgenix.suno
a3b3a2a1-962d-4c8d-b986-f70be7d7d5e3,Describe my experience well I payed for the lifetime membership I go into the app it has me sing then it had me read and this you have to do for no less than 7 min okay so I do that and after I'm done it ask me to pay 5 dollars for it so I did and as soon as I did it made me record another 7 min or longer. I finished that and can you guess what happened next. You are correct it asked me if I wanted to pay these prics another 5. So I wrote them an email if they pay me back every cent then I'll,1,1,4.0.15,2024-02-21 03:12:48,,,4.0.15,mus11107,com.feraset.tune
91f9151e-c301-41e9-a72e-e4823b91a355,Limit voices poor translation. App is slow and freezes,1,0,1.4.2,2024-09-11 18:45:39,,,1.4.2,mus9100,co.appnation.aimusic
a6dcebc8-aabe-4353-9caf-f1901485e510,Worst app ever I tried it one time and it asked me to pay when I try another time do not recommend,1,0,,2024-09-28 13:25:05,,,,mus7396,com.singgenix.suno
fc792426-0c77-4975-9bfd-fea8747a3f41,Paid bs. can't use app at all unless you spend crazy amount of cash. ain't even worth it,1,0,4.0.15,2024-02-23 01:11:53,,,4.0.15,mus11998,com.feraset.tune
e8927fc6-2a0e-446a-b641-af2a59129026,You get one free generation before it forces you to subscribe to premium.,2,3,,2023-09-07 23:17:43,,,,mus17926,com.ai.music.clone.generator
0d9279f3-9cfa-430e-b6f1-be8bb011627a,I've been using the AI Song - Music Generator app for a while now and it's fantastic! The app makes it super easy to create unique and high-quality music in just a few minutes. Whether you're a professional musician or just someone who loves to experiment with sounds this app has something for everyone. The interface is user-friendly and the variety of genres and styles available is impressive. Highly recommend it!,5,0,,2024-07-25 06:49:37,,,,mus10255,com.lascade.songai
55d13299-b590-47e2-92e2-54cf050e7fe4,so far ive enjoyed this app but i cant download them it just says untitled song with what i have and i paid for the premium,4,0,3.0.9,2023-10-05 16:39:09,,,3.0.9,mus11638,com.feraset.tune
9a7ca598-eccf-4275-a398-f0aad35fec16,Amazing for creating songs,5,0,4.1.2,2024-04-10 20:33:16,,,4.1.2,mus12405,com.feraset.tune
ab981eb5-8dcb-4896-8c90-406f93bbb3b7,It won't let me select my own voice that I purchased!!!!,1,0,4.0.11,2024-01-11 20:36:28,,,4.0.11,mus12302,com.feraset.tune
faa1da77-fcd3-4f94-bf4f-e2f4070c1c84,Forever and ever amen by batm4n sounds horrible like somone gargled with razor blades. I will not pay for that one horrid example of what this app can do.,1,0,4.0.6,2023-11-14 17:19:27,,,4.0.6,mus11329,com.feraset.tune
a2e0bc9c-f86e-491d-a327-bbd5ec6da43c,Error are there wanted codes,1,0,1.0.8,2024-08-09 01:36:46,Dear Users! Our app is currently unavailable due to some necessary infrastructural changes. Rest assured were working hard to get everything back up and running quickly. We appreciate your patience and understanding during this time. Hold on tight and thank you for sticking with us! Team CX!,2024-08-12 08:16:03,1.0.8,mus8451,ai.vyro.musicly
13b1aff9-6a72-4889-af4e-cc5f911379db,I made a famous song with this super good:),5,0,1.0.1,2024-05-06 15:19:18,Thank you for your kind words! We're thrilled to hear that you find the app enjoyable. If you have any questions or need assistance feel free to reach out. Donna Support Team is here to help!,2024-05-13 10:21:39,1.0.1,mus3891,com.ai.sound.donna
ae128576-0bb0-4c65-8b2a-876c1106fbb2,Let's you think you can try before you buy but NO You can't.lies and deceit.,1,0,4.1.6,2024-06-02 13:07:30,,,4.1.6,mus11980,com.feraset.tune
d2bc282e-a234-4005-8192-80d511ebf96f,I can't exactly pay for it at the moment but maybe someday in the future because this thing sounds amazing and sounds like actual singers. Edit: Bought a weeks for now. I LOVE THIS THING! what I said before was an understatement has multiple types and genres and the music and songs literally like from a actual artist or singer it's honestly musicallly beautiful told details of a life I wanted sang my name and everything CORRECTLY! I love mixing music and fighting this? PERFECT 4 IT!,5,1,1.0.2,2024-06-11 02:47:24,Thanks for taking out time to rate us. It really helps us to keep going and delivering the best :) Donna Support Team,2024-06-06 03:57:13,1.0.2,mus172,com.ai.sound.donna
469b5840-76a7-4997-89b5-7a5a8790489a,I love music ai,5,0,,2023-11-14 18:03:01,,,,mus13334,com.feraset.tune
ce003180-0f17-4994-bdaf-692eec9b4792,If we could use our voices for free but pay by watching ad that would been amazing,1,0,4.0.11,2024-01-10 20:04:41,,,4.0.11,mus12010,com.feraset.tune
63a64d61-06ee-4623-a7c0-94a3e869ecc9,awesome app to use but I wish it was free,5,0,1.1.2,2024-08-26 19:28:47,Thanks for your love and support! We'll keep improving.,2024-08-26 22:16:56,1.1.2,mus16991,com.ai.music.generate
6005cec9-f131-46ad-9084-3e7123e047f6,ndirdik ama deme yapmadan kullanamyorsunuz o yzden tamamen olumsuz deneyim,1,0,1.2.5,2024-10-07 10:08:41,Yaadnz olumsuz deneyim iin zr dileriz. Uygulamamzda deneme sresinin olmamas kullanclar iin zorlayc olabilir. Geri bildiriminiz bizim iin deerlidir ve bu durumu gz nnde bulunduracaz.,2024-10-11 05:03:05,1.2.5,mus17321,com.superapplabs.song
94460c98-41bf-49aa-92f5-5ca360cea961,Just starting out and the app has generated some amazing results so far. I like it.,5,0,1.0.22,2024-09-24 16:13:57,,,1.0.22,mus951,com.ai.sound.donna
6a7080b2-98bc-40aa-95a5-9ead8802c90e,just let me make my own song without paying.,1,0,1.0.22,2024-09-27 02:21:09,,,1.0.22,mus2641,com.ai.sound.donna
a9bda12e-18eb-407e-aad0-4fb6b8e6243e,I broke your app instantly ai dosnt sound like its suposed to -1 star song catalog verys small -1star general cheapness -1star ease of acses bad -1star,1,0,1.3.2,2024-02-14 19:16:22,,,1.3.2,mus9244,co.appnation.aimusic
016943bf-cd98-43ff-97c9-5de670815a6d,It's not bad it's just not inviting or useful for anyone that doesn't have money they can afford to use in the app like me,3,0,,2023-11-26 00:46:11,,,,mus11805,com.feraset.tune
cb38d655-3006-412a-b020-9d3039c361f0,I hate Ai but this is actually scary good,5,0,1.0.14,2024-08-16 20:58:10,,,1.0.14,mus3108,com.ai.sound.donna
48e3b92a-aec2-46b4-9fbd-05dc959d8689,it was exactly what I wanted,5,0,1.0.9,2024-07-27 17:21:55,,,1.0.9,mus3646,com.ai.sound.donna
3f0cd088-1bcb-4689-93da-3e06f6945dff,Tried to create female AI covers of some my favourite songs soft female voices for rock (not screaming) songs and it just doesn't work. The AI using the already implemented voices you can use it just changes the original singers voice to a higher pitch and then sometimes just gives you distortion for the stronger notes. Not worth the price. UI is easy to use cannot comment on how well it does it with your own voice (as I didn't attempt this as I can't sing),1,71,4.0.13,2024-02-02 20:25:38,,,4.0.13,mus10632,com.feraset.tune
761bccd2-a0df-4fea-a965-71540d15a5a0,Great so far! Would really love more options like key tempo 'style of' etc,5,0,1.0.13,2024-08-07 19:50:31,Thank you for the 5-star review! Were thrilled to hear youre enjoying our AI song generator. Keep creating amazing music with Donna AI!,2024-08-08 06:28:13,1.0.13,mus1225,com.ai.sound.donna
d5344ecc-bf07-42a6-92f3-ab1cc7a1c028,It says I have 10 credits and then you try and use the app it says no credits and to pay. Scam,1,1,,2024-05-17 23:02:00,,,,mus7379,com.singgenix.suno
f11eb72d-9b0c-4f13-9504-c0a03cce9f36,I'm amazed very easy to use,4,0,,2024-08-15 22:29:05,,,,mus4322,com.ai.sound.donna
b95f2aba-0460-42cb-b0ef-7d6b66a95317,makes you either pay before you know what the service is tries to get you to pay without seeing results won't let you make custom voices without paying but it also won't tell you that custom voices are paid until you've recorded for 7-15 minutes. dookie bro,1,0,,2023-12-07 19:34:03,,,,mus11128,com.feraset.tune
fd123ead-4eed-4e77-bef8-1650cb9f2388,First time I'm writing a review for any app. This app is mind-bogglingly good. It has made songs for me that I can't stop listening to!,5,0,1.0.15,2024-08-19 19:41:55,,,1.0.15,mus724,com.ai.sound.donna
cf44f593-11b1-4980-bc47-529a231a33af,Great way to records songs.,5,0,1.0.15,2024-08-22 02:00:54,,,1.0.15,mus2206,com.ai.sound.donna
fdfc243d-e295-43e5-8e19-2b200cfa5aeb,It didn't work out for me when I tried pressing the ad it doesn't let me play the song,2,1,3.0.6,2023-09-14 15:47:19,,,3.0.6,mus11724,com.feraset.tune
318ee128-7cf6-4c58-a833-8b9caff37753,NAAA THIS APP IS AMZING IT DESERVES 10000 STARTS INSTEAD OF 5 SUOER DUPER COOL IT CAN MAKE ANY SONG OR RAP U WANT I LIKE RAPS TELL ME WHAT U LIKE AND MAKE SURE TO DOWNLOAD THIS AMZING COOL APP,5,0,1.0.24,2024-10-10 17:04:21,,,1.0.24,mus1680,com.ai.sound.donna
35d6df1c-b597-49f0-8705-f9ee4da0f724,The generated music is actually really good. Even on the free version. The app itself seems a little glitchy. When I try to upgrade to premium it doesn't respond. I finally upgraded to premium but the app never changed to premium unlocking the premium features I restarted the app waited a few minutes and still nothing. Very now. Getting a refund,3,0,1.0.19,2024-10-02 01:43:21,,,1.0.19,mus15308,com.musycraft
e15875a6-b22f-4f2c-8fb8-3f08c813b30f,i hope this will continue! But i also hope that the separation between music and vocal can be allowed. Trust me this app will be the greatest for upcoming musical artists!,5,0,1.0.9,2024-07-29 05:40:55,Thank you for your suggestion! Were always looking to improve. Stay tuned for future updates to our AI music maker.,2024-07-29 10:44:59,1.0.9,mus493,com.ai.sound.donna
8122da26-a58f-4007-8003-98ca4efb55f1,it only lets you make ONE SONG before they just force you to pay good song maker but you gotta pay to do anything else its so annoying.,1,0,1.0.9,2024-07-28 17:30:10,We appreciate your feedback. Donna AI offers one free song creation to showcase its capabilities. You can earn more free credits by inviting friends to join. If you have any questions please reach out to us at donna@mobiversite.com.,2024-07-29 02:53:23,1.0.9,mus1152,com.ai.sound.donna
73b6d95c-001e-4bde-b1ff-f15c32cc5f2f,3 songs then you have to pay or wait 2 days for credits. And it's only 15 seconds of the song,1,0,,2024-01-02 02:49:24,,,,mus12037,com.feraset.tune
e8d8e584-4224-4e9a-b794-971e9b13b2fb,I like it! It's super convenient. All I can say is that it's superb.,5,0,1.0.9,2024-07-31 08:10:37,Were so glad to hear you love our AI music maker! Thank you for the wonderful review. Keep exploring and making great songs!,2024-08-01 02:27:25,1.0.9,mus1671,com.ai.sound.donna
0dc90468-24d4-41e8-9fab-5544d0b8b2ee,It's good but can you add celebrities?,4,2,,2024-02-04 13:52:52,Hi we will add more in the updates. Thank you for sharing your thoughts with us :),2024-02-06 03:18:50,,mus17928,com.ai.music.clone.generator
2b66e1aa-90ad-4a92-b9db-d31d8c7add3f,Garbage app. $6.99 a week to use. The voice generated doesn't sound like me at all. Waste of money waste of time app was created to steal money report this app for false advertisement. Fake lame.,1,1,1.3.2,2024-06-23 06:53:36,,,1.3.2,mus15902,com.talentme.singup
476d610b-48a9-4ca1-9686-9d6b5ca85a06,I got the premium and i can't do anything,1,0,1.6.0,2024-04-13 22:11:20,,,1.6.0,mus17560,ai.music
4e303fe1-d81b-4c20-b4b8-c1a224fa07f9,Gets you to record and upload 7 minutes of your voice and then you can only proceed when you pay.. no trial and a waste of 7 minutes.,1,0,,2024-02-14 18:18:52,,,,mus11793,com.feraset.tune
67133594-1304-4dd5-9df2-95497457d01e,I cried. Back in 2002 I tried my hand at writing a song in high school. After finishing it I realized I would probably never get to hear my song in its full glory. 22 years later ( July 1 2024) I finally got to hear my song and it was amazing. I cried and got goosebumps. Thank you.,5,0,1.0.5,2024-07-02 13:59:01,,,1.0.5,mus1056,com.ai.sound.donna
a80cef8d-fa26-488f-be1d-2b344b2ede5f,Not enough of trial. It's like putting one shoe on and then they make you pay before you can out the other on and walk around.,2,1,,2024-06-04 21:03:25,Dear User thank you for your comments and feedback. We would like to support you with this issue and so wed appreciate it if you could write back to us at donna@mobiversite.com.,2024-06-06 05:30:25,,mus2937,com.ai.sound.donna
998b96f1-4fc9-4663-a19b-b51119dc6168,It automatically asked for 5 stars as soon as I opened. This means that I will now give it as low a grade as possible. That is a corporate scum move and I will solely base everything on this alone. I don't care if this is the best application ever made. The fact that you asked for a rating before I even tried the app is horrendous and you should be ashamed.,1,9,1.4.2,2024-05-10 21:39:15,,,1.4.2,mus8973,co.appnation.aimusic
4517290d-b9e8-49dd-b2c0-0b6e78a6e787,Lots of fun various styles try it make music for yourself and Enjoy !!,4,0,1.0.1,2024-06-01 13:45:51,Thanks for taking out time to rate us. It really helps us to keep going and delivering the best :),2024-06-04 04:23:33,1.0.1,mus2259,com.ai.sound.donna
e36d2ea1-681d-4eab-8b6e-ef3fcbf60761,Good app with music and all this is like duolingo you have hearts in this app you have idk what but you need to have it to create a song i hate this app and i already deleted it thid app is trash,1,0,,2024-10-05 15:05:18,,,,mus3385,com.ai.sound.donna
5bd9b515-760f-47fc-90c7-30c69cc809d2,very helpfull but the subscriptions are too high for making a song,4,0,1.0.24,2024-10-09 08:19:49,,,1.0.24,mus1081,com.ai.sound.donna
1ce3e843-803e-4f7d-90b9-79aecd03b95b,Good app but be prepared to pay!,5,0,1.0.1,2024-06-06 14:02:33,,,1.0.1,mus3516,com.ai.sound.donna
2c762fd6-1691-4e8f-83f3-9e80239663fc,Had to pay to use the app Asked me to review as soon as I open the app Not well made,1,0,,2024-01-28 15:01:34,,,,mus12300,com.feraset.tune
7a0154e2-e7d6-47b0-9f3b-e5bfa0cf682d,Wish I didn't have to pay for it but it seems like it would be worth it,4,0,1.0.2,2024-06-12 22:22:33,Thank you for downloading our app. We'd love to earn 5 stars so please write to us at donna@mobiversite.com suggesting what we can do to improve.,2024-06-14 04:19:02,1.0.2,mus3756,com.ai.sound.donna
f83bfecc-a1a8-4999-a14b-462883ea8dc7,Kind of fun right up until you realize you get one voice for all your songs. It's hard to sing your favorite Booty song in your Johnny cash voice.,2,0,1.3.2,2024-07-05 03:35:51,,,1.3.2,mus15955,com.talentme.singup
9db1d91d-b7ac-4c04-a92b-6ae9bf85c0a8,The app lets you go through all the steps of making a custom voice but then when you go to make the custom voice it says you can't do that you need to make a subscription first which costs money,1,0,4.1.6,2024-06-12 06:28:28,,,4.1.6,mus10643,com.feraset.tune
03fc1aaf-71fc-4d50-b00f-325b065374a4,Wont let you write whatever you want has content restrictions or at least what they consider inappropriate. Censorship at its finest .,1,0,1.0.15,2024-08-24 22:38:41,,,1.0.15,mus1560,com.ai.sound.donna
b26ca5f2-9b72-4fe4-9028-3389b0a5bbe9,Can't do anything not even test it without paying,1,0,1.0.3,2023-09-08 23:53:51,,,1.0.3,mus9531,co.appnation.aimusic
d26dc2b1-ca17-4b14-baa5-30e0371b4d7b,this song really put me in tears and the fact that I was actually able to send it to my man amazing thank you so much,5,0,1.0.8,2024-07-18 08:58:33,,,1.0.8,mus2943,com.ai.sound.donna
8696bf83-d918-43b1-86aa-14e2ab1f2489,Literally every single item is behind a pay wall fix this app now I refuse to use it ever again in its current unfinished state it is a 0/10,1,1,4.2.10,2024-07-25 03:51:39,,,4.2.10,mus10732,com.feraset.tune
ab9f321b-e69b-419a-90cd-6bcd5dcd855f,Won't let me register to begin with.,1,0,1.0.0,2023-03-30 00:01:56,,,1.0.0,mus15205,com.multiplewords.ai_music_generator
cbf9fbfb-f315-48b6-a852-276c876cd345,An amazing music creation app the A.I built into this incredible app is astonishing. This isn't just a rival to some of my current music creation apps this is better just wished it wasn't subscription based in order to get the best out of it.,4,1,1.0.14,2024-08-11 11:25:47,,,1.0.14,mus359,com.ai.sound.donna
ff927113-c56c-48de-8c09-ddc250b9b37b,Brilliant Song Creator. simple to use and create.,5,0,1.0.22,2024-09-29 01:12:24,,,1.0.22,mus1113,com.ai.sound.donna
1a621e90-e138-42ce-9cab-d15cf5c898a7,App is good but I can't seem to get ahold of anyone to cancel my subscription. I will change my review once this problem is resolved.,2,0,1.0.8,2024-07-28 22:08:23,,,1.0.8,mus1451,com.ai.sound.donna
fc85608b-7536-4618-a4f0-7bec0ad0c09b,Doesn't let me make anything without paying a ton of money.,1,0,1.0.22,2024-09-24 21:15:05,,,1.0.22,mus3422,com.ai.sound.donna
e7cf064c-ce25-44a1-8c29-1340316913eb,this app is unbelievably amazing the first song I created I actually had tears i was shocked and amazed about how great it sounds I personally think Ai will be a bad thing in the coming years but this kind of Ai I don't really see much of a problem I recommend this app be prepared to amazed,5,0,1.0.14,2024-08-16 08:53:04,,,1.0.14,mus489,com.ai.sound.donna
3585eaa0-c5a6-4d67-8b9a-0f712ee9cc81,Pathetic app don't waste your time on it,1,0,4.0.9,2023-12-19 16:02:36,,,4.0.9,mus12906,com.feraset.tune
278ad2b6-553b-4c20-9578-4f0c231ef984,it is a great app to do videos for an ad,5,1,1.2.0,2024-01-29 13:44:47,Thanks for taking out time to rate us. It really helps us to keep going and delivering the best :),2024-04-19 20:32:44,1.2.0,mus17515,ai.music
00652629-21fa-4b10-989e-bde527544ee3,Just says something went wrong when I hit create,1,0,1.3.4,2024-09-10 16:19:03,,,1.3.4,mus6993,ai.music.generator.song.maker
80720ae6-0a94-43d2-821a-728b0a9afc3b,AI should be used as a tool but to have it just generate music where it takes zero skill or musical knowledge.absolute trash. This is a poor sign for the future to come. The songs are horrible anyway.,1,4,1.1.0,2024-07-17 10:11:17,Dear user sorry for the bad experience. Have you any details suggestion to improve our product? Please send us to email rthronstudio2021@gmail.com. Look forward to your feedback and suggestions soon.,2024-07-22 05:13:17,1.1.0,mus16821,com.ai.music.generate
0aa0c927-5fca-43ab-980e-f3a330330c3a,It doesn't work? I tried multiple times using the existing voices and all of them just sounded like trash. I already bought the lifetime access. If it still won't work after few more tries I will refund.,1,4,4.2.23,2024-08-17 04:18:14,,,4.2.23,mus10542,com.feraset.tune
3c4fe943-138e-405d-b2db-e39fae98ab3e,AI have no soul and ill show the world why AI sucks!,1,0,1.0.3,2023-09-30 09:09:19,,,1.0.3,mus9404,co.appnation.aimusic
2eabed99-fc33-4498-9c44-e385949ffa44,It's fun but could be miles better. I gave it 3 stars instead of 4 because I reached out to CS with a question and they never replied. Adding an option for users to upload their own music would help as I've found that the results on certain voice/song combos can be greatly improved by pitching the vocals for a song up or down before processing. Being able to upload the song directly from my own device would be a huge improvement.,3,102,4.1.2,2024-03-28 17:09:56,,,4.1.2,mus10466,com.feraset.tune
9994520b-c011-4d07-a21e-3ecde89f82af,It's good but I can't give it the 5 stars it so deserves due to not having a free option with ads,4,0,1.0.11,2024-08-04 09:13:17,,,1.0.11,mus1205,com.ai.sound.donna
7d596a45-82d3-4115-abda-0713d201139e,I'd give a higher rating if I was able to test the use my voice option at least a few times without having to pay immediately.,1,1,1.0.2,2024-08-11 14:12:14,,,1.0.2,mus16476,ai.cover.suno.song.music
19d89d35-e5d2-45fd-8230-d1935815ad4c,Your own voice not included. ---------------------------- I paid for it so you don't have to. If you buy the lifetime membership you still don't have access to everything! They still charge you $5 for your voice to be AI generated. This is ! I recommend you don't buy the full membership and just pay that recurring fee of $5 per voice which takes 7-15 minutes talking about Memes. --------------------------------------I hope this was helpful please upvote to let this message be known.,1,0,,2024-03-01 19:12:42,,,,mus10842,com.feraset.tune
01ebf3aa-f47f-495e-86bd-7d52ae6a1246,Can't try it without account.,1,0,1.0.3,2023-08-26 09:13:42,,,1.0.3,mus9574,co.appnation.aimusic
8d7cddf4-dd10-4ef5-aae0-1254bee4ed71,Was a bit sceptical but was pleasantly surprised,4,0,1.0.16,2024-09-01 18:32:08,,,1.0.16,mus2068,com.ai.sound.donna
60847918-030a-43ca-a196-132ec78f033b,I payed for the subscription and then when I uploaded my voice for the AI I hit another paywall this app is a scam!,1,1,1.3.2,2024-06-27 23:59:47,,,1.3.2,mus16031,com.talentme.singup
f17e3952-a544-4e16-b2ea-782e4ebd9128,I really enjoy this app however I wish you would add Bluegrass as a genre I would love love to have the option to choose Bluegrass as a genre that would be awesome please consider that my friends,5,0,1.0.8,2024-07-14 15:35:25,,,1.0.8,mus1172,com.ai.sound.donna
5ad8750e-4538-4cc7-9d03-40ff40fd9d3b,Got one good song but I'd rather pay 10 for credits to get 5 free song s or something like that I will definitely have a use 4 it then,3,0,1.0.2,2024-06-12 13:59:48,Sorry to hear you are unsatisfied with the progress of the updates. I hope you can enjoy our app again in the future.,2024-06-14 04:20:20,1.0.2,mus1647,com.ai.sound.donna
9aaa5aff-4a8a-412b-a987-8dfc662eb978,App is getting better but now more track issues. I have faith in time my review with go up. Responsive dev.,3,3,0.2.10,2023-04-13 01:27:37,It's definitely an app issue please try again now it should be working and you can send a message to support or find us on discord and we can refund the credits.,2023-04-06 06:05:45,0.2.10,mus8023,com.dc1ab.wau.ai.music
f22cb343-b2d1-4343-b3b3-c5fd25d9928e,Al Song - Music Generator is an impressive app for anyone interested in creating music effortlessly. Its intuitive interface and powerful features make composing and experimenting with melodies a breeze. The app offers a wide range of sounds and customizable options enabling users to produce high-quality tracks without needing extensive musical knowledge. Whether you're a seasoned musician or just starting out Al Song is a fantastic,5,0,,2024-07-28 13:37:32,,,,mus10277,com.lascade.songai
5d8f1817-46ac-4def-91a6-9de2d291574a,it's all new to me. and I enjoy the features and creative Donna AI features. I'm totally awestruck. thanks for the opportunity to soar high I most likely will subscribe .,5,1,1.0.22,2024-09-27 22:29:43,,,1.0.22,mus459,com.ai.sound.donna
1b1accb4-6a8b-4df8-8611-6cedb0efbf54,Honestly I'm blown away by how good the songs are that this makes! Almost every one is a hit and I've had a blast making them. However I have a few minor complaints. 1. The genres aren't generic at all and I honestly don't know half of them. 2. The cost. I understand but if I pay the weekly cost I shouldn't be limited by credits. 3. I understand not wanting profanity but I'd love if it would allow profanity just restrict you from posting publicly. Otherwise phenomenal app.,4,1,1.0.7,2024-07-11 22:12:23,Thank you for your detailed feedback! Were glad youre enjoying the songs created by our ai music maker. Were working on improving genre selection and considering your suggestions regarding credits. Content restriction is must due to the policies of Play Store. Your input helps us make Donna AI even better!,2024-07-12 02:45:38,1.0.7,mus772,com.ai.sound.donna
32d6a62c-5deb-45ea-8401-aa4d05477057,Amazing app it was so good this is the app you would want to download.,5,0,1.0.1,2024-06-06 21:32:01,,,1.0.1,mus3463,com.ai.sound.donna
13b90601-90ff-49eb-a91b-3491f154cfa0,Paid for a week. Waited over 2 hours for the songs to generate. Nothing happened. I want a refund.,1,5,1.2.1,2024-05-10 14:04:27,,,1.2.1,mus15993,com.talentme.singup
e3745f50-300b-4794-bc59-12ddbfba8af3,very fun! takes a few tries but can make great songs,5,0,1.1.1,2024-08-03 12:48:32,,,1.1.1,mus16936,com.ai.music.generate
a3b2515b-6cb6-426c-9055-53e62c123f0c,I made a song that hits different this app is good.,5,0,1.0.8,2024-07-21 02:18:10,,,1.0.8,mus2945,com.ai.sound.donna
018bd03b-c6e2-43ec-9d06-ce728074aea3,it's how I wanted it to sound.,5,0,1.0.9,2024-07-31 14:30:18,Thanks for the great review! Its awesome to hear youre having a great experience with our AI music generator. Keep making incredible music!,2024-08-01 02:28:18,1.0.9,mus2962,com.ai.sound.donna
eaaee41e-5973-47f0-b551-5f83946b0153,I like it but I wish there's a search bar to search others viewers content and search by genre and I wish we can like the song too.,4,0,1.0.14,2024-08-14 15:23:53,,,1.0.14,mus688,com.ai.sound.donna
b856ad94-4559-4854-b840-11d74c28b41e,it be cool if it let you create a 2 min or 3 min songs. Write the lyrics. choose how to add stuff to it without it being sang in the song. other than that this app is awesome,5,20,1.0.2,2024-05-13 23:30:53,,,1.0.2,mus16893,com.ai.music.generate
4fe2e1df-816b-4f98-b545-b2f69815fc8a,I'm a Youtuber and now I don't have to ever worry about anymore Copyright Claims Thank you so much for this app,5,0,1.0.11,2024-08-05 14:03:05,Were delighted to hear that you love our AI music generator! Your support means a lot to us. Enjoy making great music with Donna AI.,2024-08-06 02:06:55,1.0.11,mus1996,com.ai.sound.donna
7bd37908-d1b9-4f90-975e-8e92b4c56ea6,This is a fun app to create music,5,0,1.0.5,2024-07-01 06:24:13,,,1.0.5,mus3526,com.ai.sound.donna
4b593a1f-5c2d-4702-a66c-fb5e29862051,Bro I get we gotta credit you but wth is the point of a auto genarating app to avoid copyright if you can only use it for social media (I'm a indie game dev sorta.maybe) I get you can't really monitor outside of that but mine as well just make it paid to use and get full license to music created in it? But they do warn you so plus 1 star,2,0,0.2.15,2023-05-29 23:06:42,You have made good points! In fact we are already aware of this so we have been working on easier solutions for everyone involved. However AIGC is so new that legalities are not clear yet. More patience and understanding would really allow small teams like us to survive and grow.,2023-05-30 06:32:48,0.2.15,mus7986,com.dc1ab.wau.ai.music
c8ecd56d-62a4-495e-bee4-166839441425,So the big drawback to this app was that i cant put my own lyrics in it. There are other apps that allow that. This is why i un-installed it.,3,0,2.0.7,2024-08-19 20:25:07,,,2.0.7,mus16577,com.script8888.magicmusicai
ca7a21cd-89b7-40f2-b6a4-1cc1c92fa83a,It took my voice off like undid my premium,1,0,4.0.11,2024-01-13 17:03:34,,,4.0.11,mus12571,com.feraset.tune
3afc8dfc-0c45-4602-a739-2e4f9b9398b2,Wow this is an amazing program just amazing worth paying for!!,5,0,1.0.9,2024-07-31 06:12:09,Thank you for the 5-star review! Were thrilled to hear that youre enjoying our AI song generator. Keep creating amazing music with our app!,2024-08-01 02:26:59,1.0.9,mus1523,com.ai.sound.donna
cb1f43b4-0e68-42ab-91c0-f92ab2ce95f3,I purchased the Weekly Basic plan and in the 'Now' column it says 'unlimited generate ' but it turns out I still have to upgrade to Pro. So what does it mean? Paying for the Weekly Basic plan and you're still limited? still like pay for trial version.,3,4,2.0.3,2024-09-07 22:32:15,,,2.0.3,mus8193,ai.vyro.musicly
5f8286db-3a77-4ac6-98fb-3714f4f17a9a,Definitely still some bugs but awesome most times.,4,0,1.0.24,2024-10-09 23:41:34,Thank you for your feedback! We're glad to hear that you find our app awesome most of the time. Wed love to hear more about the specific issues youre encountering. Your input is valuable as we work to enhance your experience. We're here to help you!,2024-10-10 06:17:00,1.0.24,mus1183,com.ai.sound.donna
3c66ef8f-c4a5-45ee-b149-90441ba7c87e,It costs money to make a song 1 star horrible,1,0,1.1.2,2024-09-07 14:31:03,Sorry for your trouble. Due to the high cost of using AI we have to limit the number of free uses. Every user has 1 free time try. After you use up the free time you can get free access by paying for a subscription.,2024-09-08 22:52:06,1.1.2,mus17012,com.ai.music.generate
4968b3a1-110a-450c-9868-13b6a037c76e,Why does my song takes so long to generate my song? It's been like an hour.,2,1,2.0.4,2024-09-23 03:10:20,We apologize for the delay! Song generation times can vary depending on server traffic. An hour is definitely longer than usual and we appreciate your patience. If the issue persists please feel free to reach out to us and we'll look into it for you. Team CX!,2024-09-23 08:47:00,2.0.4,mus8325,ai.vyro.musicly
29ef0f43-febf-47c2-b37c-8eb6cd23c565,When I went on to it it always asked to rate and and I haven't even tried out the app. So I can't rate it. And when I try to make a song it's only 5 seconds long not enough for me to actually hear It. Then going on to the AI covers. We have to pay for that in order to listen.,1,1,,2024-07-16 02:16:48,,,,mus17362,ai.music
c9856c79-853b-4c90-a575-bb86c54ea577,"Does not have the""my voice button",1,4,1.0.0,2024-04-11 06:42:15,,,1.0.0,mus16340,com.talentme.singup
70e0ef54-e681-410f-b5c7-f6a0ea1ad43c,this app is amazing it is shokinly good!!! .,5,7,,2023-08-27 12:31:10,,,,mus9523,co.appnation.aimusic
a0b451b8-d66d-45f1-aa85-8f9f252546c9,Es de pago pero realmente me encanta. Cumple perfectamente su objetivo. La interfaz es fresca y agradable. Es fcil de utilizar y divertida. Si crearan un versin libre de pagos sera perfecta porque no puedo pagarla y s que como yo muchos desearan poderla usar sin restricciones econmicas. Espero tengan en cuenta mi sugerencia y obtener respuestas de su parte a este post. Gracias.,5,0,2.1.4,2024-07-26 20:22:17,Gracias por tu entusiasmo hacia nuestro AI Song & Music Generator! Nos alegra saber que disfrutas de la experiencia creativa y la interfaz. Apreciamos tus comentarios y consideraremos tu sugerencia atentamente. Sigue creando con nuestra app!,2024-07-26 21:02:09,2.1.4,mus7854,com.zona.aimusic
29e2c779-ef87-44f5-903a-9a22eef91768,We can't create a free voice to test this app.. How we can buy a fish in the water.. Fooling people is not the way to get money.,1,0,4.2.27,2024-10-05 08:00:04,Thank you for sharing your concerns. We understand that being able to test features is important and we appreciate your feedback. Your input will help us improve the experience for all users. Best regards,2024-10-07 15:15:19,4.2.27,mus10749,com.feraset.tune
e76b5a49-0e6b-4684-97c6-978a80d21331,Developers forgot theirs always better out their that's why u have to pay to even use the app . to all those looking in to this app lol just take the time to learn how to make your own beats it's really easier then u think . Beyond that the beats that are made by the so called a.i are garbage to me do it your self so shady apps like this don't make anything off of your creativity,1,53,1.2.0,2023-12-17 16:33:38,,,1.2.0,mus17373,ai.music
c896f5b2-3322-4576-b863-98c7d12c210e,Whether new or seasoned can put it together efficiently.,4,0,0.2.12,2023-04-23 16:32:46,Cheers ! Thank you for your kindness and encouragement! We would love to hear more from you especially where you would like Wau to improve. Hope to see you around at our Discord Community.,2023-04-24 13:38:11,0.2.12,mus8051,com.dc1ab.wau.ai.music
49be94d4-e5f0-4eff-b5b4-7ad2bb0e1abf,Trash it only gives u 1 song that it makes u play then wants u to pay after,1,0,,2024-06-24 00:38:42,,,,mus4331,com.ai.sound.donna
a6df4cee-baf7-4b27-bbdb-106f3b3b82f4,Sucks everything need to pay,1,0,2.1.0,2024-10-02 14:24:49,,,2.1.0,mus15540,com.aicover.aimusic.coversong
e92e0df6-dd57-4ece-a18c-66c2da1ee24b,The A.I voice processing is absolutely DISGUSTINGLY offensive. The fact that you charge people for THIS is a joke. Getting a refund.,1,0,4.2.8,2024-07-04 20:09:59,,,4.2.8,mus11388,com.feraset.tune
dddebe15-4c2b-4501-bed3-c083d08f85d1,"Not cool. I recorded 7 minutes of my voice to be told Afterwards to pay for a premium or lose the recording. They make you go through all of that reading Just to tell you basically "" oops looks like you have to pay for it Or you did that for nothing!"" Absolutely ridiculous.",1,2,4.0.12,2024-01-31 11:11:46,,,4.0.12,mus10824,com.feraset.tune
930cfbc5-6078-47a7-8841-b8435626cd4a,Gives one generated song first gave it a go took 7 minutes to sing n talk to the bloody phone. finally it loaded up didn't even sing just hummed to a mix track..no good.,1,0,,2024-05-16 08:35:36,,,,mus11298,com.feraset.tune
275aa280-9001-4423-871a-da0e849342a7,sensational! prepare to be amazed hearing your lyrics put to music that sounds great best app of the year!,5,1,2.0.5,2024-07-01 07:47:54,Thank you Lee Westman for the fantastic review! We're thrilled you found our AI song generator app sensational. Creating music with Zona is a true delight for music lovers and creators alike.,2024-07-01 08:02:06,2.0.5,mus7606,com.zona.aimusic
174194aa-9247-4bda-9571-21b0520beb8e,Scam. I paid for this service but it does not do anything. Keeps coming up with error messages. My refund will be in order,1,1,1.1.0,2024-07-12 17:41:35,Hey sorry for the trouble! Please update to the latest version and try again. If the issue persists contact us at connect@lascade. Thanks for your patience!,2024-08-19 08:13:07,1.1.0,mus10327,com.lascade.songai
b6a42b7d-b989-489e-94f5-071a9090a7ea,the best apps for making your own music hahahah love it,5,0,1.0.16,2024-09-01 20:54:41,,,1.0.16,mus2038,com.ai.sound.donna
c9a49bda-8da0-4702-bf21-a6fb80f50e61,Only 2 free generations when you could have a daily limit which can be extended by watching an ad. You also cannot save the song and while I could understand not being able to alter the song using the app not being able to show others or enjoy the song outside the app is unacceptable. I will change my review to 5 stars after this is corrected but not before. 1 generation with 2 examples was a good idea but we only get one free generation period.,1,11,,2024-08-25 09:24:32,,,,mus16563,com.script8888.magicmusicai
e924c9df-d7ec-4838-b56b-fa0dc930bfdd,"You know the app sucks when the icon in the play store says ""hatsune MIIKU"" and ""emin3m"" to not get copyrighted",1,0,,2024-08-09 16:55:30,,,,mus16517,ai.cover.suno.song.music
12454f83-6cce-4cc9-b5ba-6d30cf693064,It is so unreasonable to give us one free song without previewing it first. In fact the whole thing is unfair to new users. Atleast give us a 3 day trial subscription of more than 1 free song. maybe a free song a day something like that to encourage users.,1,0,,2024-07-08 13:34:24,Thank you for your feedback. We understand your frustration and are exploring ways to improve the new user experience. Offering a preview or a short trial period is a great suggestion. Your input is valuable as we work to enhance the app for all users. If you have any further suggestions please contact us at donna@mobiversite.com,2024-07-10 04:25:19,,mus1904,com.ai.sound.donna
df60fc7d-5aa3-4e80-bd44-87c751499836,I sing better in person than this does and it cost 5 dollars to redo the voice.. don't do it,1,0,1.3.3,2024-09-20 00:07:24,,,1.3.3,mus15873,com.talentme.singup
c6198444-307e-480f-b98a-4d3f1bc111c2,Apps like these make me a real renAIssance man.,5,0,1.0.8,2024-07-15 22:30:39,,,1.0.8,mus3936,com.ai.sound.donna
fc8958ca-b43a-42cf-9262-66028f6ac025,Can I put my song on the gallery? And my song is soo good it's easy to make and you can't sing its easy I love this app soo much and I really want to put my song in my YouTube channel to be popular!!! Like mrbeast and unspeakable I want money!! I love this app soo much thank you creator for making it. It only need 3 or 4 steps and made this cool music the name is star at the sky I love my first song soo much that's why this app popular I love it!!!!! Okay bye.,5,0,1.0.24,2024-10-06 08:49:00,,,1.0.24,mus435,com.ai.sound.donna
91eeff88-35be-40a2-b64b-28c8c5a51aab,It's too unfair to spend money just to use the app.,1,0,,2024-08-01 22:52:32,We appreciate your feedback. Donna AI provides one free song initially and you can generate unlimited free songs by inviting friends. This way you can enjoy our AI song generator without any cost.,2024-08-02 03:01:51,,mus4320,com.ai.sound.donna
2cd56c0c-8764-4872-b30b-a7c920e07062,if youre a good songwriter this is the app for . even for artist who need ghostwriters,5,0,1.0.24,2024-10-11 01:52:30,,,1.0.24,mus1080,com.ai.sound.donna
42456a7a-19d2-477b-a733-9cb34c69ca1c,great app better or less quality about 80 songs in 2 weeks. but when i finished my subscription I had about 20 lsongs left to do all was gone. and with a subscription you have 60 songs. All extra you have to pay extra,4,0,1.0.15,2024-08-21 03:36:44,,,1.0.15,mus391,com.ai.sound.donna
7f66e29f-2f0c-430d-91d7-a2315c420217,It's a good app but it only let's you make one free song. You are required to pay for more than one.,2,0,3.0.6,2023-09-17 17:01:37,,,3.0.6,mus11412,com.feraset.tune
e57d9c0c-6eba-4bd0-8a29-356882da822e,takes long to start,3,0,4.0.9,2023-12-28 05:01:59,,,4.0.9,mus13146,com.feraset.tune
9d4a04bc-7a9a-4612-9252-7ec5a6b56219,absolutely incredible. well worth the yearly subscription!!! best one i've found!!,5,0,1.0.14,2024-08-13 10:27:09,Were thrilled to have you with us! Donna AIs ai music maker is all about unleashing your musical potential. With our app you can experiment with new genres styles and soundsbecause your music deserves to be heard.,2024-08-14 07:57:52,1.0.14,mus1097,com.ai.sound.donna
07023244-108f-45d5-ac5c-baf479d9fd7a,only downside is the time limit for the songs. could do with I being extended to 5 mins max 2 mins isn't long enough,4,0,1.1.2,2024-09-05 19:16:04,Thank you for your feedback. We've noted the details and shared them with our development team. We appreciate your continued support and look forward to bringing you future updates.,2024-09-06 02:11:59,1.1.2,mus16852,com.ai.music.generate
57cbe8f4-f559-4c58-9097-6fdafdef450b,Come on! I will never buy any premiums neither subscription. I expected it to be free until i see the credits. To be honest i really thought this was free but its the antonym and made be waste of time and space. When will some AI apps be free?,1,4,1.0.3,2024-05-14 12:18:54,We appreciate your feedback on our AI Song & Music Generator maker app. We offer premium features to enhance your experience but understand your perspective. We're constantly working to improve and provide value to all users.,2024-05-14 13:02:09,1.0.3,mus7593,com.zona.aimusic
8d2e6907-d386-4509-9787-d764a5bdfd00,Have been using this AI song app for a while now it's has been fantastic music generator give me exciting motivation when creating the music of my choice.,4,0,,2024-08-18 04:37:15,,,,mus10351,com.lascade.songai
94ecaf94-e47e-43f7-b3cf-5497fcdc80e6,I WASTED MY 10 MINUTES RECORDING MY VOICE AND YOU WANTED ME TO PAY FOR IT?!!! HELL NO. I HOPE THIS APP WILL NO LONGER BE AVAILABLE IN ALL PLATFORMS.,1,0,,2024-08-16 08:10:08,,,,mus11096,com.feraset.tune
a69fd4d0-288f-4869-b953-8d9c0c88eab4,The oid one is better than the new one,3,0,,2023-10-20 20:50:43,,,,mus12894,com.feraset.tune
4cdd54dd-b21b-4791-8373-9d788bba8e68,Took credits away from me for no reason just as I gave it 5 stars lol,3,0,4.2.24,2024-09-23 02:41:05,Thank you for your feedback! We're glad you're enjoying the app. If you have any suggestions for improvement feel free to let us know. Thank you for your feedback. We're sorry to hear about the issue with your credits. Please reach out to our support team so we can assist you further. Best regards,2024-09-23 03:40:46,4.2.24,mus10965,com.feraset.tune
1e545791-9cfd-41c0-8ef7-c402c72546cc,this app is highly entertaining and very well polished I'm not even mad about the price since they give you a free song and other ways to get more free songs after that. 9/10 only recommendation I'd have is to make a way to watch ads for free songs since some of us don't have friends to share codes with,5,1,1.0.21,2024-09-18 15:17:48,,,1.0.21,mus237,com.ai.sound.donna
3daf4e81-b039-41bc-97e2-58e2825cada5,totally awesome way to help creative minds,5,0,1.0.7,2024-07-10 15:23:25,Thank you! Were excited to hear that our AI app is helping creative minds like yours. Keep making awesome music!,2024-07-11 01:46:04,1.0.7,mus3448,com.ai.sound.donna
a80961b3-fd86-487e-9d8c-02d91dc2a2d2,this app is fire I love it . I think it might make me famous,5,0,1.0.15,2024-08-25 13:29:57,,,1.0.15,mus2415,com.ai.sound.donna
2ff2cc4e-45ff-4e66-8d4c-898103f4131f,perfect song writing and producing app.,5,0,1.0.11,2024-08-05 20:41:21,Were excited to hear that you find our AI music generator helpful and fun. Your positive feedback is much appreciated!,2024-08-06 02:12:14,1.0.11,mus1876,com.ai.sound.donna
4a96233e-7a2f-4db9-8a4c-b75ef0be825d,Paywall. What a ripoff,1,0,4.0.11,2024-01-14 00:28:15,,,4.0.11,mus13320,com.feraset.tune
012423ab-f9e6-46c3-aed1-f8b22963b80c,It's a very good app.. but queries about this app is after subscription to DONNa can I claim the owner of the song which are generated and can I used it for viewership and entertainment purposes?..,4,0,1.0.24,2024-10-04 10:05:28,Anladm sorular yantsz brakacak ekilde dzenleyeyim: Thank you for your kind words! We're glad you enjoy the app. For questions regarding song ownership after subscribing to Donna AI please reach out to us at donna@mobiversite. We appreciate your support and hope you continue to explore our AI song maker!,2024-10-04 10:32:56,1.0.24,mus822,com.ai.sound.donna
9fb9fcfa-dbfb-4b05-ab9b-e43419d71e70,No voice recordings work with this app and then you have to pay $4.99 per upload plus a subscription. I would like my money back please!!!!!!!,1,2,1.3.2,2024-06-01 14:36:45,,,1.3.2,mus15890,com.talentme.singup
a09d8328-d119-4534-bf47-699bb630fa8f,It used to be ok to work with but now it changes the sounds when the song generates. For instance I wanted a verrophone and whistling in a song but it changed it to pop melodic electronic which sounds nothing like how I wanted. Don't get it.,1,40,1.2.5,2024-08-23 23:54:30,,,1.2.5,mus7197,com.singgenix.suno
fb4af1ea-3479-475f-b0d9-9913c21c4d86,I get a free song for 5 stars. Don't know if it's worth it but it's definitely not a free app.,5,0,1.0.1,2024-06-01 20:00:10,Thanks for taking out time to rate us. It really helps us to keep going and delivering the best :),2024-06-04 04:23:00,1.0.1,mus2320,com.ai.sound.donna
debde3ed-3924-4b24-873f-77352a73b3f2,Fee fee fee. Think you already signed up and paid em money? Oh that was for that portion of the app not this portion. Hate it. Should be a 1 and done. Every time I turn around they're trying to charge for some other feature.,2,0,4.1.2,2024-04-08 12:51:15,,,4.1.2,mus10809,com.feraset.tune
dcdec6d3-8fde-42be-8605-08fed626f198,I was very disappointed as this app doesn't have Ros Blackpink voice But I was pleased to see Jisoo Jennie Lisa's voice. But it was very heartbreaking for me since Ros's is not there,1,0,,2023-12-20 11:15:39,,,,mus11592,com.feraset.tune
8820f8b3-1f35-4792-a0bc-54b4954a4d9a,great app and fun to use,5,0,1.0.22,2024-09-23 14:14:37,It's wonderful to hear how much you love our AI music maker! Our goal is to empower everyone to create songs that match their vibe and your review tells us we're on the right track. Keep exploring different genres and styles with our AI song generator the possibilities are endless!,2024-09-30 13:57:34,1.0.22,mus2602,com.ai.sound.donna
f9950865-0f9d-4c0e-a227-04df0049c2a8,It doesn't work and the loading takes forever! At least put and Ad or 2,1,3,,2023-07-01 03:06:50,,,,mus15144,com.multiplewords.ai_music_generator
00347cc4-7018-4167-9cc2-0dbf9f731119,"Trash AI can't even get a simple prompt correct most of the time. Out of the 10 prompts I've given only two have come out even related to the prompt I gave. Not worth even the free daily creations. Reply for the Arthro studio: I put in ""create an upbeat country song about grilling meat"" and it gave me a happy sounding song about how great Switzerland is. Sorry but that's just a bad app",1,4,1.1.2,2024-08-27 23:15:12,We apologize for any inconvenience. The AI generator may not have fully understood your request. Please try describing your preferences in more detail such as specifying the mood instruments or genre you'd like. This will help to create a more accurate and satisfying piece for you. Thank you for your patience and understanding.,2024-08-27 22:19:46,1.1.2,mus16777,com.ai.music.generate
5226b367-fb69-4908-83d7-df59330dfdb2,I did like it but now i have to by premium just for thee full song for ai like bye scammers,3,0,3.0.9,2023-09-28 20:36:25,,,3.0.9,mus11821,com.feraset.tune
758f2e40-bf4a-443f-946e-46d31a5a4691,Doesn't work. They basically steal your money for feature that doesn't work at all. Don't bother installing.,1,3,1.0.2,2024-08-09 15:45:31,,,1.0.2,mus16481,ai.cover.suno.song.music
86f043ff-f741-45da-91c4-7f2e96275497,epic so clever can certainly make use of this to add to some unique sets,5,0,1.0.24,2024-10-06 15:47:01,,,1.0.24,mus1079,com.ai.sound.donna
58918a5a-74ad-4618-b55d-5d727dc41b27,Outstanding. As with any ai it may take many iterations to find the version of your song that really grabs you but I'm absolutely floored by what this app can do. I do wish it had more options on the create page such as tempo or key. I also wish you could edit or re-generate specific parts of a song and sort your library.,5,3,1.0.15,2024-08-22 06:18:02,,,1.0.15,mus105,com.ai.sound.donna
ce8f2568-45f6-45f3-a726-f63b09edd7d9,its actually really nice. surprised me personally. i didn't think the song was going to sound very good until I heard it. still listening to it actually. did very well on the rhythm and flow. the vocals were spot on to what i was wanting.,3,0,1.0.17,2024-09-20 02:53:15,We're so glad our AI song maker is helping you create tracks that resonate with you. Whether you're a seasoned musician or just starting out Donna AI is here to inspire your musical journey. Keep experimenting and discovering new possibilities with our AI music generator.,2024-09-30 13:50:17,1.0.17,mus323,com.ai.sound.donna
7084deb4-f545-4aa1-8143-ace09b044d81,This is CRAZY!!! Created a song in like 10 minutes.,5,0,1.0.17,2024-09-06 08:16:49,,,1.0.17,mus2202,com.ai.sound.donna
eb48d424-5c35-4c84-a0f1-d992df281828,Since i can only have 1 song to create without a subscription i will only give you 1 star. Also i asked for a metal song that wasnt metal it sounded more like pop,1,0,,2024-08-18 16:13:49,You can create more songs for free by inviting friends to use Donna AI. Regarding the genre were constantly improving our AI to better capture the nuances of each style. Thanks for your feedback!,2024-08-19 08:59:19,,mus2826,com.ai.sound.donna
5f313658-2717-4587-a0cc-13d448faffd0,Amazing Six stars if I could! I am blown away. I am so glad that they allowed me to mess around with it and preview it before I pay! That alone makes me want to pay for it and give them six stars it's so worth it! Take my money!,5,0,1.0.9,2024-08-01 18:04:39,Were so glad to hear you love our AI music maker! Thank you for the wonderful review. Keep exploring and making great songs!,2024-08-02 02:37:00,1.0.9,mus631,com.ai.sound.donna
80c0de8d-8097-46d4-bc75-d330e29899bf,can this app not ask me for money every 5 seconds and plus why 15 seconds? you are even giving it from the start of the song or sound that i use that is probably instrumental OR nothing,1,0,3.0.9,2023-10-02 17:52:16,,,3.0.9,mus11447,com.feraset.tune
aaa2b9ee-2fa0-431b-9374-1ed066487398,Didn't work for me at all,1,0,4.0.9,2023-12-17 15:29:13,,,4.0.9,mus12833,com.feraset.tune
3be574b4-313e-4637-b791-a8e3595287a7,The AI Song Music Generator app is a revelation for music enthusiasts. It effortlessly creates melodies tailored to your preferences from upbeat pop to soothing jazz. Its intuitive interface and impressive output quality make it a must-have tool for both aspiring and seasoned musicians. Highly recommended for sparking creativity!,5,0,,2024-07-01 17:50:05,,,,mus10279,com.lascade.songai
4893d187-efb3-4aff-86a0-a999e0952602,Don't get me wrong it's a good app but it's ridiculous that you have to pay just to make simple songs like that. Especially every month. I find it a waste but it's fun for the only one free song.,2,2,4.0.2,2023-10-14 15:49:50,,,4.0.2,mus10907,com.feraset.tune
084ee3a4-4986-458b-b5b8-b87b07a62d02,Don't bother. Went through trying to get my voice uploaded. Nahh. Pay for that. So basically you have to pay for this supposedly free app if you want to use your own voice.,1,0,,2023-12-07 11:10:45,,,,mus11168,com.feraset.tune
93e1de1d-356d-410c-becd-f9c51eae556a,The first song it generated was great. The second one did not finish singing the lyrics. I bought the extended version and it also failed to finish the lyrics. If it can't sing the whole song what's the point? Will unsubscribe if not fixed.,3,1,1.0.15,2024-08-24 16:58:30,,,1.0.15,mus339,com.ai.sound.donna
bff08aa9-5cea-47ef-b7e7-308211e0897a,It's good but I don't like you have to pay for it but great ai song cover app,3,0,,2023-10-05 21:21:00,,,,mus11759,com.feraset.tune
af8ba58c-039d-46a7-881b-52d88426b7e2,App is great but please add a monthly subscription.,5,0,1.0.11,2024-08-06 07:42:25,,,1.0.11,mus1386,com.ai.sound.donna
8efcab1b-bd9c-40df-be5f-e92be3b36b43,For a song. do not recommend,5,0,1.0.3,2024-06-20 02:05:30,,,1.0.3,mus4077,com.ai.sound.donna
addfc48c-d99a-4a9c-a57d-67509a913149,I didn't know about this one but. This app is amazing omg recommend to anyone who loves music,5,0,1.1.0,2024-07-05 18:29:07,,,1.1.0,mus16973,com.ai.music.generate
f3c549b9-6596-475e-8b45-d1f8c360dc98,Come on guys add a way yo chop or change the deepness of voices not everyone is a emo rapper,2,1,1.0.20,2024-09-16 02:14:00,,,1.0.20,mus2886,com.ai.sound.donna
49a9a437-2be3-4622-9fd0-1dca1c08b4aa,I like this alot the way my lyrics have been brought to life with sweet harmony! I'm definitely going to further explore all my options and become a true from the heart fan and subscriber and I'm going to share this with my family and others!,5,0,1.0.24,2024-10-06 19:19:27,,,1.0.24,mus467,com.ai.sound.donna
93fd86a0-8ce4-49fa-9e43-513dcd9a979b,does a great job mixing your choice of words with vibe of music.. thanks fun app,5,0,1.0.23,2024-10-02 12:41:57,Thank you for your kind words! We're glad to hear that you enjoy how the app mixes your choice of words with the vibe of the music. Your support means a lot to us! If you have any suggestions for our AI song maker feel free to reach out anytime at donna@mobiversite.com. Have fun creating!,2024-10-02 10:12:55,1.0.23,mus1076,com.ai.sound.donna
7462c6a3-6f26-4ed0-b93e-0dbb96e0bf94,THIS AI MUSIC APP IS AWESOME! IT WHIPS UP STUDIO-QUALITY TRACKS IN NO TIME. SUPER EASY TO USE WITH TONS OF OPTIONS TO CUSTOMIZE YOUR SOUND. WHETHER YOU'RE A BEGINNER OR A PRO ITS A TOTAL GAME-CHANGER FOR CREATING MUSIC!,5,0,1.4.4,2024-09-23 08:30:53,,,1.4.4,mus10211,com.lascade.songai
9b9ac67f-0496-4602-98aa-0c5120b46bf4,Amazing service but the subscription fee structure is super messed up. If you don't use the 40 songs within the week that you paid for they disappear. So only sign up for pro if your going to use them all at one time or try another service because the app developers are in turkey and they don't care. Also. Takes much longer than 2 to 3 minutes to create a song. I'm currently waiting 5 min plus. Fine but don't write 1-3 minutes then.,2,6,1.0.21,2024-09-18 09:49:22,,,1.0.21,mus9,com.ai.sound.donna
5fff7821-656d-4ae4-8b08-7243e9bb056f,Such an amazing tool. Blew my mind. This will be the best thing to ever happen to music from a listeners perspective. This will be the worst thing to ever happen to the music industry from a writer/ musicians perspective. I love what it can do but a huge part of music as an art and as a vital piece of our identity is not everyone can become a master musician. This app kills the master and replaces it with an algorithm.,5,4,1.0.17,2024-09-23 02:28:11,Thank you for sharing your experience! Our AI music generator is all about giving you the freedom to create and it's fantastic to hear that you're enjoying the process. Keep making incredible music and we're here to support you every step of the way.,2024-09-30 13:58:19,1.0.17,mus103,com.ai.sound.donna
be37af73-0568-4871-879e-791527085379,Why writing ai .. that has nothing to do with ai Really worst 35 mgb I've ever spent,1,1,,2024-07-27 18:42:46,,,,mus15051,com.aimusic.melodiai
55a1a403-cb79-4185-a4bd-1de4e8aad763,love it! i wont regret this ai,5,0,1.2.0,2024-01-30 07:21:38,Thanks for taking out time to rate us. It really helps us to keep going and delivering the best :),2024-04-19 20:33:34,1.2.0,mus17564,ai.music
f26ba973-a766-41c7-85b9-5a8766473aa9,Repeated time out errors unable to make 1 song,1,5,1.1.1,2024-07-03 21:08:54,Hey sorry for the trouble! Please update to the latest version and try again. If the issue persists contact us at connect@lascade. Thanks for your patience!,2024-08-19 08:14:16,1.1.1,mus10364,com.lascade.songai
c99b5d28-60ad-43ef-bea8-558e1eb36a6c,By far the Best AI Song producing app on the market. Worth the 6$ weekly subscription. Great customer service. 40 songs a week is actually a lot and I don't have to regenerate much because they come out so good! My lyrics option is so wonderful and makes it personal. I love the options all around. What I would like to have in the future is a way to clone my voice so I can sing the songs I love much better. Also maybe have more song generations/monthly subs? Thank you for your consideration,5,1,1.0.20,2024-09-14 16:12:29,,,1.0.20,mus32,com.ai.sound.donna
bf0ad016-342a-4cb7-b2d1-24a6446f16df,I think it it is OK be better with a 3 day free trial deal then they might get alot more money and chosen it's called marketing,2,2,1.2.6,2024-08-23 19:11:09,,,1.2.6,mus6873,ai.music.generator.song.maker
a19c4f2a-36ca-4189-ab5c-34d82e6953df,The fact that the premium discount is only available before you could even use the app says a lot about the confidence behind the product. The voice selection is strange and missing a lot of options in favor of random celebrities and characters. So since they also asked to review before I could use the app we start at one star. Update: I wish I could give zero. I did Spongybab singing Dust In The Wind. It was just the regular song minus harmony. And if I only had 15sec then there'd be no vox,1,37,4.0.9,2023-12-14 14:09:48,,,4.0.9,mus10494,com.feraset.tune
f93a0db8-ed87-4c60-991b-78b622879af4,Don't bother waste of time. Tons of ads will have you record 10 mins of talking to create your AI voice and then it will say it's 6.99 to continue after all that wasted time. Garbage app.,1,4,4.0.9,2023-12-08 00:00:37,,,4.0.9,mus10897,com.feraset.tune
38dd96a4-1b5c-47d5-904a-ba28d825255f,I have made a song using this app. I want to upload it on YouTube. I will give the credits to your app. Is there any copyright issues or any other issue? However I will mention that the lyrics are written by me.,5,0,1.0.22,2024-09-24 12:54:12,Your enthusiasm is infectious! We designed our AI music generator to be a powerful tool for anyone looking to make music and we're thrilled to see you enjoying it. Keep creating keep sharing and let's make some amazing music together with Donna AI!,2024-09-30 14:01:40,1.0.22,mus546,com.ai.sound.donna
5ce61278-3714-4933-bbbd-6385e8715b19,Can I use my own lyrics and have this app sing them??,3,0,,2024-05-18 21:55:47,Hi Kevin you can use your own lyrics and sing them properly. The only thing that you should do is prompt this in description field. In future updates we will add the custom lyrics mode. Until this time you can manipulate the description field to use your own lyrics. Donna Support Team,2024-05-21 10:16:16,,mus4544,com.ai.sound.donna
632539bd-e022-4cc9-b96b-2983e2a349c3,There's nothing is free in the stupid app,1,0,4.1.2,2024-04-27 15:05:07,,,4.1.2,mus12565,com.feraset.tune
431a5b07-74ae-4095-a92a-7893bd47221c,It's definitely not a free app,1,0,4.0.15,2024-02-27 19:20:51,,,4.0.15,mus12775,com.feraset.tune
3e2dd021-02d0-4d57-b10a-0599c18c7e34,Should have a free trial at least,5,0,1.0.1,2024-05-29 18:50:26,Thanks for your evaluation. If you have any suggestions or if you are facing any problems please contact us at info@mobiversite.com. We will try our best to help you out.,2024-05-30 02:45:15,1.0.1,mus4162,com.ai.sound.donna
9706143e-cb89-4454-8b62-048922ac760d,I really like the way Donna system works for me Thank You In Advance for I will be around for a while.,5,0,1.0.23,2024-09-30 20:23:27,Thank you for your positive feedback! We are thrilled to hear you are enjoying the service. If you have any suggestions on how we can improve our AI song maker or if you have any other questions feel free to let us know at donna@mobiversite.com. We are here to help.,2024-10-01 03:41:17,1.0.23,mus1547,com.ai.sound.donna
4f01be14-ba72-4175-ac5c-f6f96fad74e4,Waste of money as you pay full year subscription and you cannot change the voice you can only use voices of others. but not your voice with multiple voice change options. wasted my money. Requested for refund hooe they will do.,1,2,1.4.2,2024-04-26 02:13:42,,,1.4.2,mus8974,co.appnation.aimusic
842e5625-931e-47f4-a546-283af37f219c,Waste of time!! Do not waste your time recording your voice if you think you can hear a sample of your voice singing. After recording your voice for 7 to 15 minutes and allowing this app access to your personal data you will then have to pay to hear anything. Why would I pay for something I don't even know is legit or worth it? Seems like they what your money and steal your data AND VOICE first before you get disappointed. I immediately Uninstalled and blasted on my social to warn others.,1,0,,2024-01-30 18:49:21,,,,mus10898,com.feraset.tune
78f0bd38-19ed-43e7-bc69-88d97f7fcc90,You have to pay to trst it. lame and shame,1,0,4.1.5,2024-04-29 14:20:10,,,4.1.5,mus11932,com.feraset.tune
55ee5311-c145-4241-88ac-07d7e15362ad,Time waster makes you spend 7 minutes reading a script and discards it if you don't pay them 5.,1,0,4.2.23,2024-08-16 09:55:06,,,4.2.23,mus10893,com.feraset.tune
6f199df5-34d0-4683-a80d-f07d156af57e,this app is popping!!! Just had a song made up off a cpl of phrases!! pretty awesome to see Ai do this.,5,0,1.0.17,2024-09-04 06:03:04,,,1.0.17,mus1156,com.ai.sound.donna
b124fa70-01c9-4dad-b4ba-a9336b037882,if I could get a dudes voice cuz I'm making it for my lady that would be better,4,0,1.0.8,2024-07-15 19:33:17,,,1.0.8,mus2948,com.ai.sound.donna
74403ae5-1584-4ce0-baa9-7331937648e0,Good high quality music I don't have to pay for a description.,5,0,1.1.2,2024-08-24 17:27:01,,,1.1.2,mus16886,com.ai.music.generate
1a9466c3-d2e6-4211-a544-9f073fe4cc29,super easy works great,5,0,1.0.8,2024-07-17 03:56:28,,,1.0.8,mus3677,com.ai.sound.donna
c7a5fce5-d7f9-4547-a15d-dc0d7054ad11,best music generator I ever used,5,0,1.0.17,2024-09-03 18:09:59,,,1.0.17,mus3291,com.ai.sound.donna
8c30c9c5-b245-4232-b26f-35600aed5f8e,Can u also add blackpink in this app please,3,0,,2024-08-16 02:20:39,Thank you for your positive feedback. We are constantly working to improve our app and adding new voice models based on user feedback and demands. We can assure you that your suggestion has been duly noted and we will consider it for future updates. Stay tuned for an exciting update. Team CX,2024-08-20 00:52:58,,mus8540,ai.vyro.musicly
60d55b97-ecd5-46eb-b16e-9f64d2bf67f4,Don't West your time it is paid work only,1,0,4.1.6,2024-06-01 10:48:21,,,4.1.6,mus11966,com.feraset.tune
6f542803-5981-4665-9f42-d6b37126e8e6,This is a very good app in all honesty still rough around the edges ever so slightly but it is good the only thing I have a problem with is being able to download the songs I make with my words because I found it very difficult to do that cuz I don't know if it's downloading or not and I don't know where it usually ends up so yeah if it got downloaded to the gallery then yeah I'll probably be able to see it but I tried to do it and it didn't work so yeah so I'm not sure where it's at,5,0,1.0.8,2024-07-15 14:07:24,,,1.0.8,mus607,com.ai.sound.donna
4ac1779d-4680-488f-98e7-ad5c24e70496,its so awesome like you're just gonna give them some descriptions of the song you want then kaboom here it it you have the song now,5,0,,2024-08-25 13:56:47,,,,mus3597,com.ai.sound.donna
2c8ee1fc-63b0-4fd7-81bb-ab834244e9bf,App is more or less useless without premium. Don't waste your time. So many better options.,1,0,,2023-10-07 18:27:13,,,,mus11651,com.feraset.tune
5038a801-064d-444e-80e5-31e909f219bb,Awesome and now I can finally make ai voice covers,5,0,3.0.6,2023-09-26 18:48:44,,,3.0.6,mus12216,com.feraset.tune
658e2a0b-789c-4123-9761-bb55dabc96fd,This is an easy to use app. The AI did a nice job of writting my song.,5,0,1.0.24,2024-10-09 12:48:52,,,1.0.24,mus1068,com.ai.sound.donna
0cf91cd0-dd7d-40ce-94fc-d5badbdcedbb,Nvm it's all premium this game is useless I'mma use kits ai,1,0,2.1.0,2024-09-27 21:56:13,,,2.1.0,mus15526,com.aicover.aimusic.coversong
e7bdfd99-40c6-43c7-8bed-4ca10905f57c,It's pretty good but it won't copy the lyrics,3,1,1.2.6,2024-08-30 02:27:19,,,1.2.6,mus6894,ai.music.generator.song.maker
5fe2a0d7-cbe3-4ec7-adfa-12a9d1ff3044,This app sucks. It is not worth installing.,1,1,4.0.13,2024-02-01 22:18:40,,,4.0.13,mus12539,com.feraset.tune
6b1a6670-7cdf-41b1-85e9-3b9ff5b92b7a,Waste of time! I would of actually subscribed and spent on this app if it was actually free with ads but it's not!,1,1,,2024-06-25 16:45:03,,,,mus11295,com.feraset.tune
c4be8104-ecd2-429d-bbbc-3a8dac141f02,It didn't let me use the music it just kept telling me there was an error,1,0,1.4.2,2024-05-03 20:51:08,,,1.4.2,mus9175,co.appnation.aimusic
cfbe555c-28ca-4b40-a2e8-475a5317f8f6,I absolutely love it so far. Just downloaded it today but could only make one song without paying for it. $6 a week or $60 a year the price is a little steep. If it was $6-$10 a month I would instantly do it. It would be amazing if you get like one free song creation a day or something along those lines,5,0,1.0.9,2024-08-01 00:08:15,Thanks for the great review! Its awesome to hear youre having a great experience with our AI music generator. Keep making incredible music!,2024-08-01 09:03:06,1.0.9,mus295,com.ai.sound.donna
7532aa64-5533-41ac-b003-50a1e0f74bca,I seriously took 8 minuets gibbergabbering into the microphone just to find out it was behind a godamn paywall it advertises that it let's you do it if that's what you came for don't get it it wont let you.,1,0,4.0.3,2023-10-24 20:56:06,,,4.0.3,mus11213,com.feraset.tune
48a78b51-0bc1-4a78-ae4d-156a8219ce9e,You record 7 minutes of your voice by reading aloud just for the app to tell you that you must purchase premium in order to use your voice in the AI generator. If I had known before-hand I wouldn't have wasted 7 minutes of my time.,1,0,4.0.6,2023-11-12 23:12:52,,,4.0.6,mus11101,com.feraset.tune
583c0b4d-97d2-45af-9f01-cbeb06728640,I have always had thoughts but did not know what to do with them and now I do.,5,0,1.0.16,2024-08-28 12:55:18,,,1.0.16,mus2514,com.ai.sound.donna
8e7f1f99-b634-41ab-a086-6a6c92c8c801,I was sceptical about this app. I have now deleted every music streaming app I had. It's created music I have never heard before. Mainstream all started to sound the same and annoying. Who ever made this app. Well done!!!!!,5,0,1.0.8,2024-07-15 16:38:33,,,1.0.8,mus624,com.ai.sound.donna
ad3fa0e1-212c-476c-8707-94eb367ddce6,Downloaded and used free credit. I pasted a link from youtube song and it didn't even change it to the voice I wanted. It did absolutely nothing. Deleted immediately,1,0,,2023-11-05 17:28:48,,,,mus11159,com.feraset.tune
c4c21e84-c6b3-41bf-b5ed-3e8e7e919846,Question for the dev\support I got some amazing results but is there a way to change\adapt the lyrics on the song which has already been generated? Thank you,5,0,1.0.21,2024-09-17 05:23:32,Thank you for your positive feedback! We are thrilled to hear you are enjoying the service. If you have any suggestions on how we can improve our AI song maker or if you have any other questions feel free to let us know at donna@mobiversite.com. We are here to help.,2024-09-17 07:24:05,1.0.21,mus600,com.ai.sound.donna
f0111a82-d8fd-47e7-9a12-20a470fd2b9e,Needs more ways to get credits otherwise it's great,4,0,4.0.9,2023-12-19 03:17:32,,,4.0.9,mus11916,com.feraset.tune
c015ccdc-1bd7-4d3b-a32e-5b307ba61311,Honestly you get what you'd expect. I tried it out and didn't have any problems with it though the limit on the songs ultimately deterred me from purchasing it (40 songs a week/2000 a year depending on plan). If that's enough for you I'd highly recommend this.,5,0,1.0.9,2024-07-25 20:53:48,Were glad you had a positive experience with Donna AI Song & Music Maker. We appreciate your feedback on the song limits and are always looking for ways to improve. Thanks for the recommendation!,2024-07-26 03:51:08,1.0.9,mus5900,com.ai.sound.donna
20d6f7d6-08c9-43a2-9976-f6fb3519eae2,Serious letdown. Can only create one song then you have to pay. Ridiculous waste of my time and the covers make crackling noises sometimes.,1,2,,2023-09-12 16:43:36,,,,mus11178,com.feraset.tune
980586de-47d3-4b2e-ae2c-7714f6eddf2e,The process keeps failing,1,0,,2024-07-10 00:45:24,We apologize for the inconvenience caused while using the application. We would appreciate try updating the app. We value your feedback and are working to improve user experience. Thank you. Team CX @ Vyro,2024-07-13 05:44:37,,mus8534,ai.vyro.musicly
2ae0a77e-519e-4e70-8e51-4e2c5fbbe8f1,Sounds great better than I expected. My only questions is there a way to make the songs longer? I only get 2 min long songs don't know if there is anyway to make them longer. 2. Is there a different way they can sing like longer vocals or even pauses or different pitch?,2,0,1.1.3,2024-10-01 17:52:37,,,1.1.3,mus16796,com.ai.music.generate
13814b53-862f-4a31-a235-9b8cafb77b2d,really cool and amazing,5,0,1.0.6,2024-07-04 00:13:09,,,1.0.6,mus4073,com.ai.sound.donna
a77712e7-ef83-445d-9363-e11e7c8fe6b5,Nothing free. They begging money.,1,0,1.4.2,2024-07-17 10:09:15,,,1.4.2,mus9448,co.appnation.aimusic
c7cfacd6-8dbf-48fc-837d-e0f35256b32d,This is a pretty amazing app!!,5,0,1.0.15,2024-08-18 03:14:40,Thank you for your amazing feedback! Were thrilled that our AI song generator is helping you create incredible music. Keep exploring new sounds and pushing the boundaries of your creativity with our AI music maker. The possibilities are endless!,2024-08-19 08:42:19,1.0.15,mus2469,com.ai.sound.donna
9bf173a8-c5ed-4103-ae7c-d85ad7122382,It's good but without a subscription you can only do one.,4,0,,2023-09-14 23:57:44,,,,mus12170,com.feraset.tune
234ac960-c077-4147-bef9-ecc9e03838ea,I have a problem with the covers not generating songs. If I don't get me songs then I want my $10.99 back,4,0,2.0.2,2024-09-03 18:05:09,Dear User! We apologize for any inconvenience youve encountered. Please update the application and try using the app again now as the issues have been resolved. Thank you Team CX,2024-09-04 01:37:51,2.0.2,mus8286,ai.vyro.musicly
cbae16e0-cadf-4019-8462-29337624c6be,SCAM It doed not work makes u pay and does not work at all,1,0,4.0.4,2023-10-29 15:36:46,,,4.0.4,mus12385,com.feraset.tune
41d2bcf1-4317-461e-9afd-c10b7a1bf390,A complete trash. I force you to buy the premium version for making ai music with your own voice and it tells you after do the whole process,1,1,4.0.11,2024-01-12 10:29:28,,,4.0.11,mus11338,com.feraset.tune
6d9dcf85-1e31-4650-8b18-1f4f5bc090c0,Will not use lyrics I have written. Not cusing or vulgarity. Garbage app!!,1,0,1.1.3,2024-10-07 21:11:27,We apologize for any inconvenience. The AI generator may not have fully understood your request. Please try describing your preferences in more detail such as specifying the mood instruments or genre you'd like. This will help to create a more accurate and satisfying piece for you. Thank you for your patience and understanding.,2024-10-07 22:42:34,1.1.3,mus16938,com.ai.music.generate
f0d632e9-45da-411e-ba69-54668bae3663,You can't even try the app it just demands $5 a week to use it. I'm not even going to bother.,1,21,1.0.6,2024-07-31 11:49:29,,,1.0.6,mus8812,musiclab.suno.udio.ai
5121a0c8-2db8-42f7-8cba-9de480673c65,it's so easy to use I need the full version it's giving I could write an album with help,5,0,1.0.12,2024-08-06 17:41:37,,,1.0.12,mus1300,com.ai.sound.donna
0e734e94-57db-41a0-be8f-56f09c0ddfd7,Registerered my voice and then you cancelled it as soon as I restarted the App why do you ask me for the premium version before I actually try the product? Sure half price was good and I would've bought it if you didn't try to force premium on me before trying anything and deleting my recorded voice of 7 minutes that's annoying no way I will do that again I will look for a different app now,1,2,4.0.9,2023-12-16 15:31:56,,,4.0.9,mus10772,com.feraset.tune
d110d8f3-4ea8-4e10-908d-c45220e92f52,I think the app is kind of cool. I didn't like that it advertises you can use any song from youtube. That's incorrect. I went to youtube to find songs and the app doesn't recognize the link. You have to pick from their hand selected songs from youtube. And to re record your voice bc mine sound like I was speaking in a fishbowl is another charge. I subbed for a week. I unsubbed almost immediately.,2,39,1.3.2,2024-06-17 07:45:39,,,1.3.2,mus15755,com.talentme.singup
e46e2f80-0528-48bf-9676-af32a39ebf3b,I granted access to my phone and than my Instagram started getting crazy and following all accounts that I didn't even knew. My phone it's compromised due to this app please don't install it. I'll report it now,1,1,,2024-06-26 06:02:43,,,,mus11033,com.feraset.tune
23ce4886-fe4a-4277-9269-24db9dff621b,Can't lie with the first song it generated for me i was SolD!!,5,0,1.0.22,2024-09-24 01:46:58,,,1.0.22,mus1673,com.ai.sound.donna
002136e2-7423-4c04-90e0-6f536edf0cdf,wow I don't know what to say. I mean you have to downloaded for your self and see for your self. Like I'm speechless because I made some very good songs that I can't explain how. Trust me when I tell you that Donna it's all you need I swear to you that I'm not joking. Just see for your self and thank you very much for this.,5,0,1.0.22,2024-09-27 03:54:59,Thank you for your incredible feedback! Were so excited to hear that youve created amazing songs with the app. Your enthusiasm is truly inspiring! Were grateful for your trust in Donna and we cant wait to see what else you create. Thank you for spreading the word!,2024-09-30 14:54:33,1.0.22,mus5052,com.ai.sound.donna
0a49bd42-2394-481d-953a-917b4fbac15a,It's pretty nice. It doesn't stutter or stumble. It's very descriptive and makes sense,4,0,1.0.8,2024-07-15 20:05:45,,,1.0.8,mus1542,com.ai.sound.donna
6a3def54-bff5-40cf-8485-4bade584ad72,Best app ever very easy to use,5,0,2.2.2,2024-08-06 13:23:14,Thanks friend!,2024-08-07 02:42:06,2.2.2,mus15373,com.app.sunaia
60803cfd-d47c-4fe5-8177-c8c42bf46469,Sorry. No free trial no interest from me.,2,0,,2024-08-26 00:23:26,We understand that affordability is key which is why we offer one song for free and the opportunity to create unlimited free songs by inviting friends. We aim to provide the best AI music generator experience and continue to enhance our offerings.,2024-08-26 11:10:08,,mus4582,com.ai.sound.donna
99fca2b2-7643-4b0a-afa8-f15bfb628664,it will let you waste your time trying to record your second custom voice before you have to pay for it,2,0,4.1.2,2024-04-13 21:53:18,,,4.1.2,mus11736,com.feraset.tune
521d5639-b477-4f5b-abb4-b5dca54644ef,None of the characters sound like how they are supposed to,1,0,4.0.4,2023-10-27 02:31:04,,,4.0.4,mus12445,com.feraset.tune
ce43a29f-7718-4f5f-9385-867bce3f4efe,its amazing it fits what the lyrics are I'm my mind,5,0,1.0.14,2024-08-16 06:07:30,,,1.0.14,mus2008,com.ai.sound.donna
1fe658bd-407c-4b98-b731-eba3c9f100f4,Pretty sweet so far. Turned my lyrics into a true masterpiece,5,0,1.0.7,2024-07-10 22:43:11,Thank you! Were thrilled to hear that our AI song generator helped turn your lyrics into a masterpiece. Enjoy making more music!,2024-07-11 01:50:55,1.0.7,mus3311,com.ai.sound.donna
454c27ff-b154-4154-90a6-dbb7073c9f60,it does a great job making music from a prompt.,5,0,1.1.0,2024-07-12 13:28:45,,,1.1.0,mus16976,com.ai.music.generate
ba1607dd-b43e-4d74-a430-70fb74d39266,Made me set up a custom voice twice. And THEN it tells me I need premium to use it. Scam,1,1,4.0.15,2024-03-10 06:46:56,,,4.0.15,mus11634,com.feraset.tune
df99ff52-5f45-47e0-aeb5-f0d8bb95f9f4,Very helpful app Best app for create music Amazing feature Easy for using,5,0,,2024-08-04 01:11:33,,,,mus10388,com.lascade.songai
c9042baf-107f-4c5f-9852-05ecd9e5e626,The Cost is a huge disappointment,1,1,,2024-09-22 01:35:09,,,,mus7450,com.singgenix.suno
1f4f551e-63ce-4360-a024-cdb562d243ff,I've tried different ai accompaniment this by far is the best,5,1,1.0.20,2024-09-15 16:52:18,,,1.0.20,mus5257,com.ai.sound.donna
064e0bd4-32f5-4e68-b66d-d491aa49871b,very nice hai only you provide the song without subscribing,5,0,1.0.17,2024-09-04 12:09:53,,,1.0.17,mus5340,com.ai.sound.donna
6c3eef0d-87ae-4ebf-b4bd-688902313179,1 star because after i spent 8 mins wont let me try it with my voice at least i pay. Should let people at least try one song,1,0,4.0.9,2023-12-29 21:42:18,,,4.0.9,mus12137,com.feraset.tune
b4e31f17-9168-49d0-9fbc-a7fc559ab4c5,Wow this app very nice I used to create the song what I want into AI song. Thank you very much developer I appreciate your great work.,5,0,,2024-08-18 14:30:41,,,,mus10366,com.lascade.songai
47aa5cde-a053-4040-81d3-4bfed704c775,Excellent app butit isn't free.,5,0,1.0.1,2024-06-01 16:05:27,Thanks for taking out time to rate us. It really helps us to keep going and delivering the best :),2024-06-04 04:23:24,1.0.1,mus3509,com.ai.sound.donna
2ad634ae-8df3-4fde-85d6-fb4c4aa8b314,Asks subscription for every thing,1,1,,2024-07-19 16:38:36,,,,mus15620,com.aicover.aimusic.coversong
3a355e8f-8039-4024-9742-d4f860940001,This is probably the worst AI app I've used. They should refund everyones money back cause your paying for something that doesn't work what so ever.,1,9,1.1.0,2024-04-18 11:16:00,,,1.1.0,mus15522,com.aicover.aimusic.coversong
7c653d1b-3f0e-40d4-92a8-743103817516,So good but only 1 song per week,5,0,1.0.15,2024-08-19 22:42:42,,,1.0.15,mus2093,com.ai.sound.donna
f94e54fe-5d4a-480c-92f1-a2fdcb0bfec0,unbelievable! I love it. I used a family saying to make a song.,5,0,1.0.15,2024-08-21 11:07:56,,,1.0.15,mus1314,com.ai.sound.donna
bd1bcbed-38ca-4fab-ab28-49fb6956220c,Really cool app for making songs about whatever your heart wants!,5,0,1.0.5,2024-07-02 15:06:00,,,1.0.5,mus2303,com.ai.sound.donna
d4fc4fdb-0979-4f9e-94e7-f5560b95ea43,terrible you get one 5 second snippet of music then you gotta pay $7.00 a week to use it after that. don't got that kinda time nor money cause i work for a living.,1,0,,2023-11-19 02:09:41,,,,mus9106,co.appnation.aimusic
c0194823-783b-48ea-b4fc-e90dee016e87,I bought lifetime pro license in April at $42.79. Now several updates later it's asking me to pay again at $99.99. I really like the app. But I will not pay for it a second time.,3,1,2.0.7,2024-08-25 18:41:49,Hi can you send us an email at magicmusic@highpowtech.com. We will sort it out for you!,2024-08-27 18:13:53,2.0.7,mus16572,com.script8888.magicmusicai
70dc7e5c-144d-4795-9283-faaecf1cda97,After recording my voice for over 7 min it ask me to pay to use my voice on a song if it would at least give me one song with my record voice.,1,0,4.0.9,2023-12-15 08:39:20,,,4.0.9,mus12311,com.feraset.tune
6b203b9f-f2db-4b85-a807-08c20d9e1140,Looks cool and makes you excited to see what it can do but it's such a disappointment. I tried to createy own assuming you get one free one with a subscription no it made me waste time getting recordings just to hit me with a subscription to get the ai voice. Honestly don't bother there just people that want your money.,1,3,4.0.14,2024-02-17 23:25:20,,,4.0.14,mus10727,com.feraset.tune
a2c3e4fd-9e94-49e6-be22-5ac5a08d09ef,How hard is it to allow us to create more than one song without having to pay money or inviting people y'all only be caring about the money and not how your customers want to interact with the app disappointed like why not offer watching unlimited ads for credits so y'all can still make your bank and allow us to actually use the app.,2,1,1.0.8,2024-07-16 02:34:45,,,1.0.8,mus754,com.ai.sound.donna
35ecc710-929a-43c2-ad88-9476ad9bd87c,O.o Amazing!! Kind of expensive but I believe it's worth it.,5,0,1.4.0,2024-04-07 06:26:46,,,1.4.0,mus9327,co.appnation.aimusic
78e16fc6-292e-4ebd-a4bc-2416e3f81150,"ABSOLUTELY TERRIBLE I HAVE TO PAY TO GET A 30 SECOND ""song""? THR ONLY OPTION IS 5 SECONDS",1,0,1.6.2,2024-06-08 18:58:35,,,1.6.2,mus17426,ai.music
657df9a7-8049-4b31-a90a-c597f8b77f37,paid 5 dollers to add my voice plus the subscription just to lose everything. And the app is trying to charge me again for my voice and sub.,2,1,4.0.11,2024-01-20 12:45:39,,,4.0.11,mus11508,com.feraset.tune
3a4052c4-bee4-4ae6-b205-fc1c3b32a2bf,it's definitely interesting lol keep working on it,5,0,1.0.9,2024-07-31 02:30:54,Thank you so much! Were glad youre enjoying our ai song generator Donna AI. Keep creating amazing music!,2024-08-01 02:08:02,1.0.9,mus2072,com.ai.sound.donna
8646b75e-caa2-45f3-8e11-a7a71ebaf18a,Does an awesome job creating original songs for my Social Media series.,5,0,1.0.9,2024-07-27 17:18:39,Were glad Donna AI is helping you create original songs for your social media series! Keep using our AI music generator to make unique and engaging content.,2024-07-29 02:20:41,1.0.9,mus1484,com.ai.sound.donna
6107bcea-3922-4570-bab9-bacfa1ba45cd,I like that this is actually a really cool app I just wish there was a little more thought into the nationality such as black African-American as well as others that impact the music genre and sound I would like to do a rap song with a black rappers voices oh A soulful r&b song or even a Asian type song I think these companies should start treating everyone and giving everyone a equal opportunity especially when starting a new project . keep that in mind I believe we all shout we have friends,2,0,1.0.11,2024-08-05 01:34:38,Thank you for your feedback. Were working on adding more diverse voices and genres to improve the app for everyone. Stay tuned for updates!,2024-08-05 04:48:34,1.0.11,mus1155,com.ai.sound.donna
24e99e7f-5457-4232-97dd-8529d94c63ad,Not the best way to make music,3,0,1.6.1,2024-05-04 17:28:47,,,1.6.1,mus17458,ai.music
b609f3fa-d7ed-4af1-913b-50e113d5492b,Best experience that I got from an Ai tool,5,0,2.0.3,2024-09-11 04:53:32,Dear User! Thankyou for your Love and Support! Stay tuned for more exciting updates.. Team CX,2024-09-13 00:49:58,2.0.3,mus8424,ai.vyro.musicly
c87bcd73-25a4-4c0c-8c38-3a007dcfab16,Not only it asks for reading which should be given voluntarily instead of forced but it does it even before opening the app for the first time. uninstalling.,1,4,1.0.3,2023-09-02 17:59:54,,,1.0.3,mus9066,co.appnation.aimusic
083402c8-63b8-476a-91e8-63fe01edb294,Fun to create different music using just random words and thoughts. My only complaint at the moment is I can not save or share my creations to social media via the share tabs even though I paid for premium. Once I can share and save I will increase my rating.,3,0,4.0.9,2023-12-30 22:13:23,,,4.0.9,mus11010,com.feraset.tune
2b04ce55-106c-40ee-8b23-b9d3c5d3ea64,Takes too long to generate.,1,0,1.2.1,2024-05-16 07:30:58,,,1.2.1,mus16240,com.talentme.singup
65f6476a-5f9a-44fc-88bc-a64e7791c64b,It works really well. Its just a shame I can only generate 2 songs before hitting a pay wall.,5,0,1.0.1,2024-05-29 21:42:13,Thank you for downloading our app! We will keep working on it! Donna Support Team,2024-05-30 02:41:18,1.0.1,mus1611,com.ai.sound.donna
4ced74e4-7c05-4c8f-a4bc-254f7393e47d,So cool makes gareat songs,5,0,1.0.3,2024-06-19 22:37:09,,,1.0.3,mus4135,com.ai.sound.donna
5caef041-21d0-4c0a-a5ff-036cc34ed1a0,very fast simple it's honestly just amazing,5,0,,2024-07-21 01:56:37,,,,mus4211,com.ai.sound.donna
342bbe2b-1ccb-4078-aa67-e002001cd28b,Nice apps this could be my favorite hobby making own music and songs,5,0,1.0.11,2024-08-05 21:11:28,Thank you for the 5-star review! Were excited to continue providing you with the best AI music creation experience.,2024-08-06 02:12:42,1.0.11,mus1365,com.ai.sound.donna
d363591e-3b41-402b-be9e-fcf9bd94f07e,It would be better to get the full song for free instead for 0:15 seconds and David Flowers is right it doesn't reach the funniest because it stops you from fun and just wants money I would change the rating if we get what we want and it is all so stupid that I have to wait 5 days to make 1 song.,1,1,4.0.4,2023-10-27 21:06:16,,,4.0.4,mus11063,com.feraset.tune
dc629f3e-f20f-4641-addd-983088420774,Apps works great just wish they added more sub genres to the metal category,4,0,1.0.17,2024-09-04 14:09:06,,,1.0.17,mus1351,com.ai.sound.donna
d9c7c112-b056-4d27-8861-7fd4e5527cbc,"I'm an actual singer and this app's AI could not replicate my voice. So I reached out to support and asked for a refund. They tried to tell me I was ""not picking songs that fit"" my voice and to try that and they completely disregarded my request for a refund. TF??? No. Do not recommend. Try Jammable.",1,5,,2024-05-09 10:22:52,,,,mus15934,com.talentme.singup
3d3c9438-b480-44f3-8280-43377848d358,Now I can make those lyrics for my cat,5,0,1.0.15,2024-08-22 07:41:13,,,1.0.15,mus3215,com.ai.sound.donna
d96695b5-3d89-4666-828f-64a36fa280ee,It won't let you do anything without paying them money. You literally start with 0 credits you can't earn them no free trial no starter credits nada. You must pay them if you want to hear a sample. Also the fact that you can't commercially use the song after you have paid for it is ridiculous and the fact that they are ripping off suno's graphics fonts website style app layout color schemes Etc. Shouts SCAM! Just use Suno AI. They are they best and aren't liars,1,1,,2024-07-10 17:21:32,,,,mus7267,com.singgenix.suno
1331522b-5de6-477d-b155-464bf311397d,ever since I have been using this app it's quite amazing to be honest and every song I made especially for my future wife they are all loved by her I have to thank the creator from the bottom of my heart for creating this app.,5,0,1.0.14,2024-08-10 17:51:31,,,1.0.14,mus670,com.ai.sound.donna
8b1b9da3-09b2-415d-9815-386eb61337b4,Meh all the song covers just sound like a weird Mashup voice of the original with the ai.,2,0,,2023-10-07 19:39:04,,,,mus11713,com.feraset.tune
deb59514-a9fa-4038-886a-929ea23ea52c,Just because I didn't use my 40 songs a week. they took them away even though I paid for them? No one writes 40 songs a week. I should be reimbursed!,1,0,1.0.18,2024-09-09 22:54:23,,,1.0.18,mus856,com.ai.sound.donna
93ca6b7d-ae07-44b8-8636-6d27826df754,It was fun but I wonder how can I do a duet?,4,0,,2024-01-04 18:10:38,,,,mus12436,com.feraset.tune
b7f9d71f-9079-4021-b3ff-1f6ac112f2c5,It awesome like really awesome I just wished it had a shuffle button like Spotify,5,0,1.0.11,2024-08-06 01:03:17,Thanks for the awesome review! Were happy to know that our AI music generator is meeting your expectations.,2024-08-06 02:21:40,1.0.11,mus1367,com.ai.sound.donna
2a395418-6fdf-4936-9304-b229b2564dcb,You can't even use it unless you have premium this was a waste of my time install ticktone instead I played it and it actually works. PLEASE UPDATE THIS GAME,1,6,2.0.8,2024-08-13 19:30:06,Hi! We sure ads are annoying! However it is a way for us to make ends meet:( We appreciate your specific feedback and really feel your concern! We promise you that we will work on the speed function. If you might give it another try and if you like it the premium deal with no-ads could fit you well!,2024-08-26 01:53:18,2.0.8,mus15512,com.aicover.aimusic.coversong
aed9b340-221c-4700-b68a-3dd63b3d5807,this is so cool you can make any song you want and give it a 5 stars,5,0,1.1.1,2024-08-05 15:27:22,Your love keeps us motivated. Thank you for your continuous support!,2024-08-04 22:16:57,1.1.1,mus16996,com.ai.music.generate
b9153a17-b93b-4109-b03b-fcfeea345f15,Generally this good app but even though I have the music that has been generated disappears when I next go on saying that my folder is empty..any advice to troubleshoot this would be appreciated..,3,0,1.0.8,2024-07-16 07:18:43,,,1.0.8,mus847,com.ai.sound.donna
45dec5bf-067b-487e-935c-09c0bfd1ce9a,this is the best it's so fun to make songs and can't wait to show this to my auntie that loves to compose songs! whoever made this app is the best!,5,0,1.0.8,2024-07-17 08:40:41,,,1.0.8,mus1529,com.ai.sound.donna
b7f7e91f-570f-4f33-9c54-4ae63be2e441,Best song generator ever existed. I love it,5,0,1.0.1,2024-06-03 14:08:40,Thanks for taking out time to rate us. It really helps us to keep going and delivering the best :) Donna Support Team,2024-06-04 03:33:56,1.0.1,mus3440,com.ai.sound.donna
e9887d24-6562-4190-8564-3f7ffc5b2bcb,It's the best I always use it to create different songs from my experiences in life and I hope this will prove to be useful to someone.,5,0,1.0.15,2024-08-19 08:17:27,,,1.0.15,mus891,com.ai.sound.donna
17f54d6b-673b-4844-bcfb-7355594e91e0,Pay wall after you do 7 minutes of speaking samples for no reason.,1,0,,2024-03-12 13:57:23,,,,mus12820,com.feraset.tune
f1b343d5-96c4-4f15-85dc-a9ddf4ba7649,too many ads. this not a free app. once open account with the app you cannot delete the account and information.,1,0,,2024-01-22 14:24:03,,,,mus15128,com.multiplewords.ai_music_generator
a0327f80-e2c1-40e5-be23-85c1af6d0d87,so beautiful so aligant just work like wow,4,0,1.2.1,2023-12-21 12:23:39,,,1.2.1,mus9430,co.appnation.aimusic
153e8586-9ccd-46b5-9ba9-ea3a644e0889,I was so surprised when it generated my song so quickly but I'm very happy with the results.,5,0,2.2.2,2024-08-11 11:42:52,,,2.2.2,mus15343,com.app.sunaia
793e9e72-c921-4f3e-8c77-056ef13e595a,By far the best Ai generation app on the playstore.. because by comparison to other apps for less than 8 bucks you get to make 50 songs with the apps full features. there's only one thing I would hope is or will become available soon the ability to input one's own voice?,5,4,2.2.1,2024-07-29 21:32:38,,,2.2.1,mus15326,com.app.sunaia
172978ee-64ea-4d4b-997f-7e8882216ebd,Really good music that is well written,4,0,1.0.24,2024-10-06 21:30:47,Thank you for your kind words! Were thrilled to hear that you enjoy the well-written music created with the app. Its always great to see users finding inspiration and creativity. Keep making great music and we cant wait to see what you come up with next!,2024-10-08 02:29:25,1.0.24,mus1468,com.ai.sound.donna
fffce4f0-1935-4d87-a13d-296a24bf2f8d,I request a refund after they yanked a one year subscription out of my cashapp the minute I registered for the free trial! I tried and sent emails to Google and this developer asking my money get back to my cashapp nothing! Nothing has happened to rectify this issue! Sick of it! $60.00! Never again Google! Bunch of idiots! Bet this doesn't happen with APPLE!,1,2,,2023-06-03 10:39:38,,,,mus8963,co.appnation.aimusic
939fbca6-a603-47ec-b634-ea918f0d1d27,Creates lame generic little pop ditties. Meh. Suno.ai is far better (and far less expensive).,2,0,1.0.16,2024-08-30 21:23:38,,,1.0.16,mus1332,com.ai.sound.donna
4d84c0c0-0bc7-448d-9f8b-c034ef42e5e7,Makes you pay to use your voice,1,0,4.1.6,2024-05-07 18:21:47,,,4.1.6,mus11967,com.feraset.tune
f88f48d8-615d-44da-a8e0-497379bb40ae,Terrible won't set up and keeps asking for more money before you ever get a song. $7 wasted,1,1,1.3.2,2024-06-24 21:06:40,,,1.3.2,mus16041,com.talentme.singup
ca5e088d-0985-4833-8e02-639413070f63,Not working. Not even a single feature of this app is working there is always an error showing if you want to used any feature of this app. I had really a sad experience with it :(,1,4,2.0.3,2024-09-08 03:29:30,,,2.0.3,mus8213,ai.vyro.musicly
28157177-f6a5-42e2-b91b-bd8dbff62509,"Payed for ""premium"" then got stuck behind another paywall to use my own voice. I said why not and did it. Now the app is stuck on a permanent white screen. Whether it's a glitch or by design this app straight up is a scam.",1,1,4.0.4,2023-10-29 17:06:48,,,4.0.4,mus11059,com.feraset.tune
26ab0e9a-b602-4d7e-8717-bdf93dd31f9e,DO NOT RECOMMEND.You only have 15 seconds to hear the ai singing.And if you want to listen to the hole song you have to pay for premium. DO NOT WASTE YOUR TIME.,1,0,3.0.9,2023-10-08 00:14:59,,,3.0.9,mus11519,com.feraset.tune
8714599a-089c-40a7-8ac8-898e25372378,AI Song is the best ever most especially the easy and user-friendly interface. The best option for those that like to choose Music as their career but you having the problem of composing a lyrics. This App will generate song lyrics and music style for you in seconds! I love the app!,5,0,1.1.1,2024-07-03 15:05:22,,,1.1.1,mus10218,com.lascade.songai
d8b4de59-a162-46cf-bd13-1e266074edab,Total rip off. Keeps asking to pay more but gives nothing.,1,0,4.1.2,2024-03-28 00:10:55,,,4.1.2,mus11843,com.feraset.tune
aae0dca6-0882-4a6e-a21c-6a4f2695d564,this is crazy good,5,0,4.0.9,2023-12-23 21:28:49,,,4.0.9,mus13122,com.feraset.tune
b0ff88b1-b1fb-4e41-bde5-25b6ad57a0c5,The songs are starting to glitch and I'm having to go through more songs to find one that plays better. Please fix when you can. I have already used up 20 songs just trying to find one that doesn't glitch and it's also cutting my songs short for the amount of lyrics that I have.,5,0,1.0.14,2024-08-15 11:49:47,,,1.0.14,mus417,com.ai.sound.donna
95651439-08bb-4b7d-8d41-5917cb1dd5d9,I can't hear the sound,5,1,0.2.12,2023-04-19 19:34:40,Hi there! Please drop in our Discord channel for further support. Or you can also email me at: k@w1zrd.co.uk,2023-04-19 21:52:44,0.2.12,mus8075,com.dc1ab.wau.ai.music
943b19c9-b408-4075-98e6-0221d71aa565,in kpop section.where is BTS all members? really? kpop without kpop Kings?? I'm really disappointed,2,0,4.0.13,2024-02-06 08:38:57,,,4.0.13,mus12485,com.feraset.tune
7d8fad0d-aad7-4894-89a3-beeeb7e03875,Haven't found any Mexican singers like Natanael Cano or Junior H,4,2,,2024-06-16 05:21:58,Dear User! We are always working to add more sources in the updates. If you have anything else on your mind you can write to us at musicly@vyro.ai. Thank you for sharing your thoughts with us.,2024-06-25 00:27:51,,mus8551,ai.vyro.musicly
67e6c246-5e0d-45ff-894d-da2b10311289,I had just spent 8 minutes talking to myself for no reason because everything is locked behind a pay wall 1 star,1,0,4.0.14,2024-02-13 21:57:34,,,4.0.14,mus11853,com.feraset.tune
c65f58bf-43aa-4c37-b6c5-52b054f3becd,I really love this app it helps me from making my own song,5,0,1.0.5,2024-07-05 23:59:01,,,1.0.5,mus3501,com.ai.sound.donna
b0a4f030-7315-4d8e-b503-f9a57db0c650,Not working its stuck on blue screen.,1,4,1.5.0,2024-02-14 00:15:54,,,1.5.0,mus17504,ai.music
3931e3a4-248c-4915-9658-a2a319a053dd,.wow.5 seconds and that's it? at least give us a reason to pay for this.,1,0,1.2.1,2023-12-22 18:53:11,,,1.2.1,mus9384,co.appnation.aimusic
2230a42f-9e18-4ff5-b77b-250e4e45d17c,Perfect music tool.please enable export for free users,5,2,,2024-09-19 13:02:36,,,,mus15039,com.aimusic.melodiai
7206284c-d058-4a9b-8ad3-faaeaeeab6f5,If you are a person who loves music and likes the design of music and the creation of it this is an app that you need to have this app is all inspiring. Donna we'll wake up the creative design in you and make you either a good artist or a hell of a producer. It's up to you to become great. This is just a helpful platform. I recommend this app to all music lovers.,5,1,1.0.8,2024-07-20 13:59:19,,,1.0.8,mus610,com.ai.sound.donna
c1ec2c86-8185-463f-a7fd-36f64a269a0f,Honestly I never thought I would find a perfect AI Music Maker. I love it definitely. My only reason why I give it a 4 stars is simply because once I make the song and they provide me the best that I like I put the same effects for a new song and it changes the tone and beat. If we could have a mode to keep the same beat that we like I would greatly appreciate it. Also when we have the song we like we can also download the instrumental version without have to go through all that hassle.,4,1,1.0.9,2024-07-31 04:43:46,Thank you for your feedback! Were thrilled that you love our AI music maker. Your suggestions about maintaining the same beat and easier instrumental downloads are valuable and well consider them for future updates. Enjoy creating with Donna AI!,2024-08-01 02:21:40,1.0.9,mus31,com.ai.sound.donna
625a1620-f910-4ae7-9dd0-7016a0a42efd,This is the app I needed,5,0,1.6.0,2024-04-04 18:38:50,Thanks for taking out time to rate us. It really helps us to keep going and delivering the best :),2024-04-19 20:31:52,1.6.0,mus17583,ai.music
2915469d-f2d4-422e-a3df-5c1d2de18083,This app is outstanding. and I am excited for developments in future. I wish you could edit and make modifications to the song it generates as there are some glitches that show up. However for me personally - this has created the possiblity for me to generate the anthem for my Human-being Day movement. I wrote the lyrics years ago and now with this I can present a first release on all the music platforms and let the world hear it. Then I will produce the album with human singers. Bravo Donna,5,0,1.0.21,2024-09-20 00:09:17,,,1.0.21,mus267,com.ai.sound.donna
ee6f3016-e80a-4584-bf15-780642369c3c,I was so inspired to do this song for the lost people of this world. love it,5,0,1.0.21,2024-09-19 09:03:55,,,1.0.21,mus1672,com.ai.sound.donna
5a628995-fb2d-49a6-bb32-1c21a07f4c7a,This app is amazing made my song perfectly but the exted beta isn't worth the 2 dollars until it's fully completed. I spent $2 to get my song extended and it did literally nothing to it but the song that are made go so hard id definitely recommend trying it out.,4,0,1.0.23,2024-09-29 23:08:45,,,1.0.23,mus251,com.ai.sound.donna
e0b5deeb-4dc8-4c30-a319-b274d9dafe43,So first impression I wasn't sure what to think but after making my first song from scratch I was instantly impressed. My only gripe is $5.99 a week but that's because I'm cheap. Probably will switch to the yearly subscription. This is amazing.,4,0,1.0.4,2024-06-23 00:24:37,,,1.0.4,mus869,com.ai.sound.donna
123e190e-9053-428b-ae81-ee5306cb6b2f,great app would like more edit,4,0,1.0.23,2024-10-03 14:16:35,Thank you for your positive feedback! Were glad you enjoy the app. We understand the desire for more editing options and were always looking to enhance the user experience. Your input is valuable so if you have specific suggestions please share them with us at donna@mobiversite.com. Keep creating!,2024-10-04 06:53:50,1.0.23,mus1975,com.ai.sound.donna
595c644a-df8f-4649-af9d-0f184c6d959e,When I'm typing text it's delayed,1,1,1.0.6,2024-08-20 18:38:18,,,1.0.6,mus8843,musiclab.suno.udio.ai
c7ad9ef9-217e-4776-a897-04bc1b2b7480,"peice of junk. it won't let you type your own lyrics unless you pay them. otherwise it just assigned you a random song that could be about anything and doesn't make any sense. in the sense it gives you absolutely no control over what the song says how it sounds or anything like that. Edit: it dose not provide a ""taste of the ai capabilities"" it provides nothing you might as well have just made the "" free version "" just a cheap video of someone usining it.",1,3,,2024-07-29 19:56:22,We appreciate your feedback. The free version provides a taste of our AI capabilities. Subscribing unlocks full control and customization for your songs. If you have more concerns please reach out to us at donna@mobiversite.com,2024-07-29 10:44:43,,mus203,com.ai.sound.donna
21133bb4-f899-402d-a51b-2900f998e4e9,it actually is amazing and it literally makes a song for you. it has been the best music app so far.i want to see If any other app can beat it,5,0,1.0.23,2024-09-30 16:37:15,,,1.0.23,mus538,com.ai.sound.donna
c4af0f7d-1103-49da-9e5b-08cb1674defb,Everything is premium. You can not make anything free,1,1,1.2.0,2023-11-27 11:13:05,Thanks for taking out time to rate us. It really helps us to keep going and delivering the best :),2023-12-01 06:55:50,1.2.0,mus17540,ai.music
64b1227b-8829-41f2-8674-98a57b391a29,Very poor as in this app is very week,1,1,1.0.6,2024-07-25 09:02:09,,,1.0.6,mus8846,musiclab.suno.udio.ai
b1af1325-632a-40b0-b5a1-00f6abb244ff,its perfect for making music it helps me making more music while i write lyrics and they put some tone,5,0,1.0.9,2024-07-26 23:41:59,Were glad to hear Donna AI is helping you create more music! Keep writing and making great tunes with our AI music generator. Your creativity is our inspiration!,2024-07-29 02:07:22,1.0.9,mus1252,com.ai.sound.donna
9526527c-b60b-4420-bf1d-56d08fcf02df,This app is amazing.loves the intuitive interface and it's my go to app for music,5,0,,2024-07-23 13:07:17,,,,mus10385,com.lascade.songai
4262f965-76a5-49cb-ba97-07b2fc269704,Nothing but error messages total garbage,1,0,1.1.0,2024-07-17 22:34:46,Hey sorry for the trouble! Please update to the latest version and try again. If the issue persists contact us at connect@lascade. Thanks for your patience!,2024-08-19 08:15:38,1.1.0,mus10370,com.lascade.songai
9bbc14b4-6db1-46a3-8bd3-ee01213bba32,Well for the most part it's ok. A lot of the songs sound very robotic or sing lyrics to fast or doesn't finish my lyrics. I'm writing all the lyrics myself so some of my songs may be long idk.,2,0,1.0.15,2024-08-22 15:11:23,,,1.0.15,mus461,com.ai.sound.donna
dadcee43-6720-45d3-b021-a5a32f13b342,It is fun and allows you to provide information to customize your song. Very clever.,5,0,1.0.10,2024-08-02 16:18:48,Thank you for the stellar review! Were excited that youre finding our AI music generator so useful. Keep those creative juices flowing!,2024-08-05 04:24:50,1.0.10,mus1227,com.ai.sound.donna
c205b739-9474-4cae-853b-9dec852f5619,Immediately asked to pay with 2.4 rating. Yeaaaa no. Not without trying features first.,1,1,1.3.2,2024-06-29 21:14:12,,,1.3.2,mus16016,com.talentme.singup
9c51ec9b-7423-404a-ac4b-a8ad81b6fd8c,What a scam I need to pay for free app no thanks,1,0,1.4.2,2024-06-18 07:53:59,,,1.4.2,mus9471,co.appnation.aimusic
26724f23-c0cd-44d9-99de-32c8651ec1f7,I was so excited to download this but I give it 2 stars because I have to PAY to use the appI was so HAPPY but.no. I don't recommend if you want a completely free usage app.,2,0,1.5.7,2024-10-05 01:12:18,,,1.5.7,mus6840,ai.music.generator.song.maker
0b024bee-8eac-4187-a04a-f019e40f51b9,This helps me get some inspiration on a song I would love to make that explains what I'm feeling in he moment,5,0,1.0.1,2024-06-07 18:58:09,,,1.0.1,mus2858,com.ai.sound.donna
9d3aaf27-b36e-4480-96b4-7e854ca1ad06,It's amazing but some of the voice s sound weird when it hits high nots,4,0,3.0.8,2023-09-27 21:31:29,,,3.0.8,mus11757,com.feraset.tune
6348ab5f-2319-4c69-b96f-9da73b63bc45,Real scummy that you have to pay for it,1,0,3.0.6,2023-09-16 03:41:49,,,3.0.6,mus12837,com.feraset.tune
b583c48d-afa5-4e4e-9fd4-3343367e264d,Generates songs on its own dosnt always respond to my prompts works fast but there seems to be a theme with things like shadows and sunsets idk I'm having some fun with it .,4,0,,2024-09-18 17:16:19,,,,mus16625,com.script8888.magicmusicai
1944f779-0479-4945-951e-e33da5f71176,App is 'Meh' at best. Prompts aren't followed even remotely. Credits are used double when you create (makes two identical copies and charges twice for it) and pops an Advert for premium service every 30-45 seconds. Not seeing anything worth the $40 subscription fee.,1,1,1.1.1,2024-08-04 15:34:00,Dear user sorry to trouble you. We have noted the information and passed it onto the development team. We hope you keep using and looking forward to future updates.,2024-08-04 22:16:29,1.1.1,mus16815,com.ai.music.generate
f59b7968-c66e-4739-ad74-7647f8841ada,this is just what I'm looking for just Just wish it was my voice.,5,0,1.0.14,2024-08-14 17:29:23,,,1.0.14,mus2174,com.ai.sound.donna
9fa360ca-a0d5-48a4-8c89-9f72409c1873,It's a fun app to use make your song in any style theme . Funny Sad Happy Glad Country Rock Jazz Soul and many more mix em up have fun.,5,0,2.0.10,2024-09-07 15:26:56,,,2.0.10,mus16575,com.script8888.magicmusicai
53381bfd-a4e0-40b0-a8ae-49be9a5a9c70,this is really bad. I don't know where they got their sample AI voices but they are so mediocre. When you try to have your voice go through it sounds like it went through a strainer. it's bad don't buy,1,1,1.3.2,2024-05-30 20:42:35,,,1.3.2,mus15831,com.talentme.singup
66bfb985-12c1-41ca-adfe-35e9d882c1bc,You have to pay to make a song? Trash app.,1,1,2.2.6,2024-09-20 09:14:29,Thank you Henry Candler for your kind words! We're thrilled that our AI song generator is the best thing on earth for you. Your support means everything to us. Enjoy making more music with Zona!,2024-09-20 09:02:12,2.2.6,mus7653,com.zona.aimusic
613f11f8-6f0b-439d-b9ec-faac0fb357e9,Its nice and all I would've gave it a five but when you download it to gallery as a video Its takes a lot of time saving but its good!,4,0,1.0.6,2024-07-05 21:47:16,,,1.0.6,mus1430,com.ai.sound.donna
1260a35e-0376-40ad-a45b-234f13dd69cb,Possibly a scamI paid yearly subscription but songs wouldn't download or share so I uninstall then installed the app again only to lose the generations already made AND it still doesn't download or share. Support has not bothered to respond to email at all. One of those too good to be true situations for real,1,4,1.3.4,2024-09-07 13:10:25,,,1.3.4,mus6795,ai.music.generator.song.maker
a2adba58-a91e-4005-a42c-376e59eb4f5e,I loved the free song generation when you open the app I created a chill rap it was amazing I will definitely think about subscribing!,5,0,1.0.3,2024-06-18 10:32:46,,,1.0.3,mus1439,com.ai.sound.donna
96fd1485-ae32-4b2e-91b3-9c61f8efc9cb,I wanted to make a national anthem for a country and I have to make a song myself with 3 steps for nothing????? Like I can't create one anymore because the app stole my credits.,1,1,1.0.4,2024-06-23 19:37:55,,,1.0.4,mus1623,com.ai.sound.donna
46b1a726-f44e-4496-9b6a-392a325e821b,Forced to pay first to try the app didn't work well. Asked for a refund in few hours got rejected for refund. Now got stuck with the app which doesn't even work as expected. Can't generate songs can't put lyrics to songs can only generate music (instrumental) for 20-30 seconds only. Wasted 119AED for lifetime license.,1,0,,2024-09-08 05:20:51,,,,mus10637,com.feraset.tune
a4632363-10f6-48cb-90a4-c33e35a77343,It really sounds like the character,5,0,1.3.2,2024-07-17 21:45:42,,,1.3.2,mus16390,com.talentme.singup
467ead3b-d7ff-4dd2-a9d1-f2ce7f6a36af,I'm confused. Is this AI generated music? But it says it's copyrighted.. The US copyright office only recognizes work authored by humans so what's going on?,3,0,0.2.11,2023-04-14 20:28:17,Hi there! This is a very new field and the legality is catching up. However one can definitely copyright AI generated music and art! (With some tweaks). Join our Discord for more info. Wau helps creator to get license!,2023-04-14 23:48:26,0.2.11,mus8050,com.dc1ab.wau.ai.music
1099bbc7-683e-411f-a370-7fa8c14b26d8,this app is so amazing the quality of the song is beyond expectation it is like a song by famous singer,5,1,1.0.16,2024-09-01 18:02:58,,,1.0.16,mus1288,com.ai.sound.donna
cef5677f-0471-430f-a51b-99be1f2644e9,im so regret subscribe this..useless and hidden charge,1,0,1.3.0,2024-05-25 10:32:59,,,1.3.0,mus16211,com.talentme.singup
147822e4-d669-4d71-9cee-71f6ef73e525,"That app is super fun! I purchased for a week for a project but am very tempted by the yearly subs. It was a learning curve at first to figure out the sound I liked as everything sounded very childish but onced figured out it's good. 2 things hence my 4 stars; whether you choose description or lyrics you will often hear them signing ""melodic interludes"" or any other instrumental parts. The other thing is the impression that it's always the same person who sings diversity is key!",4,6,1.0.14,2024-08-16 14:38:21,,,1.0.14,mus221,com.ai.sound.donna
61eb7259-04c1-48d2-babb-700f7580373c,Great App just wish we could start off with atleast 2 or 3 Free songs.,5,0,1.0.24,2024-10-06 21:21:43,,,1.0.24,mus1025,com.ai.sound.donna
ea5059e1-35b1-458a-b7cd-67e25aae7739,Doesnt load or allow u to use says its under maintenance,1,0,1.6.3,2024-08-16 08:10:14,Sorry for this inconvenience. We have fixed the issue. Please update to the latest version on the Play Store.,2024-09-24 10:57:00,1.6.3,mus17407,ai.music
087a0434-8157-429f-987c-b0b27e358255,Nope. For wun it should let you pick any genre any topic about anything .. all things. Truly .. garbage. 2 every song is about some dumb cat or how the world is in chaos. Whixh is true. But even more true when effin media is showing and selling only that. Making a manifesting thought greater in prospect beckause everyone's hearing it thinking it and BELIEVING IT. MANIFESTATION!!! THE DEVIL KNOWS WHAT HES DOING . MAKING PRAYERS EVEN MORE BULL ISH AND LESS AND LESS OF. FML AND URS,1,1,1.0.7,2024-06-10 19:51:45,Dear user we will ask the members of the technical department to upgrade the system and hope that you will not have such problems in future use.Thank you for letting us know about this situation.,2024-06-11 22:48:03,1.0.7,mus16959,com.ai.music.generate
2b61918e-5bc0-4c44-a302-8c02d918e84e,amazing what this app can do,5,0,1.0.1,2023-05-19 23:09:45,,,1.0.1,mus9546,co.appnation.aimusic
c93be429-2b92-4901-a0a6-ac1f52b67c89,Like 2 seconds long,1,0,1.2.0,2023-12-20 14:56:08,,,1.2.0,mus17568,ai.music
70b89986-0170-4441-983a-a8a56be29a74,have to pay monthly instead of a one time payment,1,0,1.5.7,2024-09-27 01:24:40,,,1.5.7,mus6913,ai.music.generator.song.maker
2255c6d9-3992-4a7b-a3e4-44fe9b8bf67d,Terrible quality but you have a cool idea. Keep working on the AI.,2,0,,2024-02-02 10:23:39,,,,mus9155,co.appnation.aimusic
e826c533-b455-4f1e-9a3f-be13a65a73c6,omg this is super super helpful and you can choose how you want it,5,0,2.1.4,2024-07-15 13:40:56,Thank you for your 5-star rating! We're thrilled to hear that our AI song & music generator maker Zona has been super helpful for you. Enjoy creating with endless possibilities!,2024-07-15 14:02:12,2.1.4,mus7642,com.zona.aimusic
87d0a62f-0bde-4bd5-b490-73ac477bc60a,it was really making me happy,5,0,1.0.5,2024-07-01 22:03:06,,,1.0.5,mus4090,com.ai.sound.donna
ef1926d9-ee2a-4306-9ad6-40c9827000e4,"Amazing app. Dropped in a few descriptions about a situation studio style in a country style and a few minutes later. ""Grateful Spirit""",5,0,1.0.9,2024-07-24 17:01:56,,,1.0.9,mus681,com.ai.sound.donna
3398df5f-e8cf-44f8-8481-7b217e192ba7,You have to pay for songs,1,0,1.0.7,2024-07-15 05:19:35,,,1.0.7,mus3953,com.ai.sound.donna
74a70e4f-1ded-4510-a956-9633a3972684,Custom voice requires purchase. Misleading ads.,1,0,,2024-02-29 21:40:17,,,,mus12016,com.feraset.tune
af7bde0e-3f98-4ff5-a7f3-aa9ebe4ac6c3,smacks noice its good for music and words,5,0,4.0.15,2024-02-20 20:52:09,,,4.0.15,mus12204,com.feraset.tune
c89379b4-e3ab-4a83-a7e0-2fec91455502,False advertisement does not include mordecai not enough voices,2,0,1.2.1,2023-12-21 09:47:09,,,1.2.1,mus9288,co.appnation.aimusic
8da9d9d3-cfb0-427d-bdf7-f433a10af0ed,amazing application very easy to use with a variety of musical genres to choose from just one suggestion after the track is complete it will be great if say you don't like certain elements ( it gave you the option to change what you dislike eg change best or tempo pick other vocal etc and in other languages But besides that this app is definitely worth the download it's amazing how easy it can take your thoughts or lyrics and literally turn them into a track in Minutes,5,5,1.0.13,2024-08-09 13:15:45,Were delighted you love our AI song maker! Your creativity shines through every track. Keep enjoying the music creation process with Donna AI.,2024-08-08 06:38:21,1.0.13,mus233,com.ai.sound.donna
9973c45d-47bb-4a1b-b549-9d678d3fde2b,"""This app is excellent for creating songs. You can write your own lyrics with the help of AI. You can choose different music genres according to your preference. I give this app 5 stars.""",5,0,1.1.6,2024-06-21 06:53:58,Thank you so much for your comment and support! Feel free to join our Telegram group if you have any questions or would like to stay connected. Looking forward to keeping in touch with you! Best wishes!,2024-06-21 07:12:34,1.1.6,mus7249,com.singgenix.suno
ff1fd4d5-670e-4fe0-bff6-2a45e03d32ac,App crashed. I paid for subscription closed the app. Opened it and now it just shows a white screen.,1,0,4.0.5,2023-11-06 14:27:18,,,4.0.5,mus11230,com.feraset.tune
1ad33e33-f514-428e-886c-27dfb6b71654,Soo good but you should add more things without money coz i loved it but for money i can't use it too much but that was good,5,0,2.0.5,2024-10-01 13:08:35,Dear User We understand that it can feel frustrating. To keep our servers running and continue improving the app we need to balance free and premium features. Your support helps us provide a better experience for all users. Thank you for your understanding. The Saaz team!,2024-10-02 03:50:27,2.0.5,mus8310,ai.vyro.musicly
9198e208-a866-4d41-81f5-5235bd56c8bc,App is not working as advertise do no wastw your money like i did,1,0,1.2.1,2024-05-17 18:27:12,,,1.2.1,mus16178,com.talentme.singup
f6e1f833-48f0-4739-9b88-a441a4a6180d,"Worked for 3 hours now it just keeps saying ""we faced high demand improving infrastructure to help serve you better"" so if this takes longer than 1 day to get fixed do i get 1$back because realistically its 7$ a week. Thats 1$ a day .",1,0,1.0.3,2024-06-15 10:16:50,Sorry for this inconvenience. We fixed the issue. Now you can create amazing music with Donna,2024-06-16 08:11:59,1.0.3,mus1437,com.ai.sound.donna
4bd0f5ed-8492-4068-ab14-06a33230ab98,Can't create unless you pay. Lame asf.,1,4,1.0.1,2024-08-23 04:05:36,,,1.0.1,mus17303,com.superapplabs.song
625400fd-45c2-4fa7-adae-e9d838d28055,I didnt know i had to pay for it . Wasted my data . Dont download,1,1,1.1.0,2024-05-21 03:45:46,,,1.1.0,mus7374,com.singgenix.suno
40497aad-973a-4b05-a864-5621c1d89183,are you serious? YOU ARE STARTING TO CARE MORE ABOUT MONEY NOW ATLEAST BEFORE WE COULD MAKE AI MUSIC FOR FREE!,1,1,,2023-11-15 19:51:22,,,,mus12513,com.feraset.tune
e6fd3580-a719-430d-a8f5-3de285c93208,This is absolutly a scam . i bought the 14 buck unlock version and it still wont load a single song or clip just lies and takes your money when you try it. Worse app on the store,1,12,1.6.0,2024-04-08 15:39:43,,,1.6.0,mus17398,ai.music
592ba745-46b5-4d5b-925a-ec65ed72641a,Didn't connect to the internet,1,0,1.0.2,2023-06-15 17:53:08,,,1.0.2,mus9555,co.appnation.aimusic
d7ac5c19-f4b0-4579-8f50-c7bf66c4e86e,Horrible app.You can only do one ai cover then u have to pay,1,0,3.0.6,2023-09-17 08:17:59,,,3.0.6,mus12125,com.feraset.tune
28540308-3d02-4759-a7e4-26733557e4d9,i hate this app doesn't work its bad,1,2,1.5.2,2024-08-28 13:23:35,,,1.5.2,mus17905,com.ai.music.clone.generator
d669cc96-2ae8-4506-9c30-ad5ed003b7be,so far I like it I've created one song it's called stigma let's see,4,0,,2024-08-24 13:34:17,,,,mus4528,com.ai.sound.donna
0c8f1296-a062-4517-b2bc-8c0a2abeb4ff,Cannot try before buying,1,0,1.3.2,2024-07-02 21:10:58,,,1.3.2,mus16259,com.talentme.singup
2655c77b-8dc0-4427-b9b3-b3acb944b9c0,it is amazing helps you to make song easily you just only need to give the lyrics,5,1,1.0.3,2024-06-18 03:37:54,,,1.0.3,mus2268,com.ai.sound.donna
2b82acae-d023-400f-84f3-8f87c5709666,I put in the imput for what I wanted and it changed the character who was singing the song and I can't cucking redue it and I'm not paying so I can change one detail of it,1,2,3.0.6,2023-09-13 22:52:19,,,3.0.6,mus11511,com.feraset.tune
f4ff5863-a156-4480-93dc-8e5ee7d962fc,I have made some of my favorite songs with this app,5,0,1.0.15,2024-08-20 14:33:44,,,1.0.15,mus2042,com.ai.sound.donna
cd5c0947-a772-4314-bf16-ae0f697742df,It's insane what AI can do right now.,5,0,1.0.22,2024-09-29 00:26:42,,,1.0.22,mus2637,com.ai.sound.donna
d86b5293-bdbb-47ca-9a0d-5c61f7ea9364,It says you get one free one to test out but you have to sign up for pro to get it which isn't really free to test at that point. I don't want to sign up for a subscription if I can't even hear a test song or anything. Would be cool to try to see if it's what I need before being in a subscription.,2,3,4.2.24,2024-08-27 08:28:43,,,4.2.24,mus10533,com.feraset.tune
1dd21904-b3a8-4083-8f87-9684f275bb85,You think you would give this for free considering your ripping off content from multiple musicians!,1,1,1.0.1,2024-06-08 19:45:56,Sorry to hear you are unsatisfied with the progress of the updates. I hope you can enjoy our app again in the future. Donna,2024-06-10 08:34:52,1.0.1,mus2322,com.ai.sound.donna
188861ca-ff92-47f6-9e71-2dc81a0d88f1,It sensors your lyrics and offers a single try? You want money bur won't let people actually try the app features before making them pay? I'll pass. You do not offer a trial. I have downloaded your app there is no free trial and it won't even let me use the 1 free try. Sounds like a major scam.,1,2,1.0.14,2024-08-16 00:20:20,We understand your concern. Due to App Store and Play Store policies we must enforce content restrictions. We do offer a free trial to give users a taste of what Donna AI can do. Were working on ways to enhance the trial experience. Thank you for your feedback.,2024-07-23 03:00:44,1.0.14,mus343,com.ai.sound.donna
034fe9d9-eb38-4e71-ab87-abea85cd1ac4,I have paid pro to enjoy full features but all my song keep processing fail everytime. I don't know what to do. U don't have a forum to discuss the issues.,1,6,1.0.8,2024-08-01 13:27:49,Dear User! We apologize for any inconvenience youve encountered. Your feedback is invaluable and we are committed to improving our service. Please try using the app again now as the issues have been resolved. If you have something else to share please reach out at saaz@vyro.ai. Team CX!,2024-08-02 00:59:13,1.0.8,mus8223,ai.vyro.musicly
c98d3a2a-7253-4420-a0e9-3cb588151861,I wish there was a lifetime membership,5,0,1.0.6,2024-07-05 18:53:20,,,1.0.6,mus4163,com.ai.sound.donna
8444d38c-f131-4337-88d8-a0d60fd72bc0,Can't do anything really without it asking you to purchase the subscription!,1,0,4.1.2,2024-04-05 05:41:40,,,4.1.2,mus11984,com.feraset.tune
9e64bb6a-2b8d-471f-870d-1e158e4aff85,To be honest I like this game but what I dont like About it. is everytime I do another one it tells me get premium and not always ads I can do it with adds but only sometimes but I want it change 10 points for how many your going to make Good?,5,1,3.0.6,2023-09-14 05:18:56,,,3.0.6,mus11156,com.feraset.tune
1290b92f-86b5-4bdb-a520-b4bd3115079d,Horrendous doesn't sound like the character's displayed at all,1,0,,2023-11-22 06:53:50,,,,mus12087,com.feraset.tune
196015d2-21fa-4a6a-8fbf-99f2e3d44ec4,Really Wasn't good at all the voices sounded like trash. I requested a refund about 15 minutes after I downloaded the app its not worth it.,1,0,,2023-09-22 01:03:44,,,,mus11179,com.feraset.tune
abd52aa7-fde7-4cbf-af0c-b99924487469,I'm a first time user so if y'all could tell me if it lets you write your own lyrics I would bracket hug y'all,5,0,1.0.16,2024-09-07 23:25:15,,,1.0.16,mus2409,com.ai.sound.donna
9168b26f-ff02-497f-9102-31f8e946f566,Trash can't adjust anything the voice is muffled and it charges you everytime you wanna record your voice again save your money.,1,0,1.3.2,2024-06-09 13:29:54,,,1.3.2,mus15979,com.talentme.singup
0a8a99ff-4c8c-4906-a15e-ccabf7dd1a91,Can't believe this app had me talking to myself for almost 10 mins just to say I gotta pay $7 to use my own voice. Deleted,1,0,,2023-11-25 09:54:48,,,,mus11552,com.feraset.tune
e1bd29d5-8b8c-417b-8069-cda498868ca1,Simply amazing application. Big help to those who dreamed to be a writer and composer,5,0,1.0.16,2024-08-29 08:48:13,,,1.0.16,mus1259,com.ai.sound.donna
f4ce83fc-c348-4e65-9fd0-94ccd57f1bde,Okay. So It Overall has Excellent quality it is really easy to navigate through the music and fun to try out at first and I love being able to connect my Google account with this app and stay logged in.. But maybe a small favor if Donna gets a major update maybe people can at least get 2 or 3 tries to make songs per day then wait a little later for the tries to refresh. Honestly that won't sound that bad of an idea. it would be better and exciting so experience is more fun!,5,25,1.0.17,2024-09-02 18:19:18,,,1.0.17,mus100,com.ai.sound.donna
246b2afe-4f37-4982-b3eb-c0e9f2646f6a,It is backed up by a giant paywall! screw this app!!,1,0,4.1.2,2024-03-13 23:50:16,,,4.1.2,mus12955,com.feraset.tune
a56017a1-883d-4d59-8551-09f95880f365,You can't make your own song without paying. At least give like a limit,3,0,1.0.3,2024-06-14 01:44:04,Sorry to hear you are unsatisfied with the progress of the updates. I hope you can enjoy our app again in the future.,2024-06-14 04:11:16,1.0.3,mus3740,com.ai.sound.donna
68ae9c07-ffab-43bf-863f-00a2a7e6db43,This is terrible. They make you pay then pay again and again. This is a rip off.,1,0,4.0.15,2024-02-20 12:44:38,,,4.0.15,mus12235,com.feraset.tune
2876ca28-5c10-47ff-8589-bff59dbd85a9,great great achievement Heads off to developer's,5,0,1.0.22,2024-09-28 02:34:53,,,1.0.22,mus1748,com.ai.sound.donna
b4adc8f9-e4ad-4f35-90a8-90f34aa737a1,I'm unable to delete my voice,1,0,4.0.4,2023-10-30 04:29:46,,,4.0.4,mus12720,com.feraset.tune
53f02c94-189c-4795-81cd-3a943d3f9b26,Not operable. I'm not going to pay just to test an app. If you won't even generate that 5 Second snip you say it will generate for free then there are too many options on the play store that are free to even try this. Uninstalled within 10 minutes. Let me know when it's not behind a pay wall or charge upfront for the app. Thanks,1,0,,2023-08-21 21:31:12,,,,mus8966,co.appnation.aimusic
b9036121-36c9-4444-9b0c-b8fb1f19d501,very easy to use and create,5,0,1.0.16,2024-08-30 00:09:22,,,1.0.16,mus1940,com.ai.sound.donna
8f189ec8-acd9-42d4-8250-c82591f4a2f2,It's a pretty decent song generator and am pretty impressed. My only recommendations to the developers is to allow users to enter their own custom lyrics and make the songs go up to 3 to four minutes.,4,40,2.0.4,2024-08-05 15:07:18,,,2.0.4,mus16571,com.script8888.magicmusicai
06eca761-c332-4d6c-ba49-5b98b1735b98,Does not work. The voice is ot AI generated at all.,1,0,1.3.2,2024-07-04 18:04:00,,,1.3.2,mus16078,com.talentme.singup
53eb3b9b-9873-4b5c-822c-05c2e4c9cabe,Would be cool if you can make like 3 song before having to pay subscription fee.,2,1,1.0.22,2024-09-28 03:05:00,,,1.0.22,mus1037,com.ai.sound.donna
d6357a2b-d3da-4924-82bc-39028682d4ed,please make it so we can make longer songs without buy premium,5,0,1.8,2024-09-09 09:37:10,,,1.8,mus15074,com.aimusic.melodiai
506d5131-753e-4616-93c0-ad36f004b282,they removed the music and the singing sounds like trash,1,7,1.2.8,2023-11-27 15:27:55,,,1.2.8,mus17918,com.ai.music.clone.generator
6d56aabb-40ae-448c-993d-6176a898dd7d,Nah bruh I paid 7$ for my custome voice to sing randy by digbar and it won't even play it I wasted like 7 minutes of my time talking into the microphone just for it to not work bruh I want my 7$ back,1,0,4.0.3,2023-10-22 18:38:48,,,4.0.3,mus12306,com.feraset.tune
5b64daf8-5a6e-48b1-becf-4fa0373dca4d,Bro this made me popular! Thank you Saaz!,5,0,1.0.6,2024-07-11 04:10:03,Dear User Thank you for your positive feedback. Stay tuned for exciting updates in the app! Team CX,2024-07-13 09:02:05,1.0.6,mus8508,ai.vyro.musicly
66888679-953f-46c7-ac54-a2404fde08a5,Really good app I really enjoy making random music the only problem that I have is the random glitches it has can't even open the app now because of a weird glitch that distorted the screen all of the action keys are off screen and the menu is not even placed right I hope they fix this early,3,0,1.0.11,2024-08-04 08:23:00,Weve fixed the glitches. Please update to the latest version for an improved experience. Your feedback helps us make Donna AI better.,2024-08-05 04:46:57,1.0.11,mus356,com.ai.sound.donna
9c885286-9779-4f91-8376-16f92c82e5ef,It is amazing but i wish it were free coz how can i tell my parents to pay for an app,4,0,1.0.15,2024-08-22 03:36:07,,,1.0.15,mus1873,com.ai.sound.donna
c5253943-e9be-4abd-8340-02e7d8c62e93,Can you make it to where new users can use their first credit to do full covers,2,0,,2024-08-19 23:18:16,,,,mus9284,co.appnation.aimusic
73e4232c-17df-4450-bf52-f8b6dfabdb3d,It's actually good! It fulfills the criteria,5,0,1.0.8,2024-07-21 22:47:57,,,1.0.8,mus3812,com.ai.sound.donna
59240eeb-d222-4e74-9ca0-c17696f74d87,A few weeks ago I got a push notification offering me pro for half price but when I opened it and started going through with it it rescinded the offer.,1,0,1.4.2,2024-06-05 19:24:00,I'm sorry to hear about your experience with the pro offer. Please reach out to our customer support team for assistance. We're here to help!,2024-06-14 05:45:32,1.4.2,mus9024,co.appnation.aimusic
40825c4a-4278-4384-bb5e-ae8d81ce2857,Most apps let you get a taste of it before you buy. So you know what you're getting but this one doesn't. it will tell you to upload your voice but then you can't actually see what it sounds like or how it works until you pay for the phone products can commit to $6.99 /week.,1,1,4.0.11,2024-01-17 14:42:57,,,4.0.11,mus10874,com.feraset.tune
b679b106-7271-4e92-9985-77934ed96311,They trick you in to buy.,1,0,4.0.9,2023-12-09 17:56:44,,,4.0.9,mus12870,com.feraset.tune
dd7d4ae9-33e3-4651-8f45-98e81690dcb0,I don't get it. I can't download even under the conditions. I want this to be used locally with my friends (since I upload any content and even if I did I don't make money out of it) Yet there's a not working download button. Edit: up 1 star for the response. The music generated whether downloadable or not is not comprehensive. Much like an AI image it's mushed noise.,3,2,0.2.3,2023-06-28 10:39:36,The music depends on the prompt - please update to the new version and you'll find that it generates good music! Checkout the radio to see other people's creations!,2023-06-28 10:43:50,0.2.3,mus7963,com.dc1ab.wau.ai.music
b30a624d-668d-408a-9470-014e6d5be574,writes better music than you hear on the radio today,5,0,1.0.8,2024-07-21 13:00:36,,,1.0.8,mus2884,com.ai.sound.donna
1d1b0665-d4ee-42c8-be73-6428124e7ae1,first song was a certified banger. get your prompts right and they'll be great.,5,0,1.0.11,2024-08-03 10:02:36,,,1.0.11,mus1240,com.ai.sound.donna
fdd500f2-51e7-4c7c-a4f9-fca9668396e0,The male voice needs some adjustments but generally the results of the application are impressive. I like,5,0,1.0.21,2024-09-20 10:39:22,,,1.0.21,mus570,com.ai.sound.donna
96cf8ee8-83df-4bbd-9df1-2247b0cf383f,Not worth your time. Much better AI music generators available,1,0,1.4.2,2024-06-03 08:15:43,We appreciate your feedback Adam! We're always looking for ways to improve and will take your comments into consideration for future updates. Thank you for trying our app!,2024-06-14 05:40:41,1.4.2,mus9266,co.appnation.aimusic
e85613cd-58fc-4f5f-801f-44f90cbb0508,bro u can't make songs at least you pay 33 euros per month. I can't put 0 stars but if I could I would do it,1,1,,2024-08-31 18:50:24,,,,mus7080,ai.music.generator.song.maker
e52c79ac-de7c-4b63-9a10-3c1c880aab28,That was easy and fun!!!,5,0,1.0.20,2024-09-14 11:11:05,,,1.0.20,mus2338,com.ai.sound.donna
356e09ec-7fbf-4a58-b55f-2fd2b57f6dfa,Got confused very quickly.But pretty nice when you get to know it.,3,0,1.0.1,2024-05-22 16:08:01,If you like the app please give us more stars. Also let us know if you have any suggestions for improvement at info@mobiversite.com.,2024-05-22 16:11:54,1.0.1,mus2564,com.ai.sound.donna
d6ce48d3-8f58-4091-944f-0332cf9eecbf,It's not very good my voice didn't sound like me the ai created voices also don't sound like them. Example the batman give the Michael Jackson doesn't sound like him. Worst part is I signed up for the 7 bucks to pay for it and the app has no way to opt out of it. I do not want this product and I'm jumping through hoops to make sure I don't auto subscribe next bill cycle. Cheers,1,16,4.1.2,2024-04-05 15:11:12,,,4.1.2,mus10503,com.feraset.tune
902e4a3f-d485-4b83-ba4a-05d89818d757,This app is amazing and works really well they have a diverse select of options for music genres and sounds give it a try,5,0,2.2.2,2024-08-05 02:03:43,,,2.2.2,mus15329,com.app.sunaia
30d8201a-3085-4791-b259-f24552e8fd36,Pretty fun app. Music is officially dead though. Anyone can just have this create and then go perform or record it.,5,0,1.0.17,2024-09-05 17:40:35,,,1.0.17,mus748,com.ai.sound.donna
ff98bd15-ed3d-4feb-b362-fb770fdb7813,This app can be addicting especially for those like me who want to create their own songs without the talent and skills. The only bad thing is the subscription fee but it's worth it if you plan to use it daily. I think the app can improve by using a variety of voices I feel the voices can be limited and generic.,5,0,1.0.7,2024-07-09 14:38:33,Thank you for your detailed feedback! Were thrilled you find our AI music maker addicting. Were constantly working on adding more features and voices. Your suggestions are invaluable to us!,2024-07-10 02:21:59,1.0.7,mus184,com.ai.sound.donna
e08aa836-f494-4826-a95c-8251fab89e0f,It makes great tracks. As an artist and producer it helps give inspiration.,5,0,1.0.9,2024-07-27 00:12:26,Were glad to hear that Donna AI is inspiring you as an artist and producer. Keep creating and enjoying the music-making process!,2024-07-29 02:04:21,1.0.9,mus1144,com.ai.sound.donna
002b53f3-2602-4b91-826d-042ba98b448a,was an interesting idea but didn't work a bit with songs I chose with selectable character voices,1,0,1.3.3,2024-09-14 07:57:55,,,1.3.3,mus15832,com.talentme.singup
bec8dde3-259d-4ace-ab26-bb8c9d2425cc,It's an amazing app but has it's weak points that could be fixed I've been paying weekly. I've even tried the extension and the split the extension basically only repeats words already said in the song. It would be much better if you could add too or alter words keeping the same vocal and instrumental sound the split as it is completely worthless. I kinda feel like I was cheated out of that cash. It's a very sloppy split far better if ai created vocal and instrumental separate then mixed,5,0,1.0.16,2024-08-29 12:15:03,,,1.0.16,mus355,com.ai.sound.donna
2f48d232-ff66-4257-9959-c98d6f1c624d,Payed 10$ and can't re-recorded my voice it wants another 7$. Money sink and nothing for the value,1,0,1.3.0,2024-05-26 12:57:38,,,1.3.0,mus16044,com.talentme.singup
2d76edeb-5977-4d46-97a3-f6688672d2a5,App is dead trash no other to describe it other than that. 15 seconds only without payment? Tf is this app on about? Just make this waste of an app into paid before installation since it's useless anyways. The voice is trash doesn't sound even a tiny bit like the actual one absolutely horrendous to say the least. Cash grab.,1,0,,2024-01-29 06:53:20,,,,mus10810,com.feraset.tune
725db45e-4765-472b-b21a-48d80694fee2,I've always struggled to write tunes to my songs I love it,5,0,1.0.14,2024-08-15 23:03:48,,,1.0.14,mus1596,com.ai.sound.donna
2956de92-f9a2-4072-96e5-973ce6826bbf,App is a scam try to get money for everything cant even see if it works money hungry - definite downvote.,1,0,4.2.27,2024-10-04 11:37:23,Thank you for sharing your feedback. Were sorry to hear that the app didnt meet your expectations. We appreciate your input and well use it to help improve the user experience. Best regards,2024-10-07 15:27:19,4.2.27,mus10625,com.feraset.tune
e9341efd-901c-4e8c-8a15-3b46ed0e67d9,I've never uninstalled an app so quickly,1,0,1.0.3,2023-09-13 05:33:29,,,1.0.3,mus9420,co.appnation.aimusic
b197cb6b-b554-44a9-87e7-d4eb32cd33b3,I found this app useful,5,0,2.1.4,2024-07-27 02:28:09,Thank you Emmanuel Wolyan buramatali for your 5-star review! We're delighted to hear that you found our AI music generator app useful for creating songs. Your support means a lot to us.,2024-07-27 03:02:06,2.1.4,mus7706,com.zona.aimusic
2fe51323-b69d-417f-ad16-89319a33174f,This app produces some quality stuff at least for hip hop and rap. It produces some real bangers actually. I've tried Suno and it's not bad but this seems less limited in some ways. I definitely prefer Donna. My only suggestions are to allow editing of songs particularly vocals regenerating songs or at least allow purchasing additional credits if you hit your limit.,5,25,1.0.15,2024-08-21 17:44:44,The issue has been resolved and your songs should now appear correctly in your library. We hope you continue to enjoy using our ai music generator.,2024-08-21 02:30:18,1.0.15,mus85,com.ai.sound.donna
99acf81c-d0b6-426d-a377-a183757f0d08,This is EXACTLY what I've been looking for! I write.poems.& now they can be SONGS!,5,0,1.0.11,2024-08-04 07:26:51,,,1.0.11,mus1799,com.ai.sound.donna
72cd874d-22ca-4723-9bde-cccf835d187c,Oh?? I thought this was cool. But I could only do one song. It made me pay when I wanted to create my second song. I mean the voices are a bit nice but not only is the subscription SUPER expensive it's also very unfair. EDIT: Maybe I'm doing something wrong I don't know..,1,3,,2024-08-16 10:58:20,,,,mus6897,ai.music.generator.song.maker
fc641f20-c215-4af4-bb02-b0b15eed49b6,If you are an artist like me who is search various activities artistic activities this app can be source of that inspiration. This app has proven to be very helpful to me as a stimulant because the music i create here my input and the break down of processes inspire the artist in me,3,0,1.3.6,2024-07-23 15:43:03,,,1.3.6,mus10228,com.lascade.songai
f3e65b9b-5c7c-4529-99be-e45604ed6373,After recording my voice for a 7 minutes it says you have to buy it . You had to mention that before wasting my time,1,0,,2024-02-02 08:18:46,,,,mus12089,com.feraset.tune
d4b97b0e-ffcc-4f8e-b207-ab5552862de5,This is absolutely incredible and should be what AI is used for. And if you've got real talent in songwriting the songs come out even better. Try it. If I'm lying I'm flying. (Bars btw.),5,1,1.0.7,2024-07-11 19:53:39,Thank you for the fantastic review! Were glad our ai music generator is helping you create incredible songs. Your enthusiasm and talent make our work worthwhile. Keep pushing the boundaries of whats possible with Donna AI!,2024-07-12 02:46:22,1.0.7,mus845,com.ai.sound.donna
51e6bdcd-4bd7-4748-8915-d51b873a1563,amazing app very fun,5,0,4.0.12,2024-01-31 22:50:41,,,4.0.12,mus12662,com.feraset.tune
f2292ee5-a9bd-4f40-bdbc-5299ca39829a,I loveeeeeee this app I'm writing my own music now . thank you for helping me,5,0,1.0.22,2024-09-24 17:53:11,Thanks for your support! Our AI song maker is built for music lovers like you who want to experiment and express themselves creatively. We're constantly working on improving the app and adding new features to make your experience even better. Keep pushing the boundaries of your creativity with our AI music generator!,2024-09-30 14:05:31,1.0.22,mus1688,com.ai.sound.donna
ae23872e-a4ac-4f5d-bae9-11e4ec1b170d,Pls return my money back!!!!! I paid 570 pesos for this useless apps. SCAM kayo!!!!!!!,1,0,4.0.6,2023-11-19 15:13:02,,,4.0.6,mus12488,com.feraset.tune
9df6b68c-3d8c-4e47-a025-efb46124b108,Doesn't work at all. First thing when I open the app 3 pop ups with the premium offer which is completely expensive (54 for a lifetime). Then a 50% offer still way too expensive and then they want you to rate the app when all that worked was they being greedy. The button where you are supposed to create the song with the creator just isn't reacting so 1 star for an app that doesn't work at all except for asking you to pay and was developed by greedy people.,1,4,4.0.11,2024-01-16 23:32:03,,,4.0.11,mus10716,com.feraset.tune
5f94dc6d-413b-4207-b5d3-515ee49877fe,I was writing the song that I thought of then I filled everything in but then I said like sub and pay so I did but then when I created my some it was just soo SILENT!!!!,1,2,1.1.7,2024-06-30 07:39:57,,,1.1.7,mus7301,com.singgenix.suno
c61e3358-3b7e-4b40-a091-afdbe1bcdcf5,Cool app life saver,5,0,1.0.2,2023-06-15 18:11:30,,,1.0.2,mus9647,co.appnation.aimusic
efeac2aa-657d-46ad-add9-a5316aeede44,I just got a new phone. I logged in to my account and all the songs I created are missing! I spent a decent amount of time and money on this. Is there anything that can be done to fix this issue? Edit I contacted them and they reached out quickly and resolved the issue!,4,0,,2024-08-28 11:32:25,Please contact us at donna@mobiversite.com and well make sure to resolve this issue for you. We understand how important your creations are and were committed to helping you restore your songs as quickly as possible.,2024-08-28 09:53:22,,mus1878,com.ai.sound.donna
ce27186a-aa96-4832-86d0-220ac2b4640c,Never expected any fixes but Super Interactica Inc. have appeared to come through with solutions. The entire app looks fresher now with clear instructions on how to generate tracks. I still need to fiddle around with previously failed tracks to see how they turn out after this update so i might come back here for the 5 star but for now I can't complain at all with the solutions provided in the update and big props to the devs!,4,19,1.0.9,2024-05-16 22:16:47,We have fixed the bug. Please try again after update. It should be pushed soon after review. Thank you so much. The credits should be returned when generation failed in the latest version.,2024-05-16 09:52:16,1.0.9,mus7204,com.singgenix.suno
fd886ceb-75b8-495a-a1e4-403857b99ecf,First song I made was fire I couldn't believe how good it sounded.,5,0,1.0.22,2024-09-29 01:13:44,,,1.0.22,mus1491,com.ai.sound.donna
36ce8fa7-8dbb-439f-8bf7-87fefea52546,An absolute waste of time and space on your device. Picked a song I love chose SpongeBob and it was the wrong song and voice completely.,1,0,1.1.0,2023-12-14 15:17:46,,,1.1.0,mus9056,co.appnation.aimusic
1fdc4a16-a3f4-42d9-833d-d2e0dc325427,This app requires a subscription to even try it now and the app does not deliver even one of the features it promises,1,0,1.0.3,2023-09-13 23:15:29,,,1.0.3,mus9176,co.appnation.aimusic
6a0ebac6-2197-43d9-bd76-f298f4794366,This AI Song Music Generator is an absolute game-changer! As someone who loves creating music but lacks formal training this app has made the process incredibly easy and fun. The AI is remarkably intuitive generating tunes that are not only creative but also tailored to my preferences. Whether I'm looking for inspiration or just want to create something unique this app delivers every time. The interface is user-friendly and the quality of the generated music is top-notch. Highly recommended,5,0,1.4.4,2024-09-02 19:00:42,,,1.4.4,mus10425,com.lascade.songai
d8e4bfeb-05ba-46d9-8561-c6585c67f638,Just got it and so far so great!,5,0,1.0.23,2024-10-01 19:14:45,,,1.0.23,mus2468,com.ai.sound.donna
7dae7537-5d67-4d65-9120-daf5ba7d6c64,It's doesn't work its always having errors and technical issues,1,0,,2024-02-12 18:06:06,,,,mus17452,ai.music
4aa3e20d-ff48-43d6-9e70-de3d203ad20b,Let people know you gotta pay to even make one song,1,0,1.4.4,2024-09-21 06:49:34,,,1.4.4,mus7067,ai.music.generator.song.maker
8e8619cc-1919-419e-bf02-9352e772046f,It's great app if you pay premium!,4,0,4.0.11,2024-01-29 11:30:52,,,4.0.11,mus12262,com.feraset.tune
c7a2e381-f06c-41f7-8bc9-d1b7ce068372,It doesn't even let you try it straight to purchase for content.,1,1,1.3.2,2024-05-29 23:38:34,,,1.3.2,mus16077,com.talentme.singup
55642c8b-e973-4c08-bf86-fe2691ae17fd,Can't even try it for free,5,5,1.0.0.2,2024-08-01 12:50:00,Jasper thank you for your feedback! We understand how important it is to be able to test the app for free before making a purchase. Well be implementing this feature soon and will keep you updated!,2024-08-13 08:48:05,1.0.0.2,mus8765,com.blekitek.musicai
ed39318a-6903-4e22-80ae-fd72dec32c10,Honestly a huge waste of time and a total click bait,1,3,4.1.2,2024-03-18 18:58:14,,,4.1.2,mus12035,com.feraset.tune
ce55f9fb-039a-4bd6-b9ba-45eab854f8d8,Pay this pay that what a waste of time,1,0,4.0.6,2024-03-17 19:31:42,,,4.0.6,mus13095,com.feraset.tune
42fd6b60-d1b4-487d-acad-6b3b7f438551,can anyone respond to where tocfind the video download? app is crazy wicked. but when i download the videos i xsnt find it anywhere oon my files or app and ive written to rhem twice and bo response. still waiting 2 weeks later,5,0,1.0.15,2024-08-20 19:23:05,,,1.0.15,mus716,com.ai.sound.donna
c4cc4ac9-a81c-4ab0-a983-5de37e367988,Definitely not worth what it costs You're better off not bothering with this rubbish app,1,0,3.0.6,2023-09-27 00:36:43,,,3.0.6,mus12221,com.feraset.tune
b721e595-8074-435f-8ce5-c0ba0c396c5a,Did not care for this at all you cannot make it about specific things you can't make it in your style it's just random AI lyrics being sung by the computer and it's retarded,1,1,,2024-05-31 05:08:07,Sorry to hear you are unsatisfied with the progress of the updates. I hope you can enjoy our app again in the future.,2024-05-31 08:51:40,,mus2980,com.ai.sound.donna
3c986724-3ea0-4f36-b739-f86239fe02c6,Can't let you test it before paying so wasn't even able to use cuz I am not paying for some that I might not like or it doesn't work correctly,1,0,,2024-02-14 19:15:22,,,,mus11718,com.feraset.tune
982cf9df-e780-43a9-988a-580c4f1badda,Really horrible I'm not paying for pro version,1,3,,2023-10-09 13:56:26,,,,mus17932,com.ai.music.clone.generator
98b84f66-416e-48d3-ac06-4d03591701a3,"Incredibly short songs. Just a few notes repeated for a few seconds. You get 3 ""songs"" before you're promoted to pay though why someone would pay for this is baffling. You'd get better results if it was random instead.",1,3,,2023-04-20 03:30:36,,,,mus8950,co.appnation.aimusic
e3ed28b3-cf09-4b71-9d03-9f698f792996,It's a great app with surprising results,5,0,1.1.6,2024-06-21 16:38:14,,,1.1.6,mus7371,com.singgenix.suno
d29af29e-3b72-4bd9-9073-a4cfffde1bb4,Real hard grab for money. Doesnt let you try your custom voice without a sub. Bet they dont refund if you dont like the result either avoid it,1,0,4.0.5,2023-11-02 11:33:19,,,4.0.5,mus11568,com.feraset.tune
4d5d6b2e-e260-4829-a7f1-bf53106d02f7,Tell it to something like a K-POP style song about cats. (Yes I did try this just to see) And I get a county song about who knows what jibberish . Even if you copy a prompt from someone else that sounds like what your looking and don't change anything in that prompt you still get something totally different. Like a dethmetal song prompt you copy and pasted gets you a edm song. It does sound good when it gets it right sadly takes few trys,3,1,1.1.1,2024-08-03 02:53:53,We apologize for any inconvenience. The AI generator may not have fully understood your request. Please try describing your preferences in more detail such as specifying the mood instruments or genre you'd like. This will help to create a more accurate and satisfying piece for you. Thank you for your patience and understanding.,2024-08-04 22:19:14,1.1.1,mus16805,com.ai.music.generate
1ebd7794-7de9-4d3d-b7a7-cf9e3e548581,good music making experience,5,0,1.0.8,2024-09-08 14:35:16,,,1.0.8,mus3564,com.ai.sound.donna
a8c22b17-78fa-4f99-b6e9-bdbc9e8e7764,Can you please give us back the ability to download songs?,4,0,1.0.1,2024-04-26 23:14:41,Were sorry for the inconvenience. We have noted the information and passed it onto the development team. Hope you keep using and looking forward to future updates.,2024-04-27 22:43:36,1.0.1,mus17039,com.ai.music.generate
8b04d379-f101-4369-81ba-a42c77dfa426,amazing but you need to pay,4,0,1.0.15,2024-08-25 01:20:01,,,1.0.15,mus2061,com.ai.sound.donna
30ff1a36-cab6-4d2f-bb44-f35b63ee5da2,Pleas add Albedo Galvan(Ben10) and Ruby Rose(RWBY),4,0,4.2.10,2024-07-24 21:17:01,,,4.2.10,mus11906,com.feraset.tune
e6c191f5-4793-4863-9318-7cb3ff17f2d7,Bro I literally had to make a song you guys did say it was gonna be the whole song INSTEAD! they puuted the 15 second version I AM CHEAP I DO NOT HAVE ENOUGH MONEY!,1,0,4.0.9,2023-12-26 19:37:18,,,4.0.9,mus11652,com.feraset.tune
77d91c11-8e62-4274-bddb-1b4556e8abaa,wow I'm actually balling right now..this song was exactly what I wanted to give to my daughter This app is AMAZING! I recommend 10 outta 10! wow I'm do emotional right now! thank you so much I loooove it!,5,0,1.0.8,2024-07-28 17:47:54,Were deeply touched by your review. Its wonderful to hear that Donna AI helped you create something so meaningful for your daughter. Thank you for recommending us and sharing your beautiful experience.,2024-07-29 02:53:38,1.0.8,mus1169,com.ai.sound.donna
9cd69fc2-f6a2-4776-b64e-0b55d2c69bba,I watched enough ads to build up nearly 300 coins to make music with and after the update they were all taken away from me and now I have 4 yet they keep the money they got from all the ads I watched for them. I tried emailing their support and got zero response after several days. Horrible.,1,7,0.2.7,2023-04-06 06:51:29,Hey there sorry we dropped the ball here had a bit of a major crash but fixed now. I've sent you an email to resolve the issue!,2023-04-08 05:29:41,0.2.7,mus7975,com.dc1ab.wau.ai.music
257b115b-a418-4173-a54a-c347798a0305,I paid for a weekly subscription and then after I canceled it I had all my song residuals and premium features stripped away. What a horrible business practice.,1,1,1.1.0,2024-06-29 07:52:34,Dear user we will ask the members of the technical department to upgrade the system and hope that you will not have such problems in future use.Thank you for letting us know about this situation.,2024-06-30 23:04:40,1.1.0,mus16856,com.ai.music.generate
7df13934-a5c9-4e71-868d-68110538d85c,I have not actually used it but it needs a lot more characters like the Sally face and doki doki charecters,3,0,4.0.9,2024-01-04 22:12:04,,,4.0.9,mus11719,com.feraset.tune
33d84172-764f-43a4-bdf6-167914e6c70c,Wow I just really amazed by this app.All things are perfect.All songs are in high quality.,5,0,1.4.0,2024-07-28 08:57:45,,,1.4.0,mus10433,com.lascade.songai
98c6290b-b8be-4b16-9ca7-473ff8666192,good application really fast working,5,0,1.1.6,2024-06-21 17:15:11,,,1.1.6,mus7361,com.singgenix.suno
d93c1bad-f13d-4a1e-b632-fdbba5abde85,This is great it's well designed even if you don't have the studio now you can own one. Keep it up with your great job.,5,13,1.8,2024-08-06 08:44:14,,,1.8,mus15020,com.aimusic.melodiai
f3ebd93d-1f93-4bf9-af77-06a10f974774,totally nailed it! I described what I want and the app. creates it.genius!,5,0,,2024-09-27 02:01:28,,,,mus3900,com.ai.sound.donna
8c531579-15a7-40a7-bb34-cbe3424a4683,I have been enjoying the app and would love to continue to see it evolve as it has given me much pleasure of sharing my creations to my friends. The issue that I have is that when I take the lyrics from the song and re input it into the prompt and select a different genre it reduces the song to an over simplified version. Would love a custom lyrics mode in the future and also a way to download them to use in my up coming streams. Love that it is all royalty free! I'm subscribed for a whole year!,4,1,1.0.1,2024-06-04 23:30:40,Hi Deaflymut3 In upcoming release you will be able to enter custom lyrics:) Donna,2024-06-06 03:56:00,1.0.1,mus176,com.ai.sound.donna
6f57796e-a9d4-406f-8ac6-3fe563207087,This is the most official piece of trash,1,0,4.1.2,2024-04-23 02:41:27,,,4.1.2,mus12562,com.feraset.tune
f66a76a6-39fd-4000-8ac8-b95268eef41a,Great for if you are looking for inspiration.,5,0,1.0.14,2024-08-17 18:17:12,,,1.0.14,mus1929,com.ai.sound.donna
89f56d54-deab-4c96-88a8-146af8b099ce,Songs generate half way and fade out. They said they fixed it but it still does it. My songs keep disappearing from my library. I didn't delete them. They are just no longer there. The app seems rushed and thrown together. Too many errors and too money hungry. I have already wasted a lot of money on errors and only have a few decent songs to show for it. I should be refunded for the ones with errors which is most. I know they won't though so I am just uninstalling and forgetting about it.,1,31,1.0.9,2024-07-30 12:32:15,We sincerely apologize for the inconvenience. We have fixed the song generation issue and ensured songs stay in your library. Please reach out to donna@mobiversite.com so we can assist with your specific issues and provide a resolution.,2024-07-31 03:41:59,1.0.9,mus40,com.ai.sound.donna
27e9d0a5-c425-467a-b122-6da4dfa1516e,It doesn't work correctly at all. It continues to ask for 4.99 while giving nothing in return.,1,0,1.3.3,2024-08-03 21:51:54,,,1.3.3,mus15884,com.talentme.singup
d9327cd4-1b8d-40f8-b071-4d052e1f9b94,just wish there wasn't a pay option,4,0,1.0.9,2024-07-30 12:38:02,,,1.0.9,mus3088,com.ai.sound.donna
8e39d532-fa36-4fe8-a7a0-9e91a91bcd88,Have to pay for subscription right of the rip,1,0,1.4.4,2024-09-23 07:52:45,,,1.4.4,mus6938,ai.music.generator.song.maker
bafddf28-0e90-4065-8a47-e34d42d940a3,"Needs to pay in order to do the ""free ai covers"" with your own voice. Stop misadvertising in your ads. Terrible app.",1,0,,2024-04-21 12:40:29,,,,mus11041,com.feraset.tune
ecc98a70-23d7-4c08-a207-6d804498b35e,I can generate songs I love into fictional characters i like,5,0,1.0.3,2023-09-11 12:11:08,,,1.0.3,mus9431,co.appnation.aimusic
eb9c03c5-8234-4e0a-94d5-a7905c375e32,it has one of the best sound quality the generated music are fresh and creative.,5,2,2.0.1,2024-09-12 00:26:00,Thanks for the love! We are committed to building the best AI music app. If theres anything we can do to make the app better for you please let us know! Best regards Team Sunora Alice,2024-09-13 07:04:44,2.0.1,mus15706,com.mavtao.ai.song.generator.maker.sunora
f43fbbfd-5a3c-46de-ba99-3ecaa579bce9,I was able to create 1st song free. it was great.,5,0,,2024-07-24 17:22:58,,,,mus4025,com.ai.sound.donna
1338e150-3f94-4d2d-b44f-3a1b60a6f6da,it only creates a beat and didn't include my lyrics,1,0,1.5.7,2024-10-02 22:54:52,,,1.5.7,mus6900,ai.music.generator.song.maker
3c1da123-8753-484e-80a5-b74a804d2932,"It was pretty good at first but now every single time I try to generate something it says ""something went wrong."" Wasted my money on something that doesn't even work. If you're gonna force people to pay for this at least make sure it works first. Do not recommend and do not download. UPDATE: Previous issue fixed itself eventually but now the library of all the songs I generated is gone. I see no option for library anymore",1,62,4.2.10,2024-07-30 01:58:11,Hello We apologize for the inconvenience. We recently removed the library feature as announced in the app. If you contact us through the support email button on the settings page we can locate your covers and send them to you. If you need further assistance please let us know. Best regards Livensa Team,2024-08-15 09:26:19,4.2.10,mus10456,com.feraset.tune
5c9dd2a6-77eb-4e7f-8c85-7999d4c5e499,App is not what advertised. Everything is a pay wall after the initial payment. Don't waste your time downloading. 6 bucks down the drain. Could have bought a coffee and that would have been more satisfying.,1,0,1.3.2,2024-07-15 20:50:15,,,1.3.2,mus15866,com.talentme.singup
eb543207-9079-46da-866f-1a2c4a6d1552,I didn't mean to buy a whole year membership if you see this could you please refund me also i did unsubscribe but the money still wasn't refunded,3,0,1.0.2,2024-05-06 01:35:13,Dear user You can cancel the subscription in your Google Account. Open your Google Play personal center then open Payments & subscriptions then click Subscriptions or Budget & history find the app to unsubscribe. If you are unsure how to cancel a subscription please visit Google Play Help. Thank you for your understanding!,2024-05-05 23:07:19,1.0.2,mus16963,com.ai.music.generate
2b55c229-9cc4-4d50-9855-92d76a82a0f1,I recently tried out the app and I'm really impressed. The app is super easy to use and creates great music without any hassle. Whether you need background music for a project or just want to play around with new sounds this app is perfect. The variety of genres and styles available is amazing making it a great tool for any music lover. Highly recommend giving it a try,5,3,1.1.1,2024-07-03 15:08:59,,,1.1.1,mus10209,com.lascade.songai
1e20d865-dc0b-46be-be7b-4723fc846360,making u talk long just to tell that it is paid,1,0,4.1.2,2024-04-21 05:56:05,,,4.1.2,mus12461,com.feraset.tune
efe52fb7-dfec-42d9-b307-01dd503ed36f,I'm unable to use my ai voice,1,0,4.1.2,2024-03-30 23:50:39,,,4.1.2,mus12785,com.feraset.tune
ab923af9-b997-42d7-a2fe-190484352cad,It's good so far having trouble finding where it saves uploads and recordings. The icons are there but no way to access and use them that I've seen.,4,3,1.2.6,2024-08-22 23:09:45,Dear user thank you so much for your feedback. If cloud please contact us via email (support@superinteractica.com) so that we could discuss more about how to improve this. Thank you so much again.,2024-09-02 05:35:34,1.2.6,mus7201,com.singgenix.suno
7f508ff2-7183-40a3-9c16-0ba94aa9a492,This app is cool but not long to try it it has a limited to try it i hate that if the app was like can try every time everyone would like it but this sucks also when i re-enter the game all the ai gone and when I search there's nothing fix that too and pls fix the limited i hate that!!!,2,0,,2024-01-11 11:49:57,,,,mus10833,com.feraset.tune
007c1f36-e3f6-4dba-9f65-be1002cba797,Worked sort of after install. Couldnt do a song with my own voice. Now its a white screen for longer than 5 minutes every time I open it. Its completely unusable.,1,1,4.0.5,2023-11-04 00:14:42,,,4.0.5,mus10881,com.feraset.tune
f324d8a6-6d98-4325-a389-b73875e933cc,absolutely blown away by the quality and seriously considering a subscription to create meaningful songs with MY OWN LYRICS/WORDS* for the people in my life that deserve something truly special and heartfelt.,5,0,1.0.21,2024-09-20 04:38:20,,,1.0.21,mus539,com.ai.sound.donna
51885c82-c394-447e-9e03-d0035063d8d0,only one free song,1,0,3.0.6,2023-09-14 23:12:23,,,3.0.6,mus12848,com.feraset.tune
04608ec3-3afd-4f2b-b93e-464da8974994,5 seconds isn't enough. At least make it longer and make money of other things in your app.,1,0,,2023-12-29 15:54:24,,,,mus9183,co.appnation.aimusic
d6854f15-7e59-449f-ae97-80c59ab999e6,Lame as hell. You can't do nothing without paying for it. I seen one person in reviews say first couple are free. BS! I can't create one song without having to pay for it don't waste your time downloading it..,1,0,1.4.4,2024-09-16 17:03:32,,,1.4.4,mus6819,ai.music.generator.song.maker
0e4915d3-4b7b-442a-8b39-1fbbcfccb992,Email support does not work and no way to cancel subscription. Fraud and class action ensuing.,1,1,1.2.1,2024-05-16 12:22:32,,,1.2.1,mus16026,com.talentme.singup
ee39ba96-7065-482c-a80b-852ca561591b,I really enjoy the App and purchased the annual package. The only problem I have is that it occasionally will not finish a song. It will have the song completely written but it will fade halfway through and there is no way to tell it to retry that mix. I have had great songs and they weren't finished. When I redo it it's nothing close to what was messed up. Edit: Thank you for the response. I haven't had a song cut out again. The title modification is another huge plus!,5,27,1.0.16,2024-08-29 19:26:15,Thank you for your support! Were aware of the issue with songs occasionally not finishing properly and are actively working to prevent this from happening. Your feedback is invaluable as we continue to improve the app and we appreciate your patience. Were committed to ensuring that every song you create meets your expectations.,2024-08-28 06:37:27,1.0.16,mus66,com.ai.sound.donna
0fdd8602-2fe2-40f5-8c8e-79b4d089ac17,Horrible app. It does not let me login from google and even email. I tried multiple times but it does not let me in.,1,2,,2024-08-04 04:55:46,We are sorry for the inconvenience caused to you. The problem has been solved. Please try again. Thank you.,2024-08-05 00:07:43,,mus16502,ai.cover.suno.song.music
2153ed58-4ea4-4eec-82bd-6cdd7db3c7c0,This app is blowing my mind 5 stars for damn sure,5,0,1.0.7,2024-07-15 00:04:46,,,1.0.7,mus3928,com.ai.sound.donna
148b299f-f95e-470e-a791-344a394dd471,I just started using it & am impressed. It's allowed me to funnel emotions in a new way. Donna is a refreshing app of value. To the creators many thanks. I hope you thrive. I will spread the news and I never recommend apps but this is worth a mention. I'm trying to figure out how I can afford Pro. I had 12 surgeries this last year and struggling but this is so helpful and beautiful I'm sure I'll find a way. Thank you again.,5,1,1.0.12,2024-08-07 00:49:20,,,1.0.12,mus360,com.ai.sound.donna
1bd52e35-f7bb-487d-abbb-93ca6958290b,It works great. Just watch for the sneaky fees.,2,0,,2024-09-16 20:37:36,,,,mus3397,com.ai.sound.donna
02d4e463-5c77-4e65-9723-9be227708642,I want to get rid of this application but I can not find anyway to stop them from billing me. Help!!!! Stop billing me!!!,2,0,1.1.0,2024-05-21 20:14:50,,,1.1.0,mus9152,co.appnation.aimusic
032589a7-2d3b-4bac-8635-8ceeead71994,Won't let you try the free trial without paying for the actual trial. Bullocks.,1,0,1.0.3,2023-09-04 18:15:14,,,1.0.3,mus9359,co.appnation.aimusic
51da8950-43fe-47e1-bff4-2682fee7c842,Doesn't even adhere to your musical prompts. You say instrumental and it gives you a song with lyrics. You say melodic and spacey you get a upbeat dance tune.0/10 if I could give 0 stars I would,1,0,,2024-10-08 22:34:06,Dear User! We appreciate your feedback! We're committed to continuously improving our app based on user feedback. If you have any suggestions or areas where we can further enhance your experience please feel free to write to us at saaz@vyro.ai. Thank you The Saaz team!,2024-10-09 09:08:01,,mus8374,ai.vyro.musicly
8f4a39aa-e1fc-4bb5-9297-59be8af441be,voice cover is awful. not recommended. please delete this app,1,0,,2024-08-26 21:36:06,,,,mus11900,com.feraset.tune
dab05ec8-de3a-465f-8f22-3507ba80fb51,App glitched out after my second generation. It's stuck and I can't generate anything else. I've tried opening and closing the app and resorted to customer support.. they told me to update the app and resubmit a trouble ticket afterwards if it doesn't work. I literally just installed the app and it has auto update so there is no pending update to fix it. I would like a full refund this was a pretty big let down.,1,24,1.3.3,2024-07-31 23:22:26,,,1.3.3,mus15751,com.talentme.singup
c537ec55-ba7b-484b-9181-16b8f96f1133,Terrible app. Paywall behind paywall. YOU WILL NOT GET YOUR VOICE DONE FOR FREE!,1,0,,2023-12-13 15:17:54,,,,mus12396,com.feraset.tune
70e9887c-653a-4ac8-a269-21b049c89618,Did not even load my songs,1,0,,2024-10-07 20:39:56,,,,mus16699,com.script8888.magicmusicai
e6322ee6-b59f-48c3-9770-23794d906020,Why nice apps are needing subscriptions? Daorinha,1,0,1.0.21,2024-09-18 21:54:24,,,1.0.21,mus1755,com.ai.sound.donna
f2e01ee7-2186-4140-be1e-b3fc9d7d55c1,Good app made some bangers but city pop genre should be a thing. It's still not working even when I make another song in another language.,4,0,1.0.24,2024-10-09 00:34:32,Thanks for the feedback! We're glad to hear youve made some great tracks with the app. We appreciate your suggestion about adding a city pop genre. As for the language issue please note that you can generate songs in any language by writing the lyrics or descriptions in that language. Keep an eye out for future updates!,2024-10-09 04:23:58,1.0.24,mus478,com.ai.sound.donna
952f2398-eb13-4eae-a166-a9ef350268e9,After paying a subscription the features doesn't work nor it loads the voice I uploaded it's waste of time and money,1,0,4.0.11,2024-01-26 06:41:26,,,4.0.11,mus11645,com.feraset.tune
8f82b5ce-28f2-4c91-b4ed-6ab6493d6d4e,I wanted to unsubscribe but no available button in the app.,1,0,4.2.24,2024-08-31 04:23:38,,,4.2.24,mus10911,com.feraset.tune
6348f25a-fdde-4c66-a4c5-7c6c79828b03,No free options nobody paying 4 this garbage man. I can use numerous other ai music makers only reason I downloaded this is since it was the top of the app store. 0 stars,1,4,1.0.3,2023-08-24 19:03:25,,,1.0.3,mus9093,co.appnation.aimusic
1dca6fb3-5053-404a-93bd-dea95c59192e,I want a refund do not use this app at all,1,0,4.1.6,2024-05-21 15:06:03,,,4.1.6,mus11969,com.feraset.tune
2e86e899-0326-443e-bb06-28fea4deeb81,This should just be available to download after paying. I went through the steps and recorded my voice just for the app to tell me to pay 6.99 to unlock it for a week. Nope,1,1,,2024-04-16 12:50:34,,,,mus11039,com.feraset.tune
2cfc693c-1a07-4fa2-83d4-6812d9684941,incredible app!!! I just used it to produce a song against Galamsey in Ghana,5,0,1.0.23,2024-10-02 06:00:25,,,1.0.23,mus1874,com.ai.sound.donna
f6cfe6a9-bbae-42e1-a347-3374c235ea24,At first it was a good fun App. But over time created content started being censored and removed from the public charts when the topics were controversial. The top songs are all trash and boosted by users forcing their plays up and is now being flooded with Religious Indoctrination. Also users are having the rights of their songs and intellectual property stolen by the developers and sold off without due credit. Evil and greedy,1,1,1.0.16,2024-10-07 02:15:01,Hello thank you for your feedback. If you make your song public other users can view and interact with it (you remain the creator and its still yours). If your song is private it stays in your account and no one else can access or use it. Could you share more details about your concerns? Were here to help!,2024-10-07 09:59:10,1.0.16,mus886,com.ai.sound.donna
41d4531b-5230-4d51-943b-2f411f4ddb51,omg I love this app! It helps me bring my songs to life!,5,0,1.0.11,2024-08-05 20:23:43,Were pleased to hear that youre loving our AI song maker. Keep creating and enjoying the process!,2024-08-06 02:11:53,1.0.11,mus1842,com.ai.sound.donna
e31110c5-cf8d-45a6-a70a-384f81983c67,"I love the app when it works. I keep getting an error message that you're improving the infrastructure to make it better for the users but I don't have the ability to use the app when I get this error message and it's happening more frequently. It's very frustrating. I paid for the annual subscription yet chat use when I want when ""updating infrastructure"". What other option do I have to be able to create songs? And can I repeat music for another song with different lyrics?",5,13,1.0.9,2024-07-30 14:54:14,,,1.0.9,mus327,com.ai.sound.donna
6e2ec0f5-7f16-419c-95a1-daf9b77af636,Straight away asking yo ! PAY ! and rate the app BUT U couldn't even try it if u don't pay only?15 second? convert man the music don't even start in this time period RIDICULOUS rubbish !,1,1,4.0.9,2023-12-17 06:26:46,,,4.0.9,mus11210,com.feraset.tune
0cde8887-ed5c-4f82-b219-09b42f9e3d3a,Good but it don't have a sad song,5,0,2.0.5,2024-09-28 04:34:00,Thank you for your positive feedback. We are constantly working to improve our app and adding new features based on user feedback and demands. We can assure you that your suggestion has been duly noted and we will consider it for future updates. Stay tuned for exciting update. The Saaz team.,2024-09-30 13:09:26,2.0.5,mus8398,ai.vyro.musicly
a9c64c33-ec8f-4842-8c7b-3d841729eaf0,"Scam i ain't paying for something that i don't know actually works for what I need especially not with entitled ""artists"" being able to steal money from me and the song i make myselfs copyright Ain't paying for something I don't know works the way I need.",1,4,1.0.3,2024-05-20 02:15:20,Dear user have you any details suggestion to improve our product? Please send us to email rthronstudio2021@gmail.com. Look forward to your feedback and suggestions soon.,2024-05-20 02:13:31,1.0.3,mus16925,com.ai.music.generate
5f0b5c39-1c7a-4bf1-a3c9-6c1e94321417,Amazing and easy to use,5,0,1.0.1,2024-05-27 00:58:39,We are pleased that you enjoyed the app. If there is anything we can do for you just let us know at info@mobiversite.com! Have a wonderful day!,2024-05-27 02:10:56,1.0.1,mus3451,com.ai.sound.donna
db5506e3-c8f1-43ed-8f64-69f6e97cef4e,literally can't use it unless u buy premium,1,0,1.6.2,2024-07-24 09:41:36,,,1.6.2,mus17413,ai.music
ebdac329-1cd1-49aa-a14e-93cd5d3975be,I love this app mostly I creates memes through this app voice changer and AI Voices..,5,2,1.0.4,2024-06-12 09:35:55,Dear User Thank you for your positive feedback. Stay tuned for exciting updates in the app! Team CX,2024-07-13 09:14:36,1.0.4,mus8728,ai.vyro.musicly
1038c811-57f9-4f40-80d2-e170412c28bb,I uninstalled the app and it keeps sending me notifications plus it isn't in my app list in the settings menu. This is malware.,1,0,1.1.2,2024-09-18 02:20:10,Dear user sorry for the trouble. You can find this software in your phone's notification settings and disable notifications for it.,2024-09-18 06:36:34,1.1.2,mus16808,com.ai.music.generate
4c3f31d8-738a-4615-9ad6-96b7118cf747,(sorry deleted my review again I'm a bit clumsy.) So you've heard I say it's a good app and I saw in a developer response when I ask if the credits reset daily or do you have to buy credits to make songs it sed it does. But I've been checking the whole day it's not resetting. I could only make one song. (Edit: do credits renew daily for non-premium accounts? I know it sounds like a dumb question but I'm trying to trouble shoot.),4,4,2.2.6,2024-09-27 16:09:59,Hi Ziech sorry for your bad experience there's a misunderstandings. Can you please reach us at appvision23@gmail.com.,2024-09-27 05:09:53,2.2.6,mus7568,com.zona.aimusic
8e259a84-d6f4-4518-b8c9-d9a573ed7d98,love this app. great musical experience all around. I like that you just say a music style and it just comes up. keep doing what you do.,5,0,2.0.7,2024-08-30 02:50:49,,,2.0.7,mus16732,com.script8888.magicmusicai
168196f8-dd8c-4070-b0fd-48632d4113d7,I love doing k pop songs and more but is so good and the vocals too,5,0,1.0.23,2024-09-30 15:26:24,,,1.0.23,mus1101,com.ai.sound.donna
ac57c861-50e9-4fc7-9506-aaed4fc18421,The app has a lot of potential. It makes good songs but if you put in a prompt it'll just put it in as lyrics so be careful. Not all of it is in English either and there's some issues with signing in just about every time I use it it seems. I hope they fix it eventually because when it does work it actually makes great AI songs and it quite fun.,3,9,,2024-07-08 03:49:20,Hello we will try to improve the translation part thank you,2024-07-08 09:30:35,,mus15321,com.app.sunaia
5066e0df-6c70-46c2-8b8f-eae91d4f5b44,I think the app is easy enough to use! Cute songs!,5,0,1.0.9,2024-07-31 19:25:31,,,1.0.9,mus1289,com.ai.sound.donna
276607d3-119d-471b-b1a5-b2d579357f59,It's alright. The lyrics feature doesent work. When you try to generate a song using lyrics it just fails to do so over and over and never makes it. This app ONLY EXCLUSIVELY makes random song from descripts.,2,0,1.1.2,2024-08-16 00:20:32,,,1.1.2,mus16797,com.ai.music.generate
78c0f9c7-8aa7-4d76-ab08-218ce97d6ebb,horrible! I tried it 2 times it wont make a song and it just wasted my time I will not uninstall this until I see your reply I hope this is understandable.. But this will probably waste a lot of people's time,1,8,1.1.0,2024-07-11 02:02:23,Hey sorry for the trouble! Please update to the latest version and try again. If the issue persists contact us at connect@lascade. Thanks for your patience!,2024-08-19 08:29:36,1.1.0,mus10283,com.lascade.songai
26014e5c-3d47-4e40-9eff-0a1ad2ad4768,I paid for the week of ai voices. It was okay. Some of the voices sound nothing like the real person. Thought I would get free custom ai voices after paying for premium but nope. Had to pay another 5 dollars just for it to make no difference to the singers voice. Never refunded something so quick. Save your time and money and don't bother with this penny pinching app.,1,2,4.0.9,2024-01-07 23:35:53,,,4.0.9,mus10736,com.feraset.tune
25f90e2e-cf8c-497a-ada7-a18f8aa218a4,An unfunny joke it is.then you have the ripoff effect to deal with. Don't do it!,1,0,1.6.1,2024-04-29 16:16:18,,,1.6.1,mus17422,ai.music
c9945fdb-407e-4fc6-87dd-09937a04bca1,Not great. Very distorted. Use for inspiration I guess. Paywalls not worth it,1,0,1.3.2,2024-07-15 20:54:14,,,1.3.2,mus15982,com.talentme.singup
3e2e8578-b3ad-450e-8822-418f00d88ff7,WAAAAAAAY too good for its own good!,5,0,1.0.5,2024-06-30 17:13:48,,,1.0.5,mus3731,com.ai.sound.donna
b1e56f21-6627-4766-b39e-c6c3155b9689,This AI-powered music creation app is an exceptional and revolutionary tool that combines cutting-edge artificial intelligence technology with an incredibly user-friendly interface providing an unparalleled experience for both novice musicians and seasoned professionals alike; its extensive range of features including customizable instrumentals genre versatility and real-time collaboration capabilities allows users to effortlessly compose edit and produce original high-quality songs .,5,0,1.4.4,2024-08-03 04:47:11,,,1.4.4,mus10196,com.lascade.songai
9fbeff90-631b-4b79-a036-5a52bdca663f,15sec for free only? I take 1min to just a song begins,1,0,4.2.10,2024-07-13 05:57:38,,,4.2.10,mus11958,com.feraset.tune
37b6a01c-944e-4a43-976b-e420890f0caf,It's good very good but when have to pay for almost everything just to listen to the full song if you're gonna do that at least let us make it with no ads and only 3 times,3,0,4.0.3,2023-10-24 02:16:11,,,4.0.3,mus11158,com.feraset.tune
a3ab1bb1-8e95-4aa2-b265-e7cd48414c0c,I was really hoping it was impressive. Hoping it had a huge selection of genres to select from. That it would know the musical style of obscure music artists and would instantly nail what I was going for including the lyrical content. I was delighted to find it did all that. Sucks about a paywall but it's one I might scale sometime soon. legit seems worth it.,5,1,1.0.9,2024-07-29 21:49:46,,,1.0.9,mus76,com.ai.sound.donna
6617fdd9-7bb1-4516-bf49-e9ef4696fb3f,great app just difficulties when it comes to my own riffs,5,4,1.3.3,2024-03-10 01:47:39,,,1.3.3,mus17917,com.ai.music.clone.generator
791f8d1a-82f1-4c46-98a9-25e728f36f6c,The advertising is deceiving leads you to believe you can make your own song but there is another pay wall after the payment for the app in order to create your own song.,1,0,1.3.3,2024-07-24 20:43:36,,,1.3.3,mus15821,com.talentme.singup
192c238c-6b40-44ab-a0e5-977286bfa3a0,I can't even do anything I'm gonna be honest if you want to make a custom voice you have to pay for it it's not worth it and even then if you try to get the voice recordings you can't record over 40 seconds or it comes out silent. And I can't even use the other voices I click on the character click on create nothing happens. Nothing at all. It's a total scam.,1,35,4.0.3,2023-10-25 21:08:50,,,4.0.3,mus10695,com.feraset.tune
e25fda90-60d8-4cf4-ba1d-23dedf4d1eff,wow this is Different and I created my own Lyrics and holy cow Sounds so good!!!!,5,0,1.0.8,2024-07-18 13:25:06,,,1.0.8,mus2871,com.ai.sound.donna
0daa9c2d-9b4f-4c73-8423-5d8941ca759f,This sneaky app have as you go through a whole process that takes 7 minutes of creating a custom voice to require a payment before I can save or do any processing. Be prepared to spend at about $8. They try to make it look like it's not required but it is.,1,0,,2023-10-31 10:58:36,,,,mus10766,com.feraset.tune
7c6ed5c4-a89c-4da5-bb46-2116184997a0,Crazy good. even when the lyrics I put in didn't make sense the ai somehow finds a way to make it sound so good,5,0,,2024-10-05 02:39:20,,,,mus2568,com.ai.sound.donna
dc3d09e8-76aa-48bb-a17d-e2a92d7d9bff,Trash not paying for somwthing that should be free,1,0,,2024-08-14 18:04:32,,,,mus16315,com.talentme.singup
2d68cbce-ed07-444f-b6e5-b5084198b960,Every time I type description the final product has nothing to do with what I had typed.,1,0,1.1.0,2024-06-29 16:37:31,Dear user we will ask the members of the technical department to upgrade the system and hope that you will not have such problems in future use.Thank you for letting us know about this situation.,2024-06-30 23:04:35,1.1.0,mus16998,com.ai.music.generate
3874f3cc-aa13-4cee-a277-caa090846bf4,One time free song that was awsome but sadly pay after the free song and not even a 3 day trial. Dont recommend it,1,0,,2024-10-07 00:33:23,"Thank you for your feedback! We want to clarify that the costs of maintaining our AI song generator do influence our pricing structure. While we wish we could offer more free song options the expenses involved limit us. We appreciate your understanding and encourage you to use our ""Refer a Friend"" feature to earn more credits.",2024-10-07 10:38:17,,mus2922,com.ai.sound.donna
410ccfda-9112-4236-b79d-b76e95933384,App is garbage. You make us waist all this time setting up a custom voice to make us pay to use it.I wouldn't recommend this money grab to anyone . Stay away from this.,1,1,,2024-01-24 16:56:47,,,,mus11550,com.feraset.tune
aaf205d1-a668-4d36-89be-4552ac5e73cf,It's ok but they let you have 1 free try tho and if you want to change it or re change some lyrics you cant unless you buy more upgrades or pay if you want to make/create more lyrics than you will have to pay which it think its kinda bs but over all this is cool but not for me. So im giving this a 3 star,3,0,,2024-08-05 15:05:05,Thanks for your feedback! While we offer one free song you can create unlimited free songs by inviting friends. Were continually working to improve and appreciate your input.,2024-08-06 02:10:49,,mus1809,com.ai.sound.donna
e05fc4bf-92e2-40df-965e-3c5588a816f3,Garbage please give my money back,1,0,1.3.0,2024-05-21 20:41:23,,,1.3.0,mus16324,com.talentme.singup
57d1f6a1-ef23-4f5b-bf83-10c9e5f49de6,it is amazing how easy it is to put in just a few words and express what you want and how it comes back with an entire song that is perfect in any genre you want and any style you want I think it's amazing. songwriters are going to have to be careful AI may take over their jobs in the near future.,4,0,1.0.12,2024-08-06 15:53:35,,,1.0.12,mus122,com.ai.sound.donna
e4892abc-079e-4fc1-9a93-b89b2c49314d,Stupid app. 6.99 a week for nothing need more in app purchases and rate app when you barely open it smh,1,0,1.3.2,2024-07-12 15:56:15,,,1.3.2,mus16063,com.talentme.singup
92be0ef2-6c3d-471f-9316-fba7fde7bd09,This feature is particularly beneficial for musicians. The application offers support if you encounter any issues and is user-friendly with no complications. There are plans to upgrade the app to allow for more extensive music creation making it a valuable and highly recommended tool.,5,0,1.3.6,2024-07-22 03:49:58,,,1.3.6,mus10180,com.lascade.songai
162ba5cb-dd6f-4b55-8d0d-ca6567b4df38,Its awesome but only let u do it once for free.,5,6,1.0.0,2024-04-23 12:48:59,,,1.0.0,mus16291,com.talentme.singup
b86bff40-d47f-481b-89eb-6d124adef745,I really enjoy the app easy to navigate. I would like to try the app to see if it's what I need before buying credits. I am patiently waiting for my free credits. Thanks,5,0,2.2.2,2024-08-06 23:35:58,Amigo um sorteio como esta escrito dia 5 de cada mes se darmos 250 cretidos a todos usuario iremos a falencia.,2024-08-07 02:35:37,2.2.2,mus15327,com.app.sunaia
5ccde16a-3c25-4c30-872c-e212ea2c4f8e,It's not letting me delete my account. Keep on Saying failed to delete account. Also the app is fully paid version so I don't want to use it. All I want is to delete my data. Thank you.,1,2,1.0.2,2024-08-08 10:32:09,,,1.0.2,mus16473,ai.cover.suno.song.music
525686a2-0dd1-45b4-9de7-dd8603fc1037,omg so beautiful! it took my lyrics and made it exactly what I wanted and more!!,5,0,1.0.15,2024-08-24 02:59:11,,,1.0.15,mus1249,com.ai.sound.donna
b3b80597-2115-4982-858b-e3ef613ba78a,I love the app. But one thing can we please have a feature where we can retake our voice? Or is there a feature for it already?,5,100,1.4.2,2024-04-26 22:19:57,,,1.4.2,mus9089,co.appnation.aimusic
6534f431-cdbf-4a23-b1bd-78e6304f4f0f,I did use the app for funny things like cartoon characters sing favorite songs when I checked create it just tells me to pay i. I don't need to pay for continuing the editing I'm 17 I don't know anything about buying stuff that I'm supposed to do but I want is to play and create free not to buy the thing,2,49,3.0.1,2023-09-08 21:52:02,,,3.0.1,mus10985,com.feraset.tune
3b9500fb-4b8c-4c49-a612-b73007708bd0,Actual trash it advertises that you can use your own voice for the music without tell you that you have to pay for it until you've done the 7-10 minute voice recording it requires. The voices they let you use for free aren't even good either.,1,6,4.0.15,2024-02-23 20:08:57,,,4.0.15,mus10786,com.feraset.tune
6b55520e-aecd-4d2e-a45c-dc7f1fc18e49,Can't even get the right music genre.,1,0,,2023-04-05 07:08:03,,,,mus15173,com.multiplewords.ai_music_generator
0bb1a045-2d6f-4061-89b9-eedc43017925,Horrible everytime i try to use it it says error,1,3,,2024-08-10 07:12:30,Dear Users! Our app is currently unavailable due to some necessary infrastructural changes. Rest assured were working hard to get everything back up and running quickly. We appreciate your patience and understanding during this time. Hold on tight and thank you for sticking with us! Team CX!,2024-08-12 08:11:09,,mus8490,ai.vyro.musicly
9a82f922-00bd-4448-8e74-d28193a5e52f,I did taylor Swift and I'm ngl it did sound quite a but like her bit it was soooooo pitchy and a bit robotic like you're not gonna get good quality or fool anyone haha good to have a little fun by yourself though,2,0,4.0.6,2023-11-22 21:09:32,,,4.0.6,mus11920,com.feraset.tune
efd3beb3-7b24-4799-a6e7-336866def126,Great app to create songs on BUT. I keep hitting a weird error where it causes the app to freak out and show products can't be fetched resulting in the app to lock up and need to be force closed,3,0,1.0.12,2024-08-07 19:20:51,Please update to the latest version 1.0.13. Weve addressed this issue and the app should work smoothly now. Thanks for your patience!,2024-08-08 02:37:05,1.0.12,mus455,com.ai.sound.donna
5e268412-c2af-4126-a403-de944ddcff3b,Please add Zayn Malik voice,4,0,1.2.1,2023-05-23 17:34:10,,,1.2.1,mus18057,ai.musicstar.v1
94666023-7d6a-40da-b438-98265c02aaca,The dasboard of this app is so easy to use . It is one of the best ai music generator app where we can generate lyrics and makes songs of own. Recommended to use it,5,0,1.1.0,2024-07-16 09:06:01,,,1.1.0,mus10284,com.lascade.songai
05bb7db6-ddf2-4b38-9f68-b718aa13a6b3,So far the app has done nothing and I subscribed,1,0,1.3.0,2024-05-25 14:00:45,,,1.3.0,mus16183,com.talentme.singup
081c8f5c-951f-4c25-8bde-08faea691dac,Guzel uygulama tum telefonlara responsive uygunluk kontrolu saglanmali ve kullanimi kolaylastirilmali,5,0,4.0,2023-03-30 05:50:46,,,4.0,mus18096,com.bigmobilegames.musicai
6354e05c-c569-4eed-bf03-5d2e947522ad,You shouldnt have even said anything about customizing and adding your voice on the ai app if you need to pay for it. This app is unfair and a waste of time for those who dont wanna pay.,1,2,4.0.11,2024-01-14 21:23:23,,,4.0.11,mus11257,com.feraset.tune
b0e78df5-1209-4b9b-bc1a-f9b8d0ebd916,This is actually a reargood app worth the current price. It's a shame the price isn't a one time fee but seems more and more apps want monthly and yearly fees. However it is worth the year price if you're going to use it more than 5 or 10 times. Otherwise get the monthly and cancel afterwards. Then you can do a month or two a year or just find a similar free app.,5,22,1.0.1,2024-05-27 23:43:06,Thank you for providing your valuable feedback. Please reach out to us at info@mobiversite.com if you have other suggestions.,2024-05-28 01:41:34,1.0.1,mus181,com.ai.sound.donna
874bbc97-eb08-4ba3-84c5-3fc30b3853f0,After using this for weeks now heres my honest review. First of all this technology is amazing. The fact anyone can do this is going to and already has changed the music industry. 2nd be prepared to be restricted with language ( yes its a google playstore bs thing but still) 3rd be ready to do 15 songs or so before you get 1 good one. 4th get ready to do tons of experimenting with all the different combos you can do. 5th songs typically only go for 2:20 and you have to pay for extensions.,2,7,1.0.16,2024-08-30 23:03:03,We have resolved the high demand issue. As for the language restrictions we must comply with App Store and Play Store content policies. Thank you for your understanding and patience.,2024-08-08 02:38:00,1.0.16,mus136,com.ai.sound.donna
a4c89f2a-817d-40a0-b8fa-0f07a5539892,Amazing I love it and I just want someone else to say that about the music for Al Generator.,5,2,1.0.7,2024-06-02 10:32:50,,,1.0.7,mus16962,com.ai.music.generate
851e05d9-ebca-4c15-a573-17a0e3418813,Good so far. Kinda scary but much better than I ever thought possible.,5,0,1.0.1,2024-05-30 06:08:24,We are pleased that you enjoyed the app. If there is anything we can do for you just let us know at info@mobiversite.com! Have a wonderful day!,2024-05-30 06:10:37,1.0.1,mus3666,com.ai.sound.donna
f0e42af9-058b-41eb-8960-ec17ee1f8e30,Pretty interesting and funny app. But I can't download my free song so I really doubtful about paid subscription. Would you be so kind to explain how to fix this bug and than I'll pay for subscription,4,0,1.0.2,2024-06-10 17:01:19,,,1.0.2,mus1411,com.ai.sound.donna
dc66d7c1-a5fc-43c9-8445-afeedad2dfba,dang can't have one free try if i want to know of is worth buying premium,3,1,1.0.3,2024-06-19 17:27:42,,,1.0.3,mus3455,com.ai.sound.donna
2af0f4af-317f-4b52-aa82-717553c76f01,I really enjoy and am 75% impressed by the app. I bought the yearly subscription and hope that new updates make it even better. Since i bought the sub though my created songs have been getting cut shorter and shorter and some songs that i want to keep are also getting cut short. Short enough to be almost like just a preview and not the FULL song. Typos in songs can really drag you down too since there's no way to change the lyrics after the song is created.,3,16,1.0.22,2024-09-29 01:35:22,Thank you for your feedback! Were glad to hear youre enjoying the app and appreciate your subscription. We're constantly working on updates to enhance your experience. Your input is invaluable and well definitely consider it for future improvements. If you have more concerns please reach out at donna@mobiversite.com!,2024-10-04 06:40:40,1.0.22,mus1,com.ai.sound.donna
85dfbc69-37ee-49bf-b009-b64f6c334568,This app is very trash all the Dev know is making money everything is locked until you pay don't waste your time with this thing,1,0,,2024-02-15 03:20:29,,,,mus11784,com.feraset.tune
3103c53f-1748-4aef-933c-7785e6e3b3b4,Not free at all. I was only able to create one song and now it is shoving a subscription down my throat. The price is damn ridiculous too. 6 dollars per week or 60 for a year? It's a waste of money unless you are using this music to get money. It was fun for the one song while it lasted. I can't even download or save other people's created music. I only get one free song and that's it. If I wanted to do ANYTHING AT ALL I can't without the subscription. I hate apps like this. Not every1 is rich.,1,51,1.0.17,2024-09-07 16:25:35,,,1.0.17,mus91,com.ai.sound.donna
c37074c0-e645-4b14-8089-86c91ab82601,It tried to charge me twice to make a my voice song. The app is a rip off!!!,1,0,4.0.9,2024-01-08 23:23:30,,,4.0.9,mus11613,com.feraset.tune
4e701328-0700-4649-8e72-74d7b4dd3a9d,STOP ITS ACTUALLY AMAZING U DON'T NEED AN ADVANCED IDC THIS IS THE BEST APP IT DESERVES 5 STARS,5,0,1.0.11,2024-08-04 15:13:11,,,1.0.11,mus2045,com.ai.sound.donna
d7182a68-b214-41cb-ae8a-c267a1e34df3,My voice sounded nothing like me,1,0,4.0.9,2023-12-09 14:49:29,,,4.0.9,mus12950,com.feraset.tune
f7e13361-5ea2-4410-bb1d-bfb7237485e6,I have done lifetime purchase. This app is not working at all. There are no voices just the blank screen. Theres no email support. Google play is not refunding my money. Users beware before purchasing any app on google play. Initially while buying executive from google gave me in writing that theres full refund if app doesnt work. And now when i write to them they say this purchase doesnt meet our guidelines. While buying they had a chat option and now theres no chat option to complain.,1,4,4.2.10,2024-07-30 18:40:30,,,4.2.10,mus10571,com.feraset.tune
3e58f731-c29e-48d2-b905-3f02e8f1d4a1,Very good app I have ever seen,3,0,2.2.2,2024-09-08 08:51:37,,,2.2.2,mus15390,com.app.sunaia
6a03484b-fcd2-4d08-a83c-3fb0ad789577,Can't get it to work,1,0,4.0.9,2023-12-16 15:14:54,,,4.0.9,mus12743,com.feraset.tune
8c78c2e0-aad4-48f1-bfe4-3312774b9c7e,Sounds like complete trash -- is a decent idea but the execution is very much not there,1,0,,2024-03-22 11:29:38,,,,mus9189,co.appnation.aimusic
b483a263-4678-40b9-b0cd-256dca6aa2c4,it created exactly what I wanted,4,0,1.0.23,2024-09-29 05:21:38,,,1.0.23,mus2661,com.ai.sound.donna
32216370-9476-400f-9f24-a86d98016245,I never comment or rate apps but this app right here (Saaz) is really good. If they were a million stars that's what I would have rated this app. Nice work here keep it up .,5,0,2.0.3,2024-09-15 21:01:41,Dear User Thank you for your positive feedback. Stay tuned for exciting updates in the app! Team CX,2024-09-16 00:56:03,2.0.3,mus8247,ai.vyro.musicly
c2a24b34-86a8-40f0-84f6-c75843a337a3,I guess i was unrealistic with my expectations. But not only does my own AI Model with my voice sounds to choppy and statically. I tried to re record my voice so it can relearn my voice but not only did I pay for the subscription already but u want me to pay an additional fee to try to fix what I presume to be something faulty in the app that's crazy. Unacceptable and disappointing. I was really looking forward to using the app. Oh well!,1,407,4.0.9,2023-12-04 22:58:07,,,4.0.9,mus10485,com.feraset.tune
30162a01-dc11-4708-abf9-28d17f612c78,Nice Ali's pretty accurate but I just wish the full song would play in the characters voice instead of just one part of the song,3,0,1.3.1,2024-02-04 14:27:13,,,1.3.1,mus9061,co.appnation.aimusic
01119a83-84e1-4626-9e89-47b18183954e,AI song App is really wow! Easy to understand and easy to operate. The User interface is Superb and solves the Problem of Song writing!,5,0,,2024-07-25 20:26:29,,,,mus10353,com.lascade.songai
d9cf48c7-4275-4cb4-915c-fdfb7dbbde86,It was very good the music didn't get exactly what I wanted but 3/4 times I tried it it did and very good pictures and also could you maybe add a voice to music feature,4,1,0.3.9,2023-11-04 21:22:45,Thank you for the review Ron! We're glad you enjoyed the app. Stick around we're always trying to improve it so you'll see additions to the current functions in the near future!,2023-11-04 14:33:07,0.3.9,mus7997,com.dc1ab.wau.ai.music
aa9a2370-555d-4918-9ef4-2ef26b417a33,How do i unsubscribe!!!,1,0,4.0.11,2024-01-15 15:36:35,,,4.0.11,mus13256,com.feraset.tune
79de246b-6796-4018-bf17-5fb309caad80,App exists to extort money,1,0,4.1.6,2024-06-05 08:31:00,,,4.1.6,mus12116,com.feraset.tune
7e1275f8-ee0f-4ca6-b6e7-edcc0d716da0,great but there should be a basic functionality for people to use and a pro version to pay the subscription for. since I got to pay (and its a lot) straight off tge bat I'm sorry but I guess I'm going to have to delete this app.,4,2,1.0.20,2024-09-11 15:32:50,,,1.0.20,mus414,com.ai.sound.donna
f3999d75-38bb-4c4e-bdb7-857ad37fe7dc,Omgosh!! A waste of money.,1,0,4.0.11,2024-01-15 14:47:34,,,4.0.11,mus12961,com.feraset.tune
7344090c-e613-4a24-bf3f-cfc06e7ef39b,You get 1 free chance to check it out of what it's like but you have to pay lots of money just to use the app. There's always a gimmick.,1,0,4.0.4,2023-10-29 10:40:45,,,4.0.4,mus11451,com.feraset.tune
64a4947c-838f-423b-bda3-ac8644d1a98b,Horrible only game me one promt to use and then forced me to get premium,1,0,1.1.0,2023-12-05 21:12:06,,,1.1.0,mus9372,co.appnation.aimusic
76798056-acdf-45ab-95de-04d72e344363,Ehhh. It was really cool BUT you only get 1 free song before you have to pay.,2,0,1.0.22,2024-09-27 14:44:15,,,1.0.22,mus1048,com.ai.sound.donna
9402934c-a3ae-4082-be98-15d8ae696e20,"I would give it 5 stars but the fact you can't choose which voice specifically you want is kind of a bummer and if there was a way to it could just make choruses on the beat and leave open spots for verses That would be a really good feature. Also maybe being able to choice multiple styles per song could be good. Like a ""hard"" and ""lryical"" track. But making a way so it's just choruses and open verse spots would be the best update",4,12,1.0.2,2024-06-12 04:27:05,Dear User We are so sorry for the inconvenience but there is a some confusion about your comment. To provide safety we need to restrict certain keywords.,2024-06-10 08:29:37,1.0.2,mus161,com.ai.sound.donna
640a1aa1-8904-4ac7-93e3-ecff396cb4bb,top marks fellahs.. this is a great start.. lost a star because I would like to edit my song so it's complete to me. Allow one song to be created without restrictions.. then have people subscribe.. it also allows people to get used to your setup and how to use software properly and unencumbered..,4,0,,2024-08-10 16:35:35,Thank you for the 5-star review! Were thrilled to hear that youre enjoying our AI song generator. Keep creating amazing music with our app!,2024-08-01 02:27:10,,mus1458,com.ai.sound.donna
a605634a-5ca8-403f-a098-74442d470810,Won't lie this app is pretty fk sweet. Like man. Right off the bat I made a banger about struggling in life but wanting to be a chef one day with a female voice and had it like the studio instead of concert and it's wild. Like AI has gotten so crazy it blows me away. This app is definitely going to get more downloads and sky rocket of you ask me. So id at least try it out and show your friends lol.,5,0,1.0.11,2024-08-06 02:57:11,Thanks for the awesome review! Were happy to know that our AI music generator is meeting your expectations.,2024-08-06 04:44:38,1.0.11,mus394,com.ai.sound.donna
941168e7-19f9-473f-823f-fb8a03238227,my first time using this app made my first song. So far nice.,5,0,1.0.9,2024-08-02 07:21:55,Thank you for the 5-star review! Were thrilled to hear that youre enjoying our AI song generator. Keep creating amazing music with our app!,2024-08-02 07:47:00,1.0.9,mus2124,com.ai.sound.donna
217dd721-b7af-434e-a2fa-8eacc4932aef,it works and it works really well,5,1,1.0.7,2024-06-09 11:31:51,,,1.0.7,mus17048,com.ai.music.generate
d8903f57-8111-4785-a911-1a604f3c33d4,Its good but if you need more songs you need to buy.,4,0,1.1.0,2024-07-07 13:53:38,Hey user big thanks for backing our app! Sorry for any bumps. Your feedback matters. Reach out if you need more help. Thanks for your support!,2024-07-07 22:05:26,1.1.0,mus16997,com.ai.music.generate
006e5cc7-36dd-463c-a864-d6444f9703ec,Only allowed one song that's stupid and not worth the money in my opinion,1,0,,2023-09-16 00:30:16,,,,mus12292,com.feraset.tune
611213e1-7292-457f-85a9-26887d4c9609,This is best app to create song.,5,0,2.0.5,2024-09-27 13:30:39,Dear User! Thankyou for your Love and Support! Stay tuned for more exciting updates.. The Saaz team!,2024-09-30 12:19:50,2.0.5,mus8336,ai.vyro.musicly
c1e9c853-19ec-475c-89f7-d23505c2c868,Songs are only 5 seconds long so gives it no time to develop anything you really typed is also scammy gives you one free sample then says you need to pay 6 a week for it yeah no lol.,2,0,,2023-08-08 18:31:19,,,,mus9140,co.appnation.aimusic
efdd4627-e02a-4893-860d-a35c09b8ebb7,What a massive mind blowing experience! Never thought it could be so easy to write original songs!! Love it!!,5,0,1.0.10,2024-08-02 19:27:40,Thank you for the 5-star review! Were thrilled to hear that youre enjoying our AI song generator. Keep creating amazing music with our app!,2024-08-05 04:25:58,1.0.10,mus718,com.ai.sound.donna
9da0d790-656e-45b8-a95c-39db7ffa36c3,The app is good but when I'm ge drating my own song the vocals are trash 1 star,1,0,,2024-09-28 10:40:56,,,,mus15563,com.aicover.aimusic.coversong
fe4fee5e-8691-4d40-a478-c8d25d6554b8,this app blew my mind never did I imagine it would make such boppin music I really would like edit to a song feature so if I wanted to tweak what the A.I already made. But amazing! otherwise.,5,1,1.0.17,2024-09-07 13:11:48,,,1.0.17,mus516,com.ai.sound.donna
a1e7a072-a74a-42b6-92dc-ea9587daf485,I like this app because this is all about writing music and songs.,5,0,1.0.24,2024-10-05 18:39:41,,,1.0.24,mus1087,com.ai.sound.donna
08fc6871-9dab-49d3-8062-6e4c323779dd,Worst of the bunch. Sure it has the full songs for free but that doesn't matter much when the voices are EXTREMELY limited. I just want to get SpongeBob to sing Linkin Park is that really too much to ask for?,1,20,,2024-02-03 17:58:25,Hi we would like to fix this. Can you please write to us at cs.music.ai@outlook.com so that we can help you better. We look forward to your email.,2024-02-06 03:19:55,,mus17896,com.ai.music.clone.generator
efee8170-42c9-44f9-97b9-44eeaa0ed825,A very good and creative ai. I love the content that ot generate,5,0,1.1.1,2024-07-03 14:51:27,,,1.1.1,mus10350,com.lascade.songai
13655eda-6e6b-44ea-af63-5668892b3b0f,Has no use for creating music,1,0,1.3.0,2023-08-05 03:56:57,,,1.3.0,mus15186,com.multiplewords.ai_music_generator
a15786a3-00d2-4b9f-8acc-c200fb7740b5,Where are the 4 stars coming from,1,0,4.1.2,2024-03-18 19:28:50,,,4.1.2,mus13221,com.feraset.tune
c67cf77c-2bb5-4495-8f9c-c33396753cb8,it's great just wish you could customize the voice,5,0,1.0.14,2024-08-16 05:17:21,,,1.0.14,mus1548,com.ai.sound.donna
482535be-e6d9-4413-bc1c-f4a75a9f3c8d,This app is not useful don't waste your time to download,1,0,,2023-05-21 14:33:01,,,,mus8063,com.dc1ab.wau.ai.music
9ae413ec-a45c-481a-83b6-97673f3b46b4,Only 5 second for non subscribers.. Ridiculous,1,0,1.0.3,2023-09-17 05:48:57,,,1.0.3,mus9489,co.appnation.aimusic
f2a8ff9f-6fc9-4f3c-b8e5-53221c3617ea,Why dont you just put price on it instead of listing for free. Save us a lot of time then having to figure out u can only use 3 times for free 5sec sounds,2,0,,2023-08-06 20:53:31,,,,mus9169,co.appnation.aimusic
601ad875-a893-490e-9410-47b7af3bd25e,Cant do nothing fun if you don't pay,1,0,4.0.5,2023-11-03 17:10:41,,,4.0.5,mus12707,com.feraset.tune
f5062e95-d1e2-40ad-a841-eaa2049d4665,I was feeling a bit skeptical but when I tried it I LOVED IT. The music sounded SO GOOD! Would recommend!,5,0,1.0.16,2024-08-26 15:01:28,Thanks for your support! Our AI song maker is built for music lovers like you who want to experiment and express themselves creatively. Were constantly working on improving the app and adding new features to make your experience even better. Keep pushing the boundaries of your creativity with our AI music generator!,2024-08-28 04:13:13,1.0.16,mus684,com.ai.sound.donna
a6ea0af0-add1-4d63-b381-8cae3afd0792,I'm giving it 5 stars because I think it's amazing what it can do and so far the best one on the market. However lately it's not completing music. Not happy with that..I expect to get what I pay for..should return credits if song is incomplete.,5,8,2.2.3,2024-09-09 18:58:03,Dear Benjamin thank you for the 5-star rating! We're thrilled you find our AI music generator impressive. We'll address the completion issue promptly to enhance your experience as a valued maker.,2024-09-09 19:02:09,2.2.3,mus7571,com.zona.aimusic
7ce9a8e3-56da-4070-9d22-fa9e73453e9f,Would gladly pay the subscription fee for an AI that demonstrates it can actually do what it says it can do. 'Developers' who waste my time with their free versions with false facades making features available when trying out the app as a lure to a mandatory paywall to make the work just done useable in the app for testing purposes (not to export and make use of outside of the app) will never see me hand over my wallet. Take your buy-then-try grift and shove it. Uninstalling.,1,30,4.2.24,2024-08-27 11:14:06,,,4.2.24,mus10519,com.feraset.tune
73ef0f3f-eedd-42e4-94a7-7051dde3c2b9,In the last step of creating your voice the app will ask you to pay for it fk u,1,0,4.2.27,2024-10-04 16:21:16,Thank you for your feedback. Were sorry to hear that the payment requirement was unexpected. We appreciate your input and we'll work on improving clarity around this step. Best regards,2024-10-07 15:21:33,4.2.27,mus11006,com.feraset.tune
26c7c8a8-f7ca-4ca9-a2a4-96cc9ee90455,NO content. UI navigation doesn't make any sense. Very limited. Can't create music. This app is basically just horribly built visuals and there's some nerve asking for a subscription on this junk,1,0,4.1.6,2024-05-09 01:14:39,,,4.1.6,mus10589,com.feraset.tune
ffd5bca5-e18a-4a8a-9be0-c86a071fd9e0,they did decent but suck can't make much with how many they allow,3,0,1.0.20,2024-07-22 06:57:14,Greetings! We understand that our pricing model may not be suitable for everyone. However our pricing is necessary to sustain productive development of the app. You can start a free trial or use the app for free with basic features. If you have any suggestions to help us improve please let us know at support@aiby.com.,2024-08-14 11:26:38,1.0.20,mus6962,ai.music.generator.song.maker
83c1bf04-18f2-4292-abfd-8e78e5405cbd,Generally bad app. You can't even do one song without having to pay. What's the point of downloading this app if you're gonna waste money for it not to work,1,9,1.0.8,2024-05-12 01:21:49,,,1.0.8,mus7269,com.singgenix.suno
a613e0a8-6781-4e3e-a529-b0aa74e9de06,Got a message saying I got a reply to my review for this app. when I got here my review was gone. meaning someone deleted it. so here is my new review. you only get to have one free song creation and if it fails to generate the song that you wanted you don't get a retry,1,0,1.0.14,2024-08-12 15:39:20,Glad you enjoyed the first song! Did you know you can generate more songs for free by inviting friends? Its a simple way to keep creating without immediately subscribing.,2024-08-12 02:14:08,1.0.14,mus976,com.ai.sound.donna
4adca84f-8abf-4c4c-8497-2808f87cbe49,Horrible experience.couldn't even use this and they are already asking for a rating so im giving one star that what u deserve,1,0,1.1.0,2023-12-06 10:41:37,,,1.1.0,mus9401,co.appnation.aimusic
90991ec0-b171-43d3-bb4a-6e230f802dd9,If you gonna make us buy credits to even generate a song then why not just put a purchase price for the app instead?,1,1,1.2.2,2023-07-22 11:11:11,,,1.2.2,mus18026,ai.musicstar.v1
126a3412-09da-4ad9-a042-df1a43eaba45,Scam App do not download.,1,0,,2024-06-20 23:18:55,,,,mus16356,com.talentme.singup
18381dc2-028b-407a-b71b-0fbf03af71ff,tells me to give them money. i don't got money yo,1,0,,2023-11-17 21:07:36,,,,mus12899,com.feraset.tune
fcb70d32-021e-43a4-be7d-e1f1ecb0e7a9,love this the song apears excatly how i describe it perfectly,5,0,1.0.23,2024-10-03 10:41:32,Your enthusiasm is infectious! We designed our AI music generator to be a powerful tool for anyone looking to make music and we're thrilled to see you enjoying it. Keep creating keep sharing and let's make some amazing music together with Donna AI!,2024-10-03 10:00:33,1.0.23,mus1629,com.ai.sound.donna
b8f2c20d-8cf7-45a8-897a-62722c9529ce,Its not opening I avail the lifetime access and this is what I get?,1,0,4.2.23,2024-08-17 12:36:29,,,4.2.23,mus10913,com.feraset.tune
555e4e03-fdea-4551-a86b-d78d9e4448e6,Made a great song with very little to go from! I'm excited to try with more detail,5,0,1.0.8,2024-07-18 13:44:51,,,1.0.8,mus1894,com.ai.sound.donna
e4e71edb-b216-415e-8750-f4a92e338319,Good app BUT it takes way too long for it to generate songs I've tried to make 5 songs today and none of them have been generated and its taken away my tokens even though its not working,3,0,1.0.15,2024-08-20 23:08:09,,,1.0.15,mus730,com.ai.sound.donna
ba432021-5791-47d6-847b-32a642dc23d3,Pretty good fun to play with. I'm a casual user and don't want a subscription but I accidentally generated one I liked enough to want to keep. Maybe you could have a purchase song option? Say $2 to buy a given track?,4,1,2.0.4,2024-09-23 16:44:15,Dear User! Thank you for your feedback. We had to implement these limits to manage server costs and ensure smooth usage for everyone. We invite you to explore our premium packages for more freedom when generating covers. We appreciate your understanding and support. Team CX!,2024-09-24 02:06:10,2.0.4,mus8175,ai.vyro.musicly
5cfbb028-a708-4169-894a-7d0b06d6a091,begs for money too fast to eager to make a buck,1,0,,2023-10-02 22:29:17,,,,mus9355,co.appnation.aimusic
4ae56220-fea1-4aee-9abc-0a77c331c0e0,Very pay to play and it doesn't try to charge you until AFTER you waste 7-15 minutes recording yourself and the price is crazy high for some stupid time filler app,1,0,4.0.5,2023-11-03 19:18:04,,,4.0.5,mus11510,com.feraset.tune
4e781fea-41f4-4110-8374-3d60478de4e3,It's not making vocal sound of real singers I tried too many times but not succeeded !!,1,0,2.0.0,2024-08-27 05:02:33,Dear User! We appreciate your feedback! We're committed to continuously improving our app based on user feedback. If you have any suggestions or areas where we can further enhance your experience please feel free to write us at saaz@vyro.ai. Thank you!,2024-08-30 03:53:40,2.0.0,mus8293,ai.vyro.musicly
aad97fcb-2dc7-41ea-aa72-8b6b997c5ac2,if it didn't charge anything than it would be a 5 star. it generates good song but we cannot make more than 1 song without any fees,1,0,1.0.24,2024-10-05 23:28:34,We understand your concerns about pricing. The costs associated with maintaining our AI song generator influence our pricing structure. While we wish we could offer more free song options these expenses limit us. We appreciate your understanding and are always looking to improve our service based on user input. Thank you!,2024-10-07 04:28:18,1.0.24,mus800,com.ai.sound.donna
892d2a9a-df21-4740-aac1-aa9013859c2e,Doesn't work 80% of the time,1,0,1.3.2,2024-02-21 03:22:50,,,1.3.2,mus9609,co.appnation.aimusic
1d83202b-9f2b-4142-8e8d-d869aca6300d,Shittiest thing i heard. Put in two separate prompts (spring and a Battlefield) and it gave the same response in classical Genre,1,0,,2023-06-30 19:51:29,,,,mus9177,co.appnation.aimusic
7a3794b8-4407-4904-9d6c-ca5185a7377b,Total garbage. Even their own AI premade celebrity sounds don't sound like anyone real. When you make your own AI voice it sounds nothing like you either!,1,0,1.3.0,2024-05-24 14:39:23,,,1.3.0,mus15945,com.talentme.singup
379ec734-6d6a-4004-82f1-362247adf9fc,The voices dont sound anything like the actual character. I tried goku and he sounded nothing like goku. Not kid goku teen goku or adult goku. Nothing like him it's a waste of time dont even bother with this app.,1,1,3.0.6,2023-09-15 11:49:35,,,3.0.6,mus11767,com.feraset.tune
8292350a-d212-4391-8bc1-474a47dc63e2,I really love using this app entirely so much because of creativity and the AI making a song and lyrics with the things that you really couldn't come up with but one issue for me that really hurts me to not give it five stars is that you have to pay for more songs like be refreshed 24 hours for like only one song and then you wait until like 24 hours to make another one like could that be better if so please make it happen it would have been so much better and more people would have come to,4,0,1.0.23,2024-10-01 02:11:28,Thank you for your feedback! Your satisfaction means a lot to us! If you have any suggestions or need further help please feel free to reach out to us at donna@mobiversite.com. Enjoy creating!,2024-10-01 03:31:07,1.0.23,mus255,com.ai.sound.donna
8e9359c4-a697-4e14-ae48-1d6b3a085720,Super sketch. You get three free trys with songs. Which all three of my tries with songs popped error codes Then asked me to pay. If it didn't work with the trial then it won't work out of trial and paid.,1,0,,2024-05-18 18:37:21,,,,mus8927,co.appnation.aimusic
5f0c97b8-e488-429e-90e8-451911d81ee0,Custom voice is 5 dollars on top of the subscription. Just so you are aware. They don't mention the price for a custom voice till the end of all the work it takes. Then they don't even let me fix what at the time was just me playing around and trying their app. Maybe if they mentioned the price and that I only had one shot to create it I would of taken it more seriously. Instead it's a waste of 5 bucks.,1,45,4.0.11,2024-01-16 19:15:51,,,4.0.11,mus10501,com.feraset.tune
a5c330e9-c865-4c95-bb9b-b55c75ae1d2e,It was so fun using this app,5,0,,2024-08-22 04:48:25,,,,mus4630,com.ai.sound.donna
cbff1d9f-718c-421b-b25c-62788b5f7a6d,Not free only lets you create 1 song,1,0,1.0.15,2024-08-25 13:25:09,We understand that affordability is key which is why we offer one song for free and the opportunity to create unlimited free songs by inviting friends. We aim to provide the best AI music generator experience and continue to enhance our offerings.,2024-08-26 11:08:36,1.0.15,mus3130,com.ai.sound.donna
029458f3-d37b-47b3-9737-166f1b22314a,good except it cuts off the last verse,5,0,1.0.9,2024-07-25 18:01:35,Were sorry to hear about the issue with song length. Weve resolved this problem on our backend so you should experience full-length songs now. Thanks for your patience and enjoy creating with Donna AI!,2024-07-26 03:52:04,1.0.9,mus2160,com.ai.sound.donna
c9641b3c-6e89-475d-aaf0-6d65d9c4092f,Add madara english voice,5,0,4.0.9,2023-12-21 08:34:32,,,4.0.9,mus13309,com.feraset.tune
35f153e3-16f6-4976-8967-b6192280fb31,This used to be a good app but in the most recent update they've changed the terms of service to where you can't use the music it generates in any of your own songs without getting a copyright claim pretty much making the app useless. I mean a i is not ready to make complete works but it was good at creating a baseline for Music you create yourself but not anymore. Or as background music for putting your own vocals on. but again not anymore. now this app is just another money grab.,1,55,0.1.15,2023-03-25 08:26:32,Hey Ric we hear you and are working on bringing back music export. We were having crazy amounts of fraud and people using our music without crediting us which is why we changed the rules. In the upcoming update we are going to let you own the full commercial license to the track to do with it whatever you want for a couple of dollars.,2023-04-06 06:04:45,0.1.15,mus7955,com.dc1ab.wau.ai.music
8a203880-622b-4599-a345-771d0ce0a7d2,It's definitely a cool idea for an app but too expensive. Some of the voices aren't really good and it's not clear quality,3,0,1.3.2,2024-06-28 10:20:23,,,1.3.2,mus15900,com.talentme.singup
efd9435a-cf16-4e5b-918d-f1691f17999f,I think it's a rip off when you pay by the week and they want to charge you extra money just to get proof of your song!!! That's very unbusiness like!!!,1,0,1.0.14,2024-08-13 01:18:18,We appreciate your feedback. Our subscription includes access to a certain number of song creations each week. These limitations help us maintain and improve Donna AI while covering the high costs associated with AI technology. Were always working to provide more value to our users and your input helps us in that mission.,2024-08-14 08:03:52,1.0.14,mus1267,com.ai.sound.donna
57522151-d854-4fc4-baa4-4dccd58b326a,Not as described I want a refund,1,0,1.0.1,2024-05-29 11:33:22,Hi we would like to fix this. As we don't have your email address can you please write to us at info@mobiversite.com so that we can help you better. We look forward to your email.,2024-05-30 02:52:10,1.0.1,mus4455,com.ai.sound.donna
a9a79d88-6475-44cf-9c96-ad54be681242,Not a single sample without being charged. Can't do it.,1,0,1.3.2,2024-06-28 21:28:48,,,1.3.2,mus16140,com.talentme.singup
d062f85d-cc30-4620-9985-48b082431eef,this is a banger song that I just made get this app.,5,0,,2024-08-11 06:32:52,,,,mus4315,com.ai.sound.donna
84ddfcfa-adb3-453e-994a-1a7649b568d7,It's so trippy to hear songs sung by different people and I think they seem to be the one who is singing it for real. It's amazing,5,2,4.1.2,2024-03-26 01:12:38,,,4.1.2,mus11472,com.feraset.tune
2608ec83-b78a-4334-8ccb-07b0a0ea69c3,I really like this app but you need to fix some major bugs do you need to fix like every time it starts generating it stops generating the song Midway and it don't let me write most songs that I want,5,0,2.0.10,2024-09-11 17:32:58,,,2.0.10,mus16573,com.script8888.magicmusicai
bb95204b-fdc8-469a-ba85-f26587ddcf55,pretty cool if you want new music,4,0,1.0.7,2024-05-31 17:55:08,,,1.0.7,mus17088,com.ai.music.generate
e5dbc8a8-4787-4b87-b64e-49c3a2d83238,takes to long And I hate it uninstall and never see it again Also I don't recommend,1,0,,2024-07-08 20:39:28,We regret that your experience was frustrating. Were constantly working to improve the apps speed and performance. Your feedback is important and we hope youll give us another chance in the future.,2024-07-10 04:13:10,,mus4014,com.ai.sound.donna
63c201fd-1511-4f9e-a9fe-e22e527a4295,Won't cancel my subscription,1,0,1.3.2,2024-07-15 21:05:32,,,1.3.2,mus16210,com.talentme.singup
9706bfee-377f-43b3-9cf4-4b22051df35b,"Could have AT LEAST told me BEFORE I spent 7 minutes recording my voice that I would have to pay $7. Or at least give the courtesy of SAVING the 7 minute recording until we can pay.It tries to threaten me like ""sorry must pay or all your progress will be lost"" Would have came back but nah that messed up. Uninstalled. Not doing another 7 minute voice recording.",1,0,4.1.6,2024-06-04 17:17:34,,,4.1.6,mus10596,com.feraset.tune
0ca5c553-e891-4dad-8c01-d3129df5ca99,Greedy neurotypicals. They make u record 15 minutes of your voice just to tell u to pay $7 to continue for a stupid sample. That's literally time theft & extortion. What are you even doing with the money? Oh investing in the app not parties expensive food & clothes or drugs or perhaps underground trading its 2024! RAPE FARMS DONT PAY FOR THEMSELVES DO THEY GUYS!!!!!!,1,0,4.1.2,2024-04-10 18:20:45,,,4.1.2,mus12438,com.feraset.tune
0b78f0a1-a930-4482-a3b8-eefd80738fce,Couldnt make it work. After writing the first letter wasnt able to write anything else. Restarted didn't work Pocof1. The 2 stars is that I think its free for some tries if it works. Try it out if it doesnt work you can just uninstal it music generating apps are nice generally.,2,0,,2024-09-24 03:31:05,,,,mus8813,musiclab.suno.udio.ai
122174e5-a9a9-442d-977d-0228803d1b29,It's locked behind a paywall.,1,0,1.0.2,2024-06-11 03:57:25,,,1.0.2,mus4144,com.ai.sound.donna
81cb1d4f-d39e-4c6b-bc8a-4ce37f8e4ac5,UNSUBSCRIBED!!! **** I found that the song that I generated was exist by other creator (I use it for tiktok and got remove) **** Nice AI song generator I already subscribe to this app and almost everything impressed but the app should have length option for user to choose (every song you generated use credit and some song really good but only 5 second length that wasted my credit) please add length option and stop waste user credit.,1,37,1.0.4,2024-07-10 00:28:26,,,1.0.4,mus8800,musiclab.suno.udio.ai
b88957cb-4fad-4cae-8b9b-8509eaa2080a,It only lets you do one because you don't pay the amount but I think it's total b.s,1,0,1.3.2,2024-06-03 22:44:45,,,1.3.2,mus16112,com.talentme.singup
43d9a7ef-0e24-43b5-a0ce-7be1a24d88a7,"Okay my prompt was Play the song ""long time"" by Boston sung by Freddie Mercury. All I got was a generic guitar loop. RIDICULOUS. DO NOT WASTE YOUR TIME.",1,3,1.0.3,2023-07-21 12:27:03,,,1.0.3,mus9077,co.appnation.aimusic
aa24c401-4e69-4e74-a27b-5a10e02583cd,Money hungry app machine that gives lacking quality,1,0,,2023-10-16 21:42:37,,,,mus12369,com.feraset.tune
1d85df7f-2f4f-4c7d-9cf9-87005610a9bc,Can I not do anything at all unless I pay? I can't do anything free if they show me an ad or two? I'm not spending any money on something I can't test with a free version.,1,0,1.0.1,2024-05-27 23:30:51,Sorry to hear you are unsatisfied with the progress of the updates. I hope you can enjoy our app again in the future. Donna Support Team,2024-05-28 01:42:36,1.0.1,mus2275,com.ai.sound.donna
ec63e122-45ee-45c8-b385-3251ce2db962,This app is very confusing. You will end up double paying because of its confusion. Very frustrating. Navigating through the app is like Christopher Columbus looking for Asia. You can't go back and look at your songs already made. WTH?,1,4,4.2.23,2024-08-16 02:14:51,,,4.2.23,mus10531,com.feraset.tune
402b6765-8876-4233-87e0-d77f977bac07,The songs sound to robotic probably just me but how do I unsubscribe from this? I want to make sure I don't get charged again,1,0,1.3.0,2024-05-25 10:19:24,,,1.3.0,mus16028,com.talentme.singup
2f474a92-47d3-470d-a858-de41d64e7792,Worth every dollar spent. I have no musical talent but I am pretty good with writing lyrics. This app helps make my musical thoughts expressible.,5,0,1.0.1,2024-06-05 00:44:01,Thanks for taking out time to rate us. It really helps us to keep going and delivering the best :) Donna Support Team,2024-06-06 03:56:05,1.0.1,mus1433,com.ai.sound.donna
8fd1a227-35d0-42a0-b2d9-e1928d5697ba,Donna is the best AI song producing app around!,5,0,1.0.5,2024-06-30 15:35:24,,,1.0.5,mus3461,com.ai.sound.donna
f3d9d00b-6700-485a-8bd3-be3e86be11fb,Didn't work. Would just sound like the original song.,1,1,,2024-04-17 09:07:24,,,,mus11948,com.feraset.tune
8857694a-b55f-4517-81d3-287d0e026a9e,This app is not good because it is full of premium it says to record your voice when we record it in 7 minutes than it says to buy premium don't downlaod this app not worth Thay fake their ad like their app #fake,1,1,4.0.9,2023-12-19 09:37:25,,,4.0.9,mus11279,com.feraset.tune
c616b658-818f-41d2-ae1c-495d933ade25,this AI stuff isn't bad the so gs are pretty good,5,0,1.0.11,2024-08-05 06:24:39,,,1.0.11,mus2412,com.ai.sound.donna
1ba97967-c298-478b-83c8-b78a7f61fbb0,Fantastic! My daughter wants to make songs and she found this app it's Perfect,5,0,1.0.22,2024-09-26 20:00:28,Thank you for the wonderful feedback! Were so happy to hear that your daughter is enjoying the app and using it to create songs. Its perfect for inspiring creativity! If you both have any questions or suggestions feel free to reach out at donna@mobiversite.com Happy music-making!,2024-09-30 14:39:31,1.0.22,mus1066,com.ai.sound.donna
830d7ac2-7ab7-44ec-81a3-e4cc5d14ac4a,I really like the option that allows you to create a song for yourself or listen to other unique music!,5,0,1.0.20,2024-09-14 11:25:01,,,1.0.20,mus617,com.ai.sound.donna
3c9444f0-8266-419a-8fa1-820122b76d59,Fraud app Give my money back I will report this app. First the app told 150 rupees for one week for premium I have paid 150 rupees then asking 250 rupees again for our voice cloning cloning is very similar to original voice. cheated me .don't install this app fraud peoples,1,0,4.2.24,2024-09-10 10:17:42,,,4.2.24,mus10652,com.feraset.tune
8e01c908-02c6-4047-8a61-1ea4b6fed2e0,Every thing is paid no free demo song useless,1,0,,2024-09-24 06:31:26,Dear User To maintain optimal performance and manage server costs weve set some limitations in the free version. For more flexibility and features we encourage you to explore our premium packages. We appreciate your understanding and continued support.The Saaz team!,2024-09-25 02:18:34,,mus8533,ai.vyro.musicly
ce87ade0-f61b-4f07-8e91-ed03fa440335,I Notice they charge your card every week to get 40 credits to make a song. Don't like the fact that the credits don't roll over. You have to use all 40 credits just to get 40 more the next week. If I use 1 credit in one week then the next week they only will give me one more credit to make 40. Instead of giving me 40 credits more on top of the 39 credits that I didn't use. If you charge for 40 credits per week then that's what you should give us no matter if we use all our credits or not.,2,0,1.0.24,2024-10-08 06:36:16,,,1.0.24,mus261,com.ai.sound.donna
136ef558-5cbf-44cd-8345-f70af1805ae4,I love this game it helps me to express my songs more,5,0,1.0.2,2024-06-12 02:38:58,,,1.0.2,mus6381,com.ai.sound.donna
385fee08-865c-4259-b6bd-9f414c85736f,Couldn't test my voice w/o paying super lame was hoping for at least a free 30 seconds,1,0,,2023-11-19 19:20:02,,,,mus11786,com.feraset.tune
a26261be-8157-48b2-812f-833fd5b285d1,this is the greedest app ive ever seen in my life u cant even do anything with it without paying i wish they accepted to swear on here i wouldve gave my best to u mf,1,1,1.8,2024-07-22 04:30:56,,,1.8,mus15035,com.aimusic.melodiai
f24330cb-6bec-4117-a8e5-08c6095365f6,i'll make it 5 star when the cover image can replace either image or video.,4,0,4.1.5,2024-04-27 06:13:23,,,4.1.5,mus11383,com.feraset.tune
d21e7567-a976-4a81-aae3-7f22870162f3,. I picked the wrong genre I got a whole 5 seconds of the wrong music generated. Now I'm supposed to be able to decide if I want to buy access to the app? My suggestion is that you give people access to 10 seconds a few times then reduce it to 5 seconds a day or something.. but right now i will not pay for access I have no way of knowing what the app can do. It's frustrating because this might be the app I need.. can't find out till tomorrow I guess.. might find a different app before hand,1,9,1.2.1,2023-12-16 17:54:32,,,1.2.1,mus8941,co.appnation.aimusic
3415411c-9f19-471c-9f3d-74d8ec284c03,I was hopefull that this app is gonna be good but everytime when I go to make music I click generate and it says there's an error and my WiFi is great.it happens non stop dumb app,1,3,2.0.0,2024-08-25 18:21:50,Dear User! We apologize for any inconvenience youve encountered. Please update the application and try using the app again now as the issues have been resolved. Thank you Team CX,2024-08-26 00:54:23,2.0.0,mus8225,ai.vyro.musicly
88d80bf4-f5eb-4f6c-bd87-1fb88e2fa6ee,It's lame because you can only make a song from their choices for free but you have to pay just to make one song of your choosing for the first time. Don't get me wrong it's a nice app but it's lame that I can't even get like a 7 day free trail,2,0,,2024-09-12 01:48:44,,,,mus1784,com.ai.sound.donna
e9508aeb-eda0-4748-8abb-c8bf7a409e33,awesome app. I'm definitely using it a lot,5,0,1.0.9,2024-08-01 18:22:33,Thank you for the 5-star review! Were thrilled to hear that youre enjoying our AI song generator. Keep creating amazing music with our app!,2024-08-02 02:37:24,1.0.9,mus2420,com.ai.sound.donna
b3f4ca4d-7296-4fb6-8311-403960c5831b,This App Sucks! I make 1 ai cover song then it forces to pay for premium and it Lags my phone!!!!! Please fix that nonsense!,1,0,3.0.7,2023-09-22 20:20:51,,,3.0.7,mus11596,com.feraset.tune
fdc18475-d573-45eb-be75-fc2cf2f41c3b,needs a trial before buying a year or week straight up,4,0,1.0.14,2024-08-11 02:35:44,,,1.0.14,mus2371,com.ai.sound.donna
9deb2954-8bea-4694-9a08-57d085922434,Bought a week of pro cancelled today two days out from renewal so I don't forget and you took away my last 2 days? Your week subscription is no joke expensive this is ridiculous. You don't take away the last of the paid time! Please fix this. I wanna say this is legitimately the difference between me buying a year next pay or not because it means that if I buy a year I can't cancel the subscription until the day before and if I forget I'll be stuck waiting for the next year Please respond,1,16,1.0.2,2024-06-14 07:23:31,Hi Falsus In an upcoming release you will be able to delete songs. Moreover we're working on preset settings. Donna,2024-06-06 04:00:30,1.0.2,mus509,com.ai.sound.donna
7e30b3b6-0a8a-4d8d-bd3f-6b883b449b69,No custom creation before you want money? Don't think so sorry.,2,0,,2024-08-05 05:55:56,You can actually create your first song for free and generate unlimited additional songs by inviting friends. Give it a try and enjoy creating with Donna AI without any upfront cost!,2024-08-05 06:47:16,,mus4480,com.ai.sound.donna
b0ce3075-c453-4203-9585-d64253140ff7,Amazing App!! Just wish don't know if you can that we can adjust lyrics but keep the same music and vocals without generating an all new vocalist or music behind the words.,5,0,1.0.24,2024-10-07 03:31:31,,,1.0.24,mus278,com.ai.sound.donna
d3962d5e-e8d2-40f8-95fb-b00764038c3b,It provides different types of genres and give an unique twist.,5,0,1.0.9,2024-07-25 09:01:48,,,1.0.9,mus1382,com.ai.sound.donna
d2c9ace8-fdd8-4d94-b5f0-8ede0a399aea,it's a really good voice! it's really fun to play around with.,4,0,3.0.8,2023-09-27 22:48:24,,,3.0.8,mus12015,com.feraset.tune
9e98eb06-da5f-4d8e-80a8-b379983b31a3,The app doesn't work like they describe. It also asks for more money after you subscribe. Waste of time.,1,0,1.3.3,2024-08-01 23:12:29,,,1.3.3,mus15841,com.talentme.singup
3c64404c-25ae-4d0c-9593-772be438feea,I was shocked at how easy it was to make a song. I absolutely enjoyed it and the song it created was awesome.,5,0,,2024-09-25 13:54:52,Thank you for your amazing feedback! We're thrilled that you're loving our AI song generator. We strive to make the music creation process as seamless and enjoyable as possible and it's great to see that reflected in your experience. Keep creating with our AI music generator and let the world hear your unique sound!,2024-09-30 14:06:43,,mus6644,com.ai.sound.donna
7ceed18b-ce46-4d0e-8923-32c49becccd6,Can I upload the Ai generated songs into Spotify where lyrics written by me composed and sing by Ai.Is it possible?,3,0,,2024-07-20 02:16:26,,,,mus7453,com.singgenix.suno
5d033a96-ac6f-412d-8f51-586bc094da6f,It is an amazing app .my only problem is you can only make one song each day unless you pay 31 a year .I love the app over all.,4,0,2.0.5,2024-09-30 10:39:11,Dear User To maintain optimal performance and manage server costs weve set some limitations in the free version. For more flexibility and features we encourage you to explore our premium packages. We appreciate your understanding and continued support.The Saaz team!,2024-09-30 12:44:18,2.0.5,mus8221,ai.vyro.musicly
289317b5-0be6-4986-ad8d-e1592545a75c,I love it but I wish it could use my voice instead,5,0,2.0.3,2024-09-08 16:34:51,Dear User! Thank you for your positive feedback. We are constantly working to improve our app and adding new features based on user feedback and demands. We can assure you that your suggestion has been duly noted and we will consider it for future updates. Stay tuned for an exciting update. Team CX,2024-09-09 01:47:14,2.0.3,mus8621,ai.vyro.musicly
9d544839-8491-41a7-9a23-e491ddcf4544,Pay walls awful cheap covers/voices and expensive for nothing.,1,0,1.3.2,2024-06-10 03:24:07,,,1.3.2,mus16042,com.talentme.singup
a2101633-62ed-4a87-922c-57089c740111,does not do what I tell it to do. also the beat is way off track. do not download,1,0,0.2.15,2023-05-29 12:23:07,,,0.2.15,mus8052,com.dc1ab.wau.ai.music
1c15bc3b-9d82-47f7-b27b-f527c728fa0f,"Made me record 7 minutes of talking and then said ""pay to use your recording to train your voice or discard"". Waste of time. Do not download.",1,0,,2024-04-22 14:00:41,,,,mus11300,com.feraset.tune
c08e3a6c-02fd-4f2d-b81e-68c274be876c,Amazing sound quality great but severe flaws. It cost 100$ to download 1 song for a proof. So I can't download any song. To create music it also cost 10$+ for credits. :(,1,0,1.0.8,2024-09-29 00:14:38,,,1.0.8,mus8791,musiclab.suno.udio.ai
a820e879-f92d-4af0-aa9f-aa737ba2e260,Waste of time. No free personal AI voice.,1,0,4.1.2,2024-04-23 23:39:17,,,4.1.2,mus12092,com.feraset.tune
ca5ff034-185f-41da-915f-5516ff5e3b64,"**Update as of 9/18/24** Since their recent update whenever I try to create a new song it doesn't go through. Rarely I get an error message that says ""server error"" or ""in high demand."" I've been waiting for 5 minutes only to find out that I'm waiting for nothing. How disappointing. **Original review:** OMG this is amazing!",2,0,1.0.21,2024-09-18 06:50:54,Thanks for the positive vibes! Our AI music maker is all about helping you turn your ideas into reality. Keep experimenting with different genres and styles to craft your next masterpiece!,2024-08-19 08:16:29,1.0.21,mus112,com.ai.sound.donna
c381ee43-6b9b-448f-b8a3-b8c867645289,Listen to It. It will grow within you listen to The Words it's talking About The love for my drum Beat. as I love you. It's really cool check it out. It's all that and then Some it just me.,5,0,1.0.14,2024-08-08 15:03:54,,,1.0.14,mus689,com.ai.sound.donna
dff7e50b-3b72-423f-a788-1a0789c908d8,1 star because I tried to generate a song and it kept making me pay to hear the song I generated,1,0,1.6.2,2024-07-15 14:30:02,,,1.6.2,mus17403,ai.music
6858e9dc-6b9e-49ea-9c75-cce54eca4727,Just a cash grab as usual only let's you listen to one song you create and it sucks. Don't waste your time.,1,0,,2024-01-08 21:29:10,,,,mus11650,com.feraset.tune
bf212e98-b5ae-41b8-ae9f-fc42811dc526,i got to say I'm impressed with my first time the music was allsome even though I thought it wasn't going to collided well it was impressive I'm giving it 5 star,5,0,1.0.23,2024-10-02 01:18:12,,,1.0.23,mus1017,com.ai.sound.donna
dc26f62c-4ec5-496f-8b3e-a964321f9a7f,Scam and it charge for all it doesn't allow to use your voice,1,0,1.3.2,2024-05-27 23:19:37,,,1.3.2,mus16146,com.talentme.singup
3a18b11f-615d-4c4d-bc30-4473c9661c92,thi is not free but they have a good song,1,0,1.0.15,2024-08-25 07:00:49,We understand that affordability is key which is why we offer one song for free and the opportunity to create unlimited free songs by inviting friends. We aim to provide the best AI music generator experience and continue to enhance our offerings.,2024-08-26 11:07:57,1.0.15,mus2084,com.ai.sound.donna
8f12b3dd-2d8d-4162-9760-3c59f794e2f5,amazing all you do is come up with lyrics or ask ai for one that's not included btw but then you choose your genre and bam 2-3 mins and done though I do wish I could do more than one for free,5,0,1.0.14,2024-08-12 22:19:55,,,1.0.14,mus1206,com.ai.sound.donna
29fee86b-5b3e-4571-9349-e18ed228fc71,I like it because he has a fee but I'm crying solidly because my dream is coming true here in our apps,4,0,1.0.9,2024-07-27 05:17:24,Were thrilled to hear that Donna AI is helping your dreams come true! Your passion for music is what drives us to keep improving our AI song generator. Keep creating and enjoying the process!,2024-07-29 02:25:16,1.0.9,mus1383,com.ai.sound.donna
c036c612-efb5-41c9-868d-c6371c756cd2,Wow it's greatfull app for All song music creator from anywhere at any place as well as any time. This app is very useful for us as co friendly to each other. This app have easiest function for ai songs generator as well as useful for us. Keep it up.,5,0,1.4.4,2024-08-03 04:08:41,,,1.4.4,mus10189,com.lascade.songai
1d6dc313-d3dd-4616-aac6-9e2e47e945bb,One test trial & then pushes to the subscription if you were trying to test out the features. No thanks.,2,0,1.0.9,2024-07-31 14:22:03,We offer one free song to help users experience the full potential of our AI song generator. You can also earn more free songs by inviting friends. We hope youll give it another try!,2024-08-01 02:23:38,1.0.9,mus750,com.ai.sound.donna
f334f9ca-f1c7-4c34-aeae-a68e50be6a1b,SCAM. I purchased the pro version thinking i would be able to make songs in my voice. It allowed me to record my voice once but I made a mistake so I tried to record again and it doesn't let me - Its asking for MORE MONEY. Super disappointed. WOULD NOT RECOMMEND. Plus the music is louder than the actual lyrics and there are a lot of glitches and voice breaks!,1,36,1.0.2,2024-08-07 11:29:35,,,1.0.2,mus16466,ai.cover.suno.song.music
1ed4abb7-09ec-4dc7-bd32-f26e59eb4ab5,It's so bad the audio is horrible and you have to pay for it why make us pay for something that sounds terrible if I could give this 0stars I would,1,1,3.0.6,2023-09-16 14:40:23,,,3.0.6,mus11509,com.feraset.tune
1b7570a6-9648-40df-a0f5-3b4288cdfdba,Very nice app and was fun to use the first free time but come on just 1 free credit how are we supposed to know if it's good enough to buy also maybe add a edit lyrics or change the flow or voice or music beat it makes after its made and charge a credit for each this give more customizations to it making it better app as well bcuz I liked the voice but not the beat to it also I want to use explicit words would it let me ?,2,4,1.3.4,2024-09-10 16:08:49,,,1.3.4,mus6773,ai.music.generator.song.maker
a10fb289-3f21-4eca-8d07-60fee78ac210,nice app my recordings are very clear and the lyrics is okay.,4,0,1.3.6,2024-07-23 13:27:57,,,1.3.6,mus10297,com.lascade.songai
268fcb1f-1c7c-40d0-b284-0e5cd4200522,It's a great app for ai music song genaration,5,0,2.2.1,2024-07-30 22:04:05,,,2.2.1,mus15384,com.app.sunaia
e23f31af-e56b-4846-a711-6ac17c2e5d34,Does Regenerate feature could improvise the last generated music even better in result? Cause i heard it does <3,5,0,,2023-03-08 15:41:16,Heya not yet but this is something that we would like to implement very soon! Thank you for using our app and helping making it better - really appreciate it!!,2023-03-09 05:15:55,,mus8041,com.dc1ab.wau.ai.music
be55ed46-adda-4e27-b83b-e93239440a79,I was going to give 5 stars but it asked me to pay for it after making one song for a free music app,2,4,2.0.4,2024-08-04 20:11:55,,,2.0.4,mus16615,com.script8888.magicmusicai
1ccaffd4-5887-43a0-b838-bf804f447500,I wish the songs were a little more urban,5,0,1.0.23,2024-10-01 10:10:21,Thank you for sharing your experience with us! We appreciate your feedback as it helps us improve. If youd like to delve into your concerns further please reach out to us at donna@mobiversite.com. Were here to help you get the most out of the app!,2024-10-01 10:56:21,1.0.23,mus1801,com.ai.sound.donna
0274cfc8-009a-4221-9a8c-83c69097c223,How about you just charge upfront! I went through the entire process to see if it's something I would CONSIDER buying and in order to hear the final product after recording almost 10 minutes of my voice it would not let me continue until I agreed to pay $6.99 a week for this bs. Huge waste of time.,1,0,,2024-03-16 17:55:48,,,,mus10826,com.feraset.tune
21f19669-048e-48d5-b7a0-0c727ecb8986,Don't buy this app it doesn't work the way it says it does it's All Auto Tune and echo..,1,1,4.0.13,2024-02-07 05:51:06,,,4.0.13,mus11516,com.feraset.tune
0bb56c47-fd9b-4e1d-810c-6fcf2bd7f34a,The song I have made is good but I have no idea why it costs money to make more music when it's an AI app and also please just give us free songs just for inviting and sharing to others. Thank you.,5,0,1.0.17,2024-09-03 04:52:01,,,1.0.17,mus5337,com.ai.sound.donna
446d0e5a-7bde-42f4-9b38-016ceda444a2,needs better ai quality but not bad either!,3,0,4.1.6,2024-05-27 11:45:52,,,4.1.6,mus11380,com.feraset.tune
4db591cb-28f4-45ac-900f-55079a813549,You basically have to pay for the full version,1,0,1.3.4,2024-09-04 20:34:04,,,1.3.4,mus6952,ai.music.generator.song.maker
8b850296-08f7-4608-a384-46081cf7d248,I paid for the subscription. The AI voice generator is an extra fee every time to try to create an AI version of your voice. It doesn't generate a realistic voice and the sound quality is so terrible that you can't even hear what the AI voice is saying when it sings. It is a very muffled sound and has no resemblance to the original recorded voice that was uploaded. Even the AI celebrity voices sound very little if at all like the characters they are supposed to be related to. DO NOT PURCHASE!,1,33,1.3.3,2024-08-01 17:44:52,,,1.3.3,mus15749,com.talentme.singup
27189482-884d-4bbf-9393-80ddbd954dad,:/ I was only able to generate one song and I personally don't feel like paying for premium soooo-,1,0,,2024-05-22 17:25:44,Sorry for the inconvenience. However due to the high cost of AI-generated music we have to limit the number of free uses I hope you can understand.,2024-05-22 22:33:38,,mus17051,com.ai.music.generate
9c0ec23d-aff8-449f-bb33-75ed8ccf7106,I'd like to say it's impressive and cultural once AI made this for truly songs without humans. but I'm impressed for virtuals stuff for your own technology developing.,5,0,1.0.14,2024-08-13 09:50:34,,,1.0.14,mus699,com.ai.sound.donna
aa371dd5-724a-488f-92d9-6a6494868e2b,App is absolute A@$. Very disappointed with the way this thing disgraces any music genre and basically mocks them. I'm a huge bluegrass fan and this app made it sound horrible. And also it is quite literally just a money pit,2,0,1.0.11,2024-08-05 09:58:14,We appreciate your feedback and are constantly working to improve our genre accuracy. We strive to provide a quality experience across all music genres including bluegrass. If you have specific suggestions or encounter issues please reach out to us at donna@mobiversite.com. Were here to help enhance your experience.,2024-08-06 02:03:10,1.0.11,mus491,com.ai.sound.donna
a23195bb-6f25-472a-874d-df6dc66dffc3,we need different types of genres for this app,4,0,2.3.1,2024-10-04 00:35:43,Thank you Trixie Marie! We appreciate your feedback. We're constantly expanding our AI song generator to cover various music genres. Stay tuned for updates!,2024-10-04 01:02:07,2.3.1,mus7635,com.zona.aimusic
05df2d02-c499-448a-8e94-0a180f7d524e,It was good while it lasted. I was able to redownload it to get free songs but now they got rid of that ability.,3,0,,2023-10-18 17:07:11,,,,mus11163,com.feraset.tune
edf991ae-f5c6-4b29-b037-1d7a54eb1fc2,I got a free song because my friend used the referral code but the song never generated and used up my free song.,1,0,1.0.15,2024-08-20 22:11:50,Sorry about that! The problem has been fixed and you can now use your free song to create music seamlessly with our ai music generator.,2024-08-21 02:25:48,1.0.15,mus1001,com.ai.sound.donna
6830cb50-9e1f-4cd9-9544-d35a3f3c66f7,it wrote a song exactly like I described. I would give it even stars but as with everything else you have to pay for it,3,0,1.0.9,2024-07-30 23:06:48,Were glad you enjoyed your song! You can create a free song and earn more by inviting friends. Thank you for your feedback and support!,2024-08-01 02:05:53,1.0.9,mus1297,com.ai.sound.donna
bb7b8146-8ee7-437b-bf71-1e1b4dbb6f5c,Recommendation to make it perfect: This App is the most powerful music creation tool so far. What I think would make it perfect is an option for users to edit the lyrics of their songs and keeping the same voice instrumental and vibe. If we could edit our lyrics and the app make a correction using the same parameters of voice music and vibe this can be just perfect!,4,24,1.0.15,2024-08-21 16:13:00,Thank you for your kind words and valuable suggestion! Were thrilled to hear that you find Donna AI powerful. The ability to edit lyrics while keeping the same voice and instrumental is something were actively working on to make the app even more advanced. We appreciate your input and are excited about the future enhancements.,2024-08-22 02:42:11,1.0.15,mus82,com.ai.sound.donna
a0a0bfa3-ecb3-4f0f-a393-28f9f6ce3ac8,You guys charge money without service you took my money and blocked me from my account!,1,1,1.2.1,2024-08-04 14:04:08,Dear user could you please contact us via email (support@superinteractica.com) so that we can check out this issue for you? Thank you so much.,2024-09-02 05:42:15,1.2.1,mus7336,com.singgenix.suno
2738234c-069b-42a8-b008-6bd8176fb46f,lame app for free it's unusable,1,0,4.0.11,2024-01-31 21:57:18,,,4.0.11,mus12521,com.feraset.tune
74d1051f-90e3-443d-8fe3-bb4d4dd8449c,You developers are definitely money hungry and will only give us 1 free song. The AI is great and I even tried an FNF song for the funny. It worked. I'm rating this 2 stars because the AI is great but the paywall ruins the experience. You should really just make it free with an ad every time you generate giving you money without us doing it with our well earned money. Make this worth the download. I seriously want this app to be great but right now it just ain't it chief.,2,2,,2023-09-29 23:19:48,,,,mus10511,com.feraset.tune
f167c5bf-6b65-4d4c-9d18-b0c7ebc32c98,if you are finding a music ai I will recommend you this app,5,11,4.2.10,2024-07-22 02:58:41,,,4.2.10,mus11307,com.feraset.tune
c09f66f5-a161-4be3-ad95-429d8497360b,the subscription is not good because it is only free for one song,2,0,1.0.5,2024-07-02 21:16:49,,,1.0.5,mus2319,com.ai.sound.donna
cad669aa-88b4-4e80-b80e-af35df750566,You have to pay for everything! Its so stupid,1,0,4.0.6,2023-11-09 20:21:01,,,4.0.6,mus12770,com.feraset.tune
f01c7fbd-5a6c-4df8-83b9-11b1e0c3bf8b,Ads Ads and more Ads and then when you get it to finally complete you can never listen to the song. Uninstalled,1,2,1.0.1,2024-04-30 22:40:07,,,1.0.1,mus16927,com.ai.music.generate
c1edcc17-fa9f-4200-9a52-f119dab600e4,Can't open the uploads at all constantly asking for paid updates,1,0,4.0.13,2024-02-06 18:46:47,,,4.0.13,mus11930,com.feraset.tune
ef8ca9d3-d8a5-4d81-92f0-4680c1169be5,I kinda like the app but can I request for yall to make an Kali Ucihs (singer) ai model because I have to pay to make one myself and I'm broke,4,14,4.0.11,2024-01-17 21:40:35,,,4.0.11,mus12270,com.feraset.tune
c06242e0-92db-42dd-a773-8460d0198f82,Cool idea but you have to pay for anything other than random options,1,0,1.5.7,2024-10-09 13:25:20,,,1.5.7,mus6899,ai.music.generator.song.maker
bac389a6-5eb5-4c45-bb5c-b62200ceff56,What a magnificent application to create fantastic music with incredible help such as artificial intelligence I recommend it.,5,0,1.1.1,2024-07-02 01:02:01,,,1.1.1,mus10311,com.lascade.songai
097db62a-e17b-445c-ba3c-57748d999db7,tried it a little bit it is definitely fun to use!,5,0,1.0.24,2024-10-07 15:47:55,,,1.0.24,mus1632,com.ai.sound.donna
395d0336-b6f3-4686-b0a9-df8b8f07b7df,Could not use it to test drive it as the app asked for credit immediately. No free test or trial. Cannot test uninstall and request developers to remove all Google account details. useless,1,1,,2024-06-03 05:02:43,,,,mus7318,com.singgenix.suno
7216dd31-3196-43c2-a568-78991de26d9c,"Love this app!!! I just wish they would add ""Alternative Rock"" & ""Nu-Metal"" to the genre list. Would also make the app 10x better if we could pick the voice.",5,0,1.0.9,2024-07-28 09:35:01,,,1.0.9,mus451,com.ai.sound.donna
0a9ff2b4-473d-4b3a-84eb-87ad24bc59bd,this app is actually pretty amazing I wasn't expecting that but hey it worked out really well.,5,0,1.0.8,2024-07-15 23:49:47,,,1.0.8,mus2444,com.ai.sound.donna
98abf97b-7e25-4974-9ff9-c9e375d29833,It's good but to make 3 songs you have to pay 20 dollars or wait an entire day so my opinion is that it's good but like inshot has way too much locked content,4,1,2.0.3,2024-09-17 09:49:58,,,2.0.3,mus8217,ai.vyro.musicly
dd33eaa7-b842-4986-83f4-5983b8b911b0,App didn't work after I paid.,1,1,1.1.0,2024-05-18 20:36:19,,,1.1.0,mus7409,com.singgenix.suno
b8bbd68e-b66b-4420-a687-7933e029dca3,DO NOT GET THIS!!! ITS A SCAM.,1,0,1.3.3,2024-08-18 10:32:39,,,1.3.3,mus16179,com.talentme.singup
e7503388-6226-43cd-a843-cdebebb36287,I really like this app. I got 22k likes for a song created by saaz ai. I recommend this app for well songs.,5,0,2.0.2,2024-09-01 10:34:17,Dear User! Thankyou for your Love and Support! Stay tuned for more exciting updates.. Team CX,2024-09-02 09:08:28,2.0.2,mus8285,ai.vyro.musicly
673de8e4-237e-4215-9b6f-347f544985a7,Wish I could rate 0 stars because this terrible app deserves it 5 seconds? 5 SECONDS?! And then the audacity of trying to get me to buy your garbage subscription is just insane. Don't get this app it's a huge waste of your time.,1,11,1.4,2023-11-14 10:40:04,Sorry to hear you are unsatisfied with the progress of the updates. I hope you can enjoy our app again in the future.,2024-02-13 01:17:20,1.4,mus15028,com.aimusic.melodiai
303a5b1c-29a4-4af0-9337-a14ecba68d99,seems it does not know bpm x nor key of x. it knows funky upbeat fast but those are quite vague. it does not know loop to start 4 bars. it does know 12 string guitar banjo or even slide guitar. i think it understood synchopation but without bpm and key of it is kinda stupid. ai i would expect to be able to calculate bpm bars and key. ill be canceling the subscription as this is still in toy level not production level software. ps you can type these in but look at the product does not,2,14,1.0.3,2023-08-14 14:53:50,,,1.0.3,mus8938,co.appnation.aimusic
e61a7803-24c4-4206-897b-94434fe2e8f9,Very frustrating app. Spent a bunch of time and money to make a few songs on the app. It wouldn't allow me to download my songs then deleted it.,1,0,1.5.7,2024-09-27 13:11:44,,,1.5.7,mus6805,ai.music.generator.song.maker
6b7fe7ee-e146-4b35-afe3-6c1d666a4c29,App has potential but it Needs a better development team are new ideas otherwise this app will fail,1,0,,2023-11-19 15:04:46,,,,mus12002,com.feraset.tune
0a390aea-3292-4e26-9695-de052aac18e9,Love love love this. Suggestion: zona stand alone media player that plays the songs complete. A lot of my songs are clipped short on the end. Almost no outro's. Remedy.? How do I restore purchases.?,5,5,2.3.1,2024-10-01 02:07:46,Dear John Sotelo thank you for your support! We're thrilled that you love our AI song & music generator maker app. Keep creating with Zona!,2024-08-31 16:02:07,2.3.1,mus7578,com.zona.aimusic
9d361839-dabe-46c9-a8d1-015bb50ae778,when I started to play this it feels like I became the most famous singer in the world but I hope one day I would be ^v^,4,0,1.0.15,2024-08-22 21:13:07,,,1.0.15,mus1802,com.ai.sound.donna
8ea336bd-a28e-44cd-a10b-a708d62db5b2,When I select the voice in ai cover it doesn't work it says to pick a voice..,1,0,1.3.1,2024-01-19 02:33:51,,,1.3.1,mus9166,co.appnation.aimusic
7d973a1d-3f60-4351-8540-51a2d03a035c,this is such a cool AP! I made a metal genre song about my dog Bella the Hunter,5,0,1.0.22,2024-09-25 20:23:48,Thank you for the awesome feedback! Were thrilled to hear you made a metal song about your dog! That sounds fantastic! Your creativity is inspiringkeep rocking out and making great music!,2024-09-30 14:30:24,1.0.22,mus1651,com.ai.sound.donna
9af4243a-1504-404f-851e-c4505f109604,This is a horrible app! You have to pay money just to use it I Dont recommend this!,1,0,1.0.3,2024-08-16 14:53:15,,,1.0.3,mus16490,ai.cover.suno.song.music
516719b1-a104-4ad8-9fe7-19317961e883,Let me have one song and then I had to pay for everything else,2,0,1.1.0,2024-06-20 15:12:01,,,1.1.0,mus17084,com.ai.music.generate
62327c14-6332-4909-86a5-f280c4a1b086,"Garbage bait and switch. The first ""generated"" song will be created faster and be better then anything after you subscribe. Also the AI fails to follow even the most basic instructions things such as ""drums only"" or ""59 seconds long"" are entirely ignored. Overall it's more of a random sound generator based on the few options you select. Also the first generated songs are getting all of the AI's priority to attract customers once you sign up it's B-tier quality from there. AVOID!",1,20,1.0.14,2024-08-12 23:24:09,Donna AI consistently delivers high-quality songs regardless of whether youre using the free trial or a subscription. The AI is designed to follow your input closely so if you experience any discrepancies were here to assist. Were always refining the app to ensure it meets your expectations and delivers the best possible experience every time,2024-08-13 02:31:49,1.0.14,mus70,com.ai.sound.donna
74162a35-c557-405a-9316-3fcc54d2623c,this is So awesome I made my own songs thank youu,5,0,1.0.24,2024-10-04 04:27:55,,,1.0.24,mus1816,com.ai.sound.donna
18c610cb-b0e7-49b0-9544-64630c766d5a,If you love music you should check out this app. I am really enjoying my experience using this. As someone who has journaled their entire life on paper as poetry this app is a game changer. Also I randomly have words and phrases floating around in my mind and I can just type them into the app before I forget them. This allows me to go back to it later and work from there. It's also more legible than waking up and doing late night scribbles in the hopes I can read it in the morning.,5,4,1.0.13,2024-08-10 11:39:15,Its fantastic to hear that youre having a great experience with our AI music generator. Keep creating and sharing your songs with the world through our AI song maker!,2024-08-12 01:52:21,1.0.13,mus49,com.ai.sound.donna
0ee9477b-5db4-4b18-9c36-68c47185c8d0,It's OK i working some on the producing music but it is OK for inspiration or ideas it's very very good help with language and more staffs.,5,0,1.0.24,2024-10-08 16:40:36,,,1.0.24,mus1077,com.ai.sound.donna
686a2410-6e21-47b1-b87b-ada3059b7bbe,"Everything you try to do is followed by - pay us 30 dollars and you will unlock this "" .",1,0,4.0.15,2024-02-23 16:06:09,,,4.0.15,mus12161,com.feraset.tune
f6a29214-1032-4f15-ad87-e99b485bac47,Rip off o mizerie sinistr care funcioneaz doar cu bani,1,1,,2024-09-20 08:13:55,,,,mus14855,com.feraset.tune
57a76767-3796-400d-ad7e-d7df521d9ae9,It's been hours and it's still on progress,1,0,1.3.0,2024-05-25 09:00:02,,,1.3.0,mus16134,com.talentme.singup
3bd50469-e6eb-454d-a8ae-a47ef2727f7a,I have always been iffy over current AI quality this however is incredible the detail and audio quality is top tier the vocals are clear and the music is as crisp as you can get already thinking of different songs to make,5,1,1.0.8,2024-07-15 00:23:51,,,1.0.8,mus609,com.ai.sound.donna
86f945b9-d730-4663-9d0b-6852242fe222,good app but it takes the charges of making a song,2,0,,2024-07-08 11:20:35,Dear Mohammad Shafiullah Thank you for using our AI Song & Music Generator - Zona app. We appreciate your feedback on the charges for song creation. We strive to offer value in our maker tools.,2024-07-08 12:02:06,,mus7734,com.zona.aimusic
e029b9b0-0393-498d-b6a6-57a622f20e59,I love to make some music.,5,0,1.0.24,2024-10-09 14:24:08,,,1.0.24,mus2706,com.ai.sound.donna
1b2068ba-680c-44ec-92cb-dad5e74883b6,Interfears with other apps in your device. Poor app,1,1,,2024-09-12 03:28:56,,,,mus15413,com.app.sunaia
00febf6b-774a-4cb1-b1ed-0f4597a9a129,One star because it allows you make 3 songs then it keeps asking for free 3 day trial yea nah don't waste your time with this app or money,1,0,,2023-06-13 03:00:55,,,,mus9141,co.appnation.aimusic
c41dc1c9-7949-4ade-9656-842c393c6a59,Locked behind a paywall to do simple things it's dumb,1,0,,2024-02-22 04:36:14,,,,mus12617,com.feraset.tune
caafbd42-ecaa-46ab-9898-890f651273d2,Love it! I would give it 5 stars but first I want to know if it is possible to share the music I created as a free user using my own lyrics on platforms such as Spotify,3,0,1.0.4,2024-06-27 12:03:34,,,1.0.4,mus1510,com.ai.sound.donna
638258e9-ef30-47d6-9468-c7252a6287dc,This app is literally a failed project imo. The options don't even work properly. I kept clicking on search but nothing happened it's like this app doesn't even function at all. It just keeps hanging over and over again and then they say they've fixed bugs. I don't see the effort anywhere tbh. Very disappointed.,1,25,4.2.10,2024-07-16 13:26:22,,,4.2.10,mus10547,com.feraset.tune
571bb09d-2ffa-4708-9f47-3b301cf91911,The app charged me $4.99 three times and I was still unable to use my recorded voice. The advertisement is false. I am requesting a refund.,1,0,,2023-12-12 02:07:06,,,,mus11245,com.feraset.tune
a077ec36-f7a0-4d3c-ba2f-d9a724476a10,The ai itself is fine. But you only get 1 free generation per day. The tools for prompting are also pretty limited you can only choose 1 genre and 1 mood. Suno is far better because you can write way more prompts. I would recommend anyone looking for AI song generators to use Suno.,2,0,1.0.15,2024-08-22 03:10:23,,,1.0.15,mus399,com.ai.sound.donna
91f047e5-8283-4e08-831a-8c201626fa89,It's great for one-off songs. but needs more options for input. can't edit after. But I'm really happy for what the price is and the quality of sound with this app.,5,11,1.1.7,2024-06-27 07:56:29,,,1.1.7,mus7251,com.singgenix.suno
9864c885-44f1-4a3a-98c3-034e6cb4d78f,I wrote some words that would be expanded into three verses. Then I wrote my Chorus for the song. Then I chose the progression the guitar progression that I wanted E minor C D and G and I also emphasized that the name of Jesus must be mentioned in the song because it is a gospel song. So far so good Donna for me is wonderful. I will keep exploring to experience every feature in the app.,5,1,1.0.23,2024-10-03 09:05:37,Thank you for your amazing feedback! We're thrilled to hear that our AI song generator is helping you craft your song with the specific elements you want. Its great to see your creativity in action! Keep exploring and let us know if you have any questions or suggestions along the way!,2024-10-03 09:52:59,1.0.23,mus234,com.ai.sound.donna
0af05d07-ba93-4764-87b3-631a900fbfa3,made an incredible song just a simple prompt and magic happens,5,0,1.0.14,2024-08-10 06:22:33,Thank you for your amazing feedback! Were thrilled to hear that our AI song generator is helping you create the music you love. Keep making incredible tracks with our AI music maker!,2024-08-12 01:50:15,1.0.14,mus1357,com.ai.sound.donna
4c2c397f-86c5-4660-a3fe-1be116c6afe8,I really love the app. I am only temporarily giving it 4/ 5 because of the glitchy behavior when using certain aspects of the app. Also the issues only started after I began to separate songs. The Donna team is working on the app so I am willing to wait And update my review. The songs are great if you are able to put your ideas into words. Donna can make cool songs and it gives more options toward customization than any of the other apps and web sites I've tried.,4,2,1.0.13,2024-08-08 08:19:39,Thanks for your patience and understanding! Please update to the latest version to experience smoother performance. Were glad youre enjoying the song customization options and were continuously working to make Donna AI even better!,2024-08-09 03:53:43,1.0.13,mus42,com.ai.sound.donna
7c9d14d4-cd5a-4399-acfc-f08dc712da83,Not opening after installation. Fake,1,0,1.3.1,2024-01-26 11:06:37,,,1.3.1,mus9399,co.appnation.aimusic
ca31de63-4c6f-466a-b96d-dd2570a51417,This should be 0-STARS. THIS IS FRAUDULENT. The app is run by a SCAMMER who is using Suno.ai 's credibility in the AI music marketplace to mislead users and potential downloaders. SHOULD BE ILLEGAL & REMOVED FROM THE APP STORE,1,2,1.0.7,2024-09-06 18:55:03,,,1.0.7,mus8823,musiclab.suno.udio.ai
8456fc45-61a3-4792-93c0-83b168822fa8,The songs were good with a few artists but I could only use it once antld that makes it go down by faaaarrrr,3,1,,2024-04-23 14:40:42,,,,mus16110,com.talentme.singup
ebc7d339-fc74-43ae-8cc6-99c65e4bb258,When I used to play this the voice changer was working what happened? It keeps saying COMING SOON!,1,1,1.2.3,2024-01-26 21:13:37,,,1.2.3,mus18016,ai.musicstar.v1
2657d5be-2b3d-405a-b2a8-c49ebcc14af8,good but cost $5.99 a week,3,0,1.0.14,2024-08-12 17:21:06,We appreciate your feedback! Maintaining and developing an advanced AI music generator like Donna AI involves significant resources which is why theres a subscription. However you can generate more free songs by inviting friends. This way you can keep the creativity flowing without any additional cost. Happy creating!,2024-08-13 02:28:37,1.0.14,mus2153,com.ai.sound.donna
1a34a6b3-f126-46dc-8df3-3e49b46ee3d8,I love the app. But I don't like the fact that they never said u had to pay for it,2,0,1.0.21,2024-09-20 22:35:33,,,1.0.21,mus1582,com.ai.sound.donna
050aa74a-3728-43cb-8fc6-efce4fc8c871,I can only make 2 song and you need to pay so you can make a song,2,0,1.0.5,2024-07-02 22:42:12,,,1.0.5,mus3889,com.ai.sound.donna
e97c6f7e-d396-4fb4-8930-5d4cdeb9e2a1,I've only done one song so far and it's awesome 100/10 everyone needs to download this immediately,5,3,1.2.6,2024-08-25 22:39:35,,,1.2.6,mus6885,ai.music.generator.song.maker
9a43833d-e5c5-42d1-b2a3-e819ce0c4544,Paid for the my own voice and was charge and it would never go with my voice just tried to repeatedly get me to pay again,1,0,1.3.2,2024-07-05 01:45:43,,,1.3.2,mus15995,com.talentme.singup
d97f82e1-9ccd-4910-82cb-b86805782a31,a good Way to make music if you can't sing or rap,5,0,1.1.2,2024-08-17 11:38:26,,,1.1.2,mus16952,com.ai.music.generate
96cb6926-3ea5-4582-b6e7-6bfe32189d06,just starting messing around with app so far so incredible!,5,0,1.0.13,2024-08-07 21:24:21,Thank you for your kind words! Its exciting to see how our AI music maker is inspiring you. Keep on creating and making beautiful music!,2024-08-08 06:28:41,1.0.13,mus1360,com.ai.sound.donna
e2e1f64c-2958-4929-acf7-d3a5e713eab1,Waited for more than 2 hours still my created voice is not finished total ripoff paid for lifetime access but it never mention that need to pay for every own voice you create,1,0,4.2.23,2024-08-19 00:45:14,,,4.2.23,mus10614,com.feraset.tune
889ebe85-d73f-4635-bc24-47908d450d6f,Love the app and the a.i covers that makes characters sound much better.,5,0,1.0.1,2024-06-06 23:06:02,,,1.0.1,mus2277,com.ai.sound.donna
9214d27e-c49a-42d1-a9c6-5e65193e6e95,Don't get this app. Paid to subscribe (can't access anything without it) and then when you go to add your voice you have to pay a further 4. The only thing you can do is upload links of songs and then click to change the voices to things like Spongebob or Sonic . what a waste of money! Uninstall. Don't forget to cancel your subscriptions.,1,58,4.2.23,2024-08-14 10:17:03,,,4.2.23,mus10514,com.feraset.tune
ce9cb123-ab01-466b-977c-1b2d3f72e7de,i think its pretty awesome i wish i could make more free songs tho,5,0,1.0.24,2024-10-06 08:52:26,,,1.0.24,mus1537,com.ai.sound.donna
dcf8f5e1-68dc-49c1-b6d9-1a46ddaa8cea,Tries to get you to buy into it before even using it. Even after lifetime deal. You still have to keep paying to use it. What's the point of lifetime.,1,0,,2023-10-30 01:17:58,,,,mus11482,com.feraset.tune
74dd5261-349d-4c3b-a5d7-8aff01f1734e,"Just terrible. I fell for the lifetime subscription offer you get as you launch the app. I provided studio quality voice recording for 15 minutes only to discover I had to pay 6 extra pounds to train a single voice. The ""covers"" are all identical to the originals but at a lower audio quality. Applying for a refund right now. Does NOT deliver what promised and we're far from ""your experience may vary"". Wait for a year and this app will be trash.",2,84,4.0.11,2024-01-24 11:34:56,,,4.0.11,mus10629,com.feraset.tune
c6bbbe7b-a3fd-452c-b0c0-ad05fda558ff,After about 50 songs only a quarter of them are actually good. On that same note there are a few that are impressively good. Don't bother paying extra to separate vocals and music because the music is too distorted to sound good with your own vocals over it. They should add the option to just generate instrumentals i thought turning off vocals would do it on the advanced options but it did not.,4,25,1.0.15,2024-08-28 23:42:39,,,1.0.15,mus62,com.ai.sound.donna
267fc736-55d4-402a-8534-0fada71be873,before the app boots up you're leaned on to show some love with a 5-star review and you're given a chance to accept 3 days of premium after which you pay $7/week?! $364/year? noooo way. yes i noticed you can buy a year's access for $35 but i also saw the free version limits you to - wait for it. wait for it. 5 seconds of music. i uninstalled it which took longer than any music i would've had to listen to and i feel like I'm owed a refund. that's how bad the experience was.,1,63,1.0.3,2023-08-28 06:13:04,,,1.0.3,mus8943,co.appnation.aimusic
ed3ef3b8-d169-430e-95be-d67ccd2f266b,It does what it says on the tin,5,0,1.0.14,2024-08-13 05:41:05,,,1.0.14,mus3349,com.ai.sound.donna
b43aef79-72af-42be-8fc1-67f6f687ec85,I'm trying to improve my skills,4,2,1.3.3,2024-03-13 18:41:12,,,1.3.3,mus17946,com.ai.music.clone.generator
34d02986-66ff-4f2a-8a79-3953130042eb,At first said 1 free trial but after recording the voice does not want to continue and need payment for my 1st trial so it shows it is rip off and fake if a app doesn't let you just try 1 song it is a rip off so simple,1,0,4.2.24,2024-09-10 09:57:15,,,4.2.24,mus10549,com.feraset.tune
0764dc2e-b116-4f2e-9849-0b7adf84101c,It is really good but I have knocked a star off because I'm getting quite a few songs where there's garbled up speech at the start and some that when you provide lyrics cut off before the end.,4,0,1.0.17,2024-09-05 05:48:51,,,1.0.17,mus408,com.ai.sound.donna
9a32dfa2-fb3a-4524-8947-080e2b920932,Ok u guys need to add daily credit for non pro users because not evey one has the money to 2000 songs or just add the more people that listen to the user's music the more credit the user gets pls take this and make it come true but overall very cool ai oh and here is a few suggestions why don't you guys make it so that users can review the song and make it so that the user can change the voice like i said need to give people free credit,5,0,1.0.24,2024-10-06 06:16:29,,,1.0.24,mus337,com.ai.sound.donna
01222944-1199-4c45-a0a6-7d9c4264c1f2,Worst app experience ever. Wanted to test for fun had to pay 8 bucks for it to do so for 1 week. Did that do all the steps cant contine must again pay 6 bucks to use the basic function of the app. Worst app ever,1,1,1.3.2,2024-05-30 15:40:31,,,1.3.2,mus15896,com.talentme.singup
4ba23bc0-5a92-4852-8328-d5286f2870be,I love it guitarist just needed a few words to get me started. it worked in Finding Forrester,5,0,1.0.24,2024-10-08 03:55:29,Were so glad to hear that you love the app! It's wonderful that our AI music generator helped spark your creativity as a guitarist. Sometimes all it takes is a few words to get the music flowing. Keep making amazing music and enjoy your journey!,2024-10-08 08:43:43,1.0.24,mus1029,com.ai.sound.donna
3ac8254b-6d27-4af3-8707-da9e9d752e0d,Exactly how I imagined how the song would go! Now I can better explain the music to my band!,5,0,1.0.9,2024-07-27 01:41:20,Were thrilled that Donna AI helped you create the song just as you imagined! Its great to hear that it helps you communicate your ideas to your band. Keep creating!,2024-07-29 02:04:00,1.0.9,mus1198,com.ai.sound.donna
49037051-fbc3-4e7e-a86d-b9aa9980dcfc,Weird how you need to buy a premium but it's still great,4,0,1.0.7,2024-07-08 17:11:56,,,1.0.7,mus2488,com.ai.sound.donna
239003e8-3bdf-4695-a679-e8797dbc3ff6,I can't tell this really works with one try. I would never spend this type of money on something I don't know works.,1,0,,2024-06-19 15:55:46,Thanks for your liking. Due to the high cost of using AI we have to limit the number of free uses. every user has 1 free time try. After you use up the free time you can get free access by watching ads or pay for a subscription,2024-06-19 22:09:14,,mus17058,com.ai.music.generate
731369f0-30e0-4446-b53b-a42eb8a463ea,can actually write bangers!,5,0,1.0.15,2024-08-22 20:17:01,,,1.0.15,mus3364,com.ai.sound.donna
b74c4595-9ac3-45c7-b8a3-fc4d6114f812,1 song per day dole,4,0,1.0.20,2024-09-12 16:07:53,,,1.0.20,mus3985,com.ai.sound.donna
8f6e447d-50f6-40d9-bbf2-47a40860a0ae,You have to pay to pretty much do anything on this app.,1,0,4.0.4,2023-10-30 14:44:03,,,4.0.4,mus12724,com.feraset.tune
4dbd1900-5c71-4d8e-9175-5b80ce46f734,it quit after I tried to create my song,1,0,2.0.4,2024-08-08 18:07:14,,,2.0.4,mus16672,com.script8888.magicmusicai
26e4a2a2-4f2e-4d0c-80ea-2bcf8b0c1128,I cant find the character I want,1,2,3.0.4,2023-09-10 09:34:22,,,3.0.4,mus12895,com.feraset.tune
e4d7ae7a-3c1a-4429-ac2a-f3e4ec05312b,ITS NOT FREE LIKE IT ADVERTISED. IT ASKS YOU TO PAY FOR A MEMBERSHIP / SUBSCRIPTION TO DO ANYTHING SO DONT INSTALL THIS APP AS ITS NO FREE LIKE IT CLAIMS!!!!!!! IF COULD GIVE -50 STARS I WOULD FOR FALSE ADVERTISEMENT,1,2,,2024-07-30 01:35:43,,,,mus8852,musiclab.suno.udio.ai
339b3fdc-cbd5-49d9-a822-589a8ec50c8c,real simple to use. great songs.,5,0,1.0.16,2024-09-01 13:44:40,,,1.0.16,mus1791,com.ai.sound.donna
51412551-f2a9-4a84-9197-5fcbb647307e,can make good music especially good christian Mashups,4,0,1.0.22,2024-09-27 00:06:01,,,1.0.22,mus1476,com.ai.sound.donna
d69e2563-8220-4360-a815-47aec45dfac1,this is an excellent app,5,0,,2023-10-13 14:45:45,,,,mus9532,co.appnation.aimusic
19140b99-ba97-4538-b05d-f17840520e5a,This app makes really great music with ai probably one of the best ones out there. Recommended,5,0,,2024-06-09 00:07:55,Thanks for taking out time to rate us. It really helps us to keep going and delivering the best :),2024-06-10 08:33:18,,mus6641,com.ai.sound.donna
4cce445a-b951-4937-be98-88290ccb27a2,It's a great app for covers if different oeople,5,0,1.0.3,2023-10-02 18:30:22,,,1.0.3,mus9348,co.appnation.aimusic
4e557972-d8cf-4bb4-8cd4-10c23409193a,It does vocals instrumentals and lyrics. It is insane!,5,0,1.0.9,2024-07-29 16:33:09,,,1.0.9,mus1371,com.ai.sound.donna
dc7c71be-18b4-495f-839f-77fdb3e3eb80,Awful. Never generated an ai cover. That and it wants you to pay. And there not even a lot of options for the ai voice covers.,1,1,1.1.0,2023-12-02 14:51:22,,,1.1.0,mus9083,co.appnation.aimusic
edae4209-e520-436f-874b-5a38a96d494c,It works kinda my honest review after buying the subscription and my own voice. multiple times is. it's bs really it sounds eh and you can't edit your own voice recording oh yeah it's 4.99 every time you do a voice recording. Not once it's everytime and the ai sounds muffled and struggles with high notes but the best part is the ui is easy to find everything just sucks to pay for everything you do everytime,1,21,4.0.5,2023-11-01 21:08:53,,,4.0.5,mus10492,com.feraset.tune
a509864f-83ff-4c0d-b84a-909493a16940,Love it so far! Wish it didn't cost so much or had a one time fee for unlimited use,5,0,1.0.1,2024-05-29 14:48:30,Hi Rachel. We understand your concerns. You might think to buy a yearly packet that offers 2000 songs which is not a lifetime but we believe there is a there is a fairly enough quota. Donna Support Team,2024-05-30 02:49:54,1.0.1,mus1722,com.ai.sound.donna
0719d441-cd7f-4731-aafb-8cccc3419f6a,It's super fun and I can make really funny songs,5,0,1.2.0,2024-01-20 17:45:32,,,1.2.0,mus17805,ai.music
a1924cfe-d60e-43d2-b455-52eac985eb7d,not worth the time or money,1,0,4.0.6,2023-11-09 08:50:03,,,4.0.6,mus13017,com.feraset.tune
2300eebe-7049-4ba1-9794-63e3d136d321,takes a long time to make the result isnt even what the genre i want and i have to verify my email to download,1,0,0.1.15,2023-03-19 16:49:14,Thank you for the feedback sometimes our servers are overloaded and the AI takes a moment but we're working on improving it! Which genre did you choose - we're only just starting so having teething issues! You don't need to verify your email - just send us an email with the track that you export! We'll improve this process shortly!,2023-03-20 10:08:20,0.1.15,mus8033,com.dc1ab.wau.ai.music
4c501ad3-dcab-491e-9c35-78d10e1e7069,Don't bother downloading to listen to full songs you have to buy the premium version after the first song,1,1,4.0.13,2024-02-06 08:02:36,Hey there! We totally get that subscriptions aren't everyone's favorite. The thing is generating AI Covers comes with its own set of costs. We're actively exploring ways to bring down these expenses so we can offer more free generations in the future. Thanks for your understanding and stick around for updates! Best Music AI Team,2024-02-13 15:36:22,4.0.13,mus11546,com.feraset.tune
1d90699b-047d-4c7a-9096-ef28ada7287c,I give it three star bcuz it still need work n good options but some of the voice overs don't really work example Voice for Nicki Minaj don't work right over a males voice at all and I wasted two free points for two different song that I would be great but here after they were ready n I played them they sounded not good at all,3,1,4.0.6,2023-11-17 18:18:52,,,4.0.6,mus10845,com.feraset.tune
3faa2f2c-6967-414c-8a98-9f903d440857,wow this is phenomenal for helping bring your lyrics to life,5,0,,2024-08-27 17:22:43,Your positive feedback means the world to us! We work hard to make sure our AI music maker is both powerful and easy to use and were thrilled that its helping you create the music you love. Keep exploring new sounds and crafting unforgettable songs with our AI song generator.,2024-08-28 06:40:12,,mus4352,com.ai.sound.donna
dca98799-0a4c-4141-acc3-500eeab59ff4,Just a straight up scam. Makes u pay and then glitches and won't work. Rabbit hole of bs. Stay away from it.,1,1,,2024-06-02 00:11:32,,,,mus16172,com.talentme.singup
5d4d01f4-cb62-47f7-badd-1f78357f3a3c,first-time user. added the basic details in another language. the AI got on the first go. would definitely recommend.,5,0,1.0.16,2024-08-27 03:35:12,Thank you for your amazing feedback! Were thrilled that youre loving our AI song generator. We strive to make the music creation process as seamless and enjoyable as possible and its great to see that reflected in your experience. Keep creating with our AI music generator and let the world hear your unique sound!,2024-08-28 04:41:48,1.0.16,mus712,com.ai.sound.donna
1c628823-d452-4f6b-ae6e-410f75dfd6f5,I am not able to discontinue the subscription,1,0,,2024-09-20 03:59:18,Hi there Here's how you can cancel: 1. On your Android device go to your subscriptions in Google Play. 2. Select the subscription you want to cancel. 3. Tap Cancel subscription. 4. Follow the instructions. Let me know if further assistance is required. Best Regards Team CX,2024-09-20 06:25:17,,mus8506,ai.vyro.musicly
22e16191-742b-44f9-97de-f0cda878d8af,After you get the app you have to pay then buy credits,1,0,1.4.4,2024-09-24 20:16:22,,,1.4.4,mus6941,ai.music.generator.song.maker
87b49cbf-deac-420c-a350-1af8db8c108b,Just make it a paid app. Nothing about this app is free.,1,1,1.2.5,2024-08-02 00:21:17,,,1.2.5,mus7335,com.singgenix.suno
167d03f6-ef53-472b-82cd-d1a0f8dbfcf7,Does not do it is said it does. Please make refund.,1,0,2.1.4,2024-07-28 23:35:16,We apologize for the inconvenience. Our AI music generator app strives for accuracy. Kindly contact support for assistance with your refund.,2024-07-29 00:02:08,2.1.4,mus7707,com.zona.aimusic
b7dcef11-1419-4082-bddb-502d6f88c5a8,this app is terrible! it only allows to use spongebob voice.,1,9,2.0.6,2024-07-27 12:19:45,,,2.0.6,mus15520,com.aicover.aimusic.coversong
9ac52905-6b6a-4a75-91f9-5ef39a0c5023,Wasted my time reading bs script just to be pushed to pay app sucks doodoo,1,0,4.2.24,2024-09-14 07:50:21,,,4.2.24,mus10883,com.feraset.tune
1f2ba964-7a10-45dc-98f7-9b3cfca42998,Not impressed. The only thing I was able to do after pay $6.99 was record my voice endlessly and then when I found a song that ti thought would have my voice singing thru AI it was only the sound of a violin and kind of poor quality at that. I would like my $6.99 back.,1,0,4.1.6,2024-06-11 00:17:00,,,4.1.6,mus10591,com.feraset.tune
ae8471e4-7898-459d-8c4a-68774f7e2329,It's pretty good once you get subscription. Decent songs that are accurate to what I put in,4,0,1.0.1,2024-06-06 23:10:54,,,1.0.1,mus1615,com.ai.sound.donna
f02acb2c-0417-482c-8bea-3024377e987e,This app can't do anything I want for me. I really hate this app. I spent my data on this . No one should download this app it's really good for nothing,1,0,2.0.3,2024-09-06 08:06:34,,,2.0.3,mus8299,ai.vyro.musicly
458e9d45-6f1b-4d44-9c09-9cc13d56a16e,I tried to listen to my ai but I wants me to pay,1,0,1.6.0,2024-04-14 12:10:16,,,1.6.0,mus17584,ai.music
91d26292-eb14-45fb-97d9-e1a95c2537e0,it's good to generate fast music,5,0,1.2.5,2024-10-11 07:31:23,,,1.2.5,mus17283,com.superapplabs.song
dc27d5fe-5f23-455a-8261-11570cc30b7e,Only one free song. I got this app for making music but I can't do that without paying. Would not recommend unless you want to pay money to make songs,1,0,1.0.17,2024-09-05 02:51:29,,,1.0.17,mus702,com.ai.sound.donna
1d60e876-a662-49d6-8bd2-90ff0b534397,Stopped working it was working great at first but now I can't even load into the app it just stays permastuck,2,0,1.0.9,2024-07-23 21:32:01,Were sorry to hear about the issue youre experiencing. Please try reinstalling the app and ensure your device is updated. If the problem persists contact our support team so we can assist you in resolving this.,2024-07-24 06:26:38,1.0.9,mus1130,com.ai.sound.donna
0cf1aba2-6bad-4353-9866-368830c0fab0,pretty good app. I needed a way to express my feelings that didn't involve breaking down to someone and the ability to turn those feelings into songs has so far been awesome,5,1,1.0.13,2024-08-08 07:27:26,Were delighted you love our AI song maker! Your creativity shines through every track. Keep enjoying the music creation process with Donna AI.,2024-08-08 08:07:23,1.0.13,mus479,com.ai.sound.donna
095f999d-fdfc-451c-a436-9e3675dc8ffb,I would rate 5 star but I'm not because the subscription a year is more than most apps have for a lifetime subscription. Next is you have to have the subscription to make music. Third is there are other things in app that you have to pay for even though you have payed for the subscription,3,1,1.0.17,2024-09-04 21:10:10,,,1.0.17,mus385,com.ai.sound.donna
bac0b546-c1ea-42d6-909b-1b052f6f18c9,LOL. Don't fall for it. I wanted to see if it was legit so I tried it. Don't be like me. It's a joke.,1,0,1.3.2,2024-06-29 17:15:36,,,1.3.2,mus16161,com.talentme.singup
d28a9613-5e13-4c06-a366-cf8e208a1858,it's just bad. they don't sound anything like the characters I picked.,1,0,4.0.9,2023-12-10 04:41:26,,,4.0.9,mus11986,com.feraset.tune
856a57cb-4fa5-4cd4-9870-cb2784126a57,I loved it but just now I paid to get a custom voice cloned and it took the money but did nothing it just asks me to pay again when I try to continue.,2,0,1.0.9,2024-09-30 16:01:58,,,1.0.9,mus8798,musiclab.suno.udio.ai
e2ca94f0-103a-4154-ac3a-ecbc37b548da,this is going to help a lot of songwriters.,5,0,1.0.9,2024-07-26 15:13:03,Absolutely! Donna AI is designed to inspire and support songwriters in their creative journey. Were thrilled to be a part of your songwriting process. Happy creating!,2024-07-29 02:10:36,1.0.9,mus2238,com.ai.sound.donna
6e521291-fa63-475e-bd4f-50dfc2293465,Got the membership AND paid 40 EXTRA dollars for 500 extra songs after I hit the daily limit. half the songs don't come out any good so I kept making them and ran into ANOTHER daily limit.. spend your money on another app.,2,9,1.0.2,2024-05-03 12:29:39,I apologize but due to the excessive number of user requests we have had to impose some restrictions. We have adjusted the limits so please try again.,2024-05-04 10:31:03,1.0.2,mus16903,com.ai.music.generate
a3e871dd-5153-4217-9f14-d3c7200e9157,if you retry cause an error that takes your free credits ridiculous!,1,0,,2024-09-23 07:20:08,,,,mus9094,co.appnation.aimusic
54bff979-3f23-43fc-82ca-5a4ee855e573,It did not allow me to generate anything whenever I would try it would take me to premium.,1,3,,2023-08-20 17:40:23,,,,mus9273,co.appnation.aimusic
a3137202-399e-48b3-a794-8d2a30a91203,we need to be able to choose voices. And lyrical styles aside from that it's pretty good,3,0,1.3.4,2024-09-02 03:23:55,,,1.3.4,mus6832,ai.music.generator.song.maker
34bb77b7-464c-48e4-b158-c5ec5a635e8b,All I have to say is that you did juice wrld wrong,1,0,,2024-01-03 00:06:07,,,,mus13083,com.feraset.tune
4191555f-fad2-4ee8-873b-c24533ef82f5,The YouTube search could be a little more accurate,4,0,1.3.2,2024-06-26 23:25:39,,,1.3.2,mus16190,com.talentme.singup
949722b5-3871-46d0-9b0e-55d9875e983e,Fake app pre-made music. You have three topics you can use a handful genres and three target audiences to choose from. The sub-three second generation for audio is the most obvious sign that they're not computer generated.,1,1,1.0.9,2024-07-27 14:24:46,Were sorry you feel that way. Donna AI generates authentic music from user descriptions or lyrics. If you have any concerns please contact our support team at donna@mobiversite.com. Were here to help and ensure you have the best experience.,2024-07-29 02:23:16,1.0.9,mus387,com.ai.sound.donna
fa3ef8c9-66a5-45b8-9c8b-2c6fd736646a,"It refuses to load some songs despite giving a direct YouTube link to the song. It does a poor job at using ""your voice"" in songs i.e. it forces ""your voice"" into octaves that you can't possibly be capable of and makes it so other people that listen won't even believe it sounds anything like you. The only reason I am giving it 2 stars is because it is slightly amusing making the other optional voices sing songs. I.E. making Trump sing ""the system"" by Tom macdonald.",2,7,1.3.3,2024-07-28 22:03:26,,,1.3.3,mus15752,com.talentme.singup
f7a9ece8-a895-4306-bccb-bebeff898329,I really didn't like how when I downloaded the app to try it I was immediately met with a prompt to review this app that not only had I not tried it yet but it would also require me to pay in order to do so. I gave it one star due to that fact because why ask for a review when I haven't even tried the product yet.,1,0,,2023-11-01 18:41:49,,,,mus11218,com.feraset.tune
681950e3-ad86-4672-9244-d57181b9136b,my favorite music making app so far,5,0,1.0.15,2024-08-25 15:22:00,,,1.0.15,mus2295,com.ai.sound.donna
b20db5c1-1423-4147-8c74-82a42e5072d8,Atleast tell people you have to pay before,1,0,,2023-10-05 17:53:37,,,,mus13157,com.feraset.tune
0a62d60a-dfcf-49c6-a3cb-55608adb7750,everything is just perfect for me because i dont have time to learn how to do my own studio Adjustment,5,2,4.0.13,2024-02-08 06:11:53,,,4.0.13,mus11782,com.feraset.tune
6e26a527-f6d6-4414-90aa-e56cb89f4c4f,This app while promoting on tiktok said you can 'use your voice for songs' it never did say you had to pay for it and after I tried it out because I was bored and I recorded 7 minutes it THEN said I had to pay for it. And it is to much money so I don't recommend this app.,1,3,4.0.11,2024-01-16 18:07:47,,,4.0.11,mus10817,com.feraset.tune
a540640a-4674-408e-90ee-eec5e9e2e825,Absolute garbage. I tried making a song 5 different times and it played tge same loop every single time. What a waste,1,2,1.6.2,2024-07-21 20:05:18,,,1.6.2,mus17364,ai.music
c1d18369-4ead-44f4-ae8b-25b79d0b4e51,Give Custom Voice For Free Once Perday,2,0,,2023-12-02 04:33:42,,,,mus12989,com.feraset.tune
0d2b6758-11da-480a-91b8-17bddad434aa,I can't even tell if it's good if they only give me 15 seconds to play music,1,0,4.0.9,2023-12-14 17:35:43,,,4.0.9,mus12152,com.feraset.tune
5f95532b-fc3d-47f0-baa8-74be14ece4aa,I've always been very poetical adn lyrical but could find the right sound. I love this app cause now I can match it to music and sing my own songs but i think it would be better if we can hear the song before we create it just so we don't have to keep testing different vibes melodies beats rythums etc. Also I'm not sure if there is a way to edit a song as I would like to add to it cause when I re populate the song a whole new version comes out. Please let me know and what are the right,5,7,1.0.9,2024-07-29 13:01:02,,,1.0.9,mus59,com.ai.sound.donna
334de04c-8c89-4e6f-a064-334315388b85,This app is totally worst!! Cannot sign up with my google account!! Never download again!!,1,0,,2024-09-13 21:48:37,,,,mus18010,ai.musicstar.v1
1f0957d9-cb8b-48ac-9b6d-3754a6b8db5d,You have to pay to use this app. about $50 per year but I have better things to spend money on,1,0,1.0.24,2024-10-05 13:05:29,We appreciate your feedback. The subscription helps us maintain and improve the app. Were always looking for ways to provide value to our users and your input is important. If you have any questions or suggestions feel free to reach out at donna@mobiversite.com. Thank you!,2024-10-07 01:52:29,1.0.24,mus1185,com.ai.sound.donna
045b8181-abf9-4208-bc2a-2834739673b8,I wish I could go lower. Waste of time and money,1,0,4.0.6,2023-11-21 00:52:29,,,4.0.6,mus12676,com.feraset.tune
ed06cc1d-cbe6-4aff-b9ca-c1207e7eb2e9,You can't even try doing anything in it even though it says you have to get the pro to unlock other things that HELP U IN THE APP WON'T even let u get anywhere. Very disappointing.,1,2,1.0.3,2023-09-18 09:35:06,,,1.0.3,mus9050,co.appnation.aimusic
80d9b58b-0588-41e4-901d-8f501361366c,not being allowed to use certain words is not cool,4,1,1.0.7,2024-07-06 11:07:58,,,1.0.7,mus3499,com.ai.sound.donna
c62e14a6-8b03-4c79-b1aa-7f764e092fee,You have to pay the used the app.One of the largest scans of ever seen on tik tok,1,0,,2024-03-17 17:00:44,,,,mus11865,com.feraset.tune
b8f409c8-0319-493b-a84f-1910e8b27440,ok but music is only 5 seconds and no kinitopet,2,0,,2024-02-12 08:57:30,,,,mus9356,co.appnation.aimusic
cb0604fb-7508-419a-8409-b2b6fe9b1b39,"""Love this app! Intuitive interface useful features and stable performance. Made a real positive impact on my daily life. 5 stars isn't enough I'd give it 10!""",5,0,1.4.0,2024-07-25 16:20:55,,,1.4.0,mus10210,com.lascade.songai
ed455263-612e-491e-afef-16553f70dbb0,Won't even create a five second track unless you're using Pro. Waste of time.,1,1,1.0.3,2023-08-26 17:20:02,,,1.0.3,mus9192,co.appnation.aimusic
4f478197-a3af-420e-b0be-a20ef75957ae,wish they had different inflections of voices. but overall solid.,4,0,1.0.9,2024-07-26 22:57:20,Thanks for the feedback! Were continuously working to improve our AI music maker including adding more voice options. Stay tuned for updates and keep creating amazing music!,2024-07-29 02:08:04,1.0.9,mus1223,com.ai.sound.donna
c075a8bb-4a81-48e2-a521-22375e6678e1,The pay wall is huge,2,0,,2023-09-10 01:23:53,,,,mus12945,com.feraset.tune
016ff865-5d20-4ca3-94a6-19709e6b34c5,"This is horrible. They prompt you to spend $29.99 for ""Premium"" then turn around and try and make you pay $4.99 to just record your voice. This is the whole reason behind this app and they rip you off. STAY AWAY!!!!!!!!!!!!!",1,0,4.0.9,2023-12-18 21:20:05,,,4.0.9,mus11048,com.feraset.tune
0f2d33c3-2745-40e8-a973-4f0c3b6afb27,Wow - incredible right out of the gate. Easy to create and revise to get something viable.,5,0,1.0.17,2024-09-03 19:08:52,,,1.0.17,mus875,com.ai.sound.donna
dadd4728-53a7-4b1f-9fba-dc54f5685d96,Its awesome. I just have a suggestion: maybe there could be a mixer control for the voice I think the voice is a bit too loud.,5,52,1.4.2,2024-05-28 05:25:03,,,1.4.2,mus8995,co.appnation.aimusic
f3d230fb-7c9c-463d-9033-79ab7a7b3dcc,You can't even try to make any songs without pulling out your wallet. No free trial or any proper examples besides commercials for it. Maybe it's a really good app but I won't know unless I pay for it and I don't feel like paying for something I may not even like.,1,0,,2024-09-24 11:17:54,,,,mus6895,ai.music.generator.song.maker
44372888-5310-478d-8366-9409b12584d5,it's pretty cool and you can learned fast,5,0,1.0.8,2024-07-18 22:54:52,,,1.0.8,mus2946,com.ai.sound.donna
ce89a626-f082-4e81-8796-c61bf7e7165a,No way to use this app. Wants money from me.,1,0,,2024-07-25 16:18:35,We offer one free song to help you explore the features of Donna AI Song & Music Maker. You can also create more free songs by inviting friends to join. We hope you give it another try and enjoy creating music with us.,2024-07-26 03:52:23,,mus4619,com.ai.sound.donna
789584b2-ddb0-4aa9-b812-b2bd0e64044a,It doesn't even work,1,0,1.5.0,2024-02-29 00:02:30,,,1.5.0,mus17572,ai.music
9b53a3ba-1206-4823-8e4d-43bc3ec544c7,Can't even hear a sample of what it would sound like without paying. Why would I pay without having any idea what I'm getting?,1,0,,2024-02-26 11:43:11,,,,mus12115,com.feraset.tune
7f57ef7e-12d7-4c43-a1f3-c1c152f09c60,Love the ai. However you can't really get everything without paying for the subscription to the app,2,1,1.0.7,2024-07-07 10:40:31,,,1.0.7,mus1588,com.ai.sound.donna
16818fae-81db-4ca6-a32b-dffac83ae60a,Genuinely blown away by the quality of what was randomly generated right down to the song structure proper synchronised singing to the beat a bridge and a solo that just worked so well. As an artist it's great for inspiration but also fear-inducing given that this took 3 mins to generate versus what would take me between one to several days to record and master. Scary but brilliant.,5,0,,2024-10-04 04:38:44,Thank you for your amazing feedback! We're thrilled to hear you were blown away by the quality of the songs generated by our AI song generator. We aim to support artists like you in exploring new ideas quickly. If you have any suggestions or thoughts feel free to reach out at donna@mobiversite.com! Happy creating!,2024-10-04 07:22:23,,mus751,com.ai.sound.donna
2713031b-1891-4393-b2e1-cf934dbdd9c0,Lost all the music I made because of your goddamn update and I bought the subscription so up yours.,1,0,4.0.2,2023-10-14 19:53:22,,,4.0.2,mus11716,com.feraset.tune
5ea3d91d-5c46-4b57-8277-a7eecc6c6f74,Nothing here. Do not download this app. They just match your voice with the original singer. That's it. You will need to pay additional cost to save your voice and use it with a song you like. I downloaded and paid it 2 days ago today I am asking for a refund. No one cares. Ridiculous!!,1,0,4.2.24,2024-09-27 13:49:59,Thank you for your feedback. Were sorry that the app didnt meet your expectations and for the inconvenience you experienced. Please contact our support team for assistance with your refund request. Well do our best to address your concerns. Best regards,2024-10-01 11:49:48,4.2.24,mus10535,com.feraset.tune
a49551cb-561d-46b9-9bba-977f25a49ddc,I could give it zero stars if I could. Keeps shoving premium in my face whenever I try to generate a prompt.,1,1,4.0.11,2024-01-12 03:12:46,,,4.0.11,mus11470,com.feraset.tune
75e95179-86ba-4dba-8762-a9098082bf22,What an interesting piece of app. It has great features that allows you to be creative and write your own lyrics and generates songs for you. This is really a step up. Kudos to the team for creating this interesting app. I am really impressed.,4,0,,2024-09-23 20:25:02,,,,mus10303,com.lascade.songai
37bb56b6-8f8d-4eb3-9b94-2a661b4c9da8,Disappointed. it doesn't use the lyrics you write correctly it splits the Song into 2 songs instead of one and it only allows 2 minutes for a song? No thanks. I paid for the yearly subscription for a AI maker that would do it correctly. and it didn't. If I could get a refund for the subscription I would. Only positive thing I can say is this: It does make some head bangers.,2,25,1.0.20,2024-07-31 06:42:30,,,1.0.20,mus6768,ai.music.generator.song.maker
7183587e-4276-4726-8be0-91b229785f93,Everything is behind a paywall. I tried to use a custom voice and they said I get 1 full song free. So I spent the time to make my own voice and DIDN'T get the free song. So I paid anyway for the week and make a couple songs that came out absolutely horrible! So I decided to use my PC to remake my voice turns out to add another voice (because that's the only option) is yet ANOTHER 5 dollars. No thanks and thanks for wasting so much of my time.,1,16,4.1.6,2024-06-07 17:54:23,,,4.1.6,mus10459,com.feraset.tune
63e5abf8-912b-4095-b6fd-8d9205b3c630,I love this app but I'm having an issue we're it says I have to wait a few hours to make a song. But I've updated and nothing's changed and I don't want to loose my 300 coins what should I do?,5,0,,2023-04-09 15:59:05,Hi there! We had a server crash but it is recovered now. We are refunding our users. Could you please join our Discord and report this there? Or you could just email me at: k@w1zrd.co.uk,2023-04-09 21:08:39,,mus8032,com.dc1ab.wau.ai.music
2231796d-e5a1-46fb-8543-7c8ad3db75ab,The Donna app won't let me delete my account and it only lets you make one song to me it's just pretty stupid. I'm never going to install this.,1,0,,2024-08-16 20:41:54,,,,mus2813,com.ai.sound.donna
6889ddbc-79e9-4027-bb7a-da3d4e37a907,I like this it contains everything,5,2,1.0.3,2024-05-15 06:24:13,Thank you for your glowing review of our AI music generator app Zona! We're delighted to hear that you enjoy using our innovative song maker.,2024-05-15 07:02:06,1.0.3,mus7717,com.zona.aimusic
7d69b49c-332d-4601-9ae2-9ff80f8f9855,The variety is amazing.,5,0,1.0.15,2024-08-22 05:47:31,,,1.0.15,mus2452,com.ai.sound.donna
bf5b6e02-c60b-4fbe-8d69-bd8b9ce99e1f,When I try to create my own voice the app crashes,1,0,4.1.2,2024-03-16 17:21:08,,,4.1.2,mus11855,com.feraset.tune
6f646223-729c-4062-9a86-d67df6edf935,Can't download the song in free version,1,0,1.0.5,2024-07-06 08:33:27,We apologize for any difficulties you've encountered with the app. Please note that song downloads are available even in the free version. Try updating the app to access this feature. If you have any specific concerns feel free to contact us at saaz@vyro.ai for further assistance.,2024-07-13 05:51:21,1.0.5,mus8476,ai.vyro.musicly
9af5f936-6a77-427c-ace6-92e159b59e8e,I've recorded the 7 minutes required of my own voice only for the app to tell me that I'm required to pay in order to proceed so now they have my voice free and i got nothing in return for free but disappointment and anger. Don't download !,1,0,,2024-04-29 00:22:11,,,,mus10967,com.feraset.tune
73e202bf-99d8-415f-9117-bcb7b56396dd,It's not worth using if you need to spend money on to it,1,1,,2024-08-01 06:44:28,We appreciate your feedback on our AI Music Generator John Emmanuel Babasa. We strive to enhance the value of our maker tool further for all users.,2024-08-01 07:02:08,,mus7747,com.zona.aimusic
45dc926f-a282-47b6-aa1c-a0eaa5c875c4,omg. I just finished my 1st composition. thanks Donna!,5,0,1.0.7,2024-07-13 10:14:17,,,1.0.7,mus3920,com.ai.sound.donna
2352ca01-c3c9-4c3a-805c-239eb5ae8ae4,Absolute rubbish cannot even use any swear words who writes music without profanity these days ffs it's pathetic,1,0,1.0.24,2024-10-09 23:03:31,We appreciate your feedback! Since our user base includes individuals of all ages we are committed to ensuring a safe experience for our users and taking necessary measures to address this for our AI son maker.,2024-10-10 06:11:03,1.0.24,mus1717,com.ai.sound.donna
a50a8dd9-0a0e-41b2-bc2d-addb1ee15c0e,I would love a free option even if it was one a week.,4,0,1.3.4,2024-09-02 02:27:12,,,1.3.4,mus6957,ai.music.generator.song.maker
4762a5d9-f153-4d20-a5ae-15863630cc53,the only AI app that I have found that actually makes good music,5,0,1.0.15,2024-08-23 23:01:28,,,1.0.15,mus1585,com.ai.sound.donna
a928d31f-1074-4b1f-a256-e5c139c46432,I love the song it made off of the poem I wrote,5,0,1.0.20,2024-09-16 00:03:42,We're so glad our AI song maker is helping you create tracks that resonate with you. Whether you're a seasoned musician or just starting out Donna AI is here to inspire your musical journey. Keep experimenting and discovering new possibilities with our AI music generator.,2024-09-16 04:22:59,1.0.20,mus2853,com.ai.sound.donna
cf9acfd0-82fa-4013-a4bc-c930ec18f3d5,It says that I will hear the whole song cause it's the first one I make but it only has the first 15 seconds and I want to listen to buzz light-year singing your a mean one Mr grinch,1,0,4.0.6,2023-11-13 21:19:34,,,4.0.6,mus11614,com.feraset.tune
7861257d-11b1-4456-81d2-29b9fdc55692,To be honest I gave it a three rating because I couldn't give it a rating. It appears there are absolutely no options without paying. No trial and no demo that I could find. So it got uninstalled without me testing whether it was worthy of it more stars or even less.,3,2,1.0.3,2024-08-22 12:06:46,,,1.0.3,mus16469,ai.cover.suno.song.music
e0df41d8-af9f-430d-993a-93f2acf5ba98,Been generating for 9 hours. Doesn't work.,1,0,1.3.0,2024-05-26 06:19:15,,,1.3.0,mus16226,com.talentme.singup
06616737-21d5-4db7-8860-54b75bf7e863,waste of time. takes you through all the steps to use your voice. made me record 10 mins of my voice then just before the end.PAY NOW. Do one.,1,1,4.0.11,2024-01-26 11:20:49,,,4.0.11,mus11216,com.feraset.tune
e4edd156-c3f6-4efc-bbbd-8e6b47ab07cf,I've gotten some good things and ideas but you describe how you want and it does what it wants,3,1,1.0.3,2024-06-16 21:43:03,,,1.0.3,mus2285,com.ai.sound.donna
67a68571-ada0-4a99-9ed8-a10c2a83d9b6,This app is very suspicious asked to start a trail and can cancel any time it took my info but when I went to cancel it and I need to submit a ticket and wait for them to cancel it on their end and communication from them has not been helpful at all I do not like not being able to take my card info off this app I feel like I am being scammed also the app does not work as advertised at all it is very bad,1,166,1.3.0,2024-01-05 15:32:25,,,1.3.0,mus8925,co.appnation.aimusic
6d60acc1-6de0-4141-ae29-61bbdea9e138,music was actually amazing in you specify what looking for,5,0,1.0.11,2024-08-06 12:16:30,,,1.0.11,mus5829,com.ai.sound.donna
c4097b75-5fce-4f79-a974-a0765ecbe52e,Don't bother. Needs to payment,1,1,,2024-08-03 14:59:02,You can create one free song after onboarding and earn more free credits by inviting friends. Explore the full capabilities of our AI with a subscription.,2024-08-05 04:45:45,,mus4498,com.ai.sound.donna
a3b75b16-6c10-4ca7-a20c-0b32a8087823,Definitely one of the better AI music makers out there but I gave it a low score due to it still has bugs and the price is ridiculous. Sometimes the music won't generate at all or completely ignores the prompt. The $15 A WEEK SUBSCRIPTION FEE is absolutely absurd especially for something that is not perfected. UPDATE: I paid $15 for the week subscription on May 1st and on May 5th they already have taken away full privileges. FALSE ADVERTISING! Give me a refund for your false week.,1,30,1.0.2,2024-05-05 12:06:36,Dear user You can cancel the subscription in your Google Account. Open your Google Play personal center then open Payments & subscriptions then click Subscriptions or Budget & history find the app to unsubscribe. If you are unsure how to cancel a subscription please visit Google Play Help. Thank you for your understanding!,2024-05-05 23:16:13,1.0.2,mus16828,com.ai.music.generate
870dee65-feec-4a38-9263-1cc8f50e39f6,"I downloaded Donna after having seen an ad somewhere not gonna lie I was pretty skeptical at first. First few songs I made were gag songs and they turned out pretty good. Decided to try and make some more serious ones and was honestly blown away at the quality of music it made! My only suggestion is the ability to change the name of a song that's been created! The app is usually great at naming songs but sometimes you get titles like ""the"" or ""in"". Otherwise it's amazing!",5,13,1.0.14,2024-08-10 16:36:38,,,1.0.14,mus218,com.ai.sound.donna
bc36fb90-ac70-4069-b1a4-d720be5dfdff,Bad. You can't even make music without premium.,1,9,2.0.7,2024-08-06 08:48:16,Hi! We sure ads are annoying! However it is a way for us to make ends meet:( We appreciate your specific feedback and really feel your concern! We promise you that we will work on the speed function. If you might give it another try and if you like it the premium deal with no-ads could fit you well!,2024-08-26 01:56:24,2.0.7,mus15519,com.aicover.aimusic.coversong
dd29c431-fab5-47e5-ba00-11665e6291e7,HORRIBLE APP! I downloaded the app expecting a great quality song. Most of the characters you need money to get with the Melodia pass and it gives you only a limited amount a songs to create. I made Eric Cartman sing never give you up and it sound HORRIBLE. He got 90 percent of the lyrics wrong and it's only like 10 second not even a whole song. I hated it. DO NOT DOWNLOAD!!!!!!!!!!,1,16,,2024-03-31 07:48:26,,,,mus8903,co.appnation.aimusic
d348b7de-aec1-494f-9cfa-74bb1a38b69d,No lie actually got me off guard this app I've been downloading app after app with them all being terrible and I got rid of instantly so I've been trying to find something I had in mind but weren't sure how or what to type in to find it but then I've come across this app and I'm sticking with it But to the creators can you please give an option to select male or female voice for the songs when inputting own lyrics please and 2 free songs a day or watch an ad for a free song,5,13,2.0.5,2024-10-01 13:34:22,Thank you for your positive feedback. We are constantly working to improve our app and adding new features based on user feedback and demands. We can assure you that your suggestion has been duly noted and we will consider it for future updates. Stay tuned for exciting update. The Saaz team.,2024-10-02 03:47:46,2.0.5,mus8165,ai.vyro.musicly
ee8edd69-2cb6-4363-b25a-6a7a82cf1962,amazing I'm truly wow'd seeing my lyrics come to life omg I'm in tears. too beautiful I'd give it more stars if I could,5,0,1.0.24,2024-10-05 15:09:10,,,1.0.24,mus880,com.ai.sound.donna
03b76d0e-3eca-4855-942f-f469b08327c0,Truly unbelievable! I've often been excited to find an app that sounds so perfect for my needs at the time professionally. I've felt likewise for some apps for private use with certain hobbies of mine. Then they fail to fully deliver! I don't usually go out on a limb like I'm doing now with my review but this app truly deserves it! I believe if anyone puts a little effort in the type of song they're looking for by being as descriptive with their needs as possible they'll be very satisfied!,5,14,1.0.21,2024-09-18 13:47:44,,,1.0.21,mus4,com.ai.sound.donna
896e0677-f77e-43bb-b653-f734af2ca865,In app purchases FURIATE ME can i not enjoy the app without having to pay.not acceptable,2,0,3.0.7,2023-09-22 16:25:03,,,3.0.7,mus12206,com.feraset.tune
23a5a923-e7a7-48cc-ab08-06bf6a6ec04d,I bought full version and after a update it won't let me restore my purchase and the Developer has been silent.,1,13,1.5.0,2024-02-28 09:38:29,,,1.5.0,mus17447,ai.music
a5a2cb14-5ff1-4813-a1e3-300c218bd464,I have to pay for this? No way. Not everyone is made of money. Like the idea of this app but hate the fact that you have you use REAL money in order to use it,1,1,,2024-09-02 16:36:46,,,,mus7078,ai.music.generator.song.maker
c01d73c4-fe84-4c30-b7c2-3433f2e0920d,Best app but if you have to pay for full covers,3,0,4.1.2,2024-04-06 19:48:03,,,4.1.2,mus12063,com.feraset.tune
c312a050-b223-42a3-8553-bb4860b8c0f4,Great app I wish there was a way to edit a song and have it end up similar. I created a song with some lyrics that I wrote and I loved how it turned out but realized while listening that I had typoed one of the lyrics. Would be awesome if there was a way to have it regenerate the same song with corrected lyrics.,5,1,1.0.6,2024-07-03 22:05:59,,,1.0.6,mus185,com.ai.sound.donna
5b683b4e-6d21-46e5-a143-656032b72c07,very good music maker it made me smile,5,0,1.0.24,2024-10-05 22:24:28,,,1.0.24,mus1675,com.ai.sound.donna
0b673933-b3e4-40b7-9bd7-65c78ff22339,i will describe naveguard as a FUn 2 rhyME editor on Xiaomi 13 pro,5,0,2.1.0,2024-10-05 03:06:25,,,2.1.0,mus15539,com.aicover.aimusic.coversong
c0f5c60b-633d-4f4e-96b1-c60b83905c36,Clusterfk of ads do not use waste of money and time,1,0,2.1.0,2024-09-26 10:58:04,,,2.1.0,mus15518,com.aicover.aimusic.coversong
884f4ef6-5e37-41b2-98eb-679e3974a08a,Would rather it be free and use ads to make revenue or even add premium characters so that you guys could make more money.,2,0,4.0.15,2024-03-10 18:59:50,,,4.0.15,mus11452,com.feraset.tune
214340f6-1051-4c35-8977-cbdb2510bac5,Creating your own AI voice has an additional payment on top of the subscription price. Which if I'd known wouldn't have been a big deal I just wouldn't have gotten The subscription. And I'm sure they know this which is why they don't tell you that you're going to have to pay more to do something that their ads say a subscription will.,1,2,2.0.4,2024-09-17 16:14:31,,,2.0.4,mus15753,com.talentme.singup
f711db08-680a-4f66-a7e5-ca4cdaca050d,I told it Peter Murphy but in gave me gogos,1,0,2.0.7,2024-08-24 15:21:27,,,2.0.7,mus16690,com.script8888.magicmusicai
1e087221-e08e-423e-8713-bc2cfa1dc970,Everything is just stuck behind a paywall lol,1,0,4.0.9,2024-01-11 04:45:08,,,4.0.9,mus12368,com.feraset.tune
c67e10b4-be23-49bc-895f-a29d7156be65,I like the cover and please can you put enhypen members and have long cover,5,1,1.0.6,2024-07-11 00:52:20,Thank you for your positive feedback. We are constantly working to improve our app and adding new features based on user feedback and demands. We can assure you that your suggestion has been duly noted and we will consider it for future updates. Stay tuned for exciting update. Team CX,2024-07-13 08:56:41,1.0.6,mus8433,ai.vyro.musicly
b66715ec-7d2c-4084-b60a-8e75a53b2faf,I paid $12 for 500 points then I subscribed to one week for $20 and it won't let me make songs anymore. This app is a rip off takes your money and doesn't let you use your points. Fix it and I'll gladly use it.,1,1,1.0.1.0,2024-09-07 01:47:05,Hello Darrin We sincerely apologize for the inconvenience you experienced. We recently had some server issues but they have now been resolved. Please reach out to us via Settings > Support in the app and we will gladly add bonus credits to your account to make up for the trouble.,2024-09-13 12:38:31,1.0.1.0,mus8756,com.blekitek.musicai
a95ef212-0b23-4c1d-9f43-19e0949c7160,It doesn't have any any people u want I recommend u guys don't download this,1,1,4.0.11,2024-01-18 07:01:22,,,4.0.11,mus12794,com.feraset.tune
55f720d9-0a57-4983-8aef-42afd59753c5,it's a lovely app. most wanted for making songs. just give lyrics and it generates song,5,4,1.2.0,2024-01-20 08:34:07,Thanks for taking out time to rate us. It really helps us to keep going and delivering the best :),2024-04-19 20:31:54,1.2.0,mus17434,ai.music
cbe47578-7276-4e54-a73b-6dc0c817c31f,Pay to Play - Zero FREE creations,1,0,,2024-09-08 04:10:26,,,,mus4627,com.ai.sound.donna
659051bd-2a88-4f86-9e00-09f33fa6e046,Definitely worth the money.,5,0,1.0.24,2024-10-04 14:47:30,,,1.0.24,mus3001,com.ai.sound.donna
5ef1c677-ce61-43f6-be74-4be9fd3f7e4e,why can't I make just one song not two or infinit just one song forever,1,0,,2024-10-06 03:03:01,We understand your frustration about the limitation on creating songs. The pricing structure helps us maintain the app and its features. While we wish we could offer unlimited song creation these expenses do limit us. Your feedback is valuable and well keep it in mind as we work to improve. Thank you!,2024-10-07 04:44:29,,mus4011,com.ai.sound.donna
347bba3f-57b7-4630-a9ec-637339d717b8,A bit choppy but ok,2,2,1.3.7,2024-04-30 01:08:52,,,1.3.7,mus17931,com.ai.music.clone.generator
c69ba731-ebdb-4603-8dd5-ed689ea09f40,Amazing when it works but far too often it spits out one minute clips. The devs have been kind and refund a few credits here and there but it's far too much work to keep track of every time it's totally craps the bed. If I had a success rate of a complete song over 60% I'd feel it was money well spent. Even a bad complete song is better than a great 1 minute clip.,3,5,1.0.15,2024-08-26 20:07:38,We appreciate your support and are actively working to improve the song generation process to ensure you get complete tracks every time. Were committed to making the best AI music generator for you!,2024-08-28 04:09:26,1.0.15,mus73,com.ai.sound.donna
9abc5841-9b99-4d10-bcef-da9b7ddc1166,I want a refund I don't like this app. Uninstalled it the songs are not made long they are short. $59.99 plus tax is way too much for me to let it go by.,1,0,1.0.22,2024-09-26 18:55:53,,,1.0.22,mus550,com.ai.sound.donna
845d1420-0ea0-4e17-8985-bd9c2c5f80d2,The app is not free as some ads state. Why not show the price of the subscription from the very start? And what and absolutely idiotic pricing?! Deleted the app immediately.,1,0,1.5.7,2024-09-27 14:47:06,,,1.5.7,mus6815,ai.music.generator.song.maker
1a8c2936-e695-4345-8b52-16e44371b01b,This is amazing my first crack at it gave me an amazing finished product.I'm in a band and guarantee I'll be playing the song generated.,5,0,1.0.15,2024-08-17 15:45:08,We appreciate your positive support! With our AI music generator the power to create unique and personalized songs is at your fingertips. Keep making those tunes and let your creativity shine!,2024-08-19 08:17:06,1.0.15,mus849,com.ai.sound.donna
1e6d808c-a839-49fc-8efd-950c982a048e,Love it worth the refuse for tracks,5,0,1.4.4,2024-09-18 17:32:25,,,1.4.4,mus6940,ai.music.generator.song.maker
4bb64b52-b8ce-42d7-98e5-640710cb1422,Paid for the membership only have the error i don't have unlimited sing creations. waste of money.,1,1,2.0.3,2024-09-12 15:59:12,Dear User! We apologize for any inconvenience youve encountered. Please update the application and try using the app again now as the issues have been resolved. Thank you Team CX,2024-09-13 00:48:27,2.0.3,mus8281,ai.vyro.musicly
a7f0cf9b-3b49-4f4f-a144-46c03c012af7,Unusable unless you subscribe,1,0,4.1.6,2024-05-22 23:16:27,,,4.1.6,mus11909,com.feraset.tune
f2890e73-d384-4a21-8e3b-78e5fc9ff03e,logged into my account and it doesnt have my credits,1,1,1.0.5,2024-05-04 12:03:30,,,1.0.5,mus7403,com.singgenix.suno
77346526-251d-45db-ac33-99e2eed53ece,You have to pay to even try it out like come on that's stupid,1,0,,2024-10-10 12:34:14,Thank you for your understanding. We are sorry for the lack of a trial option in our app. Our paid features are designed to provide a quality experience. We hope you find a suitable solution in the future. Best regards,2024-10-11 04:01:47,,mus17316,com.superapplabs.song
06c59159-67af-47af-9072-b9d42d5d3082,Song making is great but it deletes songs from your library so it is best to download your stuff or you will lose it. It deleting your stuff with content is frustrating. I myself should be the one to choose to delete the songs not the app.,3,1,1.0.9,2024-07-27 19:15:23,We apologize for the inconvenience. You should have full control over your song library. Please contact our support team at donna@mobiversite.com so we can resolve this issue for you. Were committed to improving your experience with our AI music maker.,2024-07-29 02:37:14,1.0.9,mus373,com.ai.sound.donna
b79f13a1-13bd-4e56-8951-d05e325a2dc6,Whatever appreciated if I had got the prompt to pay to use my voice before wasting 14 minutes of my life recording myself talking about memes,1,0,4.0.9,2024-01-05 22:36:11,,,4.0.9,mus12382,com.feraset.tune
c19fd3e7-8cb3-44b7-b127-285a864d8d62,Trying it out for free. They tell me to record my voice for at least 7 min. which is annoying then to tell me if ai want to use my voice I have to pay for premium??? Deleted. Waste of my time.,1,0,4.1.6,2024-05-28 18:34:26,,,4.1.6,mus10676,com.feraset.tune
45dab099-b076-4c09-982b-a4b913c63fd4,The app works great but many songs are about 2 minutes and cut off halfway. And it's 12 bucks per month and you get 800 coins (I think that's 80 generations). I used about 200 coins (about the worth of 3 buks) but then today I I got charged 12 bucks the prize of 800 coins but I only got 200 coins. Why not give me the extra 600 coins I payed for or used a different system than these coins.,3,3,2.2.2,2024-09-03 05:18:08,Thank you for sharing your experience with our AI song maker app Zona! We appreciate your feedback on the song durations and pricing model. We'll look into improving the user experience for smoother music generation.,2024-09-03 06:02:07,2.2.2,mus7572,com.zona.aimusic
d1df0abb-9300-49e5-bae6-d95913d8a804,To many ads and not enough music,1,0,4.1.2,2024-04-02 00:10:41,,,4.1.2,mus12058,com.feraset.tune
9c8f21b2-8dac-4086-b432-df8727d72f8b,It cost you and It doesn't work well anyway,1,0,1.3.3,2024-08-03 22:03:19,,,1.3.3,mus16062,com.talentme.singup
5750d4ad-24fc-4416-9c0e-4d05eb2541d3,recommended if you want to generate songs to listen to a lot of features locked behind a paywall though,3,0,1.0.20,2024-09-12 16:52:01,,,1.0.20,mus896,com.ai.sound.donna
d544f508-3c02-4bf7-8510-7e6d491f06cf,Absolute rip off .. asks for more money to upload your own voice after already paying subscription fee. Also features don't work within the app.. avoid!,1,1,1.3.2,2024-05-29 06:35:47,,,1.3.2,mus15893,com.talentme.singup
5ded0f38-dc67-44ac-a218-5e644cc4174e,I absolutely love this app! I didn't even know about it till few days ago. It brings my ideas to life. And oh my god! I'm totally hooked! I now have so many more new ideas firing up. I would totally rate this a solid 5 star & beyond but there's a problem. This app is do damm good that I know I'm going to easily reach my 2000 song limit for the year. There sadly no higher limit options at the moment. If any developers sees this review. Could you possibly have more plans with higher limits.,4,0,,2024-09-28 05:32:33,,,,mus200,com.ai.sound.donna
c8c4e37b-3550-49a0-9d0f-66d1f9847da3,The only way to use this app for free is if you want to make 5 second music. Otherwise you have ti upgrade to premium.,1,0,,2024-05-20 17:52:15,,,,mus17404,ai.music
82d459bb-ce84-4ca2-9ca0-bf9f2ccf8d46,Paid app don't use. Price not worth the quality,1,0,1.4.2,2024-05-06 05:59:27,,,1.4.2,mus9302,co.appnation.aimusic
da285a89-7e62-49c4-9f67-c25e2b7b41fe,very good but how do I save it for free,5,0,1.0.17,2024-09-07 21:08:06,,,1.0.17,mus2473,com.ai.sound.donna
