reviewId,content,score,thumbsUpCount,reviewCreatedVersion,at,replyContent,repliedAt,appVersion,unique_id,appId
2c426700-e8f8-44e4-8fed-ee530373c8ab,"I like the app because it helps me to restore my photos and improve it's quality however fix your app it's getting into my nerves!!! it says there that no connection but god my connection is stable i don't know if it is my connection or your app that have the problem one more thing is the ""Before-After"" before saving the photo god why do you change it's color it's so annoying!!!! FIX YOUR APP!!!!!!",1,5,3.7.46.202160002,2022-11-29 12:21:34,,,3.7.46.202160002,pho878027,com.bigwinepot.nwdn.international
acf43782-aaee-4d73-bfca-75e7eea4e67a,Very easy to use. Lots of effects to apply very convenient as well. Good job to develoer.,5,1,1.393.114,2022-02-11 21:04:30,,,1.393.114,pho447657,photo.editor.photoeditor.photoeditorpro
87427c76-0a8b-40a0-a06c-31f5c2e1e73a,it's a very slow process app and west the time,1,0,,2023-11-21 10:39:53,,,,pho910070,com.bigwinepot.nwdn.international
e9bedad0-6584-426c-b364-813862449590,A great app an interesting,5,1,,2023-08-22 08:45:42,,,,pho824354,com.energysh.quickarte
ffb2006d-2b38-471a-9fee-13af3b9b56be,"""connection error please try again."" it's getting annoying please fix this. the old version is better.",1,1,1.6.5,2022-08-28 11:12:58,,,1.6.5,pho895607,com.bigwinepot.nwdn.international
5b841f32-c63a-4b45-958c-c67808834364,super great mindblowing app hai remini app so nice,5,0,3.7.304.202238710,2023-08-06 13:13:05,,,3.7.304.202238710,pho932954,com.bigwinepot.nwdn.international
dcd79603-f539-42a5-a533-12a1b6aeda99,can't updated this app,1,0,,2023-07-29 08:19:29,,,,pho942495,com.bigwinepot.nwdn.international
afab558f-5e6c-4b2f-9687-a8af0c2bd5fe,I love this app and it is super easy to use. commercials are just a way of patients. of course if you wanna go pro it's much better. But for real super easy to use.,5,3,1.06.13,2024-10-05 10:16:13,,,1.06.13,pho829487,com.yes366.etm
0d5865fa-f7d5-42ef-9c17-bdc188e2a801,this is a great app,5,0,3.12.6,2022-03-06 04:41:21,,,3.12.6,pho679306,vsin.t16_funny_photo
d687a2bc-cde0-4f3b-953d-aef20e6c3537,Hey my app suddenly stopped working please help. I am giving it a 5 star because it's amazing just rectify the error,5,1,21.6.3,2023-02-21 00:24:20,,,21.6.3,pho97254,com.picsart.studio
1ad633fd-cca6-457e-8f04-d9f177af2196,the app is amazing the only problem is too many adds,3,0,3.7.432.202297858,2023-11-22 07:10:40,,,3.7.432.202297858,pho911752,com.bigwinepot.nwdn.international
de25b855-7595-423f-a047-5985138b4b46,EASIEST TO ERASE THINGS AND PASTE BACK ETC !!! GREAT APP VERY EASY TO USE,5,0,,2022-03-18 01:34:39,,,,pho471012,photo.editor.photoeditor.photoeditorpro
4de29a67-0c74-4030-8847-6b8f5663545e,Very easy app to use,5,0,,2022-10-11 18:40:45,,,,pho490426,photo.editor.photoeditor.photoeditorpro
f1a59380-d5e7-4c02-a5c7-a40c25387a75,Terrible can't even view the photos without subscription- I can't even tell if it's worth it so it must not be,2,1,,2023-06-26 02:07:48,,,,pho869537,com.ai.polyverse.mirror
d8c3c4a8-a1f4-44f2-ac7d-9c4a52ee70fb,Why adding photos leaves the line on the picture its looks really bad dont use this app,1,0,23.8.7,2023-12-19 07:48:16,"Thanks for the feedback - we'd love to look into this for you. Can you please send us an email at support@picsart.com with the subject line ""App Store Review""? Our team will investigate and work on a fix for you.",2023-12-25 10:55:11,23.8.7,pho113859,com.picsart.studio
9790b9be-01ee-4f26-bd91-b26431f1624a,It has poor features.,1,0,3.12.73,2023-10-16 08:51:23,Hi can you tell us why you don't like the app so that we can improve it. Let us know by writing to us at support@pho.to.,2023-10-17 14:56:54,3.12.73,pho676898,vsin.t16_funny_photo
90845850-0e73-4291-8c70-a7329aecabc0,This app is wow and phenomenal!,5,0,2.3.2.202116995,2022-05-18 07:07:14,,,2.3.2.202116995,pho944134,com.bigwinepot.nwdn.international
14adb29d-e5a5-4043-b468-5670a251692e,I love this app it is so brilliant when it comes to enhancing blurry photos. Although i only have one problem it's the ads. I mean it's not that annoying for me at least but i wish you could somehow remove the ads for better experience for other users. Although the enhancing and everything is good so i give this a 5 star,5,38,2.5.0.202122083,2022-06-13 10:25:48,,,2.5.0.202122083,pho879090,com.bigwinepot.nwdn.international
9834e29e-3d31-443e-9f25-7bf0db125cb6,The app is good. but so much ads included that was irritating,3,0,2.0.7.202110813,2022-03-12 11:50:39,,,2.0.7.202110813,pho901168,com.bigwinepot.nwdn.international
04cf0845-45c8-47f8-ad2e-9361b45f8827,Love this app but it kinda clicks around the app on its own? I'm on an unlocked S22 Ultra.,3,0,19.6.1,2022-05-02 21:46:30,You can always find help and more information at https://picsart.help. If that doesn't help your issue you can reach us at support@picsart.com.,2022-05-03 04:41:53,19.6.1,pho130968,com.picsart.studio
6fb22386-585a-49fc-9bc3-56bb69947d8e,Everytime i edit some pictures the app crashes,1,0,21.2.6,2022-12-22 21:54:39,"We'd love to help but we need more information. Can you please send us an email at support@picsart.com with the subject line ""App Store Review"" so our Support team can investigate?",2022-12-23 04:56:45,21.2.6,pho119202,com.picsart.studio
98108cc9-c218-4a99-a1d2-964d3e6a24a0,This app is soo fantastic. The filters are plenty n are so nice. No ads applied.,5,0,,2022-05-30 18:13:09,,,,pho268286,com.adobe.psmobile
df8c7239-b981-453b-8bfa-924924450cbf,Worst app ever. ads on each step.,1,0,,2024-02-04 01:09:58,,,,pho1055401,com.ai.avatar.face.portrait.app
4923f19e-7a10-4d0a-85f7-72fde54111b3,Good app only used a few times but so far no issues!,5,0,1.502.162,2024-01-24 10:45:40,,,1.502.162,pho464301,photo.editor.photoeditor.photoeditorpro
8f13978f-84ba-4d4b-8bee-d9c96740c70f,This app is so helpful to enhance your old photo,4,0,,2023-06-22 02:21:27,,,,pho924543,com.bigwinepot.nwdn.international
1576dd89-1842-488f-bc17-3ea4a5d23b68,Advertisement really annoying. No close button.,1,0,20.8.5,2022-10-27 23:00:29,Hi thanks for reaching out to us! We've been receiving similar complaints from other users as well regarding ads. Please help us gather more info on this case by submitting a support request to our Help Center https://support.picsart.com Thank you!,2022-10-28 03:41:13,20.8.5,pho119715,com.picsart.studio
f4d33f75-753d-4fb4-b205-f2c1fd692ea5,Good gOod. Used for old pics. Made them look better.,5,0,10.1.26,2023-08-14 14:27:32,Hi Johnny! Thank you for your positive review! We truly appreciate your feedback and are thrilled to hear that you are enjoying our app. ^DC,2023-08-15 09:46:32,10.1.26,pho270700,com.adobe.psmobile
1d40b5bf-84c6-4c70-8406-7af21120d36e,I didn't do anything and ask me to pay weekly!!!???,1,0,,2024-05-30 10:43:25,"Dear user thank you for your feedback. The subscription is optional and lasts only three days. You can close the banner on the start via the ""Back"" native button and continue using Photo Lab for free without access to the PRO features.",2024-06-01 02:06:38,,pho670759,vsin.t16_funny_photo
5323c1b4-1efe-44bf-a244-691b98a3f5aa,now i haben bauchmuskeln really hot ohne Training. very good this app,5,1,1.395.116,2022-03-01 19:57:37,,,1.395.116,pho470405,photo.editor.photoeditor.photoeditorpro
2aed4a0b-6de8-4ad3-af2d-4b87d7caad4e,I used this app so much and I loved it it allowed me to make amazing sports edits (sportsartproduction) and everything. but now the app is kind of dead but ill post things here and there. but the knly thing i have to criticize is the fonts of most of the texts are kind of bland,5,5,24.6.4,2024-04-04 20:24:47,,,24.6.4,pho72399,com.picsart.studio
098a268c-77d5-479c-8f1a-7f148a0ef671,I love it you can make a lot of things but I dont know how to get out with out losing all my progress and it's online but good job I love this app 100000+ good,5,0,,2024-04-01 04:08:41,,,,pho99159,com.picsart.studio
83ca9821-59a4-4725-a482-7b72b93263b5,photos are not saving,1,0,3.7.708.202417454,2024-07-28 13:24:31,,,3.7.708.202417454,pho885210,com.bigwinepot.nwdn.international
a1456ead-bb36-475b-a596-1db8e2190f74,Just Fantastic.I am Using This App from at least two years and its working awesome,5,0,19.6.1,2022-05-02 00:54:48,,,19.6.1,pho115164,com.picsart.studio
7eb9acaa-656b-4560-b889-245fe669797d,Perfect for my meme Creation,5,0,1.444.145,2023-03-16 07:44:36,,,1.444.145,pho528940,photo.editor.photoeditor.photoeditorpro
2ded7ef2-b6ca-4a85-b9ab-4cab46d2b4fc,Weast app Fully ads,1,0,1.7.0,2022-02-15 03:15:14,,,1.7.0,pho933458,com.bigwinepot.nwdn.international
d424cd37-c0ef-42d2-92b5-bdf23ee2e5a3,I was not able to test it it constantly ask me for credit card,1,0,,2023-07-21 09:46:10,,,,pho921359,com.bigwinepot.nwdn.international
bf8da6b2-1cb2-41d6-8289-0c0d82ab278d,Doesn't let you watch an ad to enhance another one,3,0,2.3.2.202116995,2022-05-19 07:25:51,,,2.3.2.202116995,pho924875,com.bigwinepot.nwdn.international
1552158f-9c2f-4c18-ada2-dbb263b6f077,fantastic app I really enjoyed editing my picture,5,2,3.13.5,2024-03-29 12:12:27,,,3.13.5,pho658363,vsin.t16_funny_photo
b3b6a9f0-2ebd-48f8-8f9e-5d0369a754bb,The app is somewhat good but I feel more annoyed because of the ads. I am drawing your attention not to give ads.Please,5,0,,2023-01-09 09:37:12,,,,pho897235,com.bigwinepot.nwdn.international
e8d58312-af08-4c70-a053-cae8cf05436c,The most important app the edit people.,5,0,3.7.435.202299010,2023-11-27 12:09:49,,,3.7.435.202299010,pho925258,com.bigwinepot.nwdn.international
44202054-8857-44b8-a0a1-6a5cea0db11d,I don't want add in remini app,5,0,,2024-09-27 13:14:52,,,,pho929476,com.bigwinepot.nwdn.international
fcdee1fb-756e-48a1-96e0-a8f0c896a2f4,one of the fav. editing app n easy to use also but only one issue.images pixels are damaged after editing.plz fix it,5,7,18.7.3,2022-01-15 09:13:13,,,18.7.3,pho94564,com.picsart.studio
4e2ac9d0-24c3-40ab-b058-04076b841739,Its only for pro users! There is almost nothing for simple users,1,0,,2024-04-16 23:39:57,,,,pho911718,com.bigwinepot.nwdn.international
7a39fab4-78e5-4058-a9c8-e87e0dcfd92a,Needs online adobe account.,1,1,9.5.94,2023-07-03 08:22:59,Hi Simon the sign-in process and an Adobe ID help us deliver a better customer experience and can be helpful for troubleshooting issues that might arise. It also enables us to verify the customers age as you must be 13 years or older to register for an Adobe ID. We hope you understand and will consider using the app. We're here to help! DC,2023-07-20 10:02:17,9.5.94,pho301506,com.adobe.psmobile
9afdc265-13a2-4bd9-a841-7df49b568e50,It's amazing but a little problem is there are so many adds but it give awesome results.,5,1,3.13.30,2024-10-06 01:11:40,,,3.13.30,pho630295,vsin.t16_funny_photo
ef2e2b54-eec2-4161-936e-b3f86ad734b2,I love this app . keep your good work,5,0,3.12.61,2023-08-04 21:33:19,,,3.12.61,pho661655,vsin.t16_funny_photo
c639b3e4-f795-4d2d-80c0-a58ab9b059ac,the app it works perfectly,5,0,3.12.8,2022-05-30 09:38:39,,,3.12.8,pho664433,vsin.t16_funny_photo
3c775101-9bc3-410a-987b-da281e60bd4c,I love remini! But sometimes there are failures in editing. And the one thing is this apps are only limited on editing. But this apps are totally awesome!!,3,0,,2022-05-22 06:39:50,,,,pho881813,com.bigwinepot.nwdn.international
a93f7c8d-406a-4e04-aaaa-1dce42dbc444,Best app for ll. Blurry camera mobile,3,0,3.7.74.202166650,2022-12-17 07:44:20,,,3.7.74.202166650,pho918942,com.bigwinepot.nwdn.international
32b97f58-47a3-498f-9e5b-6d684c4ce71d,this application is good response,5,0,3.7.622.202381158,2024-05-31 09:00:12,,,3.7.622.202381158,pho906803,com.bigwinepot.nwdn.international
09c89621-4d56-46b4-b244-21829ed778b5,amazing but lot of ads for free trial,4,0,3.7.518.202336778,2024-02-10 09:32:56,,,3.7.518.202336778,pho910052,com.bigwinepot.nwdn.international
3f97fe32-c7ad-44e0-a279-7ae8b3b416be,I swear it's so amazing guys i suggest try this app and you realise it's really good,5,0,,2022-07-07 04:17:17,,,,pho924166,com.bigwinepot.nwdn.international
4029439b-dd34-4e69-8cad-438bfa6e504d,Online it said to download this to make free missing persons posters. Not subscribe for $40/month.,1,0,,2022-07-28 10:13:41,In order to ensure the operation of our R&D team some of our features need to be paid hope you can understand. We also have a lot of free features which you can use them without paying. We will also continue to update more valuable features so stay tuned.,2022-07-28 21:17:35,,pho834453,com.everimaging.photoeffectstudio
aac65937-9c37-451d-b060-eb4d82523fe6,I also use this app and this app is very good it has all the features which are used to edit a video and photo. thank u PicsArt team,5,0,25.3.9,2024-07-19 15:49:28,,,25.3.9,pho65988,com.picsart.studio
0780a809-fabe-4cef-b605-e9b45eab8054,This App is so good but please add some Ad free trials on premiums like onepiece Naruto and jojo please add in next update then it's worth it of 5 Stars,4,0,2.1.0,2023-05-31 17:46:23,,,2.1.0,pho870025,com.ai.polyverse.mirror
ba7dbcff-94d9-4a3d-8ce0-c8d0cfbf0b06,Yeah it's great and all but I already paid for an upgrade to get dehaze noise correction etc etc on my old phone. I get a new phone and now I don't have those options anymore without having to pay a monthly charge. Thanks a lot.,4,55,8.2.970,2022-07-04 01:20:32,,,8.2.970,pho259385,com.adobe.psmobile
df8e6ce7-4db3-4058-a193-b3955e4d9744,I love this app I use it so much and I use it and I share it with friends and family to make anything,5,0,24.6.4,2024-04-21 14:26:35,,,24.6.4,pho124519,com.picsart.studio
e8a972ad-193a-4dbb-8ff0-6603f7760a3d,perfect app. very satisfying. just not satisfied with AI's work when producing hands and toes,4,0,25.2.5,2024-07-22 22:09:42,,,25.2.5,pho67225,com.picsart.studio
c38cba36-7a1a-4305-b8c3-c779aad266b9,Ad watch karne ke bad issue dikhata he,5,0,3.7.185.202187427,2023-04-13 00:55:00,,,3.7.185.202187427,pho951741,com.bigwinepot.nwdn.international
472f85a3-b709-4031-b838-86bd33e2af26,"it was good from the start but when i click something it says ""help us improve remini"" i click something that was there idk what is was but it outed me in the app i opend it and tried different photos but still didn't work i hope this bug can be fix.",2,0,2.1.0.202111508,2022-03-25 04:38:29,Hi we're sorry for the inconvenience and we'd be more than happy to help you out personally: don't hesitate to send us an email at reviews@bendingspoons.com in which you explain your experience. We'll get to the bottom of the issue and you'll be able to go back enjoying our app as soon as possible!,2022-03-25 06:23:30,2.1.0.202111508,pho880564,com.bigwinepot.nwdn.international
52401269-1684-4be3-910c-3f7a910b80df,It makes very beautiful photos,5,0,3.13.10,2024-06-16 07:33:30,,,3.13.10,pho635539,vsin.t16_funny_photo
677008fb-4fd4-4712-af02-2ea5eb89bffc,Can you pleaseeeeee add a setting to disable the limit!! I will give you more stars!,3,0,25.1.6,2024-06-17 21:09:52,Hey there! The limit of added objects depends on your devices technical capabilities. We understand that this may feel a bit restrictive but its necessary to ensure that Picsart runs smoothly and without any performance issues. If you have any other questions or concerns dont hesitate to reach out to us at support@picsart.com.,2024-06-18 08:14:33,25.1.6,pho79026,com.picsart.studio
77b07c9a-e9da-4834-a8cb-8c5f1a9a02f4,The best photo editor ever I really enjoyed using this app.,5,1,1.662.161,2024-09-22 13:28:39,,,1.662.161,pho776,photo.editor.photoeditor.filtersforpictures
e75e0f51-7b3c-467a-80c5-9c58f8c96687,some okay stuff but couldn't even do a simple stormy weather over lay on a supplied picture.,2,0,,2023-12-30 16:53:05,Hello there thank you for bringing this to our attention. We deeply respect your advice and we will try to combine your feedback with our R&D in order to provide better products. Best regards.,2024-01-01 21:39:05,,pho1051264,editingapp.pictureeditor.photoeditor
96b823fd-8cd8-4306-9ea7-ef79a4e5acfe,Bad bad bad ! You've ruined it .it was amazing but now all of what we get is the same pic with blurry parts,1,0,1.7.4,2022-02-21 04:09:00,,,1.7.4,pho895857,com.bigwinepot.nwdn.international
9bd73650-4250-4f30-8985-39358e74aeab,"App is completely good for editing. But I can't verify my email as it says ""Email already in use."" This sucks because I end up not even getting the message on a different email.",4,3,24.8.4,2024-05-12 07:29:46,,,24.8.4,pho65371,com.picsart.studio
56f9ceb6-2cd7-4bda-a325-de9c22dba586,Guys pls this app is very good cool and awesome to me so 5 stars for u,5,0,3.12.9,2022-04-17 23:37:43,,,3.12.9,pho659181,vsin.t16_funny_photo
0af750b1-2aa8-4751-8cda-21d8aca88d36,Surprisingly easy and intuitive. It's the first time I feel comfortable editing images in non-trivial ways without having to turn on my pc,5,5,1.462.152,2023-08-19 10:34:50,,,1.462.152,pho447037,photo.editor.photoeditor.photoeditorpro
31ae59a2-5e5a-4a29-baf2-29fe07ede036,just the best.. the AI is also top notch,5,0,25.6.6,2024-09-12 17:34:29,,,25.6.6,pho76933,com.picsart.studio
c275696c-8872-42b0-82a7-6038fbdc2c33,Bring back colorizing please. I used it a lot,2,0,3.7.32.202157592,2022-11-13 13:20:13,,,3.7.32.202157592,pho913132,com.bigwinepot.nwdn.international
fbc68cee-d8f2-4b6f-8730-f0cac5c1f531,I can access any photo same,1,0,3.13.8,2024-05-17 18:18:35,Dear user thank you for your feedback. We have released a new version of our app and we request you to kindly install it. If you continue to face issues please contact us at support@pho.to.,2024-06-01 02:26:31,3.13.8,pho646474,vsin.t16_funny_photo
168ecd4b-523f-4f84-ab97-8fb4098fe971,I enjoy editing using this app,5,0,1.621.148,2024-03-02 12:58:08,,,1.621.148,pho14311,photo.editor.photoeditor.filtersforpictures
47fa6d79-3d9d-4b16-b9c9-752e21b56f0c,The application is good but it needs some modification,5,0,3.7.68.202164470,2022-12-12 03:55:39,,,3.7.68.202164470,pho913764,com.bigwinepot.nwdn.international
cfd6803d-fd09-417f-840b-9a5f35f8ce99,I've Had CrazyFun making Abstract Photo Art!!! LOVE IT!!!2023 Update Still Very Awesome App No Issue Love IT,5,0,23.1.3,2023-09-21 03:48:00,,,23.1.3,pho113011,com.picsart.studio
be4f3549-4371-4750-a21e-182d5e100f38,Lot of ads I hate total. Justice for free users,1,0,3.7.693.202410344,2024-07-16 00:56:03,,,3.7.693.202410344,pho885260,com.bigwinepot.nwdn.international
77c7d4e3-8b64-44f4-bae6-a48f644b0441,The best enhancing app I ve ever seen,5,0,3.7.693.202410344,2024-07-15 09:42:49,,,3.7.693.202410344,pho904004,com.bigwinepot.nwdn.international
af1de778-5656-4281-9757-7c0682947fdd,Im having a terrible problem every time I open the app Im wanting to put something in the photo right? so when I press stickers its just a pink loading screen. I try re opening the app Nope I tried everything to see if it will work IT STILL WONT! fix this PLEASEEE!!!!!!,4,0,19.8.1,2022-05-29 01:27:54,,,19.8.1,pho77769,com.picsart.studio
4a13339b-d239-4429-a727-dbdf5be3b562,Very worst app after consistent updates,1,0,3.7.282.202221109,2023-09-10 03:24:07,,,3.7.282.202221109,pho924687,com.bigwinepot.nwdn.international
becae6f5-9f99-4c66-a112-67d4290be427,This is very poor aap,1,2,,2023-10-20 11:02:01,Hello dear user can you describe the problem you are encountering in more detail? We will optimize the application software with reference to your feedback.,2023-10-28 03:19:30,,pho824906,com.energysh.quickarte
98bf421e-98da-4ea3-8d32-fb403c53c53f,This is bllcht. I cant even open it even my signal is strong! Scrw ur app,1,0,,2022-10-06 08:55:10,,,,pho904624,com.bigwinepot.nwdn.international
18c122c9-472e-456a-8ce8-71b7945a28bc,Very bad app They deducted money from my account,1,0,3.7.736.202428502,2024-08-21 00:55:24,,,3.7.736.202428502,pho882241,com.bigwinepot.nwdn.international
e93194db-ee5d-40f0-bfe2-86efa0187e42,I never thought an app could have this many AL avatar options. This app is one of the best I've ever used and the only app that I've seen with so many options. Way to go Photo Lab!!!,5,17,3.12.50,2023-03-28 23:21:32,,,3.12.50,pho632261,vsin.t16_funny_photo
f9bec7e8-99d3-421c-9a7a-6133b0d894cc,I saw the other reviews but downloaded it regardless but they were right. Having to see an ad for editing each pic and another ad for saving the pic to gallery is a bit too much. There has to be a way to get a few hours of ad free experience maybe by watching several ads first.,2,33,3.7.121.202173583,2023-02-05 14:30:41,,,3.7.121.202173583,pho877997,com.bigwinepot.nwdn.international
2b06c06f-667a-4422-a020-babd4b16b7c9,good but it couldn't stable nowadays just do off and on,4,0,3.12.48,2023-02-11 10:20:22,,,3.12.48,pho649616,vsin.t16_funny_photo
5dacd2a0-730b-4c6c-8cb0-2cac48feb552,Awesome app for showing people your anime look and no adds,5,0,2.1.0,2023-06-10 11:50:46,,,2.1.0,pho870756,com.ai.polyverse.mirror
6bd93593-5174-432f-9160-656c774e3789,I cannot enhance photo for free anymore,1,0,3.7.83.202168326,2022-12-25 03:13:58,,,3.7.83.202168326,pho933657,com.bigwinepot.nwdn.international
d522f9b4-291a-4108-b4c2-ea96bc809d34,Crashing Bug is Fixed thanks.,5,0,21.9.5,2023-04-04 00:24:05,Hey there thanks for letting us know about this issue. Our tech team has already found the cause of this issue and fixed it. Please go to your device's app store and reinstall the app. If you have any other concerns feel free to contact us via our Help Center https://picsart.support,2023-03-20 07:57:40,21.9.5,pho123078,com.picsart.studio
e4a9d8d1-8a54-475b-962b-5cb815e76de4,You dirty scumbags are now making it impossible to opt out of allowing you to keep and share my images. You pretend like there's an option to decline this but it's impossible to click. Shame.,1,5,23.5.7,2023-11-12 21:47:31,You can always find help and more information at https://picsart.help. If that doesn't help your issue you can reach us at support@picsart.com.,2023-11-15 02:12:29,23.5.7,pho92739,com.picsart.studio
ef4975ca-ffa6-41b7-b934-98cbd59167c5,This app is very good . Based on ai tools I've used on computer. This ai does a very good job based on turning me into an anime character. The ads aren't to long. So it's worth the wait to get your ai art converts .,5,3,1.8.8,2023-03-31 13:14:22,,,1.8.8,pho868031,com.ai.polyverse.mirror
72559321-102a-4dfd-ae30-4d61f6d3f80d,it is very usefull app forever,5,0,1.572.134,2023-08-25 16:25:27,,,1.572.134,pho14062,photo.editor.photoeditor.filtersforpictures
64bda089-7f1e-415c-a53c-73ce0876a29f,A mountain of love for this app. Used it for years can't believe what it's grown into today.,5,0,23.6.5,2023-11-21 16:14:50,,,23.6.5,pho118131,com.picsart.studio
9254114c-221b-422a-9b8d-6011c0a13450,Very Good it work very well,1,2,2.1.0.1,2023-09-21 05:05:52,Hello thank you for liking our products! Your evaluation is very important to us. We will continue to work hard to provide better services. Looking forward to seeing your 5-star rating. ( ) Have a nice day!,2023-09-22 02:52:52,2.1.0.1,pho824417,com.energysh.quickarte
e106ad4c-5baa-474f-af03-622dba587514,Really good and useful app the repair function could be better but for a phone app it's great to be able to colourise old photos even if some colours are slightly off.,4,28,1.393.114,2022-01-24 11:05:15,,,1.393.114,pho445785,photo.editor.photoeditor.photoeditorpro
4f63445f-4c5f-4386-b38e-21ba24fc705c,"Waste of time U have to watch long adds every option u do even inbetween photos Then when ""it's worked"" it looks completely the same.. other times it's distorted so badly it makes photos look retarded and unhuman wasting my time and effort.. yet it expects u to pay when it's the worst app I've ever come across",1,1,3.6.63.202149439,2022-09-26 16:06:28,,,3.6.63.202149439,pho879938,com.bigwinepot.nwdn.international
a926428e-2588-476f-8a81-89e0774996a2,Any software charges? Price?,1,0,,2022-09-10 06:07:13,,,,pho296802,com.adobe.psmobile
8963ab09-1fbc-4bed-92c0-2617344da049,The latest update doesn't work. Cannot save. Just spins. Great since I pay for it.,1,5,2.2.0,2023-08-31 21:12:20,Hello we apologize for the inconvenience caused to you. Please reach out to us at support@lightxapp.com sharing your experience with the app. We will assist you at the earliest.,2023-09-01 02:42:23,2.2.0,pho572763,com.lightx
05bcfdb0-55ce-4004-a1b6-97abd1715760,Enhances only face not the fulbody images otherwise five-star,4,0,1.7.2,2022-05-05 15:42:25,,,1.7.2,pho923037,com.bigwinepot.nwdn.international
b63c4197-284d-425d-bbec-0d810773fb21,So far the free part of the app is fun its now got me wanting to pay full price to use all its other features that gotta be even better the the free sections!,5,0,18.0.0,2023-06-15 02:19:55,,,18.0.0,pho146185,com.cyberlink.photodirector
2479aeee-b7f1-4379-bf56-a251416ff988,Easy to use various ideas less adv,5,0,,2023-11-25 20:53:56,,,,pho471057,photo.editor.photoeditor.photoeditorpro
89144374-ac5d-4c3e-911f-ef7af8ec6dac,Great app the only problem is how much you put out premium,5,0,20.8.5,2022-10-28 22:16:44,,,20.8.5,pho132520,com.picsart.studio
18021083-73b0-4715-a584-0972e6953297,This app make and i edit my favorite my hero academia,5,0,1.433.137,2022-11-19 14:05:42,,,1.433.137,pho489813,photo.editor.photoeditor.photoeditorpro
91cdca5e-bf95-415e-9dc5-b3ca57202733,Very Good And Useful For Documentary Photos & Paperwork,5,0,25.4.5,2024-08-20 17:49:06,,,25.4.5,pho77929,com.picsart.studio
00ae1367-ef29-4c03-a9c8-7af7400f8593,Awesome control. Great results!!,5,0,1.462.152,2023-08-10 21:48:24,,,1.462.152,pho475118,photo.editor.photoeditor.photoeditorpro
8a633149-1a48-46d4-9765-3645a88916b4,Great app it can turn pictures to professional studio shots. Love it.much.,5,5,3.12.20,2022-06-15 00:47:57,,,3.12.20,pho636802,vsin.t16_funny_photo
538634ef-a190-4586-88e3-cee78776fece,I am soo happy to installed ithis app its best app for editing photos.,5,0,1.483.106,2022-04-21 12:20:15,,,1.483.106,pho7256,photo.editor.photoeditor.filtersforpictures
9cd352da-e702-4619-8019-605b1df9caae,Nice options really liked this photo editor,5,0,1.462.152,2023-08-04 20:46:58,,,1.462.152,pho477165,photo.editor.photoeditor.photoeditorpro
83d25f53-7ec0-45fd-86ea-eeffc2d0df96,It does wonders & I love it,5,0,15.7.219,2024-09-30 02:16:12,Hello! We are delighted to hear you love the app and find it wonderful! Your support means a lot to us. ^Sam,2024-09-30 08:11:30,15.7.219,pho261768,com.adobe.psmobile
816aeacf-dd03-4d86-aab3-16734d11e3d6,it's surprisingly better than toon app,5,0,3.12.70,2023-10-01 19:48:11,,,3.12.70,pho677884,vsin.t16_funny_photo
516d16d5-20d0-4b7a-b7a5-01deec1f1a2c,it's super pa but many add comes but it is a very good,5,0,3.12.76,2023-11-15 05:32:40,,,3.12.76,pho657562,vsin.t16_funny_photo
d4ffb8e4-722b-4bbb-a24e-90e52c6d48f2,Through my several years of using Picsart across 3 phones this app has become unbearable. It had a very strong beginning with me but this app continues to break my heart via updates. I now cannot save photos without having to buy something which is outrageous. Your app was convenience not ground-breaking. Will not be using anymore.,1,2,20.1.3,2022-10-01 12:15:54,Picsart will always offer a free version of the app but we also offer premium features for Gold subscribers. Premium features are identified with a gold crown. To save your edit make sure you're only using free features or learn how to subscribe to Gold at https://picsart.help.,2022-10-03 07:03:01,20.1.3,pho63406,com.picsart.studio
39f51069-7761-40c9-a3a6-378b10361abb,BC almost 1 mnt adds this is too much no body have that much time picture quality is also not so good. ONE STAR is enough for this app.,1,0,,2024-02-24 20:02:03,,,,pho888110,com.bigwinepot.nwdn.international
e80c66d3-ca43-4e5b-8873-ea731a17f944,I love this skin you are the best you people know how to make somebody look very fine,2,0,3.12.80,2023-12-25 16:14:08,Dear user we care about your feelings and every little encouragement makes us better :) So if you like this app please consider giving us a 5-star rating. If you have any suggestions please let us know at support@pho.to.,2023-12-29 08:55:24,3.12.80,pho658421,vsin.t16_funny_photo
61ae68f3-7661-4811-81ac-b0c3428fa5e2,Many adds but results are good,3,0,1.2.2,2024-02-25 10:23:43,,,1.2.2,pho1055865,com.ai.avatar.face.portrait.app
c69e3272-674d-4f8d-b48a-023585b14b68,Won't issue me my refund from months ago I requested I never made the purchase of subscription so I would like my money back,1,1,24.3.3,2024-03-27 16:17:44,Hi there thanks for your message. We are sorry to hear of your situation with our Gold subscription. Please visit our Help Center https://support.picsart.com/hc/articles/360002231937 to learn more about our Refund policy regarding your next steps in this process.,2024-03-29 09:06:47,24.3.3,pho108061,com.picsart.studio
ee762806-abb1-43cd-bb24-f2a472790282,Great app. Easy to use,4,0,1.512.117,2022-10-26 02:26:36,,,1.512.117,pho15264,photo.editor.photoeditor.filtersforpictures
4870516a-dacd-4dfd-80fd-77b3a83c50f1,Its awsome for editing and very helpful,4,0,19.2.3,2022-05-24 02:08:44,,,19.2.3,pho135542,com.picsart.studio
7a683f97-0d56-4b8d-9f0e-0455266dd7c4,Love this app!! Thank you so much my Sister sadly passed away before Christmas & we wanted to put some photos in with her of when she was younger when she got buried. We found some but couldn't find the negatives & they were all blurry . this app fixed that & the photos looked fabulous. Thank you,5,5,1.7.5,2022-01-12 18:01:46,,,1.7.5,pho879973,com.bigwinepot.nwdn.international
aa1245be-f871-464b-bdb7-6c11b6aee71f,Stupid app. Not working.,1,0,2.2.0.202114757,2022-04-08 03:06:06,,,2.2.0.202114757,pho941183,com.bigwinepot.nwdn.international
614d64ab-00e0-4dab-9c53-19a5a2c52cc7,Easy Fun and great for a quick edit,5,0,11.9.206,2023-12-22 17:54:42,Hi there! Thank you for your positive review! We truly appreciate your feedback and are thrilled to hear that you are enjoying our app. ^DC,2023-12-26 06:04:49,11.9.206,pho272945,com.adobe.psmobile
b7277456-b7df-45b0-ae7e-a4be75e78d8b,This app is very good. Best and amazing app . I like it soo much .I say in my laat words please install this app and enjoy it,3,0,,2022-01-08 21:45:53,,,,pho643279,vsin.t16_funny_photo
26a15bd6-7008-4310-9e46-397fe1028425,the subscription didn't ask confirmation i lost money for one year subscription,1,0,25.6.6,2024-09-16 08:57:08,,,25.6.6,pho66780,com.picsart.studio
c490dbdb-c12d-4e0f-a33b-70d8f8640dab,AMAZING APP AND I LIKE THE MIRROR FEATURE MOST!!!,5,1,1.393.114,2022-01-24 01:24:42,,,1.393.114,pho490226,photo.editor.photoeditor.photoeditorpro
57a03dd9-f7d2-42d0-8bca-54fc6a9320f6,Pay first then use. West of time for them who want try before purchasing,1,0,3.3,2023-07-02 11:11:13,,,3.3,pho831669,com.pixerylabs.cloneai
4486cff4-5314-4cb0-ae0d-6d7fcb80d87a,Love this app I discovered. So much fun.,5,0,3.5.0.3,2023-06-22 01:11:21,,,3.5.0.3,pho800245,com.vimage.android
a0110e01-f122-4da0-9b4e-88ea64579084,Thank you to Photoshop app it is completely off line app. My experience in photo shop is very simple to use by everyone without struggle and no need to depend on others to make our wish photos all together in a few seconds. It is very good app to use I suggest can install and enjoy every one make our life easier and to enjoy with our family.,5,3,12.8.341,2024-05-24 23:35:42,Hi anitha naveen we're glad to hear that you find the app user-friendly and enjoyable making photo editing a breeze for you and your family - we appreciate your kind words! ^Sam,2024-05-27 12:49:29,12.8.341,pho257743,com.adobe.psmobile
2f60d644-579d-4f0f-b9f7-99f75ff3ef9b,welp all i can say is that i am willing to watch an ad because it is totally worth it. It doesn't force is to buy subscription but just shoes ads to unlock which is very good,5,8,3.7.178.202186272,2023-04-04 13:45:49,,,3.7.178.202186272,pho887632,com.bigwinepot.nwdn.international
37d0009c-e7dc-441b-8b42-f288bb33f0a5,Good beauty app I ever seen,4,0,,2024-08-17 06:24:51,,,,pho931492,com.bigwinepot.nwdn.international
4de2636b-9c66-4b9e-b9f2-27e42ba55744,When it comes to performance yes it does the job but for it to charge you every week is just too pricey imo bciz not everytime you stumble upon old photos you took 10 yrs ago with your old not so smart smartphone,3,1,2.0.7.202110813,2022-03-14 07:36:18,,,2.0.7.202110813,pho884796,com.bigwinepot.nwdn.international
a8f8caf6-66ea-465f-bbae-069b94fbeba8,Littered with ads and add ons. Not usable,1,1,,2022-12-15 22:30:35,Hi BD Nelss so sorry for the ads. We have been trying our best to make it not disturb your photo editing always and we promise to keep improving it.If you found any inappropriate Ad content please take a screenshot and share it with us at polish@inshot.com. We will take it down ASAP. Thank you so much for your understanding!,2022-12-16 03:09:02,,pho469258,photo.editor.photoeditor.photoeditorpro
d11c78ae-436d-4f4e-937f-0cc2bcb585f7,Just the adds thats a problem for me.,3,0,1.395.116,2022-04-03 14:56:08,Hi Justin duwayne to continue work on this free app we need revenue from Ads. But still we value your feedback. If you found any inappropriate Ad content please take a screenshot and share it with us at polish@inshot.com. We will take it down ASAP. Thank you so much for your understanding!,2022-04-05 22:52:30,1.395.116,pho492200,photo.editor.photoeditor.photoeditorpro
6da614f2-2719-427b-8626-07fcecae1bab,remini bahut hi jyada achha app hai maine try kiya tum bhi try kro kafi jada achha photo saph karta hai,5,0,3.7.496.202325506,2024-01-20 04:36:34,,,3.7.496.202325506,pho1045388,com.bigwinepot.nwdn.international
4b5dafc2-72c0-4036-a4fd-45df7969a002,I pay a monthly/yearly subscription and now Picsart is charging extra for A.I generated artwork. I thought the subscription covered that. This takes the fun out the app.,2,0,25.3.9,2024-07-29 07:32:44,"Thanks for the feedback - we'd love to look into this for you. Can you please send us an email at support@picsart.com with the subject line ""App Store Review""?",2024-08-09 08:45:15,25.3.9,pho65206,com.picsart.studio
7ffcbb79-ea66-4176-ab64-fe71ce42d53c,This app is mervelous for edit.,5,0,1.436.140,2023-01-18 11:04:38,,,1.436.140,pho514370,photo.editor.photoeditor.photoeditorpro
cae2b9c8-b206-491a-a2f3-fb7c396dcfe5,Very very good appp bhai yo sab use kro,5,0,3.7.557.202355063,2024-06-22 01:59:59,,,3.7.557.202355063,pho1034381,com.bigwinepot.nwdn.international
4af6d2ab-3dd9-44c5-97fd-7316e8967e13,This is a great basic photo editor,5,0,1.621.148,2024-02-12 05:58:13,,,1.621.148,pho9027,photo.editor.photoeditor.filtersforpictures
5b621965-d70e-4710-9fad-8d4843626deb,Free options are basic and of no real use.,1,0,,2022-01-26 07:19:57,Hey there thank you for your feedback. Were always working to incorporate Creator feedback and improve Picsart. Well make sure to pass your feedback along for future planning.,2022-01-26 07:52:37,,pho111517,com.picsart.studio
c2ea095f-1127-4f65-8342-19a2f22a57cd,Well well let's see I bought a new phone so I was unable to transfer my app I contacted support several times so now I have paid 5599 for this app twice which just overdrafted my account and nobody from customer service wants to contact me back I think this app sucks,1,1,,2022-05-17 00:30:59,Hi there thanks for sharing your feedback with us! Were sorry to hear about the negative experience youve had with Picsart. If you have already contacted us one of our Support agents will get back to you shortly and do everything possible to help you out.,2022-05-17 07:14:20,,pho85118,com.picsart.studio
02c09aca-7714-436f-8465-07903d605946,Most beautiful app oldess pic in enhance,5,0,3.7.267.202210518,2023-06-24 06:08:57,,,3.7.267.202210518,pho930172,com.bigwinepot.nwdn.international
0de740d7-4f7c-49bf-8f9d-6bd28c2a7bde,This Is Nice App For Photo Editor And I Use This App And I Personally Like Ti,5,0,1.444.145,2023-05-22 07:19:52,,,1.444.145,pho487622,photo.editor.photoeditor.photoeditorpro
af121f71-f895-4265-8fa6-4375449288a9,Can't save pictures without subscription. Am out. Uninstall asap,1,0,20.4.2,2022-09-18 08:37:44,Picsart will always offer a free version of the app but we also offer premium features for Gold subscribers. Premium features are identified with a gold crown. To save your edit make sure you're only using free features or learn how to subscribe to Gold at https://picsart.help.,2022-09-19 08:45:46,20.4.2,pho117685,com.picsart.studio
9e096193-30c5-47f1-83a1-9c88a592bd12,The Effects and different templates are AWESOME,5,1,1.152.32,2024-05-07 22:17:19,,,1.152.32,pho1051366,editingapp.pictureeditor.photoeditor
f7099700-4ddb-4b7d-a69d-b03eeb4ff1f4,Am realy liking this app. Nice product!,5,0,1.415.125,2022-06-18 14:06:59,,,1.415.125,pho491164,photo.editor.photoeditor.photoeditorpro
debe6de1-5186-4632-97f8-9b372c5a9f07,This is a scam app don't download it,1,0,3.7.103.202170353,2023-01-19 11:12:46,,,3.7.103.202170353,pho944565,com.bigwinepot.nwdn.international
6a7498cd-8840-4ad3-9664-5a0e1a763451,"The apps performance under heavy load is impressive.""",5,2,3.13.26,2024-09-05 13:55:42,,,3.13.26,pho630402,vsin.t16_funny_photo
21a5afec-07d1-4b01-8f49-2c4b28aab2ed,Not availablity of video enhancement,1,0,,2024-04-12 09:48:40,,,,pho921053,com.bigwinepot.nwdn.international
dd58d851-b285-4af0-981c-0c7e3f8bd291,I admire this art technology %awesome,5,1,3.12.7,2022-03-22 04:55:51,,,3.12.7,pho661404,vsin.t16_funny_photo
e3fd98d4-517e-4817-913b-e3098b93490c,The best photo editor app ever my go to for years now Easy to use and stunning when completed. no other app compares .,5,125,3.12.83,2023-12-19 03:35:35,,,3.12.83,pho636501,vsin.t16_funny_photo
4461fc54-3175-4db3-aeba-dbb7de7791cb,It's too good for photo & video edit,5,0,23.9.5,2024-01-18 03:30:54,,,23.9.5,pho133436,com.picsart.studio
4aaa2474-58d5-46e2-ae94-5b5c1cb6bc22,so awesome and simple to use.,5,0,3.7.683.202404812,2024-07-02 14:44:03,,,3.7.683.202404812,pho892347,com.bigwinepot.nwdn.international
226d9c1e-c9e7-481a-8afe-c4c902dcde7a,I love this app however it keeps saying something went wrong with my internet but it is the app which has something went wrong. I hope this week be fix as soon as possible!!,3,1,3.3.0.202131471,2022-07-19 02:42:51,,,3.3.0.202131471,pho886677,com.bigwinepot.nwdn.international
92d61edb-14b1-4e29-984f-f49196f29852,I love this app and i bought the paid subscription but it says i have reached my clip art limit and i though i could use as many as i can with the paid subscription.,5,0,,2024-08-14 09:51:03,,,,pho79631,com.picsart.studio
62460a9a-225b-464c-9241-aba3f09a4ee3,really I enjoyed the app superb update,5,0,3.7.775.202445215,2024-09-26 12:17:52,,,3.7.775.202445215,pho885643,com.bigwinepot.nwdn.international
7f618824-509a-4d5b-aac2-7c958fa2749f,I don't know how this works so perfectly. it's easy seemlees.and fixed so many of my picture.this app legit works,5,0,1.7.5,2022-02-26 10:38:04,,,1.7.5,pho895501,com.bigwinepot.nwdn.international
bbe88861-e3cd-4c10-a40b-623435e297ab,It's good because it really enhances the picture but I CAN'T ENHANCE the photo that I want. It just says network connection timeout even tho my net is stable.,2,0,1.7.5,2022-01-17 05:40:18,,,1.7.5,pho887638,com.bigwinepot.nwdn.international
97d39c3b-abff-452c-ae75-cbe03015dd05,This App is Not working very bad service,1,0,3.3.2.2,2022-07-15 03:12:36,Hi Mohit may we ask you to please contact us at help@vimageapp.com and explain the situation in detail? We'd like to improve the app in every aspect and deserve a 5 star rating,2022-07-19 01:45:42,3.3.2.2,pho799783,com.vimage.android
de91665f-8445-4ae5-a0d0-3589169d56c1,Great app easy to use and awesome features.,5,0,1.393.114,2022-02-02 21:50:10,,,1.393.114,pho458407,photo.editor.photoeditor.photoeditorpro
79db6092-b251-4541-9353-a6baadf7c9be,A very good app have on this looking for a better one but i couldn't find one,4,0,3.12.87,2024-01-18 17:35:05,,,3.12.87,pho649123,vsin.t16_funny_photo
da97161f-83dd-4a8e-864f-8cc47aa189d2,Werry Werry Good app,5,0,1.7.5,2022-01-04 23:58:13,,,1.7.5,pho981330,com.bigwinepot.nwdn.international
64ce36e4-e779-4da9-b32b-6cc12faceffc,Nice Vimage 3D Live Photo,5,0,3.3.3.3,2022-11-25 05:33:25,,,3.3.3.3,pho804322,com.vimage.android
c34113a9-6603-4fe2-858f-8c9db15cb1c9,Cool program let's me edit and post on the fly!,5,0,1.436.140,2023-08-09 11:04:34,,,1.436.140,pho477554,photo.editor.photoeditor.photoeditorpro
a2ce6676-4c12-4d7c-abe2-733ab7d7f5e1,"the features and stuffs are great I've used this for almost 5 years now the reason i rated it 2 stars is i didn't have a problem with the adds and i didn't care if it's a lot or not but right now I'm experiencing a difficulty skipping an add specifically the ""grab"" add and please you have to fix it because i literally CAN'T click the skip button or maybe the skip button isn't working i ended up not getting my photo so currently the app is useless for me because of the add",2,38,3.7.622.202381158,2024-05-13 12:59:36,,,3.7.622.202381158,pho876103,com.bigwinepot.nwdn.international
d5ecf733-0450-4158-aa2a-48b4bdc5be31,The photos are incredibles lots to choose from,5,0,,2024-02-18 12:30:36,,,,pho648945,vsin.t16_funny_photo
467a34f9-d11a-4ebc-b51c-bd9738817500,Last Update was Great ! Love it,5,0,3.7.79.202167803,2023-02-13 23:47:56,,,3.7.79.202167803,pho937515,com.bigwinepot.nwdn.international
2af8c11b-b567-4cb3-9205-64e83cbb6c8d,nice app best but ek problem hai online me bar bar ad aa raha hai,5,0,3.7.632.202384028,2024-06-16 00:05:46,,,3.7.632.202384028,pho1019501,com.bigwinepot.nwdn.international
2bc8c2ac-f313-4148-bb23-6e2f1d022992,To much ads are over their. And theur adds are very disturbing and boring. But it work really good.,4,3,3.7.482.202318947,2024-01-07 03:46:34,,,3.7.482.202318947,pho889193,com.bigwinepot.nwdn.international
76b6929e-d52b-4f38-97e3-8ababeb003b2,Best app for editing photo video..,3,0,22.3.3,2023-05-26 00:06:12,Hi there! This is the fuel that our team needs to keep driving forward awesomeness so a big thank you for your feedback! Please dont forget to revise your review if the app keeps you smiling!,2023-05-26 04:18:38,22.3.3,pho139582,com.picsart.studio
d2c4380b-9acd-4316-9ecf-57f47ecbeb29,I really like this editing app because it offers a wide range of useful features. The interface is user-friendly and the tools make editing quick and easy. It has advanced options yet it's simple enough for beginners to use making it versatile for all skill levels.,5,1,1.574.186,2024-09-29 12:42:21,,,1.574.186,pho441472,photo.editor.photoeditor.photoeditorpro
d533df1e-5bc0-44e7-b9ab-5a6e9b75a574,Best photo editing app. So easy to use,5,0,20.4.2,2022-10-07 16:23:43,,,20.4.2,pho125497,com.picsart.studio
742c2044-49c3-462a-8f7e-51fd1e1a4b9d,Very nice app for edit. I am very happy,5,0,1.472.155,2023-11-10 07:23:11,,,1.472.155,pho474896,photo.editor.photoeditor.photoeditorpro
2a6f6c24-39be-4fde-8510-eacfcd63b0f0,I love editing kn this app so much!<3 it gives me more hype likes and followers! I hope I'll get famous one day!<3 Thank you picsart for existing!,5,0,22.0.5,2023-04-22 20:30:04,,,22.0.5,pho103021,com.picsart.studio
610ec50f-4d33-4858-b250-ea5f13ad3863,This is not a replacement for photoshop mix. No combine feature as claimed. Clunky and annoying in general. How did you kill a prefectly good app for Simple task of cutting things out and combining images.,1,11,14.1.87,2024-06-05 23:08:14,Hello Phillip Sutton; we understand your concern. Photoshop Camera Photoshop Fix and Photoshop Mix are no longer available but many features and workflows can now be accessed through the Photoshop Express mobile app. For more information please visit https://helpx.adobe.com/mobile-apps/help/photoshop-fix-mix-eos-faq.html. ^Sam,2024-06-06 10:59:36,14.1.87,pho257243,com.adobe.psmobile
f8fe881b-ce99-4e6b-aa57-9dbd870b9271,Waste of time arghhhh when I'm trying to edit its lagging and i hate this I discover this app because of my eonnie so I try to install it but arghhhh it's lagging but in my eonnie it's not lagging!!!,1,0,,2022-03-09 08:00:24,Hi thank you for sharing your concerns with us! Picsart can run slow on your device when it gets overloaded with cached data. To speed up the app please go to device Settings > Apps > Picsart > Clear Cache > Clear Data. If the issue still persists please contact us at https://picsart.support so that we can investigate the issue further.,2022-03-11 06:15:18,,pho97493,com.picsart.studio
fb8ad6a8-1605-405a-8526-d91a761d2c6f,Very fun and enjoyable. Have not been able to use all features yet. They are all awesome. I would recommend it to everyone.,5,5,1.572.134,2023-08-29 23:04:01,,,1.572.134,pho2800,photo.editor.photoeditor.filtersforpictures
f8d73d17-dd36-4673-bcfb-6e41729d5916,This app more better but I only one option enabled for inhance options . I want to access all options in inhance options. Because I seen other devices unlocked all options. So plzz fixed it . Thank you,4,1,3.7.765.202439192,2024-09-17 14:39:05,,,3.7.765.202439192,pho875839,com.bigwinepot.nwdn.international
e797a0ee-a09a-43c5-924f-1463e75bcc0d,I like Rimini very important app for photo editor I like this app,4,0,3.7.698.202412939,2024-07-18 10:54:33,,,3.7.698.202412939,pho881933,com.bigwinepot.nwdn.international
cd94e226-c3fe-46f2-b8c4-f69d7de42016,This app is good before but now presently it has included the AI . The pics are editing the worst !!! before it's was editing good and perfect but now the app is overly editing it I don't know why ??,1,0,,2024-02-02 03:19:41,,,,pho881429,com.bigwinepot.nwdn.international
dad94abe-3f6a-4252-914c-32528d08368d,Has absolutely the most ads I've ever seen they show up every few seconds,1,0,3.7.775.202445215,2024-09-26 02:49:11,,,3.7.775.202445215,pho876453,com.bigwinepot.nwdn.international
ad8c93da-74de-4fce-bccd-2b903e1d08f9,All the bugs have been fixed now it is very useful app,4,0,1.7.5,2022-02-10 12:16:09,,,1.7.5,pho911112,com.bigwinepot.nwdn.international
5677f9a2-bb71-4578-895d-33e2550fffb3,if it is done in such a way that two people are combined in one picture it will be great.,4,0,3.7.327.202255164,2023-08-13 09:01:59,,,3.7.327.202255164,pho907537,com.bigwinepot.nwdn.international
08920abe-0741-4ad4-b64a-bde57740c9ac,Remini very good app but very bad ads problem so to poor please solve ads problem,3,0,3.7.765.202439192,2024-09-22 04:37:30,,,3.7.765.202439192,pho876454,com.bigwinepot.nwdn.international
b2e27a63-c248-41ac-a4cd-835715940a7d,I have been using this app for 4 years .. But now I have face some problem.. Effects are not working. But I don't know why it's happening? Otherwise this app is a great editing app. Anyone please help me for that problem.. I tried everything to fix it but I failed.,1,2,21.3.9,2023-01-08 04:30:40,"Thanks for the feedback - we'd love to look into this for you. Can you please send us an email at support@picsart.com with the subject line ""App Store Review""? Our team will investigate and work on a fix for you.",2023-01-10 02:32:54,21.3.9,pho79556,com.picsart.studio
76482cdb-89c3-49a8-afdb-09435650c9c1,These app makes u feel good,1,0,,2023-10-20 09:19:02,Dear user if you like the app please give us more stars. Also let us know if you have any suggestions for improvement at support@pho.to.,2023-10-24 13:23:15,,pho693701,vsin.t16_funny_photo
1e74cd6b-9837-4288-98d7-e7046c7fdcf2,First-time user so far easy to use and learn. They have prompts with the information,5,0,2.1.6,2022-02-22 21:12:24,Hello thanks a lot for using LightX and sharing your amazing feedback. For any of your queries or suggestions regarding the app please feel free to reach out to us at support@lightxapp.com. We will be happy to assist you!,2022-02-23 04:27:31,2.1.6,pho572970,com.lightx
c1aa0834-029d-4948-b336-da94e39f27b6,this is the best for clear the photos,4,0,3.7.364.202268972,2023-09-29 05:32:54,,,3.7.364.202268972,pho925074,com.bigwinepot.nwdn.international
22ff73f6-401b-40c0-85c1-c64292747ee4,This app is amazing but it really needs to be updated iPhones get way better features,3,0,3.17.1,2022-08-21 12:00:38,Hey there thanks for reaching out! Were always working to incorporate Creator feedback and improve Picsart. Well make sure to pass your feedback along for future planning.,2022-08-22 07:14:17,3.17.1,pho105266,com.picsart.studio
50288e4c-a52c-4180-9fa9-044be4d740d2,Not so good removing background removes half of faces,1,1,9.8.115,2023-07-22 14:43:06,Hi Iain! I understand that you are not happy with the app. I am afraid that we do not have the feature of removing the background in the app however; you can blur the background. Select the picture then select adjustment option. Select the bar background then again select adjustment and keep scrolling till you get blur option. Thanks^DC,2023-07-25 08:47:38,9.8.115,pho275527,com.adobe.psmobile
ad161ad2-f234-4cbe-bb45-c93dfc3e0c53,The Worst app i have ever seen no funcationality just showing ads.,1,1,1.3.0,2024-08-22 01:52:06,,,1.3.0,pho1054769,com.ai.avatar.face.portrait.app
76607d53-83d5-467a-876c-5ce7e1eb976c,I thought it was free for 3 days trial but I was shock that my balance is deducted from my account. Please give me refund of my money or ban this application from your playstore.,1,0,,2024-04-19 05:46:42,Hi we would like to fix this. As we don't have your email address can you please write to us at support@pho.to so that we can help you better. We look forward to your email.,2024-04-22 05:48:07,,pho634758,vsin.t16_funny_photo
efdfa6e3-7dea-4be3-a5d4-54657135aa2a,Wonderful first time my experience its designed very well,5,0,1.572.134,2023-08-25 14:54:50,,,1.572.134,pho9234,photo.editor.photoeditor.filtersforpictures
22c4c943-c9b8-426a-b140-cd213d18e9dd,Ever since I updated to Android 11 the photo I want can not be saved! I can not even choose it as a background it does not work at all,5,4,8.0.929,2022-02-18 19:28:15,,,8.0.929,pho268855,com.adobe.psmobile
862bd238-2997-4176-90f9-dc5744336eea,This is helpful app for a blurred photo!,5,0,,2024-05-28 08:07:51,,,,pho922087,com.bigwinepot.nwdn.international
276c8302-212f-49fc-a54a-9ad31c6fb7ae,"it's keep saying ""no network connection"".",1,0,1.7.4,2022-01-02 12:02:10,,,1.7.4,pho923253,com.bigwinepot.nwdn.international
c5e9616a-00c8-4f07-b5fb-7b1681f581c6,Ver 2 and 3 available only after you purchase app are literally exactly the same as base version. Don't waste your time,1,9,2.0.5.202108955,2022-03-08 04:41:18,,,2.0.5.202108955,pho895961,com.bigwinepot.nwdn.international
11b393df-d019-42a4-ace2-a1ba193a0b4e,My experience is bad the features are all premium . I can get all these features from other websites for free.,1,1,,2023-07-02 04:29:59,Hi Jyoti! I understand that you are not happy with the app. Please be assured we are in continuous process of making the app better. Would request you to elaborate more about the issue so we can work upon it and provide you the best services ^DC,2023-07-14 04:25:58,,pho264422,com.adobe.psmobile
72913aa9-3a00-4121-ab7f-e05df7edfece,"PicsKit is an app that's close to what Adobe took from us (Mix and Fix) to create this subscription bullspit. Adobe's greed will be their downfall. Hope the CEO can learn to say ""would you like fries with that?"" because that idiot is destroying what used to be the only company worth using for photo-editing. Competitors are making better products and giving them away so the mighty giant will indeed fall. Devs I'd jump ship while there's still time if I were you.",1,0,,2024-09-02 01:04:32,,,,pho260606,com.adobe.psmobile
34feb4cf-e0f2-4a17-b651-d1166cd89288,Works good so far but the annoying Ads is so intrusive!,2,0,,2024-05-14 03:10:50,,,,pho897905,com.bigwinepot.nwdn.international
1dbd7502-20c0-419c-901e-593a78622f0a,This is the most beautiful editing app Am so excited,5,0,1.552.173,2024-06-14 12:06:19,,,1.552.173,pho452028,photo.editor.photoeditor.photoeditorpro
37fbac26-eaa3-4fe0-ac44-97ccb711a7f0,Not useful too many ads,1,0,2.0.5.202108955,2022-03-11 08:47:59,,,2.0.5.202108955,pho916605,com.bigwinepot.nwdn.international
ce52c927-bce9-444b-8b79-23203fc6181a,I don't mind some advertising in an app but I spent more time with ads than working. A banner and a full screen at every step was incredibly annoying. Uninstalled.,1,3,1.462.152,2023-09-30 12:08:56,Hi Kelli D so sorry for the ads. we understand how you think about advertisements. However we need to keep ads in order to keep our application free and fun for everyone. We will try to adjust the frequency if possible. If you have any questions please email polish@inshot.com. thanks a lot.,2023-10-07 02:23:04,1.462.152,pho444344,photo.editor.photoeditor.photoeditorpro
eb67629e-52e4-4adb-904e-89a4d7fc1370,Really amazing But they only give trail of one week. They should give more time atleast 2 weeks of free trail Best photo enhancing app.,5,0,,2023-08-06 09:43:03,,,,pho888146,com.bigwinepot.nwdn.international
dfcc2637-7d2c-487d-a880-c899ba962f74,amazing experience But Pricing plans are high,5,0,3.7.349.202261398,2023-09-06 23:11:49,,,3.7.349.202261398,pho942336,com.bigwinepot.nwdn.international
a8aeaa25-e823-482f-91e7-dfa0da1960f7,It was 2 ads per edit . And now it's 1 ad per click . Whenever you click on any option you have to watch and ad. The downfall of this app starts now . There's mang other websites like this . Stop using this app everyone and show the developers their true face,1,4,3.7.615.202378417,2024-05-08 00:55:21,,,3.7.615.202378417,pho876308,com.bigwinepot.nwdn.international
d3d5f6e3-44dc-4b82-be9a-f937eb847bfb,need some improvement but still a 5 stars,5,0,3.7.503.202329896,2024-02-04 10:21:48,,,3.7.503.202329896,pho926024,com.bigwinepot.nwdn.international
33ff8c90-707e-4e19-b090-62355e222af1,Convenient and easy to use. I use it in conjunction with Mopria I can open edit and print pics right from my tablet in the Photoshop app to my Canon Selphy printer.,5,2,9.3.70,2023-05-21 10:49:44,,,9.3.70,pho261183,com.adobe.psmobile
d7f0e7e8-3408-4c0f-bbef-58d05f30d0a7,Easy to use and having fun using for etsy product photos!,5,1,7.3.32.217,2023-07-23 19:58:35,,,7.3.32.217,pho834318,com.everimaging.photoeffectstudio
7d609811-45b6-4549-adc8-29b5c3930da6,It's good in editing photos I can do it easily,5,0,1.502.162,2024-01-16 07:47:23,,,1.502.162,pho465927,photo.editor.photoeditor.photoeditorpro
7bfa37d0-178b-4223-b64b-60d88879f5e6,I am using in this aI Remini. in the. number 1. Worth app in my point of view,4,0,,2023-10-24 07:54:43,,,,pho925701,com.bigwinepot.nwdn.international
066901b9-9eb4-48ea-b55c-1cf08464994a,Love how beautiful it clear blur photo,5,0,1.7.4,2022-01-02 01:17:40,,,1.7.4,pho931729,com.bigwinepot.nwdn.international
8ce6671d-35fb-46e0-a3fd-1f92c3db488b,this app so usefull,5,0,1.7.4,2022-05-11 22:43:53,,,1.7.4,pho970889,com.bigwinepot.nwdn.international
cc7ad4dc-68f3-465c-8062-80921a5642e3,Scammers! Enough is enough. I've paid a fortune over the years for packs individually and suddenly I'm being charged $60 annual I did not agree to. You were people are rotten to the core and I WILL NOT STOP UNTIL I RECIEVE A REFUND,1,1,21.9.7,2023-04-10 06:59:37,"We'd love to look into this for you. Can you please email us at support@picsart.com with the subject line ""App Store Review""? Our team will investigate and work on a fix for your Gold subscription.",2023-04-11 09:46:58,21.9.7,pho98432,com.picsart.studio
83f76d98-d1c1-4372-b183-a1652e82c035,best application you will see for enhanced I guarantee,5,0,3.7.166.202183220,2023-04-09 19:03:13,,,3.7.166.202183220,pho920099,com.bigwinepot.nwdn.international
f1c080e2-2e4c-4067-9002-30052bd110b6,The new changes destroyed the app. The additional features such as colorization were WHY I PAID for the app. Not anymore. You've lost a monthly customer until the features are added back.,1,2,2.0.5.202108955,2022-03-07 08:32:53,,,2.0.5.202108955,pho886466,com.bigwinepot.nwdn.international
e5b84769-b578-457a-b9e8-da599d65866b,Great app easy to navigate been making use of the app for some time,5,0,,2023-01-10 05:43:01,,,,pho461070,photo.editor.photoeditor.photoeditorpro
6e60b85f-15ef-43fb-b781-a6a5612f85c8,Ismein add nahin aata nahin to aur achcha rasta,5,0,3.7.550.202351069,2024-03-18 05:15:16,,,3.7.550.202351069,pho1036174,com.bigwinepot.nwdn.international
24369f9b-6bff-4514-8376-a3c2bb882d98,I like it but i has a bad thing in enhance,5,0,1.567.181,2024-08-12 10:23:26,,,1.567.181,pho451409,photo.editor.photoeditor.photoeditorpro
aee7d922-755a-4bbc-b89b-4133083a5615,takes so much storage space and keeps crushing constantly,1,0,20.8.5,2022-10-30 22:30:54,"Thanks for the feedback - we'd love to look into this for you. Can you please send us an email at support@picsart.com with the subject line ""App Store Review""? Our team will investigate and work on a fix for you.",2022-11-01 03:13:24,20.8.5,pho114462,com.picsart.studio
4edd0446-fdb4-478e-9cd6-584c6c3281dc,Great.. Please make it free for all feature.,5,0,1.444.145,2023-05-23 11:57:23,,,1.444.145,pho461061,photo.editor.photoeditor.photoeditorpro
dd2da450-b9b2-44b1-9eea-42e7086a3acf,This is the app I've been looking for,5,0,,2022-01-02 15:25:27,,,,pho837040,com.everimaging.photoeffectstudio
0bea78e5-0cf5-4682-88a7-21be66df5f0e,"Loved the ""Free"" app. Had options to pay for things which was cool. Go to use it. Can't even save a photo after editing cause it forces you to pay to do that which is dumb. The app ha been free to edit photos for so long. Now I can't even do that. Got the app way back when from searching free photo editing app. Guess that no longer their thing anymore.",1,5,18.7.3,2022-02-04 01:12:40,As we continue to invest in our products and community we have recently made some additional features premium. This will enable us to enhance our tools & features for both Gold users and non-subscribers. Rest assured we will always offer a free version of Picsart.,2022-02-04 04:47:28,18.7.3,pho63985,com.picsart.studio
eea4cf6f-6a7e-46ec-8385-be9cefaa5ba2,This is such a stupid app updates come every week. After a week Whenever I try to enchance the photo its update has already comeAnd thirdly for its worst thing it only enchance the face .And the fourth worst thing is that for every picture of this a 60 second ad keeps coming. And they are asking money for premium which is the worst thing. I will comment that never download this app.,1,0,,2023-12-04 06:39:52,,,,pho879784,com.bigwinepot.nwdn.international
11b81c5a-9d3a-4dcb-a004-d4be884c3e91,amazingly easy to navigate,5,0,12.3.268,2024-04-01 18:29:22,Hi there! Thank you for your positive review! We truly appreciate your feedback and are thrilled to hear that you are enjoying our app. ^DC,2024-04-10 12:37:20,12.3.268,pho279335,com.adobe.psmobile
934de85e-a766-4daf-acfc-db35de33019f,It used to be awesome but now it's now just way too many ads. Every selection is an ad. For example: Before you select a photo it's an ad. Once you select a photo it's an ad. Every editing click it's an ad. For example: Blur is an ad. Clicking no blur option is an ad. After editing it's also an ad before you can download your edited copy.,1,152,3.7.653.202389694,2024-06-10 20:46:17,,,3.7.653.202389694,pho875995,com.bigwinepot.nwdn.international
c33f651d-db61-402f-a22c-675c194d0108,Finally the app I needed. Sometimes I need to blur small things a picture and not one single app had that function. Now I can finally continue my editing skills,5,14,1.552.173,2024-06-24 07:43:56,,,1.552.173,pho441760,photo.editor.photoeditor.photoeditorpro
9e32dbde-a1d4-4cbc-b62a-648c531135e4,I thought this app would allow me to change backgrounds but it doesn't. I'll be deleting.,1,0,8.3.977,2022-07-20 05:29:16,Hey! Weve put together some handy guides you might like: http://adobe.ly/psxfaq & https://helpx.adobe.com/photoshop/using/photoshop-express-help.html If you have an issue or need help shoot us an email at PSX-Feedback-Android@adobe.com. Let us know what we can improve to create a better experience for you. We're here to assist! ^Chan,2022-08-02 15:30:20,8.3.977,pho268396,com.adobe.psmobile
d4559d40-8032-4882-b23b-c6c61e245381,I have been using the app for a long time but suddenly now the app is not opening showing crash error,5,0,21.8.6,2023-03-18 05:31:47,,,21.8.6,pho132416,com.picsart.studio
b0be3a7c-79d3-493d-9dbb-0f7c096e8189,It's very useful i use it to change my pictures and to make them even better its a very good app,5,1,23.0.12,2023-09-05 16:35:46,,,23.0.12,pho105096,com.picsart.studio
a680183e-2734-48bc-b0a3-5fac59a7376f,Unusable. unless you pay for no adds.,1,0,,2023-08-01 00:00:55,We sincerely apologize for any inconvenience caused by the ads in our app. We understand that too many ads can be frustrating and we strive to maintain a balance that is appropriate. Thank you for taking the time to share your thoughts with us and if you enjoy this app please consider giving us a 5-star rating.,2023-08-01 03:51:38,,pho870811,com.ai.polyverse.mirror
4276ff10-bf22-4872-94e1-0c957a62ff16,The app is good but when It got update the stickers are blurry,2,0,20.7.3,2022-10-13 08:44:59,"We'd love to help but we need more information. Can you please send us an email at support@picsart.com with the subject line ""App Store Review"" so our Support team can investigate?",2022-10-13 09:31:52,20.7.3,pho120117,com.picsart.studio
99cbc1ff-55b8-4d82-bab8-23a0caab06df,I absolutely ADORE my lumii app. It's easy to use and I can cross other photo apps with it for my design effect. Highly recommend!!!! HOW many times do you want me to rate this???,5,8,1.630.149,2024-04-17 13:53:02,,,1.630.149,pho2350,photo.editor.photoeditor.filtersforpictures
3ea4e787-966e-4f75-9965-81aa46589c56,This editing app is gold hence the fact pics art gold which also gives you unlimited features I don't use the app with gold because I don't want to pay for it also the game is great without that feature cause there is still so much to do you can get images from everywhere see other people great work (or worse) no matter what this is a great edit app and you can make whatever you want be what you want it to be I definitely recommend this if you are making logos or if you just have interest in art,5,7,19.5.6,2022-04-17 16:25:54,,,19.5.6,pho70566,com.picsart.studio
3a12c9a4-a56b-43d0-9fb3-155aff7f67ef,it works incredibly well and I have no trouble with it the lines aren't even that bad,5,0,1.9.0,2023-04-25 15:38:36,,,1.9.0,pho869807,com.ai.polyverse.mirror
f1273fc3-ec24-4c60-8712-4e59f87d5993,It's expectional expectional and captivating,5,0,1.190.45,2024-09-03 21:47:03,,,1.190.45,pho1052550,editingapp.pictureeditor.photoeditor
b6ca75c6-c76a-4725-adc0-52d0256b6fad,Quick and easy enhancements,5,0,8.1.958,2022-06-17 05:37:05,,,8.1.958,pho276965,com.adobe.psmobile
a8c11431-ae0b-46e0-82f1-43a4de99a636,Very good application I like it very much,5,0,3.7.246.202202009,2023-06-01 19:25:59,,,3.7.246.202202009,pho926800,com.bigwinepot.nwdn.international
c07524ff-5fa5-4807-8bc5-74651fa3b561,A magical app!! Really does wonder & changes ur blurry pics into ur Favs!!!,5,0,3.7.135.202176207,2023-02-24 07:27:46,,,3.7.135.202176207,pho908642,com.bigwinepot.nwdn.international
edf4c573-f6d0-48d8-bc57-c0a5743c5d1b,No free trial atleast,2,0,3.3.0.202131471,2022-07-16 00:10:53,,,3.3.0.202131471,pho958495,com.bigwinepot.nwdn.international
d635b9e1-103a-45c9-899e-4bee9af5ea9a,What happened to the new update?! The updated version is really irritating me! I've been watching ads repeatedly but the photo I enhanced wasn't still saved?! Please fix this before the users uninstall this app and will flood the app with one star rate. The old version is much better than the updated one! And also the photo that 'said' to be after the enhancing doesn't look realistic too. The older version must be taken back!,1,495,2.0.5.202108955,2022-03-04 01:17:38,Hi we're sorry for the inconvenience and we'd be more than happy to help you out personally: don't hesitate to send us an email at reviews@bendingspoons.com in which you explain your experience.,2022-03-10 11:18:12,2.0.5.202108955,pho877753,com.bigwinepot.nwdn.international
ef965f49-e0db-40f0-9162-e006c2f3fe04,WARING DO NOT INSTALL THIS APP!!!! I installed this app and everything was fine after 10 minutes i got a really bad virus and all my images and data folders where hacked please do not install.(DO IT AT UR OWN RISK),1,0,,2022-06-12 10:21:47,Hi there! We would like to assure you that Picsart does not contain any malware. The reason your antivirus software might have detected Picsart as having malicious content is the presence of in-app ads by third-party providers. Could you please share with us the name of the antivirus software that youre using at https://picsart.support?,2022-06-13 08:52:54,,pho83030,com.picsart.studio
846a5ad8-8bd6-4cee-a22a-25a6c5a2ffb9,I love the ease and the stickers.,5,0,24.1.8,2024-02-03 15:57:56,,,24.1.8,pho121513,com.picsart.studio
c44fc234-3b65-4d42-adb4-dad73f14240a,the latest update is the worse version ever. so i uninstalled it.,1,0,3.7.510.202332933,2024-02-04 00:37:06,,,3.7.510.202332933,pho906193,com.bigwinepot.nwdn.international
d7f173bd-bf17-42b5-8160-68a839671d5a,It is very helpful and good app,5,0,1.603.142,2023-12-12 11:33:14,,,1.603.142,pho13221,photo.editor.photoeditor.filtersforpictures
9745c50e-40ee-4f58-a485-c4862019e7d6,one of the best photo app I've used so far thanks to the developers,5,6,3.12.5,2022-04-17 04:02:05,,,3.12.5,pho655853,vsin.t16_funny_photo
9e88ebac-36aa-43a8-9bf3-eccad22c32a2,Easy to use. Always love my photos.,4,0,18.7.3,2022-04-19 06:48:29,,,18.7.3,pho134665,com.picsart.studio
f50ae3fa-8a1e-435d-9c19-44b8caf28c6c,Picsart team plz check my subscription it's in avtive. The subscription expire date is September 2020 but it's again asking me to register.plz cheke it and update me as soon as possible. Thank you,5,0,21.2.6,2022-12-23 06:05:35,,,21.2.6,pho94411,com.picsart.studio
43783fdb-eec4-45d6-9cb4-9558df7c8862,Useful features. slow processing time but editing results are worth the wait,5,1,1.462.152,2023-08-30 14:12:47,,,1.462.152,pho455272,photo.editor.photoeditor.photoeditorpro
0376f390-d921-4737-b757-60e0d84f0eaa,This app sucks now. I use it maybe twice a year and now they want me to pay. So deleting it.,1,0,24.2.4,2024-04-09 19:35:04,We appreciate your feedback. While some features are paid we also offer many free options to enjoy. Your satisfaction is essential to us and we're continuously working to improve your experience. If you have any specific suggestions on how we can make the app better for you please let us know by contacting us at support@picsart.com.,2024-04-12 07:08:29,24.2.4,pho108070,com.picsart.studio
4a47a19b-812a-4a93-83d5-576ee578f11c,I used to love this app in using it on my edits not until they removed the Paint feature. It's the feature I use the most in the app. I'm so disappointed.,1,0,,2022-08-12 03:14:03,,,,pho887036,com.bigwinepot.nwdn.international
b68779d5-3167-49d7-9fa2-10001e795e15,Pathetic aap ever. After every single pic I edit app dosent allow me to download another edited pic and ask to buy premium features to use it. It allows only one pic tk edit and asks for payment later. Just like a free trial once. Worst thing ever what I saw. Other apps are throwing ads but atlest not asking oayment. This is pathetic,1,1,21.5.6,2023-02-10 00:21:14,Picsart will always offer a free version of the app but we also offer premium features for Gold subscribers. Premium features are identified with a gold crown. To save your edit make sure you're only using free features or learn how to subscribe to Gold at https://picsart.help.,2023-02-10 03:08:23,21.5.6,pho72293,com.picsart.studio
498eb6cd-e75c-4ff5-8f4c-ce86d54de791,Best photo edit app,5,0,,2024-08-03 04:49:08,,,,pho931632,com.bigwinepot.nwdn.international
b62b211e-dba3-4597-ad8f-d416520f8fb7,Ad too please fix this problem,1,0,,2022-02-01 09:42:20,,,,pho918175,com.bigwinepot.nwdn.international
c7f90bdf-19f8-4780-935d-bd67655f15ed,App changed completely.. No idea what happen. Must have gotten hit with a lawsuit or something.. That was pretty abrupt to take away key features.. That's why with apps you don't but a full year.. They usually don't last long.,1,2,1.5.8,2022-01-12 00:16:15,,,1.5.8,pho879603,com.bigwinepot.nwdn.international
0427b49b-c742-4219-b71f-e69e5351527d,All the time it says that no internet connection but the ad is playing :/,1,1,2.3.2.202116995,2022-05-07 08:17:44,,,2.3.2.202116995,pho902856,com.bigwinepot.nwdn.international
33591713-29a4-4688-8877-e0a19277ce1d,Creative ideas in seconds,4,0,3.5.0.3,2023-05-02 03:48:03,Thanks for your review. Please rate us 5 stars if you feel this app is awesome. If you have encountered any problems please contact us at help@vimageapp.com,2023-05-03 03:14:40,3.5.0.3,pho801776,com.vimage.android
eaa0fcde-bf20-48d6-a01e-caaa332bd5de,Undoubtedly good but no really useful functionality unless you pay. Even basic.,2,0,,2024-08-26 04:46:37,We understand your concern. The app provides limited trial coins to explore some features but a subscription is needed for full access to all functionalities including up to 100 AI photos daily and high-res video processing. If you have any questions or need assistance please contact us at contact@glamlabs.app. We're here to help!,2024-08-27 06:09:20,,pho1054553,app.getglam
33c5f74a-b322-472b-904f-8fcf6ad5b362,Cant use without credit card,1,0,3.2.0,2023-08-08 20:13:51,We apologize for your poor experience with our product. AI Mirror offers the Free Trail where you can have fun creating AI photos with many Free AI ART STYLES. During the trial period you have access to all functions the same as if you have a paid subscription. We'd really appreciate it if you gave us a 5-star rating if you like the app.,2023-08-08 23:19:47,3.2.0,pho872424,com.ai.polyverse.mirror
7f2535c4-7290-4cd1-af8a-eb2468011363,There's something wrong. The original filter of the picture turns more like sepia than the real filter. Please fix this bug. It's not funny.,2,2,3.6.52.202146959,2022-09-13 23:14:33,,,3.6.52.202146959,pho884302,com.bigwinepot.nwdn.international
2e888054-a5b4-4ac2-bba6-9a7c835efc89,The idea is great but the implementation is horrible. I tried to add a few words on the graphic. The area where the words may be entered or edited is so incredibly very tiny that my finger just cannot operate in that tiny space. After painful editing attempt I tried to save the document with the text --- nope it save the graphic but the text was gone. Making the text left justified made it into a single line. There is even no WYSIWYG preview. There are too many UI problems to describe. .,1,75,1.491.159,2024-04-27 19:54:14,Hi Kurt Schmidt we are sorry that we didn't meet your expectations. We will keep working to bring you an even better experience. Please share more details and some screenshots about the problem at polish@inshot.com. We need more information to locate and solve the issue. Many thanks in advance.,2024-04-27 21:37:20,1.491.159,pho441101,photo.editor.photoeditor.photoeditorpro
ee572189-42c6-44d3-89a5-1bd50bd0206e,mid too many ads,1,0,2.0.2,2023-04-21 20:22:52,,,2.0.2,pho870902,com.ai.polyverse.mirror
e63266b4-dff6-4304-abf8-dd8c27ce6ea9,It's a good app for the photo editing. But main problem is image quality. Whenever you edit the picture the quality of the image reduce. And it's look awful,4,0,,2022-06-28 01:04:55,,,,pho75287,com.picsart.studio
dc9c9345-c8aa-4260-93d8-69a80b84613a,perfect for editing picture,5,0,1.432.136,2022-11-07 09:47:01,,,1.432.136,pho474270,photo.editor.photoeditor.photoeditorpro
38a38abe-0542-49ce-a61d-d89d7bb185fd,Why Magic background changer disappeared,2,0,3.7.470.202316735,2024-01-01 02:44:41,,,3.7.470.202316735,pho952509,com.bigwinepot.nwdn.international
f259e583-1fd1-4d12-bd82-58947c3c3dd3,Most ads & it's not working fast,1,0,,2024-07-10 15:56:09,,,,pho907379,com.bigwinepot.nwdn.international
6a850f5c-3d98-4ea7-945d-c0bc99eb6b2b,Love this app has lots of cool features,5,0,7.3.24.169,2023-02-03 02:08:18,,,7.3.24.169,pho835558,com.everimaging.photoeffectstudio
e86959f0-f456-4776-b96a-5d10affc4197,pls improve your enhance,5,0,1.7.5,2022-02-23 09:16:22,,,1.7.5,pho969929,com.bigwinepot.nwdn.international
2c7df652-4e1d-4de0-af26-7aca0a07d6db,good but sometimes I need to take screenshot when I am making photo to show my friend why is it impossibly ?!,4,0,20.4.2,2022-09-19 07:02:04,,,20.4.2,pho108029,com.picsart.studio
a84913de-03f0-4585-a126-edb59196e4c7,This app is very useful I love this very much,5,0,1.395.116,2022-05-06 06:33:19,,,1.395.116,pho494871,photo.editor.photoeditor.photoeditorpro
d8f8d01d-c41b-4fb8-af8f-c22cd717f511,I like it because it creates Wiki of the mascots character from the game,5,0,,2024-01-24 22:16:06,,,,pho134204,com.picsart.studio
5d9ea22c-224d-42be-b840-3828a8bf793a,It's not working this app so disappointed,1,0,3.7.708.202417454,2024-07-27 12:40:27,,,3.7.708.202417454,pho889488,com.bigwinepot.nwdn.international
3f839ef2-7dd9-4ae4-856c-844685ce47da,WOW! THIS APP IS AMAZING!! There is soo much you can do on here!!! I LOVE IT!! GREAT JOB DEVS!!!!!,5,0,1.453.149,2023-07-23 05:27:07,,,1.453.149,pho459930,photo.editor.photoeditor.photoeditorpro
0616c51d-4ddb-4626-906a-821240c2df7c,Awesome ai app. But I have only 1 suggestion can add 2 people photo feature for couple pic in the dreamlook feature. It would be nice.,5,0,,2024-01-05 02:31:21,,,,pho633943,vsin.t16_funny_photo
430855c2-5178-48ed-8c8e-d0de59856050,I've just started using this app it seems to be good & fun,4,0,1.551.124,2023-05-08 13:48:36,Hello thank you for your support. We hope you will like Lumii more in the future. If you have any suggestions or more materials and functions you want you can send them to our email: lumii@inshot.com. Best wishes,2023-05-08 23:26:40,1.551.124,pho10004,photo.editor.photoeditor.filtersforpictures
d5d39e14-ebe1-4456-9129-9d8ceed50476,don't like the app. doesn't really look like me. and they don't have any options about a person body type. I'm chubby. I don't want an avatar that weighs 90 lbs.,1,1,3.8.8,2024-01-16 15:47:29,Dear user I would like to sincerely apologize for the bad experience you had with our product. We take all feedback seriously and would appreciate any suggestions you may have to improve our services. Please feel free to contact us via aimirror-support@polyversestudio.com. Hope the next version can win your favorite!,2024-01-18 05:16:37,3.8.8,pho870097,com.ai.polyverse.mirror
a7beca83-64d6-407c-b2ed-5a263dfeb08a,It's the worst app ever I swear it's very slow I'm trying to enhance a pic from one hour and it's not enhancing because this app works very slowly I really hate this app I hope they make it better or else I'm never ever gonna use this trash app very disappointed I swear this app Is worst app,1,2,3.7.285.202225504,2023-07-11 08:13:38,,,3.7.285.202225504,pho887459,com.bigwinepot.nwdn.international
f00eee41-3f88-420c-9cdc-2317ca1244ba,I like it.. it's easy to use,4,0,8.6.1007,2022-10-25 08:30:15,Hi there! We're glad to hear you like the app. Let us know what we can improve to create a better experience for you to give us 5-stars We're here to help! Thanks! ^Chan,2022-11-02 04:30:50,8.6.1007,pho286418,com.adobe.psmobile
8ab0252a-b99c-4c69-a453-f3561b36e1e7,Begs you to pay even though it can't make a picture that looks anything like me,1,0,3.1.6,2023-07-25 15:46:29,Dear User really appreciate your suggestion. We will consider it and improve our app in the new version. If you have questions or suggestions please contact us at aimirror-support@polyversestudio.com.,2023-07-26 03:43:18,3.1.6,pho871289,com.ai.polyverse.mirror
0c29e015-2ba3-4200-9dd8-e5dd4ab20c8c,doesn't allow free crop without in-app Purchase.,1,0,14.7.3,2022-01-31 14:28:29,As we continue to invest in our products and community we have recently made some additional features premium. This will enable us to enhance our tools & features for both Gold users and non-subscribers. Rest assured we will always offer a free version of Picsart.,2022-01-31 02:19:51,14.7.3,pho135878,com.picsart.studio
d7ecb4a3-c944-4972-a371-9ce7033b60ee,It keep saying no internet connection even though my internet is strong.,1,0,2.2.0.202114757,2022-05-03 07:56:17,,,2.2.0.202114757,pho923202,com.bigwinepot.nwdn.international
f955bb16-ad39-4e5f-af82-60637ec42a8e,best but membership price so high,2,0,3.7.676.202401555,2024-09-08 12:53:39,,,3.7.676.202401555,pho891838,com.bigwinepot.nwdn.international
a2f73e1e-86cb-47d3-95d7-993b715dc9fb,Picsart has officially become one of those annoying beggar apps where even basic texts require money and every step requires you to watch advertisements.,1,1,25.5.3,2024-08-20 12:29:10,We appreciate your feedback. While some features are paid we also offer many free options to enjoy. Your satisfaction is essential to us and we're continuously working to improve your experience. If you have any specific suggestions on how we can make the app better for you please let us know by contacting us at support@picsart.com.,2024-09-11 05:44:25,25.5.3,pho65373,com.picsart.studio
f860a245-7ff4-40e8-ad75-b96746a641f4,Really loved this app until this week. I've been working on hi-res images but everytime I go to save the app crashes. Only way I seem to get it to work is if I delete cache and force stop. Having the Pro version has been great so really hope a new update will fix this issue.,3,37,1.603.142,2024-01-22 17:27:38,Hello sorry for giving you a bad experience. Are you referring to the cache as app data cache or mobile phone cache? Can you go to App Settings>Feedback to contact us so that we can understand the specific cause more clearly and fix it. Thank you for your support and understanding!,2024-01-23 02:25:52,1.603.142,pho654,photo.editor.photoeditor.filtersforpictures
21f57665-d171-4d58-9fb0-4cb8b43926c0,This is hands down the best photo editing app i've come across in a very long time. Its mostly all free and what isn't free is very inexpensive plus its very eay to use and it's got pretty much everything you would want in a photo editing app. I redownload it everytime i get a new device. :),5,44,1.572.134,2023-09-03 15:54:39,,,1.572.134,pho335,photo.editor.photoeditor.filtersforpictures
ec056cd7-d2c4-4cb1-ae81-d4228bdb8f91,This is amazing app too cool,5,0,3.7.698.202412939,2024-07-18 05:24:27,,,3.7.698.202412939,pho890900,com.bigwinepot.nwdn.international
026a0c84-c2d8-436e-935b-7f0e9c5d0da0,VERY GOOD APP BETTER EXPERIENCE,5,0,,2024-02-20 12:16:35,,,,pho947268,com.bigwinepot.nwdn.international
0d924df4-2cae-4507-bbf2-8e9b2cbd537b,Its confusing at first but its pretty good,5,0,1.395.116,2022-02-21 17:22:32,,,1.395.116,pho479585,photo.editor.photoeditor.photoeditorpro
f1be09ee-4f8e-4acd-8755-df43fc139a3f,Really good image generation but app won't let me use it for free with ads I have to enter my bank info hence 3 stars I'd give it a five if it wasn't for this issue,3,0,1.9.0,2023-04-08 12:45:04,,,1.9.0,pho868771,com.ai.polyverse.mirror
8a7644c8-ee15-4931-b75a-96d4500ca25c,this app is very useful but ad aana bekar h,5,0,3.7.589.202368641,2024-04-19 09:28:12,,,3.7.589.202368641,pho933370,com.bigwinepot.nwdn.international
e5044591-6a8f-4cc1-9bbb-85a5a71a86ee,It works very well,5,0,1.574.186,2024-09-29 08:03:24,,,1.574.186,pho546350,photo.editor.photoeditor.photoeditorpro
b80258b0-1400-4340-8a87-e0d1836e3dc6,Used to be amazing now it had tons of adds and it really takes a looooot of time and most of the times it doesn't work. When it works I cannot save the photo.,1,0,,2022-06-26 14:25:23,,,,pho883627,com.bigwinepot.nwdn.international
26b09547-9ee9-4161-a80d-06592fb58be3,i like to use this app for editing. but after your team decided to remove log in by email option i'm so sad and i never use this app anymore. please get back the log in option! i'll change my rate if u get the log in menu back!,1,0,,2022-04-13 22:56:43,,,,pho884032,com.bigwinepot.nwdn.international
b705544b-1b3a-43bb-b3c4-f165cfd3d270,Seriously ads popping up like mushrooms after rain! Ten ads in one picture? That's next-level annoying! This is like a crash course in bad app experiences. Uninstalling pronto! Hope you make enough from those scattered subscriptions to keep the lights on!,1,25,3.7.611.202377191,2024-05-06 02:57:04,,,3.7.611.202377191,pho876141,com.bigwinepot.nwdn.international
44c06228-d9b5-4b84-8382-bca7bd0dc574,In my first time to use this app it's great but the new update? nvm. I like the old one and also is this a bug or idk My remini didn't work evrn though i have a fast internet connection. Please fix this,1,0,2.1.0.202111508,2022-03-29 08:27:17,,,2.1.0.202111508,pho886498,com.bigwinepot.nwdn.international
5da48da7-b4e9-4227-bccc-5bca70785222,It's not showing the picture of your face,2,0,,2023-11-06 10:45:49,,,,pho1055866,com.ai.avatar.face.portrait.app
8ae3b9aa-dbb8-42e1-a771-4a6a9df963cc,Photo editor app is great,3,0,1.462.152,2023-09-05 07:57:25,Hi Gairik Ranjan Patra thanks for your review. If you like the app could you please give us 5 stars? That would be very encouraging for us. We will keep going and delivering the best. Many thanks in advance.,2023-09-06 04:57:09,1.462.152,pho503606,photo.editor.photoeditor.photoeditorpro
13625550-ac8a-4bb5-b382-48a5a9227d49,Best editing app I've ever used. 10/10 highly recommend!,5,0,1.483.106,2022-06-02 20:01:46,,,1.483.106,pho5967,photo.editor.photoeditor.filtersforpictures
78fcbe30-b866-4bed-9e15-a737112a7e23,Great editor..easy to use,5,0,1.425.133,2022-10-07 03:10:32,,,1.425.133,pho493527,photo.editor.photoeditor.photoeditorpro
b4335aae-339b-44cc-a429-b05e5ca92946,This app is not allowing me to sign in or create an account even after I paid for a premium subscription. A pop-up appears stating something went wrong everytime I try to sign in. This means I can't use the premium features which I paid for. I also sent head office an email but received no response after 2 weeks. Very disappointed,1,20,25.3.9,2024-07-24 19:22:13,"Thanks for the feedback. We're sorry to hear this. Can you please send us an email at support@picsart.com again with the subject line ""App Store Review""? Our team will investigate and work on a fix for you.",2024-08-07 08:43:58,25.3.9,pho64830,com.picsart.studio
6d5e36c9-b3b5-4f62-abcb-59d523839d97,Why i can't enhance the photo right now although i see the ads,2,2,3.7.198.202190873,2023-04-22 05:11:13,,,3.7.198.202190873,pho915198,com.bigwinepot.nwdn.international
934e3808-dc86-47b7-abd7-be7413188076,It was an amazing app but after a while I couldn't upload anymore pictures and when I tired to it would just shut the app down,4,0,,2022-08-28 16:16:14,,,,pho104402,com.picsart.studio
5af49588-2340-4e45-9d90-d49d441a9948,Color picker is not working after new update.,5,0,19.2.3,2022-03-17 04:20:07,,,19.2.3,pho120188,com.picsart.studio
7d0216dc-a722-4a9c-82d2-f515731e3476,Best app but sometimes there is problem in saving the edited picture.. it's irritating.,5,0,19.7.8,2023-05-22 11:51:23,,,19.7.8,pho100693,com.picsart.studio
22e9c9fd-ab2f-40d6-8a4e-21cd61023d22,Too many advertisement!! Every click there's always an advertisement. It's annoying!,2,0,,2024-07-14 01:53:33,,,,pho889178,com.bigwinepot.nwdn.international
39ef17ef-1d34-4923-a842-c3cddaaf9326,This app is ridiculous. If you choose to do the trial you will be charged before the trial ends. If you choose the $5 a month they will still charge you the $55 a year and you can NOT get a refund if you go through the Play Store. If you want this app I suggest you go on the website to purchase that's the only way to get a refund if you need it refunded. Worst app ever!!,1,15,23.2.7,2023-09-28 13:20:51,"We'd love to look into this for you. Can you please email us at support@picsart.com with the subject line ""App Store Review""? Our team will investigate and work on a fix for your Gold subscription.",2023-09-29 07:56:49,23.2.7,pho73789,com.picsart.studio
3c3b36f7-bbf0-4774-a8d0-6501d72fb07f,"Remini has doubled how many times they are charging for my account as if my account has two subscriptions for the same service. There were 7 ""weekly"" charges in March. There's no contact for them here my. I cancelled ""both"" of my accounts! It was a fun program but double dipping into my finances is not copesetic. It would probably be easy enough to sort out with a quick dialogue but there's no contact listed. Your mileage may vary.",1,2764,3.7.586.202367267,2024-04-11 20:34:22,,,3.7.586.202367267,pho875344,com.bigwinepot.nwdn.international
347fb4de-3608-4f58-9381-3e948ac78e85,is very very very helpful tool for creativity..magic happens,5,0,,2023-03-03 20:47:43,,,,pho652533,vsin.t16_funny_photo
61c56719-94d3-4575-a5c2-08c4b7b2ef59,It is not working with Iran ip internet,1,0,3.6.31.202144599,2022-09-09 21:03:14,,,3.6.31.202144599,pho932639,com.bigwinepot.nwdn.international
164ff187-fa07-4be7-a251-3a44cf2fe73f,Alot to choose from I love that part,4,0,,2022-01-28 08:43:48,,,,pho491683,photo.editor.photoeditor.photoeditorpro
29da1a67-22c6-46cf-9724-75f8cc15acd5,Your App is awesome. But the only disadvantage is LAYER LOCK SYSTEM not available. Because when I tried to move one image unfortunately behind image will move. At that time we need reposition that image and after that we have to try to move required image . If there is LAYER LOCK SYSTEM we lock the behind image and move required front images .,4,5,20.7.3,2022-11-03 11:04:30,,,20.7.3,pho67499,com.picsart.studio
fb77a205-ce54-4283-a3a5-edaa6a22941e,Ads don't let you do anything. It's useless app.,1,0,,2024-06-16 14:20:19,Hi Katlego Phasha so sorry for the ads. We have been trying our best to make it not disturb your photo editing always and we promise to keep improving it. Also please let us know if you have any suggestions for improvement at polish@inshot.com. We will keep improving the app. Thank you.,2024-06-16 22:41:00,,pho468331,photo.editor.photoeditor.photoeditorpro
5e214665-60da-4840-98bb-d1be70078dc2,Awesome experience. I tried a different app at first and was so dissapointed because everything was behind a paywall. Lumii gave more functionality which really made it a enjoyable experience.,5,3,1.491.109,2022-07-11 04:37:26,,,1.491.109,pho1588,photo.editor.photoeditor.filtersforpictures
7ec09705-597d-4d24-a564-4af3a6667990,It's a good application and user friendly.,4,0,2.1.7,2023-01-09 09:32:43,,,2.1.7,pho575208,com.lightx
28a64dff-7b33-4e71-9166-b583b4df499e,this ap is very good this app name is pic art but it added many things,5,0,25.5.3,2024-08-29 09:49:01,,,25.5.3,pho77892,com.picsart.studio
26d5844f-9d73-450d-b172-c2ce0a72965b,this app is fantastic,1,0,3.13.3,2024-03-15 13:18:34,Hi Happy to hear that you find the app good :) Please let us know the reason behind this low rating at support@pho.to. We'd be happy to improve our app based on your suggestions. Thanks!,2024-03-16 02:58:35,3.13.3,pho679732,vsin.t16_funny_photo
d2ba7018-479d-40fb-92b1-4d4d7484469e,Simple & handy Thanks so much .,1,2,2.0.2,2023-08-07 01:21:33,Hello thank you for liking our products! Your evaluation is very important to us. We will continue to work hard to provide better services. Looking forward to seeing your 5-star rating. ( ) Have a nice day!,2023-08-30 06:11:42,2.0.2,pho823940,com.energysh.quickarte
9c0a77ca-4398-4e52-b59a-c3f3e024fbef,it very good app for photo editing but add is problem because photo garafer thay bont have time if Remini are help us for add all ways good Thanks Remini,5,2,3.7.171.202184772,2023-03-26 02:31:16,,,3.7.171.202184772,pho896752,com.bigwinepot.nwdn.international
af80634e-079b-4d54-a8a7-656125b63d98,One pic Enhanced 3+ adds soo bad application don't waste your internet and time thank you,1,0,3.7.361.202267695,2023-09-11 23:10:25,,,3.7.361.202267695,pho901971,com.bigwinepot.nwdn.international
36d7f7b3-516f-4c92-89c3-e2f4ad27e5a0,I really like this app. I love to take pics and have used this app a few years.,5,0,25.8.10,2024-10-02 03:58:41,,,25.8.10,pho65626,com.picsart.studio
e03e9f77-a2c7-452b-b0ed-6a298419c392,Really good.. I didn't expect it's professional level for mobile nice work,5,0,1.481.157,2023-11-25 16:42:31,,,1.481.157,pho460174,photo.editor.photoeditor.photoeditorpro
e4e13f49-7afb-4414-993d-bf3e8a3924b7,I rates this 2star because it's day by day going to be very worst version.,2,0,,2024-01-06 11:29:53,,,,pho913005,com.bigwinepot.nwdn.international
98ebc038-9f16-4e0c-beca-f6f93695a495,HOPE YOU GET SUED BC YOUR APP WAS FIN MONTHS AGO BUT NOW IT SUCKS,1,0,25.0.11,2024-06-06 14:51:08,We appreciate your feedback. Our goal is to provide the best experience for our creators and we're sorry if this wasn't the case for you. You can always view our FAQ at https://picsart.help or reach out to our Support team for more individualized support.,2024-06-18 08:40:38,25.0.11,pho115776,com.picsart.studio
06f73294-cc98-4121-b6ba-4d52990f24f1,It is one of the best photo editing apps,5,0,8.3.979,2022-07-31 23:01:35,,,8.3.979,pho288153,com.adobe.psmobile
895ebd8d-21a0-465e-8e51-b2a89cd3da96,Disgusting app!!! I think the new update was hard to use especially the cut out part. In the first day I use this app it's really nice but now it's horrible . To be honest Picsart is Amazing and Good App. But I think there's just a new changes that makes the Cut Out part horrible like when you click the tutorial button on how to use cut out it says that Just click the person button then automatically it will craft the person only but when I try it it never make any changes.,2,1,,2022-02-07 03:10:45,Hi sorry to hear that the latest update did not meet your expectations. Can you please follow this link https://picsart.support and describe in detail the issues you have come across while using the app? We would love to hear from you!,2022-02-07 03:17:44,,pho66535,com.picsart.studio
edf419e8-eb12-4bb6-aeac-a0e2106a5172,The magic remover just doesn't work. Like won't select what I'm highlighting. It's terrible.,1,1,7.3.30.205,2023-05-01 07:37:49,"Sorry for the inconvenience. If it is convenient please provide us with a screen recording or screenshot and we will locate the cause and solve the problem as soon as possible. Please click "" Feedback"" to contact us",2023-05-06 01:58:53,7.3.30.205,pho833712,com.everimaging.photoeffectstudio
bf1635d4-c2c1-4e5e-a10e-2b4269e9f92c,This app helps great with book making,5,0,3.8.5,2023-12-15 11:43:44,,,3.8.5,pho871943,com.ai.polyverse.mirror
2ce3bdb5-d80a-40c7-ab45-4ba07b5e6ae4,not easy to navigate,3,0,8.1.958,2022-06-07 13:56:17,Hey! Weve put together some handy guides you might like: http://adobe.ly/psxfaq & https://helpx.adobe.com/photoshop/using/photoshop-express-help.html If you have an issue or need help shoot us an email at PSX-Feedback-Android@adobe.com. Let us know what we can improve to create a better experience for you. We're here to assist! ^Chan,2022-06-29 09:48:08,8.1.958,pho279392,com.adobe.psmobile
fd0d4fa8-2453-4d72-8d5a-08162b5b680e,Please check your internet connection issue,1,0,,2022-08-20 14:53:14,,,,pho945694,com.bigwinepot.nwdn.international
c4387aa3-1e51-4cfc-8b34-78a9de1b8310,Great App If You Like To Edit In Detail. I May Go Pro Soon.,5,0,1.483.106,2022-04-08 22:01:16,,,1.483.106,pho6416,photo.editor.photoeditor.filtersforpictures
95f221d8-af77-4d60-aad1-b7eb6a5a4d30,This is very very bad app its not work it is not works it is very harmful app and don't download this app it was very poor app,1,0,3.12.25,2022-08-08 05:54:21,Dear user we are sorry that our app does not work on your device. Can you give us more details about your issue or contact us at support@pho.to? We will try to solve your problem.,2022-08-08 13:42:21,3.12.25,pho643595,vsin.t16_funny_photo
cbefca8f-f07e-4162-9fe9-66e5755430be,AI photos don't load,1,1,3.7.284.202223827,2023-07-08 17:01:57,,,3.7.284.202223827,pho938099,com.bigwinepot.nwdn.international
5697f68d-f512-41da-b484-a802e716639a,Nice photo editing app,5,0,,2023-06-05 09:06:33,,,,pho937262,com.bigwinepot.nwdn.international
c09c0088-f6ef-4b55-b8cb-7c26e16e4814,Its just such a good app if you need good editing download polish,5,0,,2022-12-02 10:51:35,,,,pho462231,photo.editor.photoeditor.photoeditorpro
ae6cad2c-9ad3-47b3-a8c0-b519cf5e0fc5,Nice editing work super app,5,0,1.444.145,2023-05-01 02:58:36,,,1.444.145,pho487063,photo.editor.photoeditor.photoeditorpro
e5b6a703-085b-4ccb-b34e-edeb8c497ad1,Ads were really annoying.,2,0,,2022-12-11 05:51:46,,,,pho916450,com.bigwinepot.nwdn.international
8bc834da-87ed-4206-bdff-fef257844f8c,it is a good app but watch many ads but don't wary,5,0,3.7.576.202364544,2024-03-31 21:43:32,,,3.7.576.202364544,pho910779,com.bigwinepot.nwdn.international
08a00eb5-1db9-4120-8fec-6b6113da8e8c,Don't download ONE OF THE MONEY GRABBING APP. TRASH APP NOW,1,0,3.12.62,2023-09-27 05:44:45,"Dear user thank you for your feedback. The subscription is optional and lasts only three days. You can close the banner on the start via the ""Back"" native button and continue using Photo Lab for free without access to the PRO features.",2023-09-27 09:56:43,3.12.62,pho663379,vsin.t16_funny_photo
60c6ff74-f69a-4ea7-b0e7-a4daee448257,Great for experimenting on artwork in my spare time,5,0,8.7.1035,2022-12-27 23:24:08,,,8.7.1035,pho279841,com.adobe.psmobile
1638a9cd-d275-4c6f-8ab6-8b2c7f31bf81,This app has taken money from My account Please overlook all other 1 star reviews before deciding to go ahead. Alot of people have found it hard to unsubscribe like myself. They purposely waited to respond to my emails after the subscription went through. This is a dishonest company I found this app not useful to my needs yet could not unsubscribe as you have to give credit details before even trialing the app. This company has scammed us. And will not refund. Disappointed,1,24,18.7.3,2022-01-09 06:32:56,Hi there thanks for bringing your concerns about Picsart Gold subscription to our attention. In order for us to be able to help you please drop us a message at https://picsart.help and one of our specialists will get in touch with you shortly.,2022-01-09 07:50:44,18.7.3,pho80318,com.picsart.studio
4b200c64-f514-445b-9e25-c46e34b8d708,Somephotos can be enhanced So well and some not really I think faces and people would look better then landscapes and backgrounds In overall a really nice app good UI but.our users permanent problemADS,4,0,1.7.5,2022-01-22 18:22:42,,,1.7.5,pho883796,com.bigwinepot.nwdn.international
8daf6c96-767c-4477-b8a7-38dec9fadec4,Never approve my pic what's the point i paid for the pro then?,1,0,7.5.11.22,2024-05-23 09:36:30,Hello! This is Fotor. Apologize for the issue you are experiencing. Is it convenient share more details of it? Please don't hesitate to reach out to us by clicking on the Feedback option within the app or send an email to support@fotor.com. Our team is dedicated to providing you with the support and assistance you need.,2024-05-27 21:32:58,7.5.11.22,pho834429,com.everimaging.photoeffectstudio
fd567f4f-f2da-4fe4-b4b0-38c48033ca96,Amazing App but please why isn't my short video editing isn't working?,5,0,3.12.89,2024-05-11 09:03:22,,,3.12.89,pho638096,vsin.t16_funny_photo
190ffb57-505c-4ae3-bce6-1c3b887b7f93,Lots of great enhancing effects !,5,0,1.491.109,2022-07-03 20:00:46,,,1.491.109,pho14956,photo.editor.photoeditor.filtersforpictures
a4dcb682-70b5-47dc-bc74-704684241602,The app is really good editing,3,0,3.11.12,2023-02-24 10:29:24,Dear user we care about your feelings and every little encouragement makes us better :) So if you like this app please consider giving us a 5-star rating. If you have any suggestions please let us know at support@pho.to.,2023-02-28 05:53:42,3.11.12,pho665306,vsin.t16_funny_photo
67225cd2-b5d3-4719-a15b-a1aaab2a14cf,Update is rubbish ..'base' enhance does nothing. Waste of time and exceedingly annoying adverts ..,1,1,2.2.0.202114757,2022-04-11 22:10:33,,,2.2.0.202114757,pho899459,com.bigwinepot.nwdn.international
a0c52b69-06c1-4caa-bc72-8909fed70ece,I am so happy this app,4,0,3.7.491.202323670,2024-01-14 22:33:05,,,3.7.491.202323670,pho958324,com.bigwinepot.nwdn.international
83ec7ffe-41e4-45e6-a157-aae47729d46c,This app is good working for photo editing,5,0,,2024-02-09 05:15:54,,,,pho920455,com.bigwinepot.nwdn.international
bb4e6026-45c9-44e5-a0f9-5f705fbf20f4,It's really good and most perfect app,5,0,,2024-08-23 02:45:20,,,,pho647629,vsin.t16_funny_photo
18c7ecd1-906d-4c09-8fc1-ac6d8209db6f,This a best aap but sometimes doesn't work as like now my problem that it is doesn't work plz take action on this app,1,0,3.0.38.202125050,2022-06-29 05:33:06,,,3.0.38.202125050,pho901996,com.bigwinepot.nwdn.international
cbf79c7c-11e1-4b55-89bf-0aba7a19cffe,it's cool but again people will not be able to recognize u in person be very careful wen u using it,5,3,3.12.68,2023-09-08 17:29:07,,,3.12.68,pho643107,vsin.t16_funny_photo
d96c3c22-d7b6-4913-9774-4153215fbca9,I completely understand the ads with the free version but this new bs that you cant get out of without being forwarded to a friggin app store and the unnecessary annoying music in every one is a deal breaker. This is by no means a good enough app to deal with that. Have to remember to turn media volume off before using. See ya.,2,131,1.481.104,2022-02-21 15:24:27,Hello I am sorry that the voice of the advertisement is too big to bother you. We will improve this problem.,2022-02-21 21:31:19,1.481.104,pho391,photo.editor.photoeditor.filtersforpictures
b34e6feb-c660-48c7-86eb-8d77fb04e7dc,Awesome app for editing pics especially if your one that has a eye for detail and design. I use this app and PhotoFox as well and they both have a lot of options and a lot of different characterists for each app separately. Basically for the few things I may not be able to use in the one I can use in the other one. Which in combination it gives you great potential and concepts for detailing your photos and editing plenty of other designs posts memes and more. I would definitely recommend.,5,3773,3.12.15,2022-05-14 21:16:20,,,3.12.15,pho630064,vsin.t16_funny_photo
7c6da841-7785-4ca5-82ea-4ab6e4c94395,Its Sucking too much storage ! If You Trying A High quality Image Drawing. You are Losing your time and project too! Every time I started work with Free Storage up to 35 GB Internal memory. But Crashing down at un complete Drawing and its gone Lose! Why its happens?,1,1,,2022-04-21 04:51:52,Hi please note that the size of the app itself is not too big. However a bit of storage is taken up by the drafts you have saved your projects and installed packages. So to reduce the app size you need to delete the drafts projects and packages you don't need anymore. To free up some space you can also delete app cache and data.,2022-04-21 05:32:11,,pho75112,com.picsart.studio
202d18bb-3fd1-427a-82c2-2a288826d20e,I clicked the big green button to purchase the 7 day free trial and somehow ended up getting billed for an entire year. Went on the website to see rules for refunds and apparently you can't get a refund if the purchase has gone through which is really upsetting.,1,4,19.6.1,2022-05-06 01:43:20,Hey we understand how frustrating it must have been and are thankful for bringing this up. In order for us to be able to assist you properly please make sure to send us a message at picsart.com/support so that we review your subscription-related information in further detail to understand the cause of the charge.,2022-05-06 04:24:26,19.6.1,pho70932,com.picsart.studio
ad7edca5-9de7-4e57-a978-7e421612a095,I love it for editing pictures it's great,4,0,24.7.4,2024-04-19 15:50:42,,,24.7.4,pho124346,com.picsart.studio
15781f61-b657-4bee-b141-388f6096e657,it's fun and entertaining.,4,0,3.12.68,2023-09-27 11:09:16,,,3.12.68,pho671016,vsin.t16_funny_photo
98537a6e-bf7b-46a5-ad21-5e446eaca8ca,love the quality but too many ads,3,0,2.1.0.202111508,2022-03-29 02:39:11,,,2.1.0.202111508,pho915459,com.bigwinepot.nwdn.international
ba4df16d-ed0d-478d-be74-6ef8645e7355,Can't do everything but what it can do is amazing,5,0,7.4.11.23,2023-12-22 09:20:33,,,7.4.11.23,pho835436,com.everimaging.photoeffectstudio
d5ebb8e2-50b6-4af0-a850-e226b5dbbdc0,Recent update was very bad photo upload essu cleaning essu so late uplod and making,1,0,2.2.0.202114757,2022-04-13 14:53:21,,,2.2.0.202114757,pho910405,com.bigwinepot.nwdn.international
d24f63ec-9286-43f0-9f91-3429e8ee60f0,Awesome app easy to use. Recommended!!,1,0,1.483.106,2023-07-10 13:47:01,Hi good day to you we really appreciate your feedback. Would you leave us a nicer review or let us know how to provide you with a better editing experience? You can send some suggestions to our email: lumii@inshot.com this is really helpful for us. Thanks and have a nice day.,2023-07-10 22:38:34,1.483.106,pho10987,photo.editor.photoeditor.filtersforpictures
9693a8d5-8a85-43f0-a8e6-5fd205fdc92d,It's really a good app.enjoyable and very useful.,5,0,,2022-05-04 08:30:55,,,,pho127856,com.picsart.studio
a19da31e-ac9d-44dc-8c72-4bab915d5cc2,A lot of add. The app is good and works well. But so many adds,1,2,1.6.6,2022-03-17 03:26:29,,,1.6.6,pho901067,com.bigwinepot.nwdn.international
3ccec529-b25a-4331-9113-37c268452cb0,Refused to cancel my subscription,1,0,,2023-10-31 01:07:27,,,,pho960270,com.bigwinepot.nwdn.international
5d57721f-e875-4187-9890-27f9834428cd,You are very good at cleaning photos,4,1,3.7.570.202360606,2024-03-26 23:11:36,,,3.7.570.202360606,pho922171,com.bigwinepot.nwdn.international
0d512f50-b037-47c8-9593-b3328e18550e,this app is very nice clear the picture,5,0,3.7.131.202175647,2023-03-01 22:28:43,,,3.7.131.202175647,pho932734,com.bigwinepot.nwdn.international
e777c9f3-4605-4102-82d3-f391ac90906c,This is my favorite app for editing pics due to its many editing options. I strongly recommend it for editing pics.,5,0,1.417.127,2022-07-30 05:46:33,,,1.417.127,pho449367,photo.editor.photoeditor.photoeditorpro
11f08f7a-226e-48dc-8d8a-320aafea6db0,There is nothing of any kind in the app except one. It only has a video editor along with photos. In which we can bring quality up to 4K and 8K in video.,5,5,1.567.181,2024-08-28 13:21:48,,,1.567.181,pho441557,photo.editor.photoeditor.photoeditorpro
56b8fd02-15f8-4bfb-a527-99232b6e27ac,I love this app because it's easy to edit photos,2,0,20.7.3,2022-10-15 23:41:45,We're always happy to hear that Creators are enjoying Picsart (and love Picsart as much as we do)! If you ever need any help you can find us at https://picsart.help.,2022-10-17 04:06:41,20.7.3,pho134537,com.picsart.studio
8cf70456-9c38-4069-8eeb-9479966e4e17,Awesome Wonderful experience. Enjoying every bit. My only request is if you could keep adding new fonts like you keep adding new features each time. Just loving it,5,3,22.7.4,2023-07-20 12:05:51,,,22.7.4,pho85647,com.picsart.studio
901f2025-78a8-4ff2-8f17-40f2bd03e974,Bad app worst application ever too much adds so free trial,1,0,,2023-08-29 16:28:10,,,,pho920135,com.bigwinepot.nwdn.international
c52c80b0-5e6c-41cd-884f-f8e9a6dd06d6,The new update sucks.,1,0,2.0.5.202108955,2022-02-28 20:42:26,,,2.0.5.202108955,pho944358,com.bigwinepot.nwdn.international
d3066019-3708-46b1-b30b-034f3793765e,That's a great app in the editing case I enjoy using it because it allows you to edit offline with a lot of options,5,14,1.641.153,2024-06-17 12:24:22,,,1.641.153,pho199,photo.editor.photoeditor.filtersforpictures
3ba9db0a-9d40-42fc-b4d1-212e96843b69,Doesn't work it became very bad,1,0,,2023-11-26 17:19:37,,,,pho925355,com.bigwinepot.nwdn.international
6855d5a0-1add-4f8c-9c35-67eda685b44a,good and very beautiful to use,3,0,,2024-02-28 16:48:17,,,,pho676301,vsin.t16_funny_photo
b73d6b47-8b63-41b5-ad4e-7129c21b9be0,This app is really great no issues using it. Am a graphic designer but this app makes work easier am in love with this.,4,11,3.12.15,2022-05-09 19:33:20,,,3.12.15,pho636448,vsin.t16_funny_photo
eb81cb3f-df14-413a-a230-48bb39d5eb28,Great Editor I love this,5,0,1.551.124,2023-06-04 13:43:49,,,1.551.124,pho15477,photo.editor.photoeditor.filtersforpictures
5e871e8a-3f00-4c8c-8e25-a6ad1bb1cc05,They will most likely delete this review anyway. But here's my 2 cents. I wish i could literally rate it less than 1 star. The app is incredibly broken all i wanted was to cover a text and write something else above it. It took me 30 minutes to cover the text with white because the color palette is broken. Could hardly select white. After that I spent another 30 trying to make the text black. Its incredibly buggy I would literally select BLACK from the color options and it would make it white,1,2,,2022-03-02 17:33:47,"Thanks for the feedback - we'd love to look into this for you. Can you please send us an email at support@picsart.com with the subject line ""App Store Review""? Our team will investigate and work on a fix for you.",2022-03-03 02:06:09,,pho66775,com.picsart.studio
21cbb160-8e21-462a-a579-1e9111e51d7e,You only watch ads not a photo editing app,1,0,1.2.7,2024-06-23 02:17:35,,,1.2.7,pho1055378,com.ai.avatar.face.portrait.app
5c1fb416-2cc4-446c-a1c3-8c20032343b0,this app is fire,3,0,3.12.80,2023-12-03 21:04:38,,,3.12.80,pho712938,vsin.t16_funny_photo
ceb19109-1a16-4cd1-957c-bb1ac1377841,Excellent Photo enhancer app,5,0,3.7.296.202233798,2023-07-17 02:31:14,,,3.7.296.202233798,pho926161,com.bigwinepot.nwdn.international
78069c43-c92e-48c6-ba8c-1f2929e51dbf,Designing made easy!!! Love it!!!,5,0,18.9.3,2022-02-02 21:31:36,,,18.9.3,pho117242,com.picsart.studio
9103b6ae-a47b-4de6-b78e-d40f7fc0918e,All I needed was something straightforward to crop a screen shot from my phone. Canva not at all. This app: easy and done in a minute. Thank you!!,5,1,1.395.116,2022-04-17 19:21:36,,,1.395.116,pho445368,photo.editor.photoeditor.photoeditorpro
70ee1643-7ecf-49e5-ad96-e61f82c6df4f,By far the most satisfying photo editor I have ever used! GREAT JOB!,5,0,1.424.132,2022-08-25 00:42:45,,,1.424.132,pho458219,photo.editor.photoeditor.photoeditorpro
e672cf19-098a-4e6e-b2d9-c8ba5f6652a8,Nice app so very good editing photo,2,0,,2022-03-17 10:48:22,,,,pho926906,com.bigwinepot.nwdn.international
1946af7d-a9f5-4566-8760-492ff0fea26c,I love it it helped Me form a simpsons thing that I was doing and it had all the characters I was looking for it's a 5 star from me,5,0,21.3.9,2023-01-04 18:28:35,,,21.3.9,pho117309,com.picsart.studio
e4e3eb6d-76e2-4cc7-96fb-2d80e25babd7,Old version was good totally wrost the new version,1,0,,2022-07-03 04:18:39,,,,pho924223,com.bigwinepot.nwdn.international
8aff0bdc-9ba6-4b7f-a280-1fb9123cac44,I read some reviews before downloading but apparently people don't know how to write reviews correctly. One important thing that would help others out is the details of this app is NOT free at all. As soon as you sign in it asks how you want to pay but there is a free 7 day trial. Who knows how they are when it comes to cancelling. I'm not willing to find out. Oh well my life will go on without this app just fine.,2,5,18.9.3,2022-02-12 18:26:08,Picsart will always offer a free version of the app and it's not required to subscribe to Picsart Gold. If you choose to subscribe to Picsart Gold you'll always get an ad-free editing experience full access to our video editor and all of our premium content. You can learn more about the benefits of Picsart Gold at https://picsart.help.,2022-02-13 03:02:28,18.9.3,pho72342,com.picsart.studio
83f171d5-b4cb-4038-93f0-97bd28244782,No brush tool. Don't waste your time. Default photo app on my phone does more than this app.,1,1,,2022-12-29 18:40:51,Hey! Weve put together some handy guides you might like: http://adobe.ly/psxfaq & https://helpx.adobe.com/photoshop/using/photoshop-express-help.html If you have an issue or need help shoot us an email at PSX-Feedback-Android@adobe.com. Let us know what we can improve to create a better experience for you. We're here to assist! ^Chan,2023-01-02 19:56:34,,pho268127,com.adobe.psmobile
aa7e2b03-8f95-4e40-8a09-7a736555d8cc,Awesome free editing features available so many cute filters on free version a ton of other tools available that I have no idea how to use yet,5,29,1.540.122,2023-01-31 23:03:02,,,1.540.122,pho2127,photo.editor.photoeditor.filtersforpictures
ba84e405-c9db-4e40-95c2-f053a6a9922f,servers are not busy the app is just broken,1,0,20.0.2,2022-07-02 13:37:22,"Thanks for the feedback - we'd love to look into this for you. Can you please send us an email at support@picsart.com with the subject line ""App Store Review""? Our team will investigate and work on a fix for you.",2022-07-04 08:33:39,20.0.2,pho128461,com.picsart.studio
b5f40143-47b1-4479-a822-2f026d3333bc,the app is a cool editor. but I suggest nobody gets the subscription. you will never be able to cancel it and it will consistently charge you from your bank account without you even knowing. I have emailed them time and time again about this issue and nothing ever was resolved or changed. I literally have to go through the extra trouble of changing my bank account and card. so I will never be using this app again.,1,4,17.6.2,2022-07-16 07:29:06,"We'd love to look into this for you. Can you please email us at support@picsart.com with the subject line ""App Store Review""? Our team will investigate and work on a fix for your Gold subscription.",2022-07-18 10:51:04,17.6.2,pho63608,com.picsart.studio
112eb7bc-2a10-4d6d-827b-51faf4fc8a6d,This app is really good,5,0,1.51.163,2024-03-03 01:25:04,,,1.51.163,pho504488,photo.editor.photoeditor.photoeditorpro
acc8a8c0-3247-4130-a4a2-76319969d406,cool app in free mode the ads are ridiculous.and pay is subscription so no.,2,1,3.12.37,2022-12-05 13:46:47,"Dear user thank you for your feedback. The subscription is optional and lasts only three days. You can close the banner on the start via the ""Back"" native button and continue using Photo Lab for free without access to the PRO features.",2022-12-08 06:33:03,3.12.37,pho640007,vsin.t16_funny_photo
95514e83-38fe-4a62-a43f-3b50651d9f72,20 pics per day dapat,5,0,1.7.4,2022-01-10 01:51:42,,,1.7.4,pho970855,com.bigwinepot.nwdn.international
0b524762-9fc3-40ae-9863-3138743e58fa,Enhanced my pix so nicely,5,0,3.7.749.202432148,2024-09-01 03:37:48,,,3.7.749.202432148,pho891489,com.bigwinepot.nwdn.international
cf13e8c2-99b7-49f0-934c-077734534bf5,It is easy to use and fun to adjust photos from the phone worth the $ for the extras,5,0,,2023-10-21 11:52:07,Hi Amanda! Thank you for your positive review! We truly appreciate your feedback and are thrilled to hear that you are enjoying our app. ^DC,2023-10-27 16:47:08,,pho265844,com.adobe.psmobile
75322647-d062-4e4d-a7e2-693ae4901c0a,Used for years free version adds very annoying. Features/tools/fonts that used to be free to use aren't any longer. The subscription is way to expensive. So UNINSTALLED and am now thrilled to have found POSH! Does more for free and with better results!,3,0,15.4.6,2022-04-18 13:29:03,Picsart will always offer a free version of the app but we also offer premium features for Gold subscribers. Premium features are identified with a gold crown. To save your edit make sure you're only using free features or learn how to subscribe to Gold at https://picsart.help.,2022-04-17 10:11:20,15.4.6,pho68556,com.picsart.studio
edd3ca79-0a45-484c-b8b3-18e1198483e9,Amazing app. Nothing bad to say about the APP. But the ads have recently gotten much more aggressive. And with the definitely intentional small exit buttons that are almost impossible to miss and open up apps and pages majority of people don't care about it's gotten extremely irritating to use. uninstalled and hopefully I'll find a better alternative instead of constantly dealing with impossible ads after editing.,4,26,1.27.63,2023-01-20 02:08:49,,,1.27.63,pho441216,photo.editor.photoeditor.photoeditorpro
e6731055-1123-45b8-bdb0-51aaaf47556f,Everything on here is perfect for what I was wanting!,5,0,1.393.114,2022-01-10 20:37:32,,,1.393.114,pho495640,photo.editor.photoeditor.photoeditorpro
ea6d0516-ef03-4fa5-9104-b84459c2e682,Great app easy to use,5,0,1.417.127,2022-09-14 05:36:37,,,1.417.127,pho492611,photo.editor.photoeditor.photoeditorpro
902c3e67-d12a-493e-8497-f32291d780dc,You have to have a subscription to use anything,1,1,3.7.289.202228637,2023-07-11 23:41:28,,,3.7.289.202228637,pho926037,com.bigwinepot.nwdn.international
5ee54cb6-8952-4da0-ae9b-2aa7af5742b1,Good app working fine unlocking premium package there should be moderate consideration for affordability,5,2,1.563.177,2024-08-01 03:32:09,,,1.563.177,pho443983,photo.editor.photoeditor.photoeditorpro
d7fb62a0-0895-4ae8-9480-33842ef04c27,it is a really nice app you you can clean your photo like you have capture in high quality camera,1,0,3.7.573.202363066,2024-03-29 07:51:16,,,3.7.573.202363066,pho902356,com.bigwinepot.nwdn.international
8d4283c1-aa53-46c5-9cd3-2d10a40ee671,So maldy ads and bugs pls fix tis,1,0,22.9.5,2023-08-19 04:36:33,You can always find help and more information at https://picsart.help. If that doesn't help your issue you can reach us at support@picsart.com.,2023-08-22 03:06:25,22.9.5,pho140506,com.picsart.studio
dbc1b210-b30a-4874-b5d8-711088952b2e,I'm brand new to this app and still have lots to learn. But so far I am thrilled with the options and ease of use.,5,0,1.402.119,2022-04-03 10:18:07,,,1.402.119,pho455448,photo.editor.photoeditor.photoeditorpro
125140ac-137b-4d66-a6b2-92bf0654d3a0,Disappointed that I am no longer able to use without paying a monthly or yearly fee. Been using for over a year and thought the app was great. I understand charging for upgraded features or extra content to support the app but unfortunately the app features that used to be free no longer are. I will be uninstalling.,2,39,8.0.929,2022-03-10 10:32:41,,,8.0.929,pho256887,com.adobe.psmobile
98d616bf-09cb-47f1-8ebf-d89cb41f3ac8,"always saying ""oooops! something went wrong"" after uploading a picture. this app is great before but now i can't use it.",1,1,3.1.44.202128750,2022-07-06 04:05:43,,,3.1.44.202128750,pho894075,com.bigwinepot.nwdn.international
8571d448-16fa-4528-8b80-8724637ee355,I had use this app for almost a decade and something as simple as applying a watermark and wanting high quality photo export is now considered premium. How atrocious.,1,2,8.2.970,2023-03-30 15:26:18,,,8.2.970,pho261106,com.adobe.psmobile
e98ed297-38dc-4080-b07f-09b5db306f31,"Used to be great. Remini please pay attention to your app rating comments! Remini's ratings used to be above 4.5 stars; there's a reason for drop. I paid for the subscription because I loved the app and support from the positive reviews but then they ""updated"" it and it went downhill; some cool features/options were taken out and it just hasn't been the same.Updates supposedly should make things ""better"" but end up getting less. Unsure about continuing.hopefully Remini will listen & fix.",2,33,2.0.7.202110813,2022-03-20 19:53:59,Hi Edward were sorry to hear that you decided to uninstall the app. We'll gladly treasure your feedback for our future updates: we always pay careful attention to our users point of view and were constantly working on new features. We Stay tuned with the upcoming releases! We hope to welcome you back soon.,2022-03-25 06:18:09,2.0.7.202110813,pho879106,com.bigwinepot.nwdn.international
d715f78f-1a1c-48a5-a1b5-6a0940d381db,Only 50 videos conversion for a month and half of the video got stuck and didn't even processed.,1,0,3.1.1,2023-06-15 00:15:25,,,3.1.1,pho831283,com.pixerylabs.cloneai
10cb8d09-d44d-41cc-bb91-89147328cdc7,The apps been free for years and now even to do the simplest edit you have to pay to save the file (but you still get ads?) Uninstalling.,1,0,20.0.2,2022-06-24 11:54:26,Picsart will always offer a free version of the app but we also offer premium features for Gold subscribers. Premium features are identified with a gold crown. To save your edit make sure you're only using free features or learn how to subscribe to Gold at https://picsart.help.,2022-06-27 04:42:40,20.0.2,pho82359,com.picsart.studio
46324c3b-7d83-47fe-9d4c-22a53fec0cb2,There is no paint anymore,1,1,1.7.5,2022-01-21 02:25:55,,,1.7.5,pho969659,com.bigwinepot.nwdn.international
83138ef1-dc88-4e30-bbc6-c0198f4084fc,Does the job. Desktop is better though lol.,5,1,1.453.149,2023-06-07 08:55:51,,,1.453.149,pho471647,photo.editor.photoeditor.photoeditorpro
73712ee4-fc63-4930-b698-175176a6359d,absolutely amazing features free. I definitely look better when I've used this app,5,0,7.3.31.208,2023-05-25 09:26:34,,,7.3.31.208,pho834051,com.everimaging.photoeffectstudio
35af1eb6-0996-428f-af2a-f13546a0d47d,Best app for me!! I feel I can do everything with app. Veryuseful!!!,5,1,1.453.149,2023-06-16 05:25:35,,,1.453.149,pho460078,photo.editor.photoeditor.photoeditorpro
5cadb976-4d74-4f66-804c-1d331f55d200,OK it was amazing at first. But it started becoming GREEDY your tell me I have to pay a subscription fee just to have more then 5 stickers? AND HALF OF THE ITEMS ARE PREMUIM this is just a scam I don't recommend I recommend a different app that doesn't hog all your money,1,0,,2024-05-30 17:57:21,We appreciate your feedback. While some features are paid we also offer many free options to enjoy. Your satisfaction is essential to us and we're continuously working to improve your experience. If you have any specific suggestions on how we can make the app better for you please let us know by contacting us at support@picsart.com.,2024-05-31 04:55:50,,pho78104,com.picsart.studio
11ae8335-ff80-4444-ab88-690d09525774,I love this app. I have been able to improve my creative process so much with this app. It all comes together beautifully. It does take some time to learn how to use all the features but worth it in the long run.,5,1,1.436.140,2023-01-29 21:09:30,,,1.436.140,pho449265,photo.editor.photoeditor.photoeditorpro
300d8865-889c-4cf3-96ef-447a51dcc7c4,Pro version works well very few glitches. Could use some play back settings such as being able to turn off looping after playing once or twice. Could also use the ability to adjust the speed of 3D & Movie display from slow to fast and finally the ability to work with multiple layers.,4,6,,2024-06-02 16:47:11,Thank you for your feedback! We're glad you enjoy the Pro version. Your suggestions are great and we will consider them for future updates. If you enjoy the app a 5-star rating would mean a lot to us!,2024-06-03 03:37:44,,pho796620,com.vimage.android
7355fc59-3dce-42dd-a590-cbb6e8fb043f,Very bad app always ask purchase money,1,0,,2024-08-26 12:38:26,We appreciate your feedback. While some features are paid we also offer many free options to enjoy. Your satisfaction is essential to us and we're continuously working to improve your experience. If you have any specific suggestions on how we can make the app better for you please let us know by contacting us at support@picsart.com.,2024-08-30 02:53:26,,pho118236,com.picsart.studio
380c2178-0e0a-4445-b2a5-96bb809e5790,"Bakwas app Istemaal se pahle paise maangta hai Ad ad every step ad ad on ad+ subscription means hi paisa.. hi paisa.. #APNASAPNAMONEYMONEY"" #MONEY #HIMONEY Rubbish app "" It asks for money before using it Ad Ad every step is Ad Ad + subscription means only money.. only money..",1,0,3.7.604.202374942,2024-04-29 00:03:59,,,3.7.604.202374942,pho885348,com.bigwinepot.nwdn.international
1c143be0-a499-4218-96eb-4f4da1e6b877,So far so good it has pretty good effects for free. I'm still trying it out,4,0,1.472.155,2023-10-24 15:57:04,,,1.472.155,pho472693,photo.editor.photoeditor.photoeditorpro
d2f0a7c7-c917-429e-96e1-f371ad71a4a0,Nice editing app fir photo and videos,5,0,,2023-11-09 07:17:58,,,,pho482506,photo.editor.photoeditor.photoeditorpro
959efef5-cda9-42bb-8cb4-1a97470fad91,Used this app for probably ten years now and since I discovered picsart I have never used other editing apps again,5,0,18.7.3,2022-01-03 05:52:42,,,18.7.3,pho107548,com.picsart.studio
cc78ac70-56d8-4539-beb0-baa2b60c0fd2,Pls suggest how to stop this app update. Even i uninstall this app but still showing pending.pending.,1,0,20.3.2,2022-08-04 14:21:23,"Thanks for the feedback - we'd love to look into this for you. Can you please send us an email at support@picsart.com with the subject line ""App Store Review""? Our team will investigate and work on a fix for you.",2022-08-05 04:07:34,20.3.2,pho107969,com.picsart.studio
38de9a6a-ff77-411b-93b9-1008a50510fa,This is the best app for photo editing,5,0,1.462.152,2023-06-30 12:51:08,,,1.462.152,pho480907,photo.editor.photoeditor.photoeditorpro
74dd750f-e17e-4128-a64a-edfd2ce9299c,4 stars because some picture was totally crazy but afterall it looks niceeee i love this app!!! you must download this!!,4,0,1.7.1,2022-01-15 13:58:07,,,1.7.1,pho902050,com.bigwinepot.nwdn.international
6585ee01-98f1-4d75-b931-ec8df36b3bbd,I download it and feel like its awsome but delete it because of to many ads,1,0,,2024-08-23 11:51:20,,,,pho898717,com.bigwinepot.nwdn.international
dd22d835-eca8-4f2f-98d4-d6f12e2b57f0,It is very nice and easy to use It has a lot of good looks,5,0,3.12.73,2023-10-30 10:51:08,,,3.12.73,pho651665,vsin.t16_funny_photo
6f899f9a-7dce-47ec-9e6b-96f109593522,Please I want a refund for this app. After the 7days trial I tried to unsubscribe but it was failed. I have an email to the developer but it was an automatic reply Please respond to my email and review carefully my request.,1,1,21.2.6,2022-12-19 06:44:55,"We'd love to look into this for you. Can you please email us at support@picsart.com with the subject line ""App Store Review""? Our team will investigate and work on a fix for your Gold subscription.",2022-12-19 09:35:48,21.2.6,pho89694,com.picsart.studio
e0551acb-0e02-4eb3-a9fc-ba81f46dd5a9,Difficult to use on a phone,2,0,13.0.360,2024-04-21 18:53:05,Hi there! Thank you for reaching out to us. I am sorry that you are facing difficulty to use the app. Please check our guide for the app [https://helpx.adobe.com/photoshop-express/get-started-android.html]. If you need further assistance feel free to write back. ^DC,2024-04-22 10:24:15,13.0.360,pho274945,com.adobe.psmobile
b77e1fc8-32b5-4993-860a-e2d34c637fc6,This app is very nice app this app for Android iPhone all mobile devices,5,0,1.51.163,2024-03-18 22:32:08,,,1.51.163,pho478680,photo.editor.photoeditor.photoeditorpro
62bf6124-e4b9-4f5b-ad51-0655961608dd,great experience so far,4,0,3.12.69,2023-09-27 12:58:34,,,3.12.69,pho680478,vsin.t16_funny_photo
5bf85f71-74a5-4a9e-aa35-4badf70cbaa7,This app is the best app I liked this app works awesome work and parfect edit photo love this app,5,0,3.4.1.202137084,2022-10-07 17:21:07,,,3.4.1.202137084,pho911064,com.bigwinepot.nwdn.international
c1055495-dbba-4657-b134-891cee0a8bb7,Hello i want to review your app honestly I like your software very easy to use. But whenever i save my edit it says pays the *Pro or plus* but i didn't even use pro items please fix this issue. Im getting pissed off and my school works too. If this is not fix for before 1 week i might change another app.,3,7,25.7.6,2024-09-14 07:55:24,,,25.7.6,pho64862,com.picsart.studio
abb7f179-13b1-460d-9146-80c9d6636f34,This is a very good editing app,1,0,1.53.166,2024-06-18 04:43:10,Hi Arjya Patra thanks for your review. Happy to hear that you find the app good. If you like the app could you please give us 5 stars? That would be very encouraging for us. We will keep going and delivering the best. Many thanks in advance.,2024-06-18 22:39:45,1.53.166,pho468589,photo.editor.photoeditor.photoeditorpro
a163a7d9-a881-435c-b625-f09729fb27a5,Used to love this app. Used it for years and now: Well you can't do ANYTHING because whenever you want to save something they want you to PAY. Literally picsart? WHY? WHY??? Useless app until you pay like 40$ a month or whatever that was. I'm disappointed.,1,1,24.7.4,2024-04-19 03:19:11,Picsart will always offer a free version of the app but we also offer premium features for Gold subscribers. Premium features are identified with a gold crown. To save your edit make sure you're only using free features or learn how to subscribe to Gold at https://picsart.help.,2024-04-25 03:04:49,24.7.4,pho73551,com.picsart.studio
8b8c7ecd-a8af-4d8f-b17a-4242b0de86de,very good.but ad.too horrible,5,0,1.424.132,2022-08-24 00:59:19,,,1.424.132,pho495235,photo.editor.photoeditor.photoeditorpro
e9eb373f-12d8-4ed2-9793-60aba18cf364,You have to put in credit card information before using the app,1,0,18.7.3,2022-01-12 22:35:15,Hi Picsart is free to download and offers many wonderful features you can use for as long as you like without subscribing to Picsart Gold! With Gold on the other hand you get an ad-free experience have access to 3 000+ premium stickers filters fonts video editor & more. Learn more here: https://support.picsart.com/hc/articles/360002231997,2022-01-13 02:44:29,18.7.3,pho138886,com.picsart.studio
396a1b1a-d124-4957-8ee3-97b9aa60fbf3,Terrible filled with ads I couldn't do anything and to load a photo it takes forever. Worst photo app I ever tried.,1,0,,2024-09-07 13:45:16,Hi J thank you very much for your feedback. We will keep working to bring you an even better experience. Also please let us know if you have any suggestions for improvement at polish@inshot.com. We will keep improving the app. Thank you.,2024-09-08 23:30:32,,pho445220,photo.editor.photoeditor.photoeditorpro
9a9286ae-bb29-4698-8fd2-9473ee98e45a,gajab hai ye app,5,0,3.7.599.202373567,2024-04-26 02:12:09,,,3.7.599.202373567,pho1026292,com.bigwinepot.nwdn.international
bb0b6645-62d9-449e-8464-7d0381e1bc18,Stop advertising pay to use app as free. it makes me want to give your company less of a chance because it's so slimey. I'll go with an actual free to try app thanks,1,0,,2022-10-09 16:03:46,,,,pho95910,com.picsart.studio
5e498de0-c875-40a4-aed7-99c0521e50bd,Changing my rating from a 5 star to 2. I have no problem with the pop-ups asking to pay for premium. It's one of the least intrusive Ai picture apps in that aspect. In that same notion I appreciate the amount of free to use filters/effects as well. But within the last couple updates the app is almost unusable for me. I select a picture and load to the crop screen it DRASTICALLY DROPS THE QUALITY. I'm talking med-hi and hi to very hi resolutions being dropped down and becoming super pixelated.,2,133,3.1.6,2023-07-31 21:42:15,Our team is working diligently to address this issue and we hope to provide a fix in the next update. In the meantime we appreciate your patience and understanding. If you have any further concerns or feedback please don't hesitate to reach out to us. We value your input and are committed to providing the best possible experience for our users.,2023-08-01 03:56:46,3.1.6,pho867453,com.ai.polyverse.mirror
30808288-83e6-4adb-aff8-cda07b0eed5b,love this app I can play with this all day,5,0,3.12.6,2022-03-17 15:04:30,,,3.12.6,pho662687,vsin.t16_funny_photo
34fc9eda-1db4-4924-9f19-4f6cae9865df,This app is not working Waste of time,1,0,3.7.690.202408149,2024-07-10 06:47:14,,,3.7.690.202408149,pho896913,com.bigwinepot.nwdn.international
17efe84e-c17e-45f5-9149-8aac223e25a7,My 3 day trial lasted 48hrs I actually don't think this app is very good and wasn't going to subscribe.,2,4,3.13.26,2024-08-31 02:13:26,Dear User thank you for your comments and feedback. We would like to support you with this issue and so wed appreciate it if you could write back to us at support@pho.to.,2024-09-04 10:59:40,3.13.26,pho630377,vsin.t16_funny_photo
ee4c9369-a4e1-49c8-926b-4b886c01af66,"Ive been using certain filters for a photo set i started editing and they updated it and not only broke the filters section as i click on sections and it bounces the wrong way or displays incorrectly at the bottom but they REMOVED a bunch of filters i was using and now i cant make my set match and im just left with half a set that is useless if i dont completely start over. And no dont reply and lie to me theyre there ""spring"" filters are gone Dont lie. And the app is buggy as hell now.",1,150,1.500.111,2022-07-14 14:55:46,"Hello you can uninstall and reinstall first (all data will be cleared) the ""SPRING"" filter is currently ranked after the ""EURO"" filter and before the ""INS"" filter. If there is still a problem can you send us the screen recording of the problem click on the in-app settings - feedback and send an email to lumii@inshot.com we will solve it asap",2022-07-14 22:31:34,1.500.111,pho307,photo.editor.photoeditor.filtersforpictures
cb325705-fb55-4a5c-832a-66a2ccacc3c2,This app is one in a million.,3,0,,2023-10-20 04:06:31,Hi Umeofor Martina thanks for your review. If you like the app could you please give us more stars? Also please let us know if you have any suggestions for improvement at polish@inshot.com. We will keep improving the app. Thank you.,2023-10-22 23:45:01,,pho539815,photo.editor.photoeditor.photoeditorpro
396694f4-c8a3-4279-9316-b38056049ca5,Super nice editing app,5,0,,2024-05-25 11:04:12,,,,pho928375,com.bigwinepot.nwdn.international
80c73031-085c-4f2a-b330-8e438f1a5c0a,Very bad experience with app,2,0,,2023-04-14 00:20:43,,,,pho940447,com.bigwinepot.nwdn.international
16f3b372-704f-4283-8e4e-2521726605c6,They have beautiful images and charges no money,4,0,3.12.89,2024-01-27 21:24:07,,,3.12.89,pho660009,vsin.t16_funny_photo
55e7388a-9412-422e-bac9-34a37aee2893,Why in our remini app paint future removed as i love it somuch and so many peoples do plz re add paint future,5,0,,2022-01-26 08:36:30,,,,pho917479,com.bigwinepot.nwdn.international
5b47dab2-6b04-4366-964e-a96a0c0391ad,Please remove watermarks from the weekly subscription . What is the whole point of paying if there is still watermark,3,0,3.7.302.202236054,2023-07-18 17:48:19,,,3.7.302.202236054,pho902375,com.bigwinepot.nwdn.international
0af96a5b-27ad-4c0b-87c3-e842135b297f,This app has a great potential in appearance but when it comes to do the job I'm afraid is pretty bad. Adds appear all the time. Different icons don't work. It easily creash. A complete disaster. I guess there is not a substitute for photshop computer application.,2,8,17.8.0,2023-04-18 03:40:44,"Hi Carmela have you tried restarting your device & reinstalling the app (remember to backup files if needed)? If the problem persists please tap the button on the upper left corner of the app homepage & use the ""Send Feedback"" to contact our support team or ""PhotoDirector_Android@cyberlink.com"" with more detail & issue screenshots(if any).",2023-04-18 22:29:56,17.8.0,pho144613,com.cyberlink.photodirector
fd6f91e9-d620-4c84-b30b-8e5c4f813ab8,Omg Master class app Its amezing,5,0,,2023-10-05 18:17:02,,,,pho976219,com.bigwinepot.nwdn.international
df37026d-7a76-4399-a591-c7060cb4d555,I really like it but there's 2 things i wish it could do. I can't paint on filters it's either the whole photo filter or no filter where I like to use the filter on only specific spots on a photo. And I can't change colors of things in the photo. Otherwise I'd give it a 5,4,33,1.491.159,2024-01-14 11:13:30,,,1.491.159,pho443760,photo.editor.photoeditor.photoeditorpro
da62d620-d4c6-4aab-8d1e-1c5fb23f02a6,i hate the new version.,1,0,2.0.5.202108955,2022-03-03 01:46:35,,,2.0.5.202108955,pho973728,com.bigwinepot.nwdn.international
0279a914-f685-423e-a5cb-e782b192a612,Old version is the best new abate not working,1,0,,2024-01-19 10:59:37,,,,pho937138,com.bigwinepot.nwdn.international
2960d87b-175b-48db-a4ad-4a918830da78,Very beautiful photo editing,1,0,,2024-08-30 10:36:44,,,,pho908220,com.bigwinepot.nwdn.international
5d44afb5-b676-4bbb-950f-562a3a01cb96,it's not letting me download the videos,3,0,3.0.0,2024-06-26 04:21:08,,,3.0.0,pho830174,com.codeway.videoapp
f0014969-0ee9-489f-b066-357da75eead5,lowers the quality of your image just to force you to sub.,2,0,21.3.9,2023-01-11 05:18:12,We appreciate your feedback and understand your concern. Picsart will always offer a robust free version of the app with access to hundreds of free features and millions of pieces of free-to-edit content that you can access without a subscription.,2023-01-11 05:52:01,21.3.9,pho125221,com.picsart.studio
f029626d-3a37-4806-8cee-71c5c4ed269c,Best app funny stuff you can make memes and funny things on it it's fire as he'll,5,0,20.7.3,2022-10-09 12:28:52,,,20.7.3,pho122869,com.picsart.studio
7d10f574-5302-4a5e-9be6-736057f6d9be,There is a problem. When I take negative colour then take a shape and then go to the blur option. But then my whole pic got black,1,0,21.9.5,2023-04-02 19:18:22,"We hear you and know that app crashes are frustrating. A quick fix is to clear your cache. Go to your device settings > """"Apps"""" >""""Picsart"""" > """"Storage"""" >""""Clear Cache""""> """"Clear Data"""" If you run into any other issues (after clearing your cache) let us know at https://picsart.support.",2023-04-04 07:26:48,21.9.5,pho96793,com.picsart.studio
e9c76d35-638f-4033-b683-216024850d68,fabulous! I love this app it's helps me to edit fantastic realistic photos and images and this app has a lots features for Android phone to get the desired outcome,5,1,13.3.403,2024-04-13 00:36:32,We're delighted that you love using Photoshop Express for editing fantastic and realistic photos! Thank you for highlighting the Android phone features. Your support means a lot to us! ^Sam,2024-04-17 07:50:06,13.3.403,pho262018,com.adobe.psmobile
b4188517-e235-4d7b-86db-f68b52565d72,THAT'S VERY USEFUL FOR US MAKE IN SECOND,5,0,1.462.152,2023-09-20 11:20:11,,,1.462.152,pho528769,photo.editor.photoeditor.photoeditorpro
fe05671d-0232-4167-8c3a-9c8cc0932048,"They've now added a watermark that appears whenever you export and don't have a premium subscription. What a waste. Adobe will say that premium gives them ""the resources to do more blah blah"" but the same company charges absurd prices for CC subscriptions. They're not a starving company.",1,3,12.8.317,2024-03-05 13:58:18,Hi Brett! Thank you for writing to us. Watermark-free movement is a premium feature. Few features (premium) are paid for because that provides us with the resources to provide you with the new updated and fantastic software. Also while some advanced features require a subscription we still offer a range of free features for users to enjoy. ^DC,2024-03-08 02:01:59,12.8.317,pho259102,com.adobe.psmobile
48bb3c47-6520-4319-b5a1-5ed25f32e2af,what have you done to this once amazing app which was free now you've to pay are you serious?,2,0,18.7.3,2022-12-26 16:25:59,We appreciate your feedback and understand your concern. Picsart will always offer a robust free version of the app with access to hundreds of free features and millions of pieces of free-to-edit content that you can access without a subscription.,2022-12-27 06:46:38,18.7.3,pho142193,com.picsart.studio
3c75c433-a984-41a2-99f7-d2902358d8ed,Too much adds for free version don't download waste of time,1,0,3.7.560.202356787,2024-03-19 14:33:26,,,3.7.560.202356787,pho908761,com.bigwinepot.nwdn.international
c076f3d7-8f18-41e4-a075-1b7eca2e9479,Best app.I ever used best app for editing,5,0,1.393.114,2022-01-24 09:12:19,,,1.393.114,pho491207,photo.editor.photoeditor.photoeditorpro
16251182-dd21-47ba-ab8e-64f17aae8793,This app has great effects and a good number are free but horrible forced cropping kills many of them.,3,6,3.12.20,2022-06-14 11:10:59,Dear User really appreciate your suggestion. If you have questions or suggestions please contact us at support@pho.to.,2022-06-20 03:43:57,3.12.20,pho635627,vsin.t16_funny_photo
1bf72690-a33e-4bba-ac44-29541de16e8e,I updated this app a few weeks ago now Everytime I open the app sometimes you cannot see the thumbnails / preview of the photo..just appt of Blank.pls fix!!,5,0,1.483.106,2022-03-23 19:13:01,,,1.483.106,pho3264,photo.editor.photoeditor.filtersforpictures
9e4c2436-a3de-4b5b-9fd8-608da6fe77aa,Becoming my go to photo editing app.,5,0,8.7.1035,2022-12-23 16:50:17,,,8.7.1035,pho283963,com.adobe.psmobile
c41549c4-a26a-4db9-9742-90faca99b5d2,This app use to be great now lately the picture turns black when I try to edit it. It's frustrating.,2,0,20.1.3,2022-07-13 11:36:17,"Thanks for the feedback - we'd love to look into this for you. Can you please send us an email at support@picsart.com with the subject line ""App Store Review""? Our team will investigate and work on a fix for you.",2022-07-14 03:15:43,20.1.3,pho87313,com.picsart.studio
760db1fe-5a60-4d3a-8b84-9604334d47e2,This app is terrible.mostly everything is money on it.I am not surprised because the reviews.but I wanted to try it myself but it didn't work,1,2,1.461.94,2022-01-31 06:54:06,Hello we will continue to add new free effects filters and other new features. I'm sorry that the payment made you feel uncomfortable. All payments are made to the support team. You can still unlock some free effects and filters by watching advertisements. I hope to get your support and understanding thank you.,2022-02-07 21:34:02,1.461.94,pho4538,photo.editor.photoeditor.filtersforpictures
30d2a890-e3de-4a59-b6ab-25f5da4afc04,Ye well i never ever comment bout apps but if an apps saves an hour of tutorials about how to edit a simple selfie for perfection you gotta do it. I am first time user everything is on menus really really easy to use and mostly free just give it a try i would say,5,1,1.436.140,2023-02-19 09:02:56,,,1.436.140,pho444227,photo.editor.photoeditor.photoeditorpro
4990bf90-374a-42da-8c9c-1ac657055d11,It is a lovely application and we can add photos that lovely that we take and we can also make change our photo but the bad thing the thing with money [$()$],5,2,21.4.7,2023-01-29 06:43:49,,,21.4.7,pho85612,com.picsart.studio
72d7b222-38da-407d-bf8c-f24831b2b58b,it's a great app and recommended hope to have a more background too for background picture editing. keep up the good work!,5,0,1.395.116,2022-08-20 09:30:21,,,1.395.116,pho448034,photo.editor.photoeditor.photoeditorpro
8d2ea365-314a-4645-8129-c7ec0c2136cd,I think I finally found the app I wanted. This is amazing. Highly recommend it to others. Thankyou,5,0,1.483.106,2022-06-01 02:24:17,,,1.483.106,pho4714,photo.editor.photoeditor.filtersforpictures
b052d2c4-a5fd-4300-a88c-7095024947e1,Check with Virus total App and Result is:Sangfor Antivirus say this app is Trojan .Generic.PY.Save.obfs Bugs.,1,0,25.6.6,2024-08-30 18:58:30,,,25.6.6,pho67101,com.picsart.studio
10e8a73e-0e9f-424e-9642-c5fff6ba12fb,I love Picsart it is easy and fun and erace's wrinkles in a natural way ha! love it. it has helped do quick projects for work or do a quick gift for someone. I say 10 stars.,5,0,,2024-09-30 11:23:30,,,,pho69775,com.picsart.studio
04c0c854-c60b-46fd-bcc2-53000642f5e9,I used this for ten minutes and only got 2-3 ads plus I made a photo look like a screenshot from a game it looked so good!,5,2,1.491.159,2023-12-10 12:51:41,,,1.491.159,pho454660,photo.editor.photoeditor.photoeditorpro
82127d02-47e8-4737-b42b-7be2d3684d74,Its very convenient to use and very use full you make make professional video with the help of theses app,4,0,20.9.5,2022-11-13 07:58:06,,,20.9.5,pho103881,com.picsart.studio
6b9f0213-1517-4948-9e6e-0893818653a3,Too much ads not letting edit even one image even,1,0,3.7.591.202369721,2024-04-15 04:56:37,,,3.7.591.202369721,pho912883,com.bigwinepot.nwdn.international
7ab51183-9011-45bf-a4a8-aeb97523cd1b,This very helpful & creative app. I am using it & I'm like it very much.,5,0,,2024-08-01 14:50:30,,,,pho904479,com.bigwinepot.nwdn.international
6ce9460c-da40-457e-a761-930e9f7dc593,Exceptional app to edit your pictures..,5,0,1.552.173,2024-07-10 09:23:41,,,1.552.173,pho451872,photo.editor.photoeditor.photoeditorpro
681ddc09-d526-42d4-887b-7cdab24bf59d,This app is superb much love from Abuja,5,1,1.395.116,2022-04-30 03:43:22,,,1.395.116,pho496074,photo.editor.photoeditor.photoeditorpro
83688c47-574e-4112-8cc0-4b635b5bbb39,Nice app but add are irritating,5,0,,2022-12-31 10:51:31,,,,pho933258,com.bigwinepot.nwdn.international
85e4cbdf-6571-4f96-b79a-33c1171a15fe,Don't install this app otherwise you will lost your mobile and data too.,1,0,,2023-12-07 10:24:32,,,,pho911111,com.bigwinepot.nwdn.international
a3b0a6c4-036b-4b72-9f05-b7a07576e007,Good aap for editing very nice I was using this aap and yes this aap is best for photo edits,1,1,1.462.152,2023-07-07 08:39:54,Hi OBAID Ahmed thanks for your review. If you like the app could you please give us 5 stars? That would be very encouraging for us. We will keep going and delivering the best. Many thanks in advance.,2023-07-09 22:38:32,1.462.152,pho462628,photo.editor.photoeditor.photoeditorpro
0b25cd4a-263b-42ab-a10b-8ade7deca514,You should give more features in normal mode of PicsArt which are only available in Premium version.,4,0,20.7.3,2022-10-11 09:52:51,,,20.7.3,pho103940,com.picsart.studio
4fc56d6f-1d3c-452e-b4e5-482aeb007233,fantastic woow I love my first try it came out beautifully,4,0,3.12.86,2024-01-02 17:30:38,,,3.12.86,pho664317,vsin.t16_funny_photo
e240ed6c-c254-42b1-836b-6ff8cf1f2bbe,This app is fantastic and very easy to use,5,0,22.9.5,2023-08-15 04:17:16,,,22.9.5,pho140079,com.picsart.studio
e9e5c6b8-7582-4355-80c6-62bb52d57e6e,I've edited my review since the recent revamp of the app. You had arguably the best colorization feature out there which you eliminated in favor of the enhance feature of which there are many many apps out there that have a strong enhance feature. This is disappointing as your enhance and save features both now have a required ad view an ad that is long even by free app standards. Your pro features are expensive and not worth the money.,2,77,2.0.5.202108955,2022-02-26 21:10:53,Hi Christopher were sorry to hear that you're not satisfied with the latest update. We appreciate your feedback and well consider it as a reference for our future updates: we always listen carefully to our users point of view to guide our projects.,2022-03-04 05:51:38,2.0.5.202108955,pho875497,com.bigwinepot.nwdn.international
15d6f123-4bc0-481a-9aec-be00b6ce314a,superb app for eding,5,0,3.13.6,2024-04-14 05:07:10,,,3.13.6,pho679736,vsin.t16_funny_photo
ce170227-727e-4e7e-bcf1-6ed901c09837,pls remove the ads,5,0,3.7.611.202377191,2024-05-03 03:49:22,,,3.7.611.202377191,pho905820,com.bigwinepot.nwdn.international
66ee8f8d-eb55-4ecc-897b-fab90abaabfc,This app was great. But as a lot of Devs do these days they forget all the Users that helped build their brand and remove features for them and put everything behind a pay wall. There are other ways to generate Income(ads or product tiers). And I will never support developers that remove features to force Users into paying.,1,0,,2023-04-02 12:46:54,As we continue to invest in our products and community we have recently made some additional features premium. This will enable us to enhance our tools & features for both Gold users and non-subscribers. Rest assured we will always offer a free version of Picsart.,2023-04-04 07:03:25,,pho78425,com.picsart.studio
a388f47e-0b3f-4927-87ec-3a6b4500c755,The app is good and wellbeing It make phonto beautiful,5,0,,2024-09-03 04:51:17,,,,pho647444,vsin.t16_funny_photo
623b3c78-aebf-48ba-8b64-5e54e8eb3966,Its good but paid app can't save image even not given free,5,0,,2023-12-09 14:46:02,Sorry to hear about your trouble saving images. Could you provide more details about this issue at help@vimageapp.com? We're here to help. Your 5-star rating would be greatly appreciated once resolved!,2023-12-10 20:55:49,,pho799100,com.vimage.android
2e71cf63-8c07-4202-8cc4-f18e72877351,Good quality is photo,5,0,3.7.589.202368641,2024-04-11 00:49:09,,,3.7.589.202368641,pho922770,com.bigwinepot.nwdn.international
6e09485a-9d8d-4e9e-abe0-c785b21b2fb5,Photo Lab picture Editor art,2,0,,2022-02-23 13:09:03,Hi Happy to hear that you find the app good :) Please let us know the reason behind this low rating at support@pho.to. We'd be happy to improve our app based on your suggestions. Thanks!,2022-02-24 08:17:52,,pho714932,vsin.t16_funny_photo
d91ddab2-fb6d-4bdc-afc9-a5c989d193e3,good but not show video option,5,0,3.7.53.202161094,2022-12-07 10:06:47,,,3.7.53.202161094,pho918610,com.bigwinepot.nwdn.international
2cb5f43a-f2c1-487d-9605-13615afda650,Great and easy app to edit pics.,5,0,1.481.157,2023-11-25 01:13:42,,,1.481.157,pho467387,photo.editor.photoeditor.photoeditorpro
679b0139-4d71-497b-b6c0-83597b8696da,pretty sweet art generator,4,0,1.8.0,2023-03-22 02:49:58,Thanks for your love and support on AI Mirror! We're happy that you enjoy the app and its features. We'll keep enhancing AI Mirror and updating NEW AI ART styles weekly. Thank you for choosing AI Mirror and stay tuned for more exciting updates and surprises!,2023-03-23 10:29:20,1.8.0,pho871910,com.ai.polyverse.mirror
b94e03b2-8a85-4f16-a1ac-c1e9eb7cd9bc,I like this app very much and we can edit photos easily,5,0,20.3.4,2022-08-19 00:16:22,,,20.3.4,pho111335,com.picsart.studio
84d9fd62-e8e1-4da9-a9f9-1729e7426e2d,It is a best app for editors I am so glad after using this application.,5,0,,2023-12-07 07:59:49,,,,pho912346,com.bigwinepot.nwdn.international
a1126d24-c21c-48b8-96d9-1c604c1ea65c,very easy to use but these pop up ads is too much,4,2,3.11.11,2022-01-09 16:37:16,Dear user we are sorry for this but to continue work on this free app we need revenue from Ads. If you don't want to see the Ads you can purchase the Pro version. Thanks for your understanding!,2022-01-11 04:20:57,3.11.11,pho645037,vsin.t16_funny_photo
ce9acc03-cb19-4823-81de-a680e06baf3b,Really easy to use editor with many features. Highly recommended,5,0,19.6.0,2024-09-14 07:44:37,,,19.6.0,pho144352,com.cyberlink.photodirector
220a75b3-dad7-4d37-9769-76c40acf0875,You have to pay for litterally everything!! You cant even make an ai photo as you HAVE to pay 2.40 weekly. Absolutely rediculous.,1,1,3.7.285.202225504,2023-07-11 04:53:56,,,3.7.285.202225504,pho895418,com.bigwinepot.nwdn.international
27c1a944-ab63-402d-b0b2-78d6bdb9862c,I been using photo lab over a year and I love it,5,0,3.12.65,2023-08-06 23:22:10,,,3.12.65,pho661829,vsin.t16_funny_photo
3590a086-9948-428f-a7ca-99e393be2978,I have a paid subscription and it's still telling me I have to go pro,1,0,3.12.15,2022-09-07 14:51:58,"Dear user thank you for your feedback. The subscription is optional and lasts only three days. You can close the banner on the start via the ""Back"" native button and continue using Photo Lab for free without access to the PRO features.",2022-09-13 14:08:24,3.12.15,pho656618,vsin.t16_funny_photo
8b252a63-f9e9-486b-817b-46b3a6276658,It's really so amazing,5,0,3.7.327.202255164,2023-08-19 23:05:57,,,3.7.327.202255164,pho958847,com.bigwinepot.nwdn.international
858e0140-cb18-4192-9acf-1ef1e235c040,This app is great. works as intended and is very useful 10/10,5,0,1.416.126,2022-06-18 08:08:59,,,1.416.126,pho465833,photo.editor.photoeditor.photoeditorpro
51d35f56-12b5-46a7-b30d-b49b14700908,Super helpful. There are more options for filters if you make payments but all the free things thst come with it have been all I've needed so far.,5,1,1.435.139,2022-12-12 13:23:29,,,1.435.139,pho445962,photo.editor.photoeditor.photoeditorpro
c760ba23-1e84-46ee-8344-82e049da8601,I gave 5 stars.The app is awesome.The best editing app.I love this app.Great job who created this.And thanks for this fantastic app.,5,0,1.425.133,2022-11-10 10:38:06,,,1.425.133,pho465639,photo.editor.photoeditor.photoeditorpro
60bc8f22-f977-49b0-99ff-dddfa4d8061b,Very good for a basic app easy to use. I would enjoy a few more options and the possibility of making a collage from more pics and still be clear.,4,9,9.1.40,2023-03-31 03:53:08,,,9.1.40,pho260669,com.adobe.psmobile
1cd559d2-85c4-4751-9ad0-3997f8bbe0ec,Love this app especially the pro. definitely worth the subscription fee,5,1,1.462.152,2023-08-21 08:11:12,,,1.462.152,pho459359,photo.editor.photoeditor.photoeditorpro
70ac7e56-f927-4f46-bcc6-5a1cca2ff3c5,I literally canceled this 3x before the subscription started and I was still charged. This is just some sort of crime syndicate masquerading as an AI art app,1,1,23.8.7,2023-12-26 19:49:38,"We'd love to look into this for you. Can you please email us at support@picsart.com with the subject line ""App Store Review""? Our team will investigate and work on a fix for your Gold subscription.",2023-12-28 07:41:46,23.8.7,pho93394,com.picsart.studio
e9c2b5a8-fc35-47a1-a775-e5c7cf797365,Ads are broken. Can't get to my image. Keeps taking me to the play store. Fix this for the love of god,1,0,2.0.2,2023-04-19 21:20:08,,,2.0.2,pho869435,com.ai.polyverse.mirror
8493c488-72f4-4ff4-a73e-fe3e70795d46,After it updated it doesn't open.,3,0,2.0.7.202110813,2022-03-17 23:13:02,,,2.0.7.202110813,pho917794,com.bigwinepot.nwdn.international
c08966c2-07e2-4122-a757-7786ef901966,Nice but adds is very cripy,5,0,,2022-09-12 07:09:36,,,,pho500593,photo.editor.photoeditor.photoeditorpro
cb493868-cbd8-44a9-9fd5-39745f443cf4,For a free app it does an amazing job. My online data storage has similar capabilities. It's a placeholder until I purchase my laptop. I look forward to using the desktop version.,4,9,15.7.219,2024-09-24 09:51:38,LaToya Dixon thank you for your feedback! On Play Store applications can be rated from 1 to 5 stars with 1 being the lowest and 5 being the highest. Would love to know if there's anything that we can do to improve your rating. Thanks for your love and support! ^Sam,2024-09-24 11:34:30,15.7.219,pho256986,com.adobe.psmobile
32a72daa-46f3-45a6-b8f1-343f99514e85,wow amazing photo lab better experience,5,0,3.13.14,2024-06-24 15:17:50,,,3.13.14,pho637909,vsin.t16_funny_photo
7d65069e-fe58-499a-8c52-19b7c88d8646,Very nice photo edit app,5,0,,2024-09-09 10:22:35,,,,pho124424,com.picsart.studio
039b96a0-2a24-417b-a49e-8314f74074b3,This apps is really good. Try this app for one time.. I think it should be good for you.. It's really amazing,5,0,,2022-12-02 06:46:21,Thanks for taking out the time to encourage us with your 5 ratings. Keep using our app! ^Chan,2022-12-13 04:24:34,,pho270735,com.adobe.psmobile
fc5cded9-aea6-40eb-91f2-921a2193e5ae,Enhancing pictures was good. But I think the app should be named as 'Remini - Watch An Ad'.,2,0,,2022-03-23 08:35:41,,,,pho899793,com.bigwinepot.nwdn.international
276035f1-d907-448d-8716-ea6f8496b68b,Just a money grab. Soon as you upload an image and wait you get given multiple options that you're unable to see unless you pay. The app is basically useless unless you enjoy throwing money at things like this.,1,0,,2023-06-23 03:23:09,,,,pho868429,com.ai.polyverse.mirror
a562c37d-6d22-4764-8457-1efd01505faa,I love this app a lot its really cool way to make pics look cool,5,1,1.8.1,2023-03-19 15:57:44,Thank you for your love and support of AI Mirror! We're delighted that you're enjoying our app and its features. We're committed to constantly improving and adding new AI art styles to exceed your expectations. Plz stay tuned for exciting updates and surprises. We appreciate you choosing AI Mirror.,2023-03-23 09:20:51,1.8.1,pho870648,com.ai.polyverse.mirror
e15b9482-663a-4fac-8082-7cf9af0cf20f,Really surprised with the results.,5,0,,2023-06-10 23:19:36,,,,pho499192,photo.editor.photoeditor.photoeditorpro
4840de92-418c-457f-9cb0-556c80303c88,One of my best editing apps.,5,0,15.2.6,2024-02-21 00:37:11,,,15.2.6,pho143290,com.picsart.studio
5a1050ff-298d-4980-8930-60072327de9d,very helpful app because of this app I can clear my all poor quality images very easily,5,0,3.7.284.202223827,2023-11-16 13:35:15,,,3.7.284.202223827,pho904842,com.bigwinepot.nwdn.international
72f18f2b-1d60-49f3-941c-52ed4b0971d0,The enhanced picture options was gone? I don't like this update,1,1,3.7.508.202331495,2024-02-02 03:41:13,,,3.7.508.202331495,pho907709,com.bigwinepot.nwdn.international
b2fe15ea-8953-48ce-9201-85c2f7f8c8e3,So it gets rid of the blur but it gives you a different face.,1,0,2.3.2.202116995,2022-05-10 16:18:07,,,2.3.2.202116995,pho909903,com.bigwinepot.nwdn.international
1e309d9e-23d5-4dca-83f8-8512a065ae13,Not the kind of enhancement I wished for. It actually ruined some aspects of the photo while enhancing it!,2,0,3.6.70.202150350,2022-10-08 12:54:56,,,3.6.70.202150350,pho897553,com.bigwinepot.nwdn.international
06a9898d-7eea-4626-8b21-3688dcd19231,100% Totally Bad Experience! Because I paid for the GOLD package and the app still won't do anything like change the colors of the fonts or add cut out features. It's a total Robbery.,1,0,20.0.4,2022-07-07 06:24:40,"Thanks for the feedback - we'd love to look into this for you. Can you please send us an email at support@picsart.com with the subject line ""App Store Review""? Our team will investigate and work on a fix for you.",2022-07-07 06:37:20,20.0.4,pho81065,com.picsart.studio
4ea04424-e1a7-48fc-9999-0a11a5c2c856,This app is really good better than my apps I use to edit ngl,5,0,1.471.154,2023-09-27 04:42:47,,,1.471.154,pho482960,photo.editor.photoeditor.photoeditorpro
8a4c7039-4fb1-4521-9549-2dedbaf9e9e1,Just open the app and all the hugging photo features are gone just pais 49.99 for nothing want my money back i will let google know what you are doing .now is a new app good for nothing,2,1,6.4.0,2024-09-21 14:04:30,,,6.4.0,pho831060,com.pixerylabs.cloneai
d383392a-147e-42e9-b004-1daf9ed0e007,Love everything about this app. Does what it advertises and more!,5,0,1.444.145,2023-06-02 17:56:06,,,1.444.145,pho459197,photo.editor.photoeditor.photoeditorpro
d2163a58-013a-4485-a783-38bb48342bc2,Don't download this app there ads over ads. One ad is fine to edit one photo you will need to watch 5-20 ads. Seriously that's so annoying.,1,0,3.7.706.202416491,2024-07-28 05:34:39,,,3.7.706.202416491,pho876084,com.bigwinepot.nwdn.international
f1320339-69a4-4289-82b8-39c8f5a6346e,This ap is very good and they edited huge pickes and amazing features,5,0,1.630.149,2024-05-04 13:03:53,,,1.630.149,pho28832,photo.editor.photoeditor.filtersforpictures
ac665ec7-ea69-486b-b794-368ee0b65cc8,not save this video or photo,1,0,3.12.84,2023-12-28 07:30:14,Dear user please contact us at support@pho.to and specify the problem in more detail so we could deal with it more effectively. We will do our best to help you out.,2023-12-29 07:06:49,3.12.84,pho676106,vsin.t16_funny_photo
b53cce99-0159-44a0-8ecd-493bc75d5539,It used to be good but now its awful. Double ads and horrible quality pictures.,1,1,3.7.282.202221109,2023-07-06 14:11:35,,,3.7.282.202221109,pho893323,com.bigwinepot.nwdn.international
2865a046-d9e3-4e1f-a7a9-6154b554e180,Bahut acha app ha ya photo adting ka lya,5,0,1.462.152,2023-10-08 11:34:30,,,1.462.152,pho567785,photo.editor.photoeditor.photoeditorpro
e2d81807-6b8d-4132-9b50-35401ee9715f,it's so good for photo editing & very easy,5,0,21.7.5,2023-03-19 02:23:51,,,21.7.5,pho112148,com.picsart.studio
38091d6f-16e3-49ff-ac27-8a4a934f58c1,Will definitely be 5 stars once I understand how to log into my 4.99 one month subscription. I purchased and canceled within 10 minutes and now the app continues to ask me to subscribe. It will not process further past the original 5 free trys. Thank-you in advance for helping me understand I figured it out. Thanks. Does a great job!,5,2,1.7.4,2022-01-05 06:25:09,,,1.7.4,pho883217,com.bigwinepot.nwdn.international
9e96df93-5431-45aa-a9d4-3e70058f1bae,PURE DISAPPOINTMENT. everytime you manually change an effect with the photo ADS SHOWS UP. TAKE THIS APP DOWN IF IT'S JUST ABOUT ADS.,1,1,3.7.618.202379263,2024-05-08 15:21:08,,,3.7.618.202379263,pho877453,com.bigwinepot.nwdn.international
7b74806f-3834-43eb-bbf7-45d204a85683,Why does your app recently keeps saying MEDIA NOT SUPPORTED SELECT ANOTHER AND TRY AGAIN? This is the third day of my one week subscription without enhancing any of my pictures.,1,0,3.7.395.202283302,2023-10-18 12:14:23,,,3.7.395.202283302,pho899105,com.bigwinepot.nwdn.international
9674b253-f226-495c-a099-e72923a36037,It is a great app easy to use.. So many edits to make your pictures look great,5,0,8.1.958,2022-05-30 22:23:45,,,8.1.958,pho267849,com.adobe.psmobile
73210126-51e3-4022-9916-ae308427b24d,I love using this app very easy and simple any one can use it. I am using regularly to upload my pics and videos.,5,5,22.0.5,2023-04-28 04:55:39,,,22.0.5,pho96561,com.picsart.studio
4324687a-8328-4045-bd26-0d1087c8ec38,I used this when it first came out (well about 8 years ago. ) it was awesome! I ended up getting very savy on it. I could have used it for all the wrong reasons but I chose to use it for entertainment and laughter and positivity. It is so in depth . I could zoom in on someone's eyes and lashes and make them longer or colored different. Or I could take a picture of anyone and make them look like a demon android body builder alien anything you cups dream of. 5 stars hands down the best!,5,1,23.6.5,2024-09-20 06:30:56,,,23.6.5,pho63043,com.picsart.studio
b5d38231-e01f-4eac-8047-680d13c59c0b,Very useful editing app. Highly recommended.,5,0,1.443.144,2023-03-03 00:36:50,,,1.443.144,pho462525,photo.editor.photoeditor.photoeditorpro
d32abe1d-52a5-47d9-8646-7586daee940a,Very impressive application thank you,5,0,3.7.602.202373800,2024-04-25 13:41:31,,,3.7.602.202373800,pho906386,com.bigwinepot.nwdn.international
56d4ad0e-728f-4f6c-9c85-ef039ecd47fa,Amazing camera effects. Easy to use and it has professional adjustment. Great app.,5,5,1.000.3,2023-03-16 23:05:24,,,1.000.3,pho1051224,editingapp.pictureeditor.photoeditor
d378db0e-529f-4f49-8a2a-8282b96c395e,This is nice and amazing camera this have a very nice and beautiful tempelets and i can use this app to make collages this app have a stickers,5,0,,2024-01-22 08:16:42,,,,pho638547,vsin.t16_funny_photo
ee926f45-7082-4a05-adab-60a00c0d57c2,this is so useful,5,0,3.7.159.202181694,2023-03-23 21:56:22,,,3.7.159.202181694,pho946048,com.bigwinepot.nwdn.international
f404961d-b261-4d48-ade0-f8c8dfece00b,at first it was perfect. easy to use simple many options. then they made most of the features pro which was fine. annoying but fine. then i can't screenshot? fine. annoying but fine. BUT NOW I CANT EVEN SAVE A PICTURE WITH OUT PAYING?? absolutely 10000% the most useless app i have in my phone. I can't SAVE A PHOTO? THAT I EDITED? ridiculous. don't download this unless you want to pay for every feature :).,1,98,19.2.3,2022-03-18 23:50:41,Picsart will always offer a free version of the app but we also offer premium features for Gold subscribers. Premium features are identified with a gold crown. To save your edit make sure you're only using free features or learn how to subscribe to Gold at https://picsart.help.,2022-03-19 03:50:11,19.2.3,pho63452,com.picsart.studio
0c128153-c7e4-4e10-9639-4d34f6816a88,Stupid nothing is free installed it tried to save a photo can't because you need premium uninstalled.,1,0,,2022-01-08 19:25:23,Hi Picsart is a free app but it also offers optional in-app purchases for premium features. Features in the app that have a small crown on top are only available with a Picsart Gold. When you use a premium feature youll see the Picsart Gold offer screen when saving. Close it by tapping the X button and choose a non-premium feature instead.,2022-01-09 03:10:00,,pho94741,com.picsart.studio
89cba3dd-76b3-440a-81f0-1f6f7d2947ab,i love this app i do wish you can draw but i like it,5,0,11.9.206,2023-12-27 14:28:02,Hi Olivia! Thank you for reaching out to us. We do not have the draw option in the app. Please be assured that we are improving the app and your suggestion would help us do the same. Please post a suggestion for the feature at [https://adobe.ly/psxandroidfeaturerequests] and our developers will look into it. ^DC,2023-12-28 02:08:52,11.9.206,pho276611,com.adobe.psmobile
c5502ef8-80be-4286-ac79-24f863582bac,Easy user's interface great effects and its worth a subscription,4,0,3.3.1.1,2022-06-23 07:17:48,Hi Logan if you like the app could you please give us more stars?,2022-06-24 09:08:48,3.3.1.1,pho797978,com.vimage.android
3d4ce1df-9f46-448a-947f-5ef88ee8edb0,Wonderful tool for editting,5,0,1.443.144,2023-03-07 11:56:39,,,1.443.144,pho484122,photo.editor.photoeditor.photoeditorpro
47b6986d-fe0f-462f-b9eb-519c76a00126,but images quality decrease why,5,0,3.7.743.202430460,2024-08-26 21:59:25,,,3.7.743.202430460,pho891195,com.bigwinepot.nwdn.international
3bd7a257-be7f-4fe2-bed1-16bbd94f9cb0,The most amazing ND great photo editor I ever used this app edit like photo studio,4,0,8.7.1035,2023-01-31 16:21:06,,,8.7.1035,pho276395,com.adobe.psmobile
8544a633-a079-4c9b-befe-1768e1509d90,Proably the best app to edit photos on google play,5,0,1.417.127,2022-07-10 04:13:07,,,1.417.127,pho474541,photo.editor.photoeditor.photoeditorpro
8d9af06c-6f62-4041-929d-f8afe735faf7,The app doesn't even open. It says there is a problem.,1,0,2.0.5.202108955,2022-03-08 01:13:49,,,2.0.5.202108955,pho917154,com.bigwinepot.nwdn.international
6b0d6058-7473-49e8-8911-9ac9ee1c20c6,This Is a nice app I love editing videos and pictures.,4,0,19.2.3,2022-03-09 19:30:29,,,19.2.3,pho123136,com.picsart.studio
b711a4d7-e7e4-4920-9608-44e5e28459db,Very good app for photo editing no privacy threat,5,0,22.0.5,2023-05-05 09:06:30,,,22.0.5,pho123014,com.picsart.studio
75bd163e-6157-4af9-8db5-6402347a1385,Very good and very helpful,5,0,1.574.186,2024-09-06 11:14:09,,,1.574.186,pho451431,photo.editor.photoeditor.photoeditorpro
8b02935d-98ae-44eb-b77a-e348e714695b,"it's not working anymore it'll only have ads. but then after that it'll just keep loading till it says ""sorry""",1,0,3.7.284.202223827,2023-07-08 02:25:55,,,3.7.284.202223827,pho894672,com.bigwinepot.nwdn.international
b7b96499-9c2b-49d7-8240-7e894455058c,This app is awesome app,5,0,1.387.110,2022-01-01 07:50:31,,,1.387.110,pho518048,photo.editor.photoeditor.photoeditorpro
b4fc51d6-96ac-4975-9b1f-dfb2be6269bf,The best photo editor with good quality,5,0,,2022-01-13 15:38:08,,,,pho474390,photo.editor.photoeditor.photoeditorpro
f596aaa6-3996-4ce7-b7e9-0ca680404f60,"I first put GREAT PHOTO ENHANCER then I started to enhance photos and it does work well; however the app leaves a (""WATERMARK"") even after you watch a lengthy video than a long ad. I will remove the WATERMARK on my own. It is still a great app to use.",5,0,1.574.186,2024-10-06 19:14:38,,,1.574.186,pho441471,photo.editor.photoeditor.photoeditorpro
75a63a1a-e81a-4bab-ad58-faa6076b12c6,* ABSOLUTE TRASH * If you enjoy just watching advertisements this app might be for you ! . open the app instant ad try to navigate the app ads try to do anything on this app and they spam you with advertising .just wanted to see how the app is but its garbage Anythought I had on purchasing anything from this company has gone out the window .,1,52,1.563.177,2024-07-10 20:35:51,Hi Justin Thederahn so sorry for the ads. We have been trying our best to make it not disturb your photo editing always and we promise to keep improving it. Also please let us know if you have any suggestions for improvement at polish@inshot.com. We will keep improving the app. Thank you.,2024-07-10 21:53:59,1.563.177,pho441601,photo.editor.photoeditor.photoeditorpro
bbcf652f-4545-4534-9baf-467f3c7b7cab,Best editing to but. so ads I can't do remove background AI replace And many more,3,1,23.3.8,2023-11-19 02:32:53,Picsart will always offer a free version of the app but we also offer premium features for Gold subscribers. Premium features are identified with a gold crown. To save your edit make sure you're only using free features or learn how to subscribe to Gold at https://picsart.help.,2023-11-24 07:26:25,23.3.8,pho105422,com.picsart.studio
46304bfe-b907-457b-b3b2-edd36781ab26,"Used to be good now it applies the enhancement and changes the color and makes it brighter and it cannot be adjusted like in the past so there is no editing and adjusting the ""enhancement"". Now it makes it look super edited and not a picture with better quality. It's no longer useful for me because I cannot use the ""enhanced"" photo. That's unfortunate because I used to use the app a lot.",1,31,3.7.227.202198591,2023-06-24 08:32:27,,,3.7.227.202198591,pho876698,com.bigwinepot.nwdn.international
045528e8-f570-4091-ae17-5d5ff9602cf9,One of the best photo editing app for android.,4,0,10.2.4,2022-03-11 07:55:39,,,10.2.4,pho130819,com.picsart.studio
c9951cea-f0d4-4656-bcc4-f689e701c38b,Worst Update lot of adds too greedy in money,1,0,,2023-08-29 00:39:18,,,,pho929896,com.bigwinepot.nwdn.international
8f9c1771-ff95-46e7-b8b6-96cbf422ecf7,It's is very good and superbb But its latest version is not responding,5,0,3.7.263.202209045,2023-06-19 06:52:00,,,3.7.263.202209045,pho913246,com.bigwinepot.nwdn.international
3b1c58e0-5c98-42dc-af26-b21ffc81be65,I like the Lumii app it's very easy to mess around a little and get great results. I just began using the app and now 1 idea has turned into at least 10 more.,5,20,1.621.148,2024-03-15 13:09:24,,,1.621.148,pho1273,photo.editor.photoeditor.filtersforpictures
400a0207-914f-4226-b2b8-001e6378831e,If it were possible I would give this app 0 stars out of 5. I would really give it to you but I can't. This app called PicsArt used to be good but now it's full of ads that never seem to end. When you finally skip the ads you have to select the image you want to edit all over again especially if it's located at the beginning of the picture gallery. It's such a hassle. We're really disappointed.,1,0,,2023-05-16 10:56:02,We're aware of the issue and our team is looking into it. We're hoping to have it resolved soon and appreciate your patience.,2023-05-17 07:31:29,,pho71454,com.picsart.studio
27236658-33fb-48dd-841f-7a4412233fac,This application was the best for photo and to edit the photo I think it a best application for edit,5,0,,2024-05-22 09:47:22,Hello Satish Kumar we're delighted to hear you find our photo editor the best for enhancing your pictures! Thank you for your kind words and support. Enjoy editing! ^Sam,2024-05-23 08:49:05,,pho276731,com.adobe.psmobile
35b072e5-ee49-4a08-9984-1038d002c306,Enjoy using the app good for basic adjustments.,5,0,8.8.17,2023-01-24 12:07:26,,,8.8.17,pho272787,com.adobe.psmobile
8fe73bd4-f6da-48e3-984c-3902c48cb8dd,Very easy to use efficient. Love this app,5,0,1.572.134,2023-09-18 05:28:05,,,1.572.134,pho8100,photo.editor.photoeditor.filtersforpictures
a67f9dcb-6d59-4567-8909-bd2a675281be,Hear me out. This is a decent app but I have an issue. The Stickers; My problem with them is that once I've placed down four stickers I have to click on save and then go back to them. It didn't do that in the past. It's very frustrating and just takes more time. I can add as many stickers as I'd like but that gets in the way.,2,1,,2023-05-05 18:21:31,Hey there! The limit of added objects depends on your devices technical capabilities. We understand that this may feel a bit restrictive but its necessary to ensure that Picsart runs smoothly and without any performance issues. If you have any other questions or concerns dont hesitate to reach out to us at support@picsart.com.,2023-05-08 07:52:30,,pho66891,com.picsart.studio
f7692bf0-53f8-4985-8b07-f25ddaadf77a,Really easy to use for editing,5,0,1.432.136,2022-11-08 04:03:55,,,1.432.136,pho471836,photo.editor.photoeditor.photoeditorpro
d8c06633-4791-4c69-b9cf-74a8b566a4d5,After purchase 3 months plan.some options are not showing like duplicate move up move down it's irritating,1,0,25.6.6,2024-08-30 12:37:16,,,25.6.6,pho68280,com.picsart.studio
f8d9b886-9c6b-41d6-a3b7-4c87ce3a0c83,very bad pictures quality after edit high quality not allowed & more adds i am not happy,1,0,3.3.1.1,2022-07-11 10:09:58,Hi can you please contact us at help@vimageapp.com and we will gladly help you in resolving the issue.,2022-07-19 01:53:28,3.3.1.1,pho797821,com.vimage.android
0163b2f2-5519-4d10-bcd7-bd8aa90592e6,I had the same experience as Noi-z explained in their review. I was charged about $60 for the year and can't even remove the background of a photo. The features from the trial disappeared with pro plan they charged me for! The app won't work to allow me to download anything I have edited. I emailed them and they were like it's in our small print that we don't offer refunds. I will be disputing the charge on my credit card now that I see I am not the only one who got scammed like this! Shame!!,1,39,25.8.10,2024-10-08 07:28:02,,,25.8.10,pho63005,com.picsart.studio
3cdb0e97-320e-46cd-b43f-9666f2a7442e,Great picture editing app. Easy to use.,5,1,1.461.94,2022-01-24 06:32:02,,,1.461.94,pho7071,photo.editor.photoeditor.filtersforpictures
7e91a4b3-d288-422e-b194-334cd6cd3776,it is full of ads i hate this app,1,0,3.7.676.202401555,2024-06-29 03:08:14,,,3.7.676.202401555,pho892219,com.bigwinepot.nwdn.international
fe97ff05-c161-4343-a947-2c83b894bd2a,Do not waste your time money or data on this app. Thank goodness I tried it first. Loaded an image & I saw very little difference. And they want you to pay for this nonsense? No way,1,0,,2022-05-25 06:59:07,,,,pho888908,com.bigwinepot.nwdn.international
2ea1281d-5c75-4f7f-94b8-cd604cb0d860,It's annoying because it's one of my favorite apps to brighten up my pictures. but sometimes it works sometimes it doesn't it says something is wrong in my internet. but my internet is ok. Plss do something about this.,1,2,3.4.55.202139532,2022-08-10 20:28:42,,,3.4.55.202139532,pho881690,com.bigwinepot.nwdn.international
14048a7a-cf84-416c-a0d0-2093d6087c25,App use to be awesome but lately it keeps crashing. Will go to a blank screen and force close itself. There's no response from anyone when feedback is sent. -5* another problem why does the app use 68gb of space?,1,4,23.5.7,2024-04-23 19:11:43,"We hear you and know that app crashes are frustrating. A quick fix is to clear your cache. Go to your device settings > """"Apps"""" >""""Picsart"""" > """"Storage"""" >""""Clear Cache""""> """"Clear Data"""" If you run into any other issues (after clearing your cache) let us know at https://picsart.support.",2024-04-30 02:37:01,23.5.7,pho68711,com.picsart.studio
c7656359-21f6-4209-9180-ccff5838c6a4,Sorry but this doesn't really work. Pls fix the controls ;-; The Healer doesn't work.,2,0,,2023-07-12 10:44:43,Hi there we have improved our Healing tool with three features: Basic for blemishes Advanced for replacing unwanted areas and Remove for unwanted blemishes. You can find these under the Heal tool in Editor. Please update the Photoshop Express app to the latest 14.9 version via Playstore. Let us know if you need additional help.^Sam,2024-07-25 15:26:42,,pho269447,com.adobe.psmobile
888dae45-50a5-4cd4-9450-4e49fa0b43e9,It's no better than the default photo editor on android abd it comes with none of the features that make photoshop worthusing,2,0,13.1.387,2024-03-31 17:57:05,Hi there! I am sorry that you feel such a way about the app. Could you please provide more information about your dissatisfaction with the app so we can work on it and improve it for you? We value your feedback and any suggestions you have to help us make the app better. Thank you! ^DC,2024-04-08 10:35:48,13.1.387,pho266282,com.adobe.psmobile
941d0ef2-336b-474a-b91d-a775ec0f720f,The new update is very annoying!!! It's hard to even watch an ad unlike before. How I wish I could turn it back to its old version.,2,0,,2022-03-10 20:31:55,,,,pho886942,com.bigwinepot.nwdn.international
7fb33905-7f80-4abc-8227-378e4cdfb288,amazing and really good service,5,0,3.13.8,2024-05-04 16:03:40,,,3.13.8,pho637770,vsin.t16_funny_photo
80c4ec89-f945-4bd1-8b60-f38907e3ebbf,This aap is good 100% working,5,0,3.0.38.202125050,2022-06-27 03:16:42,,,3.0.38.202125050,pho945173,com.bigwinepot.nwdn.international
e3a3d80f-7086-497b-922a-61c1e38908ac,Feeling bawal after editing the pic,5,0,3.7.516.202335621,2024-02-07 12:55:38,,,3.7.516.202335621,pho971118,com.bigwinepot.nwdn.international
96f86444-e27d-485d-8ad7-adc30e6ea7eb,Awesome AI AVATAR GENERATOR at a decent price other than FREE.99 lol!,5,0,,2024-01-25 19:55:29,,,,pho122875,com.picsart.studio
304d9a84-ebc8-4d50-b896-ed0d1f5f445b,Disappointed. The same functions that Instagram already have. Musise of Photoshop brand. P.S.: collages as a paid feature? Seriously?,1,0,,2022-08-20 11:16:11,Hi there! Thank you for taking the time to share your thoughts with us. If you'd like to suggest features and improvements to the app please write to us at PSX-Feedback-Android@adobe.com it will be very helpful for us to provide an even better experience in the future. Your feedback is very important to us.^Chan,2022-08-23 15:29:13,,pho266286,com.adobe.psmobile
f62ef0b9-8868-4e9a-b982-b61f0b536858,the best pic editor so far,5,0,3.12.68,2023-09-14 10:31:04,,,3.12.68,pho677496,vsin.t16_funny_photo
9342188b-6ca7-4db5-8044-5faa48391f13,I'm soo satisfied with this app but one negative thing is that there is more add in this app!,5,0,3.7.655.202390652,2024-06-11 01:31:54,,,3.7.655.202390652,pho892294,com.bigwinepot.nwdn.international
eee8e323-1fd6-4e3d-90fe-be717424b910,Great image editor At app Availble at google play store,5,0,,2023-12-26 06:52:52,,,,pho140467,com.picsart.studio
c25c5628-0792-47f3-b8d2-0d53436558b7,Wow first time user here! I love this app!,5,0,1.462.152,2023-09-18 14:45:26,,,1.462.152,pho496275,photo.editor.photoeditor.photoeditorpro
20859018-82cd-4026-a20c-7106cb912f5f,this app is really good,5,0,3.12.49,2023-02-24 16:07:15,,,3.12.49,pho691437,vsin.t16_funny_photo
ef010984-4d74-4989-b8fa-84bafe35a2b8,I was excited to edit my self but I need to pay to GUYS JUST DOWNLOAD LUMA AI INSTEAD OF CLONE AI LUMA AI YOU DONT HAVE TO PAY CLONE AI SUCKSS,1,0,6.3.1,2024-09-07 00:00:41,,,6.3.1,pho831146,com.pixerylabs.cloneai
342458b2-10aa-4bbd-bbd1-240a8fc4be6d,I use for editing & retouching photos. Now creating stickers with AI,5,1,23.0.12,2023-09-02 15:22:41,,,23.0.12,pho107676,com.picsart.studio
98b240ef-bbba-47cc-bdad-69dd2ba27130,Does the job decent yearly rate. good art style on multiple different categories. I had fun running my dog through it a few times. good app!,5,2,1.9.0,2023-04-11 00:53:50,,,1.9.0,pho868538,com.ai.polyverse.mirror
2699be27-2522-4af5-af5d-9222b6378f26,Had to install for a class genuinely worst money I have ever spent,1,1,10.7.1.80,2024-03-19 19:06:43,Hi there! I am sorry that you feel such a way about the app. Could you please provide more information about your dissatisfaction with the app so we can work on it and improve it for you? We value your feedback and any suggestions you have to help us make the app better. Thank you! ^DC,2024-03-22 09:48:16,10.7.1.80,pho279866,com.adobe.psmobile
d530b468-9098-44ae-868f-3a77e3172215,I loved it . Old memorise are getting new,5,0,1.7.4,2022-01-01 13:54:30,,,1.7.4,pho932524,com.bigwinepot.nwdn.international
4cbe3808-f1d2-4edc-a3f0-32b3d559139d,Can't open PDF files?! That's sad.,3,0,11.9.206,2023-12-16 06:18:30,Hi Peter! Thank you for reaching out to us. Please record the screen and send it to us at [http://adobe.ly/psxcommunity] so we can look into it and work on it. We await your response. ^DC,2023-12-26 07:33:35,11.9.206,pho279460,com.adobe.psmobile
67a5a21b-e9a4-4986-88d2-a916d4162fe0,Hello PicsArt.I have a prblm while editing..bcz it's Automatically stopped while editing the picz.. that'z y???? What to do for that??,2,0,19.2.3,2022-07-20 01:32:14,Picsart can freeze on your device when it gets overloaded with cached data. Could you please go to device Settings > Apps > Picsart > Clear cache > Clear data? If these steps do not help please get in touch with us at https://picsart.support so that we can investigate this further!,2022-07-20 03:22:11,19.2.3,pho97403,com.picsart.studio
cfa81d0b-2440-4027-8f4c-437df4b44183,Great app easy to use producing great quality edited pictures to add a little fun to my posts!,5,0,1.462.152,2023-10-01 12:24:40,,,1.462.152,pho455066,photo.editor.photoeditor.photoeditorpro
3fe63cc4-5227-4869-a873-e755d30a0707,10 free pics is okay but now only 5 pics free? Really?,1,0,,2022-02-06 03:05:50,,,,pho921948,com.bigwinepot.nwdn.international
336bb9db-790a-4790-8bb1-c5a7bbff2e25,its high quality pictures if you edit to this app,4,0,3.1.44.202128750,2022-07-13 08:37:13,,,3.1.44.202128750,pho910797,com.bigwinepot.nwdn.international
018fe83b-a279-4951-a498-eaaecefbf777,Pretty good photo editing app. Lots of options even with some of them pay blocked. Very little practice to get great results. The pen option is slightly buggy even using a stylis pen tip on screen (there is a slight delay and it can mess you up but a few times erasing and trying again gets the job done.). Would love to be able to flip/reverse photo chosen for double exposure & stickers made from gallery. Thanks for all the hard work.,5,18,1.301.74,2022-01-17 06:11:14,,,1.301.74,pho441179,photo.editor.photoeditor.photoeditorpro
4cff9c17-f348-458c-aa34-a8e58c377f3b,Remini is no longer pale it turns white,1,0,3.7.304.202238710,2023-07-25 11:33:29,,,3.7.304.202238710,pho930391,com.bigwinepot.nwdn.international
5285f7b2-1ec0-4fa3-96b0-8c8698e96c15,Super pic banata hai,1,0,,2024-08-18 01:07:35,,,,pho982208,com.bigwinepot.nwdn.international
033d1f19-3a6c-4d37-8d1d-7eba633a6408,Been using this for years and it just keeps getting better!,5,0,25.6.6,2024-08-30 19:42:22,,,25.6.6,pho82331,com.picsart.studio
9c204d93-31a9-4c56-87c1-b636883b1b39,Good and easy to use.,5,0,,2022-07-24 01:50:00,,,,pho497517,photo.editor.photoeditor.photoeditorpro
11ae3ba7-39c3-45c6-bc4d-b74f9888ba2d,Nice app and photo editor provides multiple image in,5,0,3.7.435.202299010,2023-12-06 10:29:28,,,3.7.435.202299010,pho915688,com.bigwinepot.nwdn.international
6d549c27-a169-41ae-b3a3-648cb1596511,It's a great app if you're looking to do some fun editing for a photo. The app is a good starting point for anybody looking to do Photoshop/memes.,5,5,1.453.149,2023-06-18 17:19:58,,,1.453.149,pho449239,photo.editor.photoeditor.photoeditorpro
2e22a380-3905-448b-91d7-5dd52fabaef8,great app the transformation is magical.,5,0,3.12.86,2023-12-30 17:21:14,,,3.12.86,pho653330,vsin.t16_funny_photo
5e967c6a-c64d-471b-9986-675698605430,Cant evwn put a simple text with white background bcoz I need to pay premium to have a text with simple background! Unbelievable,2,0,24.2.4,2024-02-14 21:03:02,We appreciate your feedback and understand your concern. Picsart will always offer a robust free version of the app with access to hundreds of free features and millions of pieces of free-to-edit content that you can access without a subscription.,2024-02-15 08:44:45,24.2.4,pho97217,com.picsart.studio
2211b45e-3e6c-4efb-9eca-18a0612bc482,Hi everyone Just wanna say that this app is okay and I think it's pretty effective. Just be aware of the adverts. I think that most people that are studying photography would like this app. Thanks so much for your time and please enjoy your experience with the photo editor. Peace out people,4,55,1.483.106,2022-03-12 10:53:33,,,1.483.106,pho519,photo.editor.photoeditor.filtersforpictures
082ad3c6-92d9-4b3c-8ace-44e8cf6f78d3,With new update Remini is not clearing and recognising face . And not working properly. Major issue is just it is not clearing face like it was doing earlier,2,2,3.7.525.202340464,2024-02-18 22:02:29,,,3.7.525.202340464,pho889335,com.bigwinepot.nwdn.international
d1359109-7692-43a5-8b09-1f8a8b388c4d,This app is good somethings wrong in my divice,3,0,,2022-03-27 23:25:19,Thank you Christer we will continue doing our best and it will be great for us if you could rate again with more than 3 stars you are the best,2022-03-28 02:06:43,,pho15623,photo.editor.photoeditor.filtersforpictures
b6133e22-e663-4b96-bf15-c33902706b80,Really good easy to use,5,0,1.393.114,2022-01-20 21:56:48,,,1.393.114,pho492833,photo.editor.photoeditor.photoeditorpro
dde3bab0-7c1a-4ac9-bf24-433782a76376,Every single time I go into the one where I can add a pic or other boarder there is the same pic from the last time I did one. The only way to erase it is to do a reinstall or (sometimes) turning off my cell. If someone will let me know how to fix that it would be a 5 star app cuz on the other cells I have had it works great and at 1st on this cell as well but as of about 3 months ago I have had issues.,1,1,19.5.6,2022-04-19 05:17:26,"Thanks for the feedback - we'd love to look into this for you. Can you please send us an email at support@picsart.com with the subject line ""App Store Review""? Our team will investigate and work on a fix for you.",2022-04-19 06:22:24,19.5.6,pho69540,com.picsart.studio
086dd49a-6276-4b07-8d30-2ae661cf4e73,This app is amazing. Thank you so much,5,0,1.443.144,2023-02-21 22:52:44,,,1.443.144,pho495109,photo.editor.photoeditor.photoeditorpro
8ab49799-963c-481b-8d36-bf70e85b4343,very interesting app. no ads no disturbance.,5,0,,2022-07-18 08:05:41,,,,pho647178,vsin.t16_funny_photo
87e505b4-8cf8-459c-afbc-076a01e5b05a,worest apps i ever seen every singel time came adds,1,0,3.6.70.202150350,2022-10-09 12:59:39,,,3.6.70.202150350,pho923631,com.bigwinepot.nwdn.international
e4f074fb-e0d2-42f0-bb50-7d88c48d4517,It says we need to update the apps to improve the bugs and other features but I felt nothing new but just became more advertisment to watch. Hehe I prefer the old REMINI,3,0,,2022-01-04 22:05:28,,,,pho888262,com.bigwinepot.nwdn.international
50226e6d-c619-4031-8180-d6725ca80717,what money?? I need free app,1,0,2.1.0.202111508,2022-03-25 05:40:03,,,2.1.0.202111508,pho963003,com.bigwinepot.nwdn.international
bac99b5f-7f63-4981-a512-16bc54a99c1a,Awesome app!! User friendly My number 1 Photo Editing software by far!! thank you,4,4,1.567.181,2024-08-05 12:19:29,,,1.567.181,pho441936,photo.editor.photoeditor.photoeditorpro
167cfe42-f21a-41d6-904e-b91cf1b28ba1,Remini new version not good . Old version is so better. So please Bring back the previous Remini.,1,1,2.4.1.202118010,2022-06-03 03:58:16,,,2.4.1.202118010,pho902830,com.bigwinepot.nwdn.international
2c57e6ce-2b8b-47e4-9a0e-7811221d0831,I used to love this app. It used be like a photoshop mobile. Now it's just yet another money leaching app.,1,0,21.1.6,2023-04-26 11:33:41,As we continue to invest in our products and community we have recently made some additional features premium. This will enable us to enhance our tools & features for both Gold users and non-subscribers. Rest assured we will always offer a free version of Picsart.,2023-04-27 03:59:05,21.1.6,pho113629,com.picsart.studio
b70d4201-057e-4b0e-87f7-514f72c89564,maganda talaga ang pass na ito dahil kahit ano ay maganda pari ang picture lasing gnada ko,5,0,3.12.72,2023-10-20 20:33:11,,,3.12.72,pho780841,vsin.t16_funny_photo
66480d92-f261-4dc3-ad4c-a19928506f7b,Amazing!!!!! I love using it.,5,0,1.417.127,2022-10-10 21:44:35,,,1.417.127,pho487967,photo.editor.photoeditor.photoeditorpro
54c41dc6-a1b3-4bed-af58-437c1689ad5f,Showing no data But Full Data my phone,1,0,3.7.323.202253587,2023-08-09 05:03:20,,,3.7.323.202253587,pho920342,com.bigwinepot.nwdn.international
51cc333c-8e33-47ac-a2b3-f272f0a57d40,I love this app this is the best app I have ever used,5,0,3.12.69,2023-09-28 06:46:27,,,3.12.69,pho669077,vsin.t16_funny_photo
cf771ec5-fcf8-4677-865e-bc11f813d352,You can create stickers and have so many followers it is amazing you should download half But one time on my Amazon it deleted a picture when I used it to edit so I don't know how to do 4 and a half so yeah,5,3,22.8.4,2023-08-19 19:41:35,,,22.8.4,pho86489,com.picsart.studio
14bb7c72-9e96-46c3-9ca2-8e7387c150f5,This app is just like I wanted everything about it is perfect. It's just the filter I dislike because there're not any satisfie filter. I love this app and I'm waiting for the new more interesting feature of this app.,3,1,24.4.3,2024-03-16 00:41:56,Hey there thanks for reaching out and for your kind words! Were always working to incorporate creator feedback and improve Picsart. Well make sure to pass your feedback along for future planning. Feel free to reach out via email at support@picsart.com with any additional suggestions or questions you may have!,2024-03-20 02:20:26,24.4.3,pho79384,com.picsart.studio
72c22bba-b85c-46cb-92fa-7bda0582f9e2,Good app mind blowing,5,0,3.7.303.202236657,2023-07-21 01:37:23,,,3.7.303.202236657,pho969378,com.bigwinepot.nwdn.international
d5bc57da-3ea2-43b3-8d33-2402c2bdd2db,Not stable app internet connection not working etc problem,1,0,3.7.414.202290398,2023-11-06 12:51:23,,,3.7.414.202290398,pho904594,com.bigwinepot.nwdn.international
2a336af9-0a66-49b1-a823-510a9bc40f5c,It just keep saying oops! Check your internet connection and try again later I've got good connection tho it keeps pissing me off I might delete this app if this situation still continue,2,1,3.3.47.202133844,2022-07-19 12:06:09,,,3.3.47.202133844,pho894306,com.bigwinepot.nwdn.international
1480614c-75c2-466b-b4df-4e1f5e8f8b26,Worked great than stopped working you can't do anything without a subscription,1,0,3.7.364.202268972,2023-09-17 17:53:48,,,3.7.364.202268972,pho900164,com.bigwinepot.nwdn.international
b1b105c6-4732-44e9-9186-5e26b0a85088,it's pretty interesting and very funny,5,0,3.3.5,2023-08-20 15:46:10,,,3.3.5,pho871163,com.ai.polyverse.mirror
dfcaa06b-5439-482a-9d61-58e1fd4ba99b,"Awesome app however I noticed people seem to ""like"" familar faces like celebrity's so if your here for the likes then cartoon popular celebs & you'll have over 1k likes in a day",3,0,,2022-04-07 16:51:19,,,,pho643508,vsin.t16_funny_photo
a7558211-3f9c-414c-8357-3da5af0b1e7e,Seems good so far at least. I've been using it for about 2 hours making a collage & adding text in the photos and now it is rather insistently asking me to post a review.,4,6,14.1.76,2024-06-03 06:41:59,Hi there! Thank you for your feedback! On Play Store applications can be rated from 1 to 5 stars with 1 being the lowest and 5 being the highest. Would love to know if there's anything that we can do to improve your rating. Thanks for your love and support! ^Sam,2024-06-03 09:32:45,14.1.76,pho257250,com.adobe.psmobile
6ddf5719-427f-4c2a-bfdc-556bb46fca9a,Good app helps me toooooooo because I am youtuber I make vedios in youtube,5,0,,2023-07-10 10:02:57,,,,pho495799,photo.editor.photoeditor.photoeditorpro
b85f91b0-cd4a-4d6d-b9e8-012505b20c02,Remini is a good app.. I like this app. Very useful app.,5,0,1.7.4,2022-01-01 16:01:30,,,1.7.4,pho929774,com.bigwinepot.nwdn.international
31d6617d-644d-434f-8a30-e5660ffe516f,Absolutely brilliant works well and makes the photos looks incredible,5,1,1.462.152,2023-07-30 16:50:16,,,1.462.152,pho457008,photo.editor.photoeditor.photoeditorpro
c21e901b-90d8-4897-b9d4-946052c070ee,I want the app to give optional sizes and not only slim people.,5,0,3.13.8,2024-05-15 17:06:03,,,3.13.8,pho634679,vsin.t16_funny_photo
b8a41f92-25ab-41ea-87fa-806566e87d89,Very nice. But ads are too much.,4,0,3.7.373.202273829,2023-09-26 02:06:00,,,3.7.373.202273829,pho908651,com.bigwinepot.nwdn.international
a1120473-70fa-42c5-959d-d7b52b1b6657,Lummi is the best of best photo editing app thank you very much,5,0,,2023-04-19 17:12:07,,,,pho6619,photo.editor.photoeditor.filtersforpictures
5295ee33-e01c-475b-9499-9ddd5d36ba75,Many many ads in free mode,3,0,3.7.604.202374942,2024-04-30 12:56:23,,,3.7.604.202374942,pho892225,com.bigwinepot.nwdn.international
4431fd63-3e4f-4ee3-aef8-fd407056975d,Only use it when makeing last of us or resident evil edits over all an ok app. Dont use it often but eh.. It's ok 4/5 stars,4,0,,2023-06-09 06:10:04,,,,pho107040,com.picsart.studio
1e0ca13c-8bde-40a0-a83c-239a81cc99d8,Add makeup like moustache and beard removal also sunglasses graphic.,5,0,3.7.693.202410344,2024-09-12 00:51:57,,,3.7.693.202410344,pho889191,com.bigwinepot.nwdn.international
e1691a97-b1b3-4e94-8db8-5bed60beba7d,Very good app with amazing features,5,0,23.9.5,2024-01-01 05:04:53,,,23.9.5,pho132733,com.picsart.studio
a8a03d2f-51c7-4f1f-9ee9-a15235358f28,Very nice but too much advertising,5,0,3.7.142.202177463,2023-02-28 00:50:52,,,3.7.142.202177463,pho915367,com.bigwinepot.nwdn.international
1c60e668-512c-496e-9019-6fe0ed2aa770,Tried to do the free trial but kept causing an error. I then tried the $2.99/week and again gave me an error. Would not let me do anything without paying so I couldn't even try the app. Very disappointed wanted to try the AI.,1,0,,2023-07-20 09:10:59,,,,pho878880,com.bigwinepot.nwdn.international
36d17640-3568-427f-8119-92c66ed4097f,It's nice when used,1,0,,2023-12-14 06:58:37,Dear user if you like the app please give us more stars. Also let us know if you have any suggestions for improvement at support@pho.to.,2023-12-18 01:59:38,,pho697929,vsin.t16_funny_photo
79bc67a5-6e29-456e-b130-d9ee53b4aa1b,It's waste app full of ads waste waste chetta,3,0,,2022-04-29 04:15:21,,,,pho919889,com.bigwinepot.nwdn.international
cfa5d3ae-e0b9-4f27-b0b6-856b62ed091c,I just can't deal with all the adds any more wasting my time.,2,0,1.417.127,2023-01-07 12:04:00,Hi Tom Brose so sorry for the trouble. May we know which features you were using when the problem occurred? Please share more details and some screenshots about the problem at polish@inshot.com. We need more information to locate and solve the issue. Many thanks in advance.,2023-01-08 21:36:06,1.417.127,pho460117,photo.editor.photoeditor.photoeditorpro
83e6cbcf-6332-47a3-b34d-7055c3825664,I really love photo lab It makes me look very mature,5,1,3.12.73,2023-10-21 12:54:43,,,3.12.73,pho659126,vsin.t16_funny_photo
eb0594b5-08b0-42dd-aefa-de9f8f95b9b3,Mostly it says slow network,1,0,,2023-08-19 03:50:12,,,,pho929818,com.bigwinepot.nwdn.international
7223b89e-73a1-42d9-871a-119bd7576bac,This app is false I don't understand why it has so many recognition in the first place SMH. DELETE,1,0,,2022-06-10 00:02:17,Dear user sorry to hear you are unsatisfied with the progress of the updates. We hope you can enjoy our app again in the future.,2022-06-10 00:55:51,,pho643252,vsin.t16_funny_photo
2254b7a3-0709-46b9-8432-4c75b6168b43,Wow amazing.. naka auto edit na sya super love it,5,0,3.7.357.202264491,2023-09-11 07:13:14,,,3.7.357.202264491,pho924402,com.bigwinepot.nwdn.international
2f943b98-2603-4888-bed0-258ad4df9199,Showing too much ads.,1,0,,2022-03-17 13:20:44,,,,pho916613,com.bigwinepot.nwdn.international
3cd62133-983a-43b8-810f-dfe0cc328bac,Trash the app is lagging,1,0,,2024-10-09 03:32:03,,,,pho830365,com.codeway.videoapp
c4ad8103-b6b9-4090-b536-1465144a548e,use this app daily. cards texts gift tags etc. luv it,5,0,24.7.5,2024-04-20 13:20:51,,,24.7.5,pho91155,com.picsart.studio
8b844630-ffb5-405e-8b75-19fe2437199b,It's good at editing photos but some has VIP or like a crown and you can't really use it but I will still give it 4 stars. this app is also have different kinds of fonts which are helpful also and you can fully edit photos which are perfect for my beach photos filters fonts designs,4,0,1.574.186,2024-10-05 08:31:59,,,1.574.186,pho441469,photo.editor.photoeditor.photoeditorpro
1797de49-f746-46e0-8a38-7be0f53ff67a,This app is wonderful i have alot pictures edited in this app,5,0,1.462.152,2023-10-01 08:14:57,,,1.462.152,pho477153,photo.editor.photoeditor.photoeditorpro
03f66c4d-3ada-4810-954d-91bd73f2d456,For no reason whatsoever adobe discontinued adobe Photoshop mix. They said I could use express instead but with mix I could layer photos and lasso parts of other photos put or in. Not the case with this software.,1,2,14.1.87,2024-06-06 15:40:29,Hello Jeremy Bowling; we understand your frustration with Adobe Photoshop Mix being discontinued. Here is the link to get you started with Photoshop Express: https://helpx.adobe.com/in/photoshop-express/get-started-android.html. ^Sam,2024-06-07 10:20:32,14.1.87,pho257666,com.adobe.psmobile
1f8c4c80-a55a-4534-b780-dd5a8e1ae938,One of the best photo editing tool .l love it.,5,0,,2023-10-12 03:52:59,,,,pho471016,photo.editor.photoeditor.photoeditorpro
a401b36e-7f5a-43ee-9b48-e6bdb6f4c835,I was actally able to really edit the way I wanted to,5,0,1.572.134,2023-09-07 12:40:52,,,1.572.134,pho12325,photo.editor.photoeditor.filtersforpictures
125fee72-3af9-451f-99a2-3e23734142f3,Cannot try monthly payment only.,1,2,,2023-07-23 03:20:31,Dear user we need to charge for research and development costs I hope you can understand. We also offer several free trials a week if you want to continue you can subscribe to our membership to continue using.,2023-07-28 04:43:27,,pho824003,com.energysh.quickarte
91ad9582-3de1-40ae-8c88-b1fbf3fe77f8,pretty cool and I love it..one thing is some are blur,5,0,3.12.62,2023-07-23 19:42:47,,,3.12.62,pho657532,vsin.t16_funny_photo
d5729658-ec87-44a7-af74-6e9512d28cc3,this is the perfect photo lab app I have ever downloaded,5,1,3.12.68,2023-09-15 05:38:59,,,3.12.68,pho658072,vsin.t16_funny_photo
540d06d9-d580-4cd9-ad98-38007541f7fd,A lot of ads its so annoying,1,0,3.7.342.202258491,2023-08-24 13:09:17,,,3.7.342.202258491,pho913876,com.bigwinepot.nwdn.international
98f80c2c-f8a8-46ba-bd97-822e4252545d,Paywall. Not just any paywall most of the stuff is behind it. They require accounts too even when not paying which is ridiculous.,3,0,,2022-06-05 04:56:58,Registering your Picsart account gives you the opportunity to sync your photos settings and stickers to a single account. By logging in you'll also be able to participate in challenges share your edits and follow other Creators.,2022-06-06 08:54:29,,pho88829,com.picsart.studio
0cc853bd-aac4-4473-9e83-b5653b3fddd0,Don't instal this app,5,0,1.7.0,2022-02-18 18:07:16,,,1.7.0,pho948160,com.bigwinepot.nwdn.international
5677768e-1741-4130-89bc-21ceb6490438,I've used this app frequently with different devices and I absolutely love the results every time. It just sucks that you have to pay for no ads.,4,11,1.491.159,2024-01-15 19:20:41,,,1.491.159,pho445691,photo.editor.photoeditor.photoeditorpro
1cd320d5-c074-49f4-855d-d341c7488771,How can l use this app,5,0,3.12.72,2023-10-12 04:36:29,,,3.12.72,pho716001,vsin.t16_funny_photo
1102585e-b77b-423d-9002-65812e21d3ff,Well i didn't know u guys stopped free works.. m uninstalling this app czz i wasted my 3 hrs for designing an official template and now i cant save eve i cant take screenshot this is so dumb. Dont install it if u r a free user!,1,0,20.0.2,2022-06-30 02:41:13,Picsart will always offer a free version of the app but we also offer premium features for Gold subscribers. Premium features are identified with a gold crown. To save your edit make sure you're only using free features or learn how to subscribe to Gold at https://picsart.help.,2022-06-30 03:50:29,20.0.2,pho108260,com.picsart.studio
cba63902-e364-4983-b637-a011cc6f96f5,Everything effect is for paid subscription only. They should have given few free effect or at least sufficient coin to try out sample video.,1,0,1.12.2,2024-07-13 10:42:43,We understand your concern. The app offers limited trial coins to explore features but a subscription is needed for full access including up to 100 AI photos daily and high-res video processing. If you have any questions or need assistance please contact us at contact@glamlabs.app. We're here to help!,2024-07-15 02:51:52,1.12.2,pho1054493,app.getglam
31a97df9-e5b1-4e85-8ffa-252310fed4d3,A very bad app that was good in past because some tools was free in it in now by the time picsart has completely do this for money if you want to use it then fisrt you have to buy it because it's not free now anymore going to uninstall it.,3,0,20.1.3,2022-12-10 02:13:01,As we continue to invest in our products and community we have recently made some additional features premium. This will enable us to enhance our tools & features for both Gold users and non-subscribers. Rest assured we will always offer a free version of Picsart.,2022-12-12 03:30:23,20.1.3,pho76433,com.picsart.studio
90958f8a-6038-4ce9-8992-0cce425c2aca,This app is where i can fix my photo's,5,0,1.491.159,2024-01-08 21:37:49,,,1.491.159,pho503502,photo.editor.photoeditor.photoeditorpro
57706fd9-eebf-4778-bfb0-f2ed297d0e7d,There are lots of ads,4,0,,2022-12-12 02:46:51,,,,pho140652,com.picsart.studio
006b56b8-a0f6-4c3d-8c88-5a3b7eeceba3,Ads are the one of the main problem. Even click on a photo you get Ads. Use a tool you get an ad. Im just impressed by the audacity of these people to put this much ads for a little work. Bad app i don't recommend it,1,2,3.7.732.202427353,2024-08-14 12:42:12,,,3.7.732.202427353,pho875890,com.bigwinepot.nwdn.international
5f914f6c-9596-4fc5-b968-471896d765f7,thank u for this awesome app. hoping there's no limit to enhance ur pic for those who can't avail pro/premium. thanks & godbless,5,0,3.0.38.202125050,2022-06-24 22:25:50,,,3.0.38.202125050,pho897576,com.bigwinepot.nwdn.international
4fbb0856-c4b9-4e05-91fb-a0b600f970e3,Worst service ever! A$30+ for headshot and it is absolute scam because it looks nothing like you! You can't even see the end product before choosing to purchase what a waste!,1,0,7.6.17.1,2024-10-04 10:58:42,,,7.6.17.1,pho832296,com.everimaging.photoeffectstudio
8a614dc6-443e-4330-855a-42364f9e043d,Nice app. The subscription rate is quite high for those of us who are just beginners with no earnings. Otherwise the app is superb. Kudos to the Photo Lab team,5,1,3.9.8,2023-03-21 14:22:25,,,3.9.8,pho631400,vsin.t16_funny_photo
fd172fe6-a0a3-4727-bec9-cea556faa4cc,"I'm fixing my old review. (If your on a public wifi that blocks adds it won't work.) It's working for me now but i wish they would have paid filters on a rotation to be free for couple days or a bulletin board to share your work. 3 stars for free users would be 4 stars if they had a ""want a break from the adds? Click to watch am add for 15 minutes of add free use!"" Tl:dr. it works under good conditions would be nice to have public board to share work would like an watch add for a break",3,1,3.4.0,2023-09-27 15:05:38,,,3.4.0,pho868057,com.ai.polyverse.mirror
82cd7d0e-d940-45a0-a0be-66d1fce1d10b,Good working really a beautiful aap,5,0,1.462.152,2023-09-04 11:02:43,,,1.462.152,pho492266,photo.editor.photoeditor.photoeditorpro
af262514-2172-45c1-99d7-bab5c8329fbc,Ok. But haven't been able to use the exported file in any other apps. Maybe user error though not sure.,4,0,,2024-02-08 17:07:49,Thank you for your review! We're sorry to hear about the trouble with using the exported file. Could you provide more details on the issue at help@vimageapp.com? We're here to help. If you're enjoying the app a 5-star rating would be greatly appreciated!,2024-02-09 02:57:30,,pho797202,com.vimage.android
df7e3809-20a5-4a79-915f-dcbef4989347,Now it become very bad poor enhancement,1,0,3.7.14.202154745,2022-11-22 01:43:53,,,3.7.14.202154745,pho925865,com.bigwinepot.nwdn.international
c2b1a1c2-4f54-4d65-8dec-2b026ade2a42,I just edited a couple pictures together and it works great,5,1,1.402.119,2022-03-24 01:57:49,,,1.402.119,pho468925,photo.editor.photoeditor.photoeditorpro
c3cc0f90-107a-40c0-9f16-1f3a041ceaab,I once rated this great app 5 stars but now it crashes so much I had to come back and edit my review. I still like working with the app but if it's going to crash every time I'm trying to edit something using remix or stickers then I'm going to have to cancel subscription and uninstall because at this point it's useless and foolish to pay for something you can't use.,2,0,20.7.3,2022-10-13 12:51:47,"Thanks for the feedback - we'd love to look into this for you. Can you please send us an email at support@picsart.com with the subject line ""App Store Review""? Our team will investigate and work on a fix for you.",2022-10-14 03:38:21,20.7.3,pho63972,com.picsart.studio
cc641393-28b2-48fd-8f99-6f9ce1fd90e5,1 star is enough.wastage of mbs .gives you zero percent experience but demands payment first dont download it.the worst app ever.,1,0,3.7.544.202348283,2024-03-09 01:18:40,,,3.7.544.202348283,pho907611,com.bigwinepot.nwdn.international
70b6647d-9f88-4f37-ab50-303431b76b62,so far working great for me but I have minimal needs. so for quick fixes I think it's wonderful.,5,2,11.0.4.145,2023-10-31 21:34:23,Hi Ashley! Thank you for your positive review! We truly appreciate your feedback and are thrilled to hear that you are enjoying our app. ^DC,2023-11-19 02:18:02,11.0.4.145,pho267607,com.adobe.psmobile
489c2bda-39cc-4818-9ff0-0a1adbd67833,This app is very best app for editing,5,0,3.7.208.202195110,2023-05-05 13:38:50,,,3.7.208.202195110,pho932910,com.bigwinepot.nwdn.international
30fd908e-b1de-42ca-8100-2512050d5942,Nice app but ad is not good,3,0,,2024-02-15 05:19:14,,,,pho934021,com.bigwinepot.nwdn.international
eae59205-ffdc-428f-a4f7-ffc7797eb548,Works well cool effects worth the cost.,5,0,1.552.173,2024-06-13 16:54:04,,,1.552.173,pho451233,photo.editor.photoeditor.photoeditorpro
835e5d99-5722-4bb9-a774-2d84c0e53a2c,Your app is really amazing but some how complicating but the problem is that I can't save my pic,1,0,24.7.4,2024-04-19 05:50:46,Picsart will always offer a free version of the app but we also offer premium features for Gold subscribers. Premium features are identified with a gold crown. To save your edit make sure you're only using free features or learn how to subscribe to Gold at https://picsart.help.,2024-04-25 03:16:26,24.7.4,pho102397,com.picsart.studio
40e9abc4-1848-4487-a66a-82fb1d90afbc,I have had this app for years and I have loved it for years however now you have to pay for everything and that just isn't feasible for a lot of people. You better have to pay to save your picture it's just ridiculous,2,1,21.3.7,2022-12-27 17:49:42,As we continue to invest in our products and community we have recently made some additional features premium. This will enable us to enhance our tools & features for both Gold users and non-subscribers. Rest assured we will always offer a free version of Picsart.,2022-12-28 02:39:17,21.3.7,pho89186,com.picsart.studio
0939025d-5827-4f7f-ba0d-e5a68e86fe03,The app sends me a message : {Sorry can't connect right now} Please fix it,1,0,1.7.5,2022-01-10 14:56:05,,,1.7.5,pho905908,com.bigwinepot.nwdn.international
dadb162f-4fb7-4460-b771-724afa428a60,Actually this app is really useful.I really like the themes that have in this app.You must try this one.,4,0,3.12.15,2022-05-25 03:19:17,,,3.12.15,pho645437,vsin.t16_funny_photo
444fc444-7257-4976-b2c3-1c05c8247bd9,Hmm this app is very nice but too many ads,4,0,,2022-08-18 11:10:19,,,,pho149608,com.cyberlink.photodirector
16139ea7-d380-4e81-b3e8-85e10a032338,I downloaded this app 2 days back then there was no problem but when I saw it after 2 days then it is consuming 35Gb of storage while my net is also off.,1,0,14.3.3,2023-05-12 10:27:37,Hi please note that the size of the app itself is not too big. However a bit of storage is taken up by the drafts you have saved your projects and installed packages. So to reduce the app size you need to delete the drafts projects and packages you don't need anymore. To free up some space you can also delete app cache and data.,2023-05-15 05:08:42,14.3.3,pho96391,com.picsart.studio
fce0bb5a-4a62-4d34-85f7-217924c19ee2,As far as I can see this photo app has all the options that I need at the right price!,5,2,1.543.170,2024-05-18 15:15:57,,,1.543.170,pho444506,photo.editor.photoeditor.photoeditorpro
319a75dc-9370-4840-96b9-bb001e103bf4,Helped and is Helping me to do a tonne of useful stuffs!,5,1,20.8.4,2023-03-02 08:52:12,,,20.8.4,pho129322,com.picsart.studio
9491d779-9bc5-492f-82b0-fbd57699a787,I used to use this app a lot but uninstalled it a while ago and now I have to pay just to use the basic functions like the text function. I miss the old app so much-,1,0,,2022-10-30 11:39:10,"Hey there thank you for your feedback. You can add text for free as long as you are not using any premium fonts. If you use a non-premium font and still can't save your edit please send us an email at support@picsart.com with the subject line ""App Store Review"". Our team will investigate and work on a fix for you.",2022-10-31 05:35:06,,pho95875,com.picsart.studio
0922dc26-149f-4fe0-8f9b-9c81c9157da2,Terrible app Way to many ads (typically for tiktok) that pop up mid edit. Installed and deleted after second use almost unusable because of ads.,1,2,,2023-02-04 18:52:45,Hello thank you for your comment. Our app only has ads when unlocking material and saving photos. This is also the way to keep our team alive. We are sorry for this and will continue to improve our experience. Thanks for understanding!,2023-02-05 21:35:20,,pho1576,photo.editor.photoeditor.filtersforpictures
9298796d-4953-4e7a-9f52-5cdd867a9f20,After downloading 200 MB app it will ask you to purchase the app features and after 2 to 3 edits you won't get any editing for free . Wate of 20O MB,1,0,,2023-04-16 03:57:59,Sorry for this inconvenience.In order to ensure the operation of our R&D team some of our features need to be paid hope you can understand. We also have a lot of free features.We provide a 3-day free trial for new users and you can decide whether to continue the subscription after the trial.We will also continue to update more valuable features.,2023-04-20 22:13:53,,pho834658,com.everimaging.photoeffectstudio
702b79e8-0562-452a-95c6-493046c0e4e2,So many Adds. It takes time to edit photo because of so many Adds.,1,0,,2024-06-16 11:02:53,,,,pho897907,com.bigwinepot.nwdn.international
0ffe06f2-57fd-4da4-b440-2d28b1244445,Very annoying app every time I saved it it's doesn't exist,1,0,20.3.4,2022-09-15 14:13:33,"We'd love to help but we need more information. Can you please send us an email at support@picsart.com with the subject line ""App Store Review"" so our Support team can investigate?",2022-09-19 06:52:43,20.3.4,pho124318,com.picsart.studio
14b9bed0-68f8-4a3f-a884-c9a409ed6437,Great app but experiencing issues won't let me subscribe to premium. I click subscribe and the next bit doesn't load. Also when I make a photo and add text it breaks and won't let me save just keeps loading the advert for premium no matter how much I click. So I lose all my progress. Really annoying because I love this app.,4,6,21.3.9,2023-01-21 08:22:40,,,21.3.9,pho70012,com.picsart.studio
a33c967d-7b0e-4fe4-98e2-149747d34476,very useful love it,5,0,3.7.53.202161094,2022-12-11 00:42:43,,,3.7.53.202161094,pho944252,com.bigwinepot.nwdn.international
c5236c30-b545-43c1-8f62-a7b65823cb1b,Disappointed. Maybe I just don't have a face that can't be made to look good.,1,0,3.7.304.202238710,2023-07-20 07:41:59,,,3.7.304.202238710,pho907264,com.bigwinepot.nwdn.international
49dbd8cb-5973-49e9-80a9-444d71a10523,DON'T DOWNLOAD THIS!!! THERE'S TOO MUCH ADS,5,0,3.7.539.202345315,2024-02-27 09:10:41,,,3.7.539.202345315,pho922094,com.bigwinepot.nwdn.international
0483a87e-c822-4308-b770-284793f40892,First photo I messed with turned out like 100 times better than I expected. So just rating based on my first photo alone 5 stars to that selfie yo,5,1,1.53.166,2024-04-23 18:15:20,,,1.53.166,pho456004,photo.editor.photoeditor.photoeditorpro
700a253a-5c3b-48aa-8426-732c9637bc4c,I love this app and love designing photos on here I tend to get lost for hours at a time just creating memories. Definitely recommend it to all.,5,2,25.3.9,2024-07-24 23:44:12,,,25.3.9,pho65146,com.picsart.studio
5a36dbef-5c98-45a8-b89e-c724e343d6e7,Every time in the middle of drawing it was corrupted with buying premium and everything was deleted like nothing happened l.,1,2,,2023-03-14 04:01:39,Dear Sir we have solved the problem. Sincerely hope you can try our app again!,2023-03-23 11:15:59,,pho869841,com.ai.polyverse.mirror
c38dc4b9-0f28-4409-8248-4adb323df272,They Post it as a free app with in app purchases but in reality has 0 functionality without in app purchases. So is in no way free and just waste your time downloading installing and uninstalling.,1,6,1.2.5,2024-03-22 06:17:09,,,1.2.5,pho1054935,com.ai.avatar.face.portrait.app
b870abe1-df7b-401e-81c4-45509bfec0a6,I love this app it so perfect,4,0,3.12.66,2023-09-09 17:53:48,,,3.12.66,pho676630,vsin.t16_funny_photo
46e5183c-db80-45a9-a39e-bd96178c00d0,This the best app for photo smoothing.I really appreciate this app,5,0,1.7.4,2022-01-04 01:19:43,,,1.7.4,pho918232,com.bigwinepot.nwdn.international
70a9f431-a8b0-406a-b135-30526f2241ad,This app used to be great just a month ago. It was wonderful at clearing up blurred images and enhancing faces. I guess because of the NSFW stuff that the Play store restricted it to now it barely does any of that. It definitely will not sharpen your photos and the enhancement features are now lackluster in execution.,1,0,2.2.0.202114757,2024-02-25 18:16:25,,,2.2.0.202114757,pho875453,com.bigwinepot.nwdn.international
ee33aa35-9908-44a0-9555-e9dc9acb59e5,I installed this app .but it's not sign in my mobile is this my fault or app fault or phone fault.,3,0,9.3.70,2023-06-26 00:28:20,Hi Sashibhusana! I understand that you are facing trouble while trying to login. You can sign in with your Adobe ID Apple ID Facebook or Google account. Would request you to elaborate about the issue you are facing while trying to login at: http://adobe.ly/psxcommunity ^DC,2023-08-22 06:42:16,9.3.70,pho277039,com.adobe.psmobile
7d9ca789-b5aa-4b4e-890a-e5cef76a6bb6,super good editing. I'm so happy find this app,1,0,3.7.284.202223827,2023-07-08 05:26:16,,,3.7.284.202223827,pho915205,com.bigwinepot.nwdn.international
259f8b92-8010-4c2d-85a6-9d3893a273c9,It's great for editing Remini photos easy for you to edit and make your photos beautiful.,5,5,3.7.135.202176207,2023-02-20 19:44:36,,,3.7.135.202176207,pho894518,com.bigwinepot.nwdn.international
018ca48e-0f14-4a12-9e24-a857ff5a04e0,it makes you feel better of yourself,5,0,3.13.15,2024-07-11 03:05:31,,,3.13.15,pho646412,vsin.t16_funny_photo
90cc0c4e-faa8-4755-941c-05c8b1619a97,DO NOT DOWNLOAD. THEY WILL REQUIRE YOU TO SUBSCRIBE FIRST AND REGISTER A PAYMENT METHOD BEFORE YOU CAN EVEN USE THIS APP. AND THEN THIS APPLICATION DOES NOT NOTIFY YOU WHEN THE FREE TRIAL HAS ALREADY ENDED. IT WILL JUST DEDUCT YOU WITH MONTHLY/YEARLY FEE THAT THE PREMIUM REQUIRES. DO NOT DOWNLOAD THIS. AND NOW I AM HAVING TROUBLE REFUNDING THE FEE. YOU ARE SUCH A MONEY TAKER PICSART. YOU SUCK!,1,0,,2022-08-12 00:08:05,"We'd love to look into this for you. Can you please email us at support@picsart.com with the subject line ""App Store Review""? Our team will investigate and work on a fix for your Gold subscription.",2022-08-12 02:56:42,,pho97019,com.picsart.studio
59b46747-f3c5-4fc7-ad43-a1b23426c424,Good photo editing app,5,0,1.401.118,2022-03-08 12:44:10,,,1.401.118,pho497899,photo.editor.photoeditor.photoeditorpro
7513a95c-0be9-4e95-bac4-f92a5560bc18,I really love this app since it makes my photo clearer . But the ads have gotten so much worst!! We need to watch 2 ads if i want to enhance my photo and save my enhanced photo!! I personally thought that this ad thingy is going to fixed but no! It just got worst. If you want to make your photo clearer and you have patience then i recommend you dowload it but if you dont have patience then it's optional for you,3,4,2.5.0.202122083,2022-06-15 07:38:32,,,2.5.0.202122083,pho877775,com.bigwinepot.nwdn.international
e071f353-1e35-4327-9220-cc37d977f7f6,one of the best app,5,0,3.7.328.202255200,2023-08-22 09:24:07,,,3.7.328.202255200,pho961683,com.bigwinepot.nwdn.international
5e05822a-772e-420c-9ba1-6e85c69130a4,App is working perfectly fine till last update. Colour picker tool is not working now please fix the issue faster.Thanks,5,1,19.2.3,2022-03-15 10:30:55,,,19.2.3,pho95355,com.picsart.studio
8e83a266-216b-4160-b22e-73167cf7de7e,I really love it but it has way to many adds half the time,4,0,1.8.8,2023-04-20 22:01:57,,,1.8.8,pho870268,com.ai.polyverse.mirror
f6adbe8c-0f2c-4f09-9d0a-30efc388d77f,i love it because this remove my insecurities,5,0,,2023-09-15 05:12:36,,,,pho946742,com.bigwinepot.nwdn.international
6c22af2b-de6e-4e5b-90a8-1e7d8b4793f5,I believe that PicsArt are getting expensive to use.now we have to pay lot of individual features after subscription for the application also. Some features was free before now we have to pay them also.thats why had to cancel subscription.,1,0,21.4.6,2023-06-12 09:42:52,As we continue to invest in our products and community we have recently made some additional features premium. This will enable us to enhance our tools & features for both Gold users and non-subscribers. Rest assured we will always offer a free version of Picsart.,2023-06-13 05:22:43,21.4.6,pho75876,com.picsart.studio
11ae2dd8-207e-4ad7-bd91-6e873683b535,Ads ads ads and more ads. And you can't even save a photo without purchasing it.,1,0,,2022-04-09 07:43:39,Picsart will always offer a free version of the app but we also offer premium features for Gold subscribers. Premium features are identified with a gold crown. To save your edit make sure you're only using free features or learn how to subscribe to Gold at https://picsart.help.,2022-04-09 07:48:50,,pho106420,com.picsart.studio
f2345b6b-b319-46ed-9f6e-c869f78bae5f,Love this app! Super simple to use yet provides outstanding image quality and editing tool variety! 100% Recommend,5,0,14.1.76,2024-06-03 17:59:05,Hello Albert Landry we appreciate your kind words about our app! Thank you! ^Sam,2024-06-04 06:57:31,14.1.76,pho257713,com.adobe.psmobile
c9f473f7-80b3-4c28-866e-590baae92466,Great App :) it's user friendly and you have many options.,5,0,,2022-04-14 13:40:40,,,,pho107091,com.picsart.studio
b66a7ecc-83cb-43a8-a48d-ff17c67506ab,Too much ads which makes the app completely unusable. I know that I can pay to remove ads but bro! Why are you getting so greedy!?,2,814,3.7.693.202410344,2024-07-15 01:38:21,,,3.7.693.202410344,pho877966,com.bigwinepot.nwdn.international
16574d76-153d-4e85-b962-e3bac28add69,Excellent app with tons of options for effects adding text combining filters/effects etc. This makes photo editing a breeze! Also with the paid subscription (which I have) there are NO annoying adds ! Oh yah also you can create your own combination of AI movement filters etc. and share it with other subscribers!!! All in all a great app!!! It's well worth the lifetime subscription!!,5,2565,3.12.30,2022-10-17 07:32:00,,,3.12.30,pho630070,vsin.t16_funny_photo
19028303-5b63-47cf-893d-50eb78e4b580,good but unlock some features of PicsArt,3,0,16.7.5,2023-05-29 04:05:11,"We'd love to help but we need more information. Can you please send us an email at support@picsart.com with the subject line ""App Store Review"" so our Support team can investigate?",2023-05-30 08:46:51,16.7.5,pho135666,com.picsart.studio
d5ee06d1-c848-4395-b760-490e888474ed,Don't like this app I had to pay for a eraser instead it being free I thought it was free instead of having to pay for it,1,0,,2024-01-25 20:57:13,Thank you for using our app and sharing your feedback. While some features are indeed premium and require a purchase we also offer many free features for everyone to enjoy. It's essential for us to have some features fee-based to support the ongoing development and operation of our app so we can bring more exciting features to our users.,2024-01-29 22:21:12,,pho833878,com.everimaging.photoeffectstudio
1cd40194-d4f4-4c11-a9bd-6392a32e684a,This app is very fantastic,5,0,,2024-09-13 00:39:18,,,,pho929483,com.bigwinepot.nwdn.international
2f64d1ad-aaa1-4c6c-b4e5-a8fca0fb618b,I don't mind paying a one-time fee for a premium app but there's no way I'm paying a monthly or annual subscription for this one.,1,0,20.3.4,2022-08-17 16:20:30,We appreciate your feedback and understand your concern. Picsart will always offer a robust free version of the app with access to hundreds of free features and millions of pieces of free-to-edit content that you can access without a subscription.,2022-08-18 03:01:01,20.3.4,pho91782,com.picsart.studio
32a6e3ab-8b39-405a-969c-8d0899548362,I used to like the free version of the app but they updated it making it useless to free users even though they hammer you with ads. They'll say it's still functional but IT'S NOT. You can't save your work or screenshot. USELESS,1,2,19.3.0,2022-03-28 07:55:50,As we continue to invest in our products and community we have recently made some additional features premium. This will enable us to enhance our tools & features for both Gold users and non-subscribers. Rest assured we will always offer a free version of Picsart.,2022-03-28 08:09:22,19.3.0,pho76385,com.picsart.studio
97d9fc8b-c084-4021-a669-a20c27647e72,First of all Old version is incredible with and easy to use for end user. New version is worst with new look. I recommended this app with my mass community on Insta. Now a lots of messages I got only for best alternate of that app. Remini not only changed the interface but also changed or decreased the app quality as well. Your team just open the market for others.,1,1,,2022-08-07 11:41:22,,,,pho877532,com.bigwinepot.nwdn.international
3e42fdf6-0ca0-4d01-bc19-c23adf8b73dd,nice app super clear love it,5,0,3.7.181.202186937,2023-04-06 05:17:30,,,3.7.181.202186937,pho938241,com.bigwinepot.nwdn.international
66f527f5-8454-4e44-8a0c-8a1d04ab1416,This a problem create,1,0,,2023-08-09 04:00:10,,,,pho974484,com.bigwinepot.nwdn.international
72287134-d41e-457c-97e0-a60bc50305d3,Give me back my Php2 200 your deducting it without my consent!.,1,0,,2023-09-29 20:25:46,,,,pho872915,com.ai.polyverse.mirror
b4d7d988-89f0-476b-8418-e20c03122969,I want to unsubscribe from the app but no one has got back to me on how I can do that neither have they answered me. Don't download this app. Its a scam,1,0,3.5.1,2023-08-12 01:13:43,,,3.5.1,pho831382,com.pixerylabs.cloneai
8d2a2a4c-08fa-4c1a-b4bd-005f4f249f2f,IT is best for photo editing,5,0,,2022-06-15 00:56:13,,,,pho135103,com.picsart.studio
31138dce-76c3-4d3d-8397-8472be26ff73,i don't save in this piscart photos .It show me to buy this piscart plan.How to make this?tell me.,4,0,23.9.5,2024-01-16 00:11:38,,,23.9.5,pho140549,com.picsart.studio
ca3d908a-6deb-42d2-af30-f8455ea040b9,The old version is better,1,0,2.0.5.202108955,2022-03-04 08:34:06,,,2.0.5.202108955,pho958044,com.bigwinepot.nwdn.international
ddaca7a5-5a09-4bca-8f7e-86779ee5e865,Didn't work very clearly and I can't see where I cancel the free trial?,2,1,18.3.1,2023-08-15 13:32:08,"Hi Kay if you'd like to cancel a subscription please complete the settings from the Play Store: https://support.google.com/googleplay/answer/7018481 If you have any questions please tap the Settings button on the app homepage use the ""Send Feedback"" in-app Settings to send problem details for our checking. Thank you",2023-08-16 03:18:24,18.3.1,pho148272,com.cyberlink.photodirector
3e683443-a448-4b14-9b72-f85949346ded,If this is fully free it's the best,3,0,8.0.929,2022-01-08 02:02:28,,,8.0.929,pho287745,com.adobe.psmobile
8043fb95-8896-439b-8657-ce1a83f2e9d8,This App is Fake Free Trial This App Debit My Money,1,0,3.7.604.202374942,2024-04-28 06:50:13,,,3.7.604.202374942,pho906618,com.bigwinepot.nwdn.international
1f29e576-740e-4407-b7e1-3d52ba30c5f6,Best app for pic quality,5,0,1.6.1,2022-04-08 15:36:21,,,1.6.1,pho949166,com.bigwinepot.nwdn.international
11a65118-f8c2-455d-a08d-1ee7d8ed54c9,very nice application very useful for photo lovers,5,0,3.7.342.202258491,2023-08-26 09:22:11,,,3.7.342.202258491,pho925550,com.bigwinepot.nwdn.international
6d87354d-d2b5-46f5-bafe-21048a9565a1,I have never seen photo editor like photo lab i have good experience on this app not like others app o,5,0,3.12.62,2023-07-05 01:13:36,,,3.12.62,pho643140,vsin.t16_funny_photo
f87c2bc4-fa7f-454e-8226-9b7e35fcbf5a,Best app. Iam using this app and its work is very nice.,5,0,,2022-05-12 13:13:07,,,,pho476924,photo.editor.photoeditor.photoeditorpro
6cf9f216-3708-4663-a125-110238fa78f8,This is very good app for blur photos change in real photo,5,0,,2022-12-14 11:37:45,,,,pho915274,com.bigwinepot.nwdn.international
39038cf5-bb95-49d2-8b44-ff6b47987031,there's a problem when you trying to install the app. it says there's a problem even if my phone isn't full storage. the old remini are much better than the updated one.,1,1,1.7.2,2022-02-09 07:24:54,,,1.7.2,pho896059,com.bigwinepot.nwdn.international
97f11935-000d-4607-b17f-677f2b21e550,result is very good i just use it found so good and result is excellent.i recommended that just download it and use it,4,0,3.7.563.202356965,2024-03-20 13:50:43,,,3.7.563.202356965,pho904964,com.bigwinepot.nwdn.international
356977f1-dfd4-42d0-8887-dc7bc1dd4cb1,This app is soooooo cool but if u add posses it will be greattt,5,0,,2022-10-29 14:13:52,,,,pho143178,com.picsart.studio
a87850c7-63e4-416f-91b9-be7db8b6d39c,Ai Is the Good Worker,4,0,1.2.5,2024-03-25 16:50:44,,,1.2.5,pho1056791,com.ai.avatar.face.portrait.app
0f1a067d-6984-424e-a9c9-bf2e3e6bb1bd,photo shop is 1 of the best!! Definitely made allot of awesome changes since my last use,5,0,,2024-05-08 16:25:44,Hello we're delighted you noticed significant improvements since your last visit. Thank you for your support!^Sam,2024-05-09 09:32:19,,pho268362,com.adobe.psmobile
f7d57285-6baa-4cee-8e72-d4fe37347509,good app but some filters,5,0,1.0.2,2023-07-01 04:07:43,Dear User We are always working to add more sources in the updates. Thank you for sharing your thoughts with us :),2023-07-03 14:39:07,1.0.2,pho830434,com.codeway.videoapp
14a2fc77-7a54-41ee-84d9-1d8b334a5867,This is wonderful app,5,0,,2023-08-29 11:55:16,,,,pho946532,com.bigwinepot.nwdn.international
35881594-ece3-4924-ad87-cd958933c04f,Very nice app. Photo enhance remove bg. More fauther .,5,1,1.462.152,2023-08-23 02:24:41,,,1.462.152,pho467210,photo.editor.photoeditor.photoeditorpro
940a2b70-6108-45dc-bdab-b0eb5cb7e1f6,This is exactly what I need,5,0,,2023-10-20 17:28:05,,,,pho689282,vsin.t16_funny_photo
5a7a7953-9871-4486-8a71-b0658d13679c,Wonderful app! great features! Love it,5,0,,2022-04-17 08:14:57,,,,pho133128,com.picsart.studio
3241c3ae-6075-4bac-ab47-b480620e4d6d,I ended up failing my photography class because this ridiculous app will not let you save the image. Very unhappy.,1,1,8.1.958,2022-04-19 19:18:20,Hi there. We're so sorry for the trouble. We'd like to know more about this issue. Are you getting any error messages? Please write to us at PSX-Feedback-Android@adobe.com with more details or a screen recording it will be very helpful for us to investigate and fix the issue. We're here to help. Thank you! ^Chan,2022-04-21 05:52:29,8.1.958,pho264209,com.adobe.psmobile
d112a57a-303f-46c6-b8bc-02649341302d,Nice App but u should improvise let one use their own body in some edits.,5,2,3.12.68,2023-09-23 11:57:14,,,3.12.68,pho646708,vsin.t16_funny_photo
ce8d6f7c-52af-454c-a42a-f0a3c07d8792,Wasting my time without doing anything,1,0,1.5.8,2022-09-02 10:35:23,,,1.5.8,pho971110,com.bigwinepot.nwdn.international
d8bd772e-992e-4284-ac0a-623a3939bb92,Not video editing only pictures,1,0,3.7.685.202406477,2024-07-05 07:11:49,,,3.7.685.202406477,pho891995,com.bigwinepot.nwdn.international
0769f159-6417-4fd8-9c04-16bebe3da81d,It had too much ads,1,3,,2023-03-22 19:59:28,We apologize for any inconvenience caused by the advertisements in our app. We understand that too many ads can be frustrating and we are constantly working to balance it.Thank you for taking the time to share your thoughts with us.If you like this app please consider giving us a 5-star rating.,2023-03-23 11:00:17,,pho870788,com.ai.polyverse.mirror
f83852b8-f72e-402d-ba6f-0f192cef713a,Useless dont waste MB on these fakeapp,1,0,8.7.1035,2022-12-31 03:11:14,Hey! Weve put together some handy guides you might like: http://adobe.ly/psxfaq & https://helpx.adobe.com/photoshop/using/photoshop-express-help.html If you have an issue or need help shoot us an email at PSX-Feedback-Android@adobe.com. Let us know what we can improve to create a better experience for you. We're here to assist! ^Chan,2023-02-01 05:37:29,8.7.1035,pho296044,com.adobe.psmobile
9d3de5c8-3259-450f-9698-52de8d448bef,i hate this app. not like before because the oldest remini 2 ads now argh it's too many ads it's so annoying i love the oldest remini sobrang oa na yung remini ngayon nakakapikon so ill rate this 1 please fix it. yung hindi kada pindot mo lang ads na tapos nag iitim pa siya kapag patagal nang patagal ka naka focus sa remini i hope you fix this thanks.,1,5,3.7.620.202380338,2024-05-25 11:40:59,,,3.7.620.202380338,pho877393,com.bigwinepot.nwdn.international
3ef3fa76-0071-4324-9da7-c6e95be08168,A lot of nice features but will only use free version,3,0,16.9.1,2022-07-26 17:31:54,,,16.9.1,pho147874,com.cyberlink.photodirector
1f3f55fe-2d0f-4a25-a3b6-e48aceb14834,My curly auburn hair becomes black and straight with every filter. My curvy figure becomes extreme heavy (like it's adding 30kg+ to my weight). Not cool,1,0,3.4.0,2023-09-09 08:35:58,,,3.4.0,pho868824,com.ai.polyverse.mirror
aafb44d1-31c7-4710-bd76-040e6e23b0d7,does not actually make the photos more vivid,2,0,1.7.5,2022-02-03 20:52:46,,,1.7.5,pho915071,com.bigwinepot.nwdn.international
1a2753ea-ebac-42b2-a4ce-c819359b1166,Great app for photo editing,5,0,1.425.133,2022-11-30 05:47:35,,,1.425.133,pho482237,photo.editor.photoeditor.photoeditorpro
88892beb-9f90-4a1a-b7ce-3402282640ef,Nice yor ppohtoshop Rma zain,2,0,,2022-01-26 04:46:30,Thanks! Let us know if we can do anything to increase your star rating. ^chan,2022-01-31 01:04:52,,pho306666,com.adobe.psmobile
6a7d4e60-e34a-449b-a4ef-b925c3f99d1d,i got notification 50% data used but barely used my phone then i checked data usage it shows 504mb used by picsart in background what was it for? is your app uploading our photos without permission??,1,0,,2024-07-25 16:23:26,"Thanks for the feedback - we'd love to look into this for you. Can you please send us an email at support@picsart.com with the subject line ""App Store Review""? Our team will investigate and work on a fix for you.",2024-08-08 03:01:16,,pho84011,com.picsart.studio
fef3b4c2-d4ad-4889-a754-ec2aaf6cca15,A good app for easy editing.,4,0,,2024-08-13 02:57:10,,,,pho117756,com.picsart.studio
76948c45-b508-4624-9ca9-7b33fb882bd7,I really like this app before but because of the new update of this app it's bothering me. So many ads and it takes time to use again after 5 pictures oh c'mon bring back the old remini,1,1,2.3.2.202116995,2022-05-14 07:19:15,,,2.3.2.202116995,pho891859,com.bigwinepot.nwdn.international
a78601aa-c89b-40a9-b2d7-5965cff511c2,So many ads such a waste of time!!!,1,0,2.1.1.202112761,2022-04-01 10:33:47,,,2.1.1.202112761,pho909212,com.bigwinepot.nwdn.international
c6e08f39-b4d7-4ee9-a4af-81bffb16d9c9,Best app for photo expierence,5,0,9.3.70,2023-07-01 13:30:29,Hi Deepak! We are grateful you took the time to leave us a review. Your feedback helps us to improve service for everyone ^DC,2023-07-10 02:16:44,9.3.70,pho289591,com.adobe.psmobile
a34616cc-d525-4b2f-bc55-a29adac0cb75,not save without logo,1,0,3.13.6,2024-04-17 14:24:43,Dear User elevate your experience with our PRO versionno watermarks no ads. To enjoy watermark-free images we recommend upgrading. Your satisfaction is our priority. Thank you for considering the PRO version,2024-04-19 06:01:40,3.13.6,pho670774,vsin.t16_funny_photo
6a47f895-f436-4a86-8935-0b1b7c296311,Very irritating app unable to save after editing for a very long time. Guys don't download this app before readout the comment sections.,1,1,25.3.9,2024-07-22 06:57:19,Picsart will always offer a free version of the app but we also offer premium features for Gold subscribers. Premium features are identified with a gold crown. To save your edit make sure you're only using free features or learn how to subscribe to Gold at https://picsart.help.,2024-07-31 03:36:52,25.3.9,pho65191,com.picsart.studio
80974790-db43-4bd7-a711-624c0e484ff4,Not good .very poor ai photo,1,0,1.7.5,2022-01-11 10:26:28,,,1.7.5,pho941925,com.bigwinepot.nwdn.international
4184e526-c328-404b-a237-91dcc41a27a4,I've edited 1 photos so far and it's a pretty good app I hase plenty of filters I really like it.,5,0,1.491.159,2023-12-09 12:26:06,,,1.491.159,pho457190,photo.editor.photoeditor.photoeditorpro
904b519f-05da-4a99-abfc-96b995ec0b2a,I like it because I made a profile picture for my tiktok,5,0,1.53.166,2024-05-09 07:15:00,,,1.53.166,pho485805,photo.editor.photoeditor.photoeditorpro
b890bdfd-fa6e-4179-a1db-9b50f8bd4c43,Awesome just abit pricey,5,0,1.1.5,2023-11-20 19:56:53,,,1.1.5,pho1056193,com.ai.avatar.face.portrait.app
32e41404-a7e6-4fd9-9e99-3e44dc6b9434,I'm very impressed with this app. It has everything I need to edit my photos in a creative way. I can choose from many different options to customize my photo such as filters effects and more. This app is easy to use and has a sleek design. I highly recommend it to anyone who loves photography.,5,25,23.5.7,2023-11-18 07:14:03,,,23.5.7,pho74443,com.picsart.studio
98651d28-ffb2-4e7f-baf1-0b7eeb2cabd8,Free trials that sign you up for a year. I think not,1,0,3.5.0,2023-09-25 22:51:41,,,3.5.0,pho871678,com.ai.polyverse.mirror
2219d0aa-1cab-4f93-832e-d571df067425,good but ad coming,5,0,3.7.371.202271989,2023-09-22 08:28:05,,,3.7.371.202271989,pho953136,com.bigwinepot.nwdn.international
7a14be40-efc2-4e7f-9ae3-113bcd6e45e5,Very good free app has few ads of you don't pay I use it mostly for photo collages and it is great!,5,3,1.567.181,2024-08-28 16:08:43,,,1.567.181,pho441681,photo.editor.photoeditor.photoeditorpro
f67954fc-cef5-44ac-90db-b11c8aac31af,App seems to enhance the face on a picture yet leave the body and everything else blury. No thanks,1,2,,2024-01-22 21:27:48,,,,pho897344,com.bigwinepot.nwdn.international
2fbcb73b-a8e4-42a5-ada6-0eef9afe899c,It is pretty good so far.,5,0,1.51.163,2024-02-02 15:58:44,,,1.51.163,pho557276,photo.editor.photoeditor.photoeditorpro
03e007fc-59a0-4bcb-952b-329e2fb48331,omg I love the amazing pictures this app does,5,0,3.12.89,2024-01-30 07:54:23,,,3.12.89,pho672579,vsin.t16_funny_photo
b0561f7b-aafd-483a-902d-81b271542551,I am enjoy the app,5,0,,2024-05-28 21:40:48,,,,pho697185,vsin.t16_funny_photo
75ded076-c11d-48a5-98d0-b580b0e31cea,It is a lot to use if you are on social media. You should see what I did to.,5,0,15.6.217,2024-09-18 16:01:13,Hello Oskarito Fandango (Fandanguito) We appreciate your creative use of the app for social media! Its great to see how you're leveraging it in your projects. ^Sam,2024-09-19 00:47:28,15.6.217,pho258182,com.adobe.psmobile
2064378f-c89d-48ee-9037-28b468d273a0,0% defference in before and after photos literally same this just improve brightness even after enhancing brightness the photo is looking more baddddddddd,1,0,,2024-09-01 08:17:55,,,,pho893289,com.bigwinepot.nwdn.international
1fb17b99-aa27-4f01-b3f8-12bfe362a1b8,Horrible!!! After enhanced once my mom had hairs on her chin & half of upper lip. My dad had glasses hahaha. absolutely horrible!!!,1,0,,2022-03-01 21:53:45,,,,pho904214,com.bigwinepot.nwdn.international
5f9ed765-5b06-47c4-9619-aa34f6cfdc79,Love it but need money to open a new look,5,0,,2024-06-16 02:25:26,,,,pho650350,vsin.t16_funny_photo
95ed2cd6-cb0a-4bc4-8b85-df05c7056014,Don't download the app. people have died because of this app when you enter your image in the app when your a female you you won't survive death in a year. Illuminati app!!!!!!!!!!.,1,0,,2023-12-10 03:01:08,Dear user sorry to hear you are unsatisfied with the progress of the updates. We hope you can enjoy our app again in the future.,2023-12-11 09:38:46,,pho650785,vsin.t16_funny_photo
c2ed7ca4-a706-4ece-a607-9010d7081d69,Very bad application quality is very poor.,1,0,,2022-02-19 08:57:41,Hi there thanks for taking the time to provide us with feedback. We are sorry to hear that your experience with Picsart was disappointing. If you face issues with the app please visit our Help Center at https://picsart.help as you might find the answers to your questions there.,2022-02-19 08:54:09,,pho131153,com.picsart.studio
96d7c6f7-78eb-4d97-aca5-8345c8fc5fa1,Great App :) just the limit,5,0,,2022-02-21 11:19:16,,,,pho937290,com.bigwinepot.nwdn.international
12118107-a1ca-45eb-a53d-62bc2fbc162b,I hate the new update!! Like you can't do anything if you don't buy premium!! It's so annoying and frustrating!!,1,2,24.7.4,2024-04-17 12:50:52,We appreciate your feedback. While some features are paid we also offer many free options to enjoy. Your satisfaction is essential to us and we're continuously working to improve your experience. If you have any specific suggestions on how we can make the app better for you please let us know by contacting us at support@picsart.com.,2024-04-23 03:46:56,24.7.4,pho90794,com.picsart.studio
a5935dca-0e39-4f86-87ed-c4cc7f7e9b3b,Great fast easy works like a charm,5,1,V1.071.18,2023-09-07 19:49:33,,,V1.071.18,pho1051590,editingapp.pictureeditor.photoeditor
0140f6fa-fdce-4994-b87f-fedfb7bfbc35,100% this ap very useful off old pictures,5,0,1.7.5,2022-02-25 03:41:16,,,1.7.5,pho934156,com.bigwinepot.nwdn.international
a99aa4f5-27ac-40c9-8e44-8558dc5dbe09,Ye bohat he achi app hy is Sy mujay bohat Mila hy behter,5,0,1.574.186,2024-09-27 22:53:28,,,1.574.186,pho544766,photo.editor.photoeditor.photoeditorpro
b26f9a37-c2cc-469e-ab0e-1d8dd0cfbcd3,App works as stipulated.,5,0,1.462.152,2023-08-05 07:02:56,,,1.462.152,pho519411,photo.editor.photoeditor.photoeditorpro
6b8c0065-85ae-460e-b05c-bff625eb0198,Very useful app for editing videos and photos,4,0,23.7.8,2023-12-12 22:10:05,,,23.7.8,pho121323,com.picsart.studio
26cbbcce-bf37-4432-8fb4-f39f447d3700,Lovely app and easy to use,5,0,1.630.149,2024-04-14 04:48:21,,,1.630.149,pho9386,photo.editor.photoeditor.filtersforpictures
a67acb8b-e8c8-4a57-9b7c-7c79d7c5d4a1,Great photo editing and collage app!,5,0,19.4.5,2024-08-01 18:32:12,,,19.4.5,pho144969,com.cyberlink.photodirector
6bcc286f-0d5d-44ea-8bfd-2a1b122f0a53,very good useful quality pictures,5,0,3.7.484.202319770,2024-01-11 09:46:45,,,3.7.484.202319770,pho924938,com.bigwinepot.nwdn.international
71622346-ec59-418f-bf2b-69d3da79ca7d,They want you to pay for it to work right.,3,1,11.4.162,2023-11-28 21:07:05,Hi Jeanette! Thank you for reaching out to us. Few features (premium) are paid because that provides us the resource to provide you the new updated and amazing software. Also while some advanced features do require a subscription we still provide a range of free features for users to enjoy. ^DC,2023-12-01 22:01:15,11.4.162,pho295040,com.adobe.psmobile
f0eba42a-6844-454b-8a4c-2dc5703d266e,THIS IS THE BEST APP FOR PHOTOS . YOU GOT TO HAVE THIS APP,5,0,3.12.25,2022-08-21 14:52:11,,,3.12.25,pho658095,vsin.t16_funny_photo
78a7e0db-ff8e-4a63-bdb9-f600a350971e,The app is very nice but the adds are getting more worse and making the worse truly disappointed. worse app with ads,1,1,3.7.655.202390652,2024-06-08 12:48:21,,,3.7.655.202390652,pho882830,com.bigwinepot.nwdn.international
1feac925-6073-47cb-b53b-36f1c45f1d75,Really good no problem with app,5,1,1.630.149,2024-04-02 16:26:25,,,1.630.149,pho10440,photo.editor.photoeditor.filtersforpictures
2b5556df-5a15-4c8d-9132-3d0676c17c10,Application is perfect for art and get passionate to your world..,5,0,7.3.27.184,2023-03-20 18:03:50,,,7.3.27.184,pho834216,com.everimaging.photoeffectstudio
793190fe-b834-4930-90e5-93d857c029a2,This is very usefull app,5,0,3.7.364.202268972,2023-09-15 08:20:26,,,3.7.364.202268972,pho945005,com.bigwinepot.nwdn.international
e6152a0e-54b6-48e2-84b1-1141414c3cd6,Didn't expect it's possible but this is by far the best photo app ever for mobiles. It is easy to use and the results are great. I love it!!! Unbeatable!!! It's getting better and better!!! I recommend this app to everybody who likes to work on their pictures!!! Amazing!!!,5,21,14.9.172,2024-07-28 08:27:33,Hi Joe G Lafiamma ! Thank you so much for taking the time to leave us a fantastic 5-star review! We are thrilled to hear that you had a wonderful experience with our product/service. ^DC,2023-09-13 10:35:51,14.9.172,pho257015,com.adobe.psmobile
4f5c9888-58b6-4382-9afa-a7ee08928c22,Horrendous situation rn. FYI never do a trial for pro. You cannot cancel it automatically charge for an $80 yearly subscription. You go manage the sub and the button to cancel opens blank drop down no matter wifi or how many times or days I tried it's not in google play subscriptions either to cancel. Way too greedy for money. Officially hate how this app did that. No refunds either other hand great app features even for free users. Been using for years guess I'll take advantage of pro.,2,0,,2024-09-24 13:24:37,,,,pho65417,com.picsart.studio
dceea15f-c4b8-4b8b-8415-59980d0c99f6,I mostly use this app for making quick memes which is silly but that's my life. It looks like the impact bold font has been removed from text options and maybe comic sans too. Bummer!,2,0,19.3.1,2024-07-05 10:02:52,"Hi Erin we still provide the ""Impact"" font please adjust the font filter to ""All Languages"" and you can find the font in the 4th place. Welcome to contact us with issue screenshots or other references via the ""Send Feedback"" in-app Settings if you have further questions. We are happy to provide further assistance. Thank you.",2024-07-08 04:06:01,19.3.1,pho144276,com.cyberlink.photodirector
a593be4a-4f98-4b2b-8e84-721929aa12a2,I love this app. The best one out there!. The reason why I only give 4 stars is because you have to pay for the video creation every time you use it. And the video sometimes turns out bad and you just wish you could redo it. Each time I use it it's a gamble to see if my video is worth my money. I feel that since we pay for a year subscription we should be able to do the video for free. Also it's only for a short 10s clip too. It's not worth the money.,4,12,3.8.5,2023-12-22 01:15:05,,,3.8.5,pho867476,com.ai.polyverse.mirror
01e4d79f-79a8-4430-8030-23f92481b6d0,Excess advise is harss but app is so good .,4,0,1.462.152,2023-08-27 05:33:47,,,1.462.152,pho496141,photo.editor.photoeditor.photoeditorpro
5b8e0509-fb08-4e1d-a007-d6f70bc882f2,This aap most useful,3,0,,2024-06-06 00:07:44,,,,pho958010,com.bigwinepot.nwdn.international
0def15c8-574e-4099-8cbe-03c222096d78,This application helped me a lot in enhancing my pictures quality. I used it in my projects and to my surprise it worked !,5,0,,2022-02-27 01:19:41,,,,pho895850,com.bigwinepot.nwdn.international
eb312fd8-4d4a-4b66-8ec6-9c18629d1cf4,I really loved it cause it inspired me,1,0,,2023-11-20 20:24:48,Dear user we care about your feelings and every little encouragement makes us better :) So if you like this app please consider giving us a 5-star rating. If you have any suggestions please let us know at support@pho.to.,2023-11-21 01:56:00,,pho677454,vsin.t16_funny_photo
fa688fbb-af01-4bc9-8d3a-50b3ab5b8c2e,First time using it just downloaded it. And it was easy to figure out. And easy to use being I am legally blind!,5,0,1.395.116,2022-04-17 08:02:30,,,1.395.116,pho456967,photo.editor.photoeditor.photoeditorpro
802a46c0-0bd6-4256-b68b-78a961dd7b61,It load too much after the update.,1,0,,2023-07-26 00:36:33,,,,pho917523,com.bigwinepot.nwdn.international
b1bf23c6-cbf4-44df-815e-ed3922c62f6f,remini new update wasn't really good. I prefer the old one is much better. New update could not save anymore,1,0,2.0.5.202108955,2022-03-07 20:56:41,,,2.0.5.202108955,pho897378,com.bigwinepot.nwdn.international
c0fbacef-24db-4eca-bf3d-321a60711950,photo lab app is very nice app l am very happy this app,5,0,,2022-01-27 23:09:37,,,,pho660236,vsin.t16_funny_photo
23ea59dc-61cb-4dce-8db4-2d493583394e,good photo editor camera app,5,0,3.7.685.202406477,2024-07-07 07:13:55,,,3.7.685.202406477,pho892867,com.bigwinepot.nwdn.international
aacb9b17-e26a-4605-8379-330bb572a28e,This app is very fantastic. But When the internet is out the app is not work,1,0,,2024-04-14 05:15:39,"Thanks for the feedback - we'd love to look into this for you. Can you please send us an email at support@picsart.com with the subject line ""App Store Review""? Our team will investigate and work on a fix for you.",2024-04-17 03:07:22,,pho118937,com.picsart.studio
9281a7fe-e1c4-4642-b83a-a96ad5cb54d9,Cant login My ios Gold subscription on android. Even if i input my password it say wrong password. Totally disappointed,2,1,25.6.6,2024-08-30 18:02:38,,,25.6.6,pho67004,com.picsart.studio
54192e11-4cec-48bf-83ed-abd50cd5efd6,Thank you so much ReminiMeans alot you are doing a wonderful job. You showed me my Grandmother real face Thanks alot,5,0,,2022-05-14 16:33:46,,,,pho910211,com.bigwinepot.nwdn.international
77394fab-1820-4642-9d1e-cde54667d9a1,waste of time waste of money,1,0,,2023-06-06 11:27:46,,,,pho872025,com.ai.polyverse.mirror
0f1afe00-ca96-41aa-85d3-0fa8e6134000,I'm a beginner but I'm learning fast love the app tutorials are lifesaver,5,0,2.1.6,2022-05-08 14:03:16,,,2.1.6,pho573943,com.lightx
f4c58953-034d-405d-a161-83c121f440c9,This is very frustrating Everytime I screen shot my work or record it. It doesn't work And the screen recording turns black I just wanted to do it for a tiktok video. I really hate this app.,1,3,19.9.4,2022-06-14 17:31:41,Hey there thank you for writing in. The screenshot/screen recording function is not available with certain features like Effects Retouch Remove and more. You can use the screenshot/screen recording function when you subscribe to Gold. Learn how to subscribe here: https://support.picsart.com/hc/articles/360002231997,2022-06-15 07:47:29,19.9.4,pho77097,com.picsart.studio
4e8029c6-8f89-43d0-8519-6b8602da8d06,"I was supposed to get a ""free"" 3 day trial but was charged immediately.",1,6,3.13.15,2024-07-12 16:35:09,,,3.13.15,pho631790,vsin.t16_funny_photo
d2e4a326-c7bf-412e-af13-066e5f44f917,Very user friendly and has a lot of options to edit photos.,5,3,1.462.152,2023-07-12 20:08:38,,,1.462.152,pho458901,photo.editor.photoeditor.photoeditorpro
42f8b6af-df83-4d3c-bcb8-7d701df97840,really good app but unlock lesser option of editing this kind of should be free of cost,4,0,7.3.28.192,2023-04-03 05:14:39,,,7.3.28.192,pho834141,com.everimaging.photoeffectstudio
30be0413-b252-4a52-bfd7-f891cd051054,I use these apps but inance is not working properly,1,0,,2024-05-02 09:24:31,,,,pho913635,com.bigwinepot.nwdn.international
38dc9105-7084-42dd-a6d1-bf24bcf26a48,This looks so realistic and amazing,5,0,1.2.7,2024-05-17 07:26:07,,,1.2.7,pho1055451,com.ai.avatar.face.portrait.app
f057004d-cc5e-4b5f-bd98-640175ce8492,much better than I thought,5,0,3.12.25,2022-08-18 16:40:29,,,3.12.25,pho711256,vsin.t16_funny_photo
eacf1fdf-99d4-46a7-8b5c-5fd40e6a38b3,Edit high quality photo,5,0,3.7.198.202190873,2023-08-12 16:52:37,,,3.7.198.202190873,pho926513,com.bigwinepot.nwdn.international
c1a33237-a402-436f-bd53-05e5f256e3ef,I am rehan qureshi from Hyderabad area near attapur kishanbagh a sad baba nagar this is to inform you that this app is very good and interesting for editing photos I really like it,1,0,1.453.149,2023-06-18 07:30:49,Hi Mohammed Zaheer thanks for your review. If you like the app could you please give us 5 stars? That would be very encouraging for us. We will keep going and delivering the best. Many thanks in advance.,2023-06-18 21:50:53,1.453.149,pho472350,photo.editor.photoeditor.photoeditorpro
b0df894b-5f3d-415a-8f0c-9d3893190c7d,This app also needs AI background remover ! It's a wonderful app Get it guyz !,4,1,3.12.34,2022-11-15 15:36:52,,,3.12.34,pho643353,vsin.t16_funny_photo
fea5dcec-d26a-437b-b8e9-686e6785383f,Scam app automatic payment on my google pay ridiculous app dont install it.,1,0,,2022-06-02 01:37:12,,,,pho914097,com.bigwinepot.nwdn.international
56e4bcfb-8db3-48f9-9975-31693deaa04d,This app is very helpful when it comes to quick editing photos. I highly recommend it as a photo editor.,5,0,11.9.206,2024-01-28 11:23:52,Hi there! Thank you for your amazing review! We truly appreciate your feedback and are thrilled you are enjoying our app. Comments like yours motivate us to continue improving and providing the best experience possible. Keep enjoying Photoshop Express! ^DC,2024-01-31 14:25:57,11.9.206,pho267705,com.adobe.psmobile
6de859ec-2840-483a-a9f4-bd115024acfd,Wonderful App a must have for creative photo editing experience,5,0,,2022-12-24 14:09:29,,,,pho466777,photo.editor.photoeditor.photoeditorpro
d5360e48-ccf7-4ce5-a5d3-958120be2380,editing videos and photos so great and specially app,5,0,3.7.622.202381158,2024-05-14 01:32:12,,,3.7.622.202381158,pho890318,com.bigwinepot.nwdn.international
574c25d7-c871-4d17-ada3-50e4f625eb3a,DO NOT DOWNLOAD THIS APP! I would like to know how you count to seven? I was duped into believing I was signing up for a seven day free trial if I paid $19.99 for a full year after the trial was over. Well apparently we don't count the same way seeing as I was charged immediately after clicking. I don't understand why there isn't a way to request a refund. This is a deceptive and downright sleezy way of doing business.,1,3,17.6.0,2023-02-28 22:50:06,"Hi Kat supposedly you won't be charged if the free trial is canceled from the Play Store before it ends (https://support.google.com/googleplay/answer/7018481). If you are charged kindly provide your email account & the order number via the ""Send Feedback"" in-app Settings or ""PhotoDirector_Android@cyberlink.com"" Thanks.",2023-03-01 22:06:37,17.6.0,pho144866,com.cyberlink.photodirector
b5c8cf38-52bd-4157-9cd8-0bdd126923ad,Such a great way to practice photo editing,5,0,2.1.6,2022-06-12 00:08:14,,,2.1.6,pho575076,com.lightx
a0757dfc-6dfb-4c56-890b-b12b6753c15c,Good work! but .. sometimes fails to enhance faces specially eyes and clothes properly also it adds blemish to skin or gives unclear skin tones and unnatural look also it fails completely to handle side profiles,3,0,3.7.109.202171354,2023-03-10 08:34:54,,,3.7.109.202171354,pho882562,com.bigwinepot.nwdn.international
dd6a8cf5-2b6d-4501-a2de-d7f7fdf57885,Yea it's a hard no. This was a good app. I'll just find another. Not paying $53,1,0,18.4.5,2022-02-24 09:21:38,We appreciate your feedback and understand your concern. Picsart will always offer a robust free version of the app with access to hundreds of free features and millions of pieces of free-to-edit content that you can access without a subscription.,2022-02-24 09:26:56,18.4.5,pho139189,com.picsart.studio
93ff892f-7b50-47ff-b2c9-db1a113c6902,I don't know why but is this a marketing scheme or something. Whenever I try to save any of my work it shows that stupid banner to buy it's subscription. Even when I'm not using any premium feature. I've been working for hours and it's not letting me save my work. I'm so frustrated,1,3,20.1.3,2022-07-24 00:56:17,"Thanks for the feedback - we'd love to look into this for you. Can you please send us an email at support@picsart.com with the subject line ""App Store Review""? Our team will investigate and work on a fix for you.",2022-07-25 05:20:51,20.1.3,pho72186,com.picsart.studio
eebee4ef-ec7e-4863-8f31-b031c909cbd1,"easy/quick. Big Fan of the ""lighting filters"" Especially the ""Red Crimson"" One of my favorites.",5,12,3.12.11,2022-04-21 20:52:02,,,3.12.11,pho637168,vsin.t16_funny_photo
75521c6f-61e9-4098-a189-b1176c67c6e2,all good but pro version is not reachable,4,0,3.13.17,2024-07-17 21:43:50,,,3.13.17,pho634757,vsin.t16_funny_photo
7b72a49c-c26b-4205-ab77-3707e773941f,it's really a good game the only thing I don't like is that there're very few filters to use without paying for more.i wish they made more for boys too my brother looks like a girl.I do like how it makes people look very cute just wish there was more filters for free and doesn't make boys look like girls,4,0,2.0.3,2023-05-07 10:51:16,,,2.0.3,pho868404,com.ai.polyverse.mirror
39976f9a-fe76-4268-a641-7526ea297fa4,It's a clever service/app. But they're so adamant on locking the actually noticeable functionality behind expensive paywalls that it renders the free app useless. Using the free mode despite multiple ads per use is essentially pointless as the difference between before and after is so weak that it's hard to notice anythings different. There's stronger unblur modes but they're locked behind paywall. No idea if they work better or not but as such a high price I'll never know,3,35,2.4.1.202118010,2023-01-30 17:14:08,,,2.4.1.202118010,pho876606,com.bigwinepot.nwdn.international
e82e7f69-cf20-4085-bd67-9c2a386a0998,Not working application..Seen check your internet connection.. Everytime,1,0,2.3.2.202116995,2022-05-19 05:06:43,,,2.3.2.202116995,pho908601,com.bigwinepot.nwdn.international
be9bcf63-70a9-4caf-8684-4a9f223963c7,Easy to use a lot of free tools but option to purchase pro version which includes all features,4,5,1.462.152,2023-06-28 06:24:14,,,1.462.152,pho455160,photo.editor.photoeditor.photoeditorpro
3698cf63-e15e-41c6-b449-fdc3b4634a03,Op but ad is tuuty,5,0,,2024-01-22 03:35:20,,,,pho930784,com.bigwinepot.nwdn.international
86c0fc05-0fe6-4a0d-82bf-0a8fd351ba61,good photo and video editor,4,0,3.7.679.202403254,2024-07-01 20:19:20,,,3.7.679.202403254,pho892837,com.bigwinepot.nwdn.international
e068cc32-5a23-4e63-b9f9-f90206ed32e3,Awful. It won't even let me do anything it's just ads.,1,1,3.7.357.202264491,2023-09-07 17:25:19,,,3.7.357.202264491,pho911099,com.bigwinepot.nwdn.international
5a8b55f9-9bd2-415a-bd86-0777d7c96ba3,This app only renders the face and nothing else,1,0,,2022-02-10 11:11:55,,,,pho923671,com.bigwinepot.nwdn.international
eb4cfdc6-cfa8-4731-9726-ca16319e5f97,Not good it's very slow and doesn't work while offline,2,0,18.5.5,2023-02-13 14:27:39,Hey there it looks like you are using an older version of the app. Please update the app to get the latest feature updates and bug fixes. If you still need help after updating please get in touch with us at support@picsart.com.,2023-02-14 06:04:53,18.5.5,pho111725,com.picsart.studio
5132d748-de83-4e99-9564-84fe16e7de09,I love this app guys it makes me look like a beauty queen,5,0,3.13.5,2024-05-01 14:24:40,,,3.13.5,pho650403,vsin.t16_funny_photo
d504d60a-a8cb-44d6-9eb4-01db518497e3,Work With This Very Easy And Useful.,5,0,1.436.140,2023-01-01 11:52:25,,,1.436.140,pho476601,photo.editor.photoeditor.photoeditorpro
7acec374-4fee-4d6f-939b-bae7d4d9f5b8,it is the best photo editor but if want to edit some edition work on online,5,1,1.662.161,2024-08-28 21:32:46,Hello due to the storage space issue of the device many resources are placed in the cloud. You only need to open the Internet when downloading for the first time. The AI function needs to be processed on the server so it cannot be offline. All other functions can be used offline after the download is successful. Thank you for your understanding!,2024-08-28 23:51:19,1.662.161,pho178,photo.editor.photoeditor.filtersforpictures
2ca7fadc-8d4c-4ecb-b1bf-3cd55747a9d5,Love it just with there was more free instead of premium,4,0,1.425.133,2022-09-16 15:50:14,,,1.425.133,pho469360,photo.editor.photoeditor.photoeditorpro
069b2be5-8e61-4817-afd1-7b36b3b995d7,editing options are very good nice app,5,0,14.1.116,2024-06-17 12:55:12,Hi there we appreciate your positive feedback and are glad you are satisfied! ^Sam,2024-06-17 16:58:34,14.1.116,pho264965,com.adobe.psmobile
e019cfe7-8ccf-4822-8966-c9dd1a610818,It is a better edit app for editor,5,0,1.417.127,2022-08-01 07:18:44,,,1.417.127,pho474885,photo.editor.photoeditor.photoeditorpro
f6b5dbcf-4de1-427c-a21b-e239fab825a4,This free app is a great photo editing tool for my creative projects. Easy to use and so many ways to layer effects. I've been using it for years. All of my best editing takes place on my phone with this app.,5,1,8.7.1035,2023-03-14 22:03:59,,,8.7.1035,pho259918,com.adobe.psmobile
a18e9be1-eb1d-43b6-a7b6-de3dabfd5f20,the free version is litearlly unusable,1,0,2.2.8,2023-06-13 23:53:41,,,2.2.8,pho871139,com.ai.polyverse.mirror
92315626-6698-487a-a859-01a963682e00,Even simple editing you need to pay,1,0,20.8.4,2022-10-25 18:14:18,We appreciate your feedback and understand your concern. Picsart will always offer a robust free version of the app with access to hundreds of free features and millions of pieces of free-to-edit content that you can access without a subscription.,2022-10-26 03:10:22,20.8.4,pho127711,com.picsart.studio
1e1a7f49-a7ac-437a-854e-92a16288f00c,Better then there previous a great enhancement! Awesome as usual,5,0,1.431.135,2022-11-08 03:23:32,,,1.431.135,pho484780,photo.editor.photoeditor.photoeditorpro
0d6c3ab4-e0bf-4db3-8189-49f9db5a5bf5,I have used this application for the first time and happy. I will re-reviw and give more stars subject to it's utility in reality. Thank you Developers.,4,0,1.491.159,2023-12-27 13:03:26,,,1.491.159,pho454745,photo.editor.photoeditor.photoeditorpro
5285823f-53ce-4a91-8127-0d47d12b6bb5,Free version is amazing,5,0,1.395.116,2022-06-04 13:25:37,,,1.395.116,pho501881,photo.editor.photoeditor.photoeditorpro
238bfd08-ff3b-42c7-9cbe-e846dbeeda6a,nice pic Edting remini,5,0,3.7.525.202340464,2024-02-26 03:47:31,,,3.7.525.202340464,pho977487,com.bigwinepot.nwdn.international
d33e1fd7-eeb8-4657-a25e-cb1be3dba665,It doesn't work at allSince it was updated the quality has deteriorated,1,0,3.7.622.202381158,2024-05-13 16:49:49,,,3.7.622.202381158,pho882581,com.bigwinepot.nwdn.international
0e917395-e909-4c34-9377-dfcb55c3e94d,In few words the app is exceptional,5,0,1.462.152,2023-08-18 06:18:05,,,1.462.152,pho475877,photo.editor.photoeditor.photoeditorpro
06c472c5-9794-4beb-97c2-8e1702935d8e,First attempt very easy step by step,5,0,1.51.163,2024-02-13 22:42:42,,,1.51.163,pho503534,photo.editor.photoeditor.photoeditorpro
6d3561be-d7be-4298-a415-b7b755a2d9a6,Best free editing app,1,0,1.417.127,2022-08-08 03:55:02,Hi Dillip Jenak8 Thanks for your review. We see that you gave us 1 star. Could you please rate us 5 stars if you feel this app is good? That would be very encouraging for us. We will keep going and delivering the best. Many thanks in advance.,2022-08-08 21:58:05,1.417.127,pho490192,photo.editor.photoeditor.photoeditorpro
ff5c134d-9db2-4437-aef9-1f1608ba3e1e,I wish I could resize (shrink) individual photos in collages. Cropping only gets one so far. But overall it's a great app!,4,0,10.5.53,2023-09-15 21:19:58,Hi there! I understand that you are not happy with the app. The ratio options are there when you click on crop there are several options you can keep scrolling to the right and choose the desired option. We are here to help^ DC,2023-09-23 11:23:38,10.5.53,pho261968,com.adobe.psmobile
173699ff-e5b2-4bd5-b9f8-502f2f0984d5,is app mai add bahut bahut jyada aate hai our gande ad bhi aate hai,2,0,3.7.708.202417454,2024-08-08 04:18:46,,,3.7.708.202417454,pho1003770,com.bigwinepot.nwdn.international
d1d80423-5b72-468b-87f9-971bcb02e2db,Amazing Does everything you want and need quick and easy,5,0,1.424.132,2022-08-24 01:29:13,,,1.424.132,pho463632,photo.editor.photoeditor.photoeditorpro
361f2cbb-3b5c-480b-abaf-7c63828ebb8c,Good Experience in photo editing,5,0,18.0.0,2023-07-06 10:18:08,,,18.0.0,pho150687,com.cyberlink.photodirector
c81f1a38-5069-4ec4-b995-38a5f594f28a,Useless if you don't pay.,1,0,25.6.6,2024-09-06 12:45:53,We appreciate your feedback. While some features are paid we also offer many free options to enjoy. Your satisfaction is essential to us and we're continuously working to improve your experience. If you have any specific suggestions on how we can make the app better for you please let us know by contacting us at support@picsart.com.,2024-09-11 05:21:37,25.6.6,pho94807,com.picsart.studio
2a6a8b53-8f9b-488e-a407-5bdd47d4f701,Nice editing app a professional a looked like this app,5,0,3.7.772.202443425,2024-09-28 03:45:27,,,3.7.772.202443425,pho878495,com.bigwinepot.nwdn.international
399b6417-c2c2-4b0e-aa6d-8806e2be7121,Lack of free features,1,0,3.7.679.202403254,2024-07-01 19:32:40,,,3.7.679.202403254,pho892609,com.bigwinepot.nwdn.international
d1dd31af-88c4-4911-9b9d-cc3dd1f7056f,It is very simple and easy to use for beginners like me.,5,0,1.417.127,2022-07-20 19:16:26,,,1.417.127,pho468029,photo.editor.photoeditor.photoeditorpro
be813e18-cbd2-497b-9bb1-c865da508d83,Best for a reason,5,0,1.7.5,2022-01-08 00:18:48,,,1.7.5,pho974591,com.bigwinepot.nwdn.international
cdf1667a-501d-4885-8d6c-610b988df24a,I love this app so much but there is one problem when I try to record in the app for my tiktoks when I'm done recording on the screen the video is just plain black so if you could get is fix I would love that.,3,1,19.3.0,2022-04-03 15:06:31,Hey there thank you for writing in. The screenshot/screen recording function is not available with certain features like Effects Retouch Remove and more. You can use the screenshot/screen recording function when you subscribe to Gold. Learn how to subscribe here: https://support.picsart.com/hc/articles/360002231997,2022-04-04 02:54:09,19.3.0,pho75362,com.picsart.studio
44d4e4eb-e473-4824-871b-2314d90cea94,too much ads that doesn't allow saving of photos,1,0,3.7.698.202412939,2024-07-21 17:23:46,,,3.7.698.202412939,pho878135,com.bigwinepot.nwdn.international
37b06ae1-6a18-4404-b8ba-c56815f9b19f,Unfortunately gone downhill over the years due to feature bloat and lack of proper maintenance,1,0,24.8.4,2024-10-06 09:44:00,,,24.8.4,pho67831,com.picsart.studio
3d8119e8-4dfb-4125-b5be-343eb75d094e,Please what is happening I can't access to background remover again on my premium plan,4,0,,2023-07-23 10:51:22,,,,pho140928,com.picsart.studio
58c0b5dd-38c7-412c-ad09-d4ec8f9254ef,Why are they asking me my account code I dont have,5,0,3.7.307.202241850,2023-07-29 18:00:03,,,3.7.307.202241850,pho967310,com.bigwinepot.nwdn.international
0d8b3c54-b8be-44c6-85e9-d62098669fdf,This app is very nice and useful to editors,5,0,1.481.157,2023-12-03 13:18:34,,,1.481.157,pho475063,photo.editor.photoeditor.photoeditorpro
b75e26bb-18c7-4e81-8310-03d3497faea9,I love PicsArt. Its the best app for editing photos and videos. It has so many features and filters that make my content look amazing. I especially like the AI tools that let me create unique and funny images. PicsArt is a must have app for anyone who loves creativity & editing. PicsArt is a great app for easy design. I use it to make flyers posters collages and more. It has a huge library of templates and stickers that I can customize to suit my needs. Thank You Picsart.,5,1,,2023-09-16 16:06:14,,,,pho69541,com.picsart.studio
9e24799a-16ba-4f76-ba40-f8486d70d72b,Waste app this is very slow in performance,1,0,3.6.56.202147811,2022-09-18 01:53:06,,,3.6.56.202147811,pho918899,com.bigwinepot.nwdn.international
985749ea-61f0-4741-bfb5-8ba167048f4f,Excellent app. Works very well all the time.,5,1,17.0.1,2022-08-04 01:25:08,,,17.0.1,pho147737,com.cyberlink.photodirector
4ccb705a-fbfb-4119-b1fb-124588241121,An Excellent AI App. But please add body type and skin color just like how you added hair type as an option. Thumbs Up,5,40,3.12.68,2023-09-24 06:31:44,,,3.12.68,pho634034,vsin.t16_funny_photo
20a753c3-1cbc-45f0-b387-09d8385c2344,I like the app but it's not my go to really. I like how simple it is to adjust elements such as brightness contrast saturation ect. What I don't like and I really hate is the sticker set up. You can't just search for a sticker. You have to browse through all of them to find the one you're gonna use. I use a lot of different stickers for various things and this app sucks for that. So I don't use it all that much unless I just need a simple adjustment. Also the app crashes and loads slow,2,129,1.574.186,2024-09-04 20:55:59,"Hi Joel Gwartney sorry for the trouble. Does the crash problem occur every time?We are trying our best to fix it now. Would you please tell us more details about your operating steps or send us the log through ""Settings Feedback"" at polish@inshot.com? Your help means a lot to us. Thanks in advance.",2024-09-04 22:59:52,1.574.186,pho441086,photo.editor.photoeditor.photoeditorpro
a886edd2-1fc8-4226-97d0-6e6480b56363,The work of this application is good but there are 3 ADDVIRTISMENT on every step on this app which makes this app very slow. This app works only for its add and not for its customer.,3,0,3.7.782.202450892,2024-10-04 06:24:19,,,3.7.782.202450892,pho875925,com.bigwinepot.nwdn.international
ac378b2a-e8bb-4b65-b37b-fc606db78887,Login is so difficult,1,0,,2024-04-02 02:33:25,,,,pho1056045,com.ai.avatar.face.portrait.app
e51a2197-4f9b-40ca-b76b-33f8b157342b,I have been paying for premium to use the 'AI enhance' feature which as of recently has straight up not worked at all. I don't see why the feature is still showing on the app if it doesn't actually work.,1,8,23.0.12,2023-09-06 10:12:14,"Thanks for the feedback - we'd love to look into this for you. Can you please send us an email at support@picsart.com with the subject line ""App Store Review""? Our team will investigate and work on a fix for you.",2023-09-11 02:53:36,23.0.12,pho80264,com.picsart.studio
6455f31f-c328-401c-a329-4696caf93f8d,this aap is very nice but pic are not clear,3,3,3.12.83,2023-12-21 06:51:18,,,3.12.83,pho657296,vsin.t16_funny_photo
d09339a7-4752-435c-bec6-1efff9e1a655,Use to be a good AI generator now they're too sensitive about the prompts and even though I paid for pro it takes forever to generate a picture and only does half the time.,1,18,2.2.4.0,2024-07-06 09:36:43,Thank you very much for your use and feedback. You can try to upload a frontal photo with clear facial features and then change the similarity. The smaller the value the less similar the image will be to the person; the larger the value the more similar the image will be to the person.,2024-07-06 09:37:27,2.2.4.0,pho823059,com.energysh.quickarte
b210a7c9-8bd1-4d25-aff5-468505e88a31,great app 100% satisfaction,5,0,25.5.3,2024-08-29 08:50:22,,,25.5.3,pho92234,com.picsart.studio
406ecec2-82ac-479a-9704-c12021aabf15,I really like to edit my picture from remini but why this aap cut out other features like paint that was the best of this app i recomend to please bring the paint option again that will be helpful for lots of people and will also increase the download of the app,5,6,3.7.74.202166650,2022-12-16 22:23:01,,,3.7.74.202166650,pho881550,com.bigwinepot.nwdn.international
9528d94c-3599-4927-ae58-ba92552c3b1d,I've been actually having fun with this app the ads are a bit long on the runtime sometimes but it's free so I can't really complain. I do wonder though how do I enhance the quality of a photo? The filter interprets lip piercings as blood and sometimes it turns hands into a mess I know the sliding bar starts at 50 but do I lower or increase the value for more accuracy? Any assistance would be greatly appreciated,4,11,3.11.0,2024-03-04 10:48:29,Thanks for your love and support on AI Mirror! We're happy that you enjoy the app and its features. We'll keep enhancing AI Mirror and updating NEW AI ART styles weekly.,2024-03-07 23:26:21,3.11.0,pho867397,com.ai.polyverse.mirror
db2b76bc-8144-487c-bc9b-77c507b7c57b,"It just says ""something went wrong"" completely garbage",1,0,1.5.9,2022-06-18 05:28:05,,,1.5.9,pho924834,com.bigwinepot.nwdn.international
0e7d1810-a283-46a0-86f4-2acac1d6705a,Best pic editing app ever!!!! I love using this app!!!!,5,0,,2022-09-26 00:58:53,,,,pho130266,com.picsart.studio
969dbe3a-99aa-4413-9742-1bc51de208ad,Yes this app is useful,5,0,,2024-06-24 05:26:58,,,,pho952754,com.bigwinepot.nwdn.international
02c4fac3-8fbd-4235-9f4e-bc8d963b67e9,it's nice app but too many ads,5,0,3.7.741.202429485,2024-08-23 10:58:33,,,3.7.741.202429485,pho882125,com.bigwinepot.nwdn.international
70930af4-4d85-47f8-9036-3214095be443,Mainly using this app to cutout clothing for a game i play super easy to use,5,0,1.432.136,2022-11-04 10:20:09,,,1.432.136,pho465508,photo.editor.photoeditor.photoeditorpro
3a8e0c43-3c91-471c-9132-b61e9c0c374e,Average photo edit app but garvage fonts like all the apps,3,1,1.581.136,2023-10-02 03:59:26,Hello what's wrong with the font? Some fonts may not match languages other than English. If you have a font you want you can tell us through settings>feedback.,2023-10-07 06:47:21,1.581.136,pho5598,photo.editor.photoeditor.filtersforpictures
0169926f-ef67-4077-a7ff-10b1c476ba16,Great photos lovely experience! The reason I only gave 4 stars is I think there should be more options available without costs.,4,8,8.0.929,2022-02-11 09:54:17,Hi there! Thank you for taking the time to share your thoughts with us. If you'd like to suggest features and improvements to the app please write to us at PSX-Feedback-Android@adobe.com it will be very helpful for us to provide an even better experience in the future. Your feedback is very important to us.^Chan,2022-02-15 16:58:18,8.0.929,pho261677,com.adobe.psmobile
5e6af5de-df4c-421b-ac94-b5bc6a7f850d,It's really helping me,5,0,3.13.5,2024-04-28 17:44:57,,,3.13.5,pho671931,vsin.t16_funny_photo
afeb5799-1eb0-4dd1-a0e2-e237b4a1cf0f,Can't login in this app worst app ever,1,0,,2023-08-06 11:58:45,Hi Wasiq! That shouldn't be happening! You can find simple solutions to common Adobe account sign-in issues at (http://adobe.ly/helpsignin). If the issue persists let us know in our community: (http://adobe.ly/psxcommunity). If you have any questions or need further assistance please don't hesitate to reach out to us. ^DC,2023-08-09 12:31:08,,pho279665,com.adobe.psmobile
98496a60-063a-4567-a130-4466f72db4ed,It refused to work on my phone,1,0,,2023-07-27 08:23:06,,,,pho942786,com.bigwinepot.nwdn.international
e7f250b4-b878-440d-b7d6-b13223f99025,They FINALLY fixed the sticker overlay glitch. For the years I've owned this app the overlays they offer like beams of light have always been stuck in place and never allowed to move them or change their size except after one update and then it stopped working again. Now it finally works.,5,2,11.9.206,2023-12-25 16:41:10,Hi Dimitri! Thank you for your positive review! If you experience any issues in the future you can always reach us at [http://adobe.ly/psxcommunity]. We truly appreciate your feedback and are thrilled you are enjoying our app. ^DC,2024-01-03 11:04:40,11.9.206,pho259822,com.adobe.psmobile
d6ecd781-0745-42e4-8c67-287dc5879136,Previous versions were good now heading towards trash,1,0,,2022-07-27 03:47:29,Hi sorry to hear that the latest update did not meet your expectations. Can you please follow this link https://picsart.support and describe in detail the issues you have come across while using the app? We would love to hear from you!,2022-07-27 04:13:58,,pho130130,com.picsart.studio
7770ce25-da30-4e0c-9472-b248d19075b1,Easy to use and great choices to edit with! You can download new fonts and graphics for free by watching ads too.,5,3,1.444.145,2023-05-14 10:49:22,,,1.444.145,pho447391,photo.editor.photoeditor.photoeditorpro
25acbaf5-90fa-4786-b4e4-01bcaed22bf5,Cancelling of subscription is confusing,2,0,,2022-10-02 13:03:49,,,,pho925352,com.bigwinepot.nwdn.international
fdc8a5c7-4265-46bc-87b3-c31c165c067f,Best editing app ever,4,0,,2023-02-07 10:31:49,,,,pho503459,photo.editor.photoeditor.photoeditorpro
a6a0abf3-5a96-41cf-a6ce-da07488a9619,Very nice app. Every features r available in the app..,5,0,1.452.148,2023-05-26 02:52:43,,,1.452.148,pho465081,photo.editor.photoeditor.photoeditorpro
6e100a68-3eb6-4a2c-8e8f-6103fdc8774c,Worst editing app It's like everything has to be paid. I spent 5 hours trying to edit for a project in school and just because I had 1 premium option used I can't save it. I tried to subscribe but it's so laggy and I can't subscribe so I opened my playstore and tried fixing my payment methods but when I came back It's already refreshed. And the project wasn't in the drafts so my 5 hours spent was wasted and I don't know how I would pass it in time. Such a trashy app just don't install lol,1,166,18.7.3,2022-01-10 03:04:01,Hi we appreciate you bringing this to our attention. Would you mind sending us a message with more detailed information (the more details the better!) at our Help Center at https://picsart.support? We will investigate it and get back to you as soon as possible!,2022-01-10 04:26:37,18.7.3,pho76130,com.picsart.studio
aedbfbbf-42d9-44d6-8c27-3d301385ea8d,Blur function doesnt work properly,3,0,,2022-10-13 11:27:30,"Hi Nayeem we're sorry for the bad experience. To further test and fix the problem could you tap the Settings button at the upper left corner of the app homepage use the ""Send Feedback"" to provide the detailed steps and the produced photos with concerns? We'd like to check further & make improvements. Thank you.",2022-10-13 23:11:23,,pho149513,com.cyberlink.photodirector
6e2e507a-18ce-413a-a694-844ec4f5b982,with the new update i cant enhance my photo its stuck at loading after you click your photo until now it's been 4 hours and still loading and play ads but not enhancing my photo,1,0,,2024-04-29 11:29:41,,,,pho889789,com.bigwinepot.nwdn.international
813e86aa-6aa2-4469-961e-30d73480745a,Just needed one photo to be enhanced and the app did the magic totally recommend,1,1,3.6.52.202146959,2022-09-11 12:05:04,,,3.6.52.202146959,pho914750,com.bigwinepot.nwdn.international
82ee3f68-4331-4e62-a3b2-7aa34282b840,It is hood app it helps me very much to fix my to make it clear and ther is alot differnve when you see your preivous photo and the new photo i like it and i hope them to add more features later Thank you,5,0,1.7.5,2022-01-14 12:38:10,,,1.7.5,pho889170,com.bigwinepot.nwdn.international
4f51cb4c-4f41-4c3d-b414-34c8144c405b,Disgusting app with way too much anoying ads which made it impossible to use Do NOT download it.,1,0,3.7.349.202261398,2023-09-05 18:16:24,,,3.7.349.202261398,pho896321,com.bigwinepot.nwdn.international
1bd002fa-873f-4d02-9729-a96382f8e368,This used to be good. Everyones saying the same thing. We all have strong internet connection and then you just don't want to execute it properly. You changed your UI and it looks good but the execution. Wow. That sucked.,1,0,,2022-04-18 01:30:43,,,,pho886306,com.bigwinepot.nwdn.international
83ae61c8-5b4f-4918-8705-b0feaf4ca360,Easy to use excellent Application. Highly recommend,5,0,7.3.31.208,2023-06-07 01:25:08,,,7.3.31.208,pho835086,com.everimaging.photoeffectstudio
8e102845-f271-45ad-a242-0a84cddb00e4,I have been charged 1 dollar multiple times for the free trail in a short period of time. Scam.,1,0,3.7.421.202292979,2023-11-09 18:01:26,,,3.7.421.202292979,pho898062,com.bigwinepot.nwdn.international
e067af52-aa73-49a5-a16c-05287ac0b6ef,Not an app gor editing.. My phone's image editor is way more better than this.. There ain't any option to create Shape or to Clean spots.. worst one.. PS from CC collection for pc and this has a huge difference..,1,0,,2022-08-06 23:47:45,Hi there! Thank you for taking the time to share your thoughts with us. If you'd like to suggest features and improvements to the app please write to us at PSX-Feedback-Android@adobe.com it will be very helpful for us to provide an even better experience in the future. Your feedback is very important to us.^Chan,2022-08-24 16:50:15,,pho260501,com.adobe.psmobile
0d5ef632-7b3b-4b39-87a3-f0f4dd5d7c78,Please Choose another one.. length of advertisement is very high.. admins please note.. pls reduce the number of advertisement.. even after watching two or three ads the image ws saved. Please reply,1,0,3.7.391.202280996,2023-10-10 11:53:18,,,3.7.391.202280996,pho889660,com.bigwinepot.nwdn.international
63f7af2e-e810-4b13-8e63-9cf83bf49a36,Used to be good. Ads are ridiculous and now they push you to buy it to upgrade a little. Never had to before. I'd rather have blurry photos.,1,0,,2022-03-22 14:14:17,,,,pho886933,com.bigwinepot.nwdn.international
3910773a-8069-46d0-80b8-bffacf916d10,"I'm only putting 2 because the pics look pretty decent afterwards although when it's off it's off. But most ""OFF"" with this app is [AD] then choose photo [AD] click yes or no [AD] check result [AD] save AD. The u can do that BS only 5 times a day or be harrassed to pay for it.",2,2,1.7.5,2022-01-29 23:57:12,,,1.7.5,pho878624,com.bigwinepot.nwdn.international
f34fcd5a-bb62-47f5-842e-af378b3f94ad,It's is too easy for editing picture Add a Urdu fonts tortuals,2,0,,2023-03-12 11:51:19,Hey there thanks for reaching out! Were always working to incorporate Creator feedback and improve Picsart. Well make sure to pass your feedback along for future planning.,2023-03-15 03:25:29,,pho128501,com.picsart.studio
1bfc3fd5-3170-41ed-9f34-c73e2e778b05,Love this app. Photo Lab is so simple and easy to use with a huge choice of effects it simply is great for creating anything from a simple selfie to a multilayered animated popping masterpiece.,5,37,3.12.25,2022-07-29 19:53:03,,,3.12.25,pho631689,vsin.t16_funny_photo
09a3c93c-e631-4a86-bdc0-e1014fc267be,Khub beshi add show kore,2,0,3.7.357.202264491,2023-11-13 12:48:11,,,3.7.357.202264491,pho990736,com.bigwinepot.nwdn.international
ce647fbf-1c08-4288-b8af-a968780a8805,This app is a very good app with very good editing.,5,0,3.7.620.202380338,2024-06-28 04:25:14,,,3.7.620.202380338,pho892798,com.bigwinepot.nwdn.international
dad235f1-1db4-4085-8716-3d2eeaa71ea6,Everytime I try to get an image from my gallery it gets to 10% throws up an ad and the process restarts. It's a dumb money greedy app. Do not download.,1,0,3.3.5,2023-08-21 09:16:47,,,3.3.5,pho868411,com.ai.polyverse.mirror
4ffb4f49-2191-41b2-97e9-c8ee935c5a48,Pretty cool just wish I could watch adds or do surveys for premium service.,3,0,4.1.0.7,2024-07-02 15:28:53,Thank you for the suggestion! We'll consider adding more ways to access premium features. If you enjoy the app a 5-star rating would help us a lot.,2024-07-03 03:10:02,4.1.0.7,pho796897,com.vimage.android
4f10dafb-e9f3-4b24-b0ef-07f96272234e,Worst app. Does its job but with so many ads n the fun fact it won't play the ads so after using once it fn stopped.,1,0,,2022-05-12 05:52:52,,,,pho894374,com.bigwinepot.nwdn.international
b1472ef4-5477-4d96-b7a5-570539fbba1c,The best editing ap I have ever used,5,0,1.402.119,2022-03-27 22:27:48,,,1.402.119,pho498197,photo.editor.photoeditor.photoeditorpro
74671071-deec-4ee4-b5b4-8bd93ac826e5,Fantastic app easy to use,5,0,1.417.127,2022-07-25 05:46:23,,,1.417.127,pho481798,photo.editor.photoeditor.photoeditorpro
7df86394-d6b4-4605-919f-e38057b87a8a,It's really amazing. I like this app . It's very useful photo editor app .,5,0,1.425.133,2022-12-07 23:19:08,,,1.425.133,pho460135,photo.editor.photoeditor.photoeditorpro
90adaff5-6d11-4549-a213-81e5a1b733ae,Very great for roblox thumbnails,5,0,1.472.155,2023-11-12 06:57:33,,,1.472.155,pho503062,photo.editor.photoeditor.photoeditorpro
ac0eee8b-c9e3-402a-bb73-30d37689c3cd,The best A powerful A magical and creative app. I love the way of picsart editing.,5,0,,2023-05-19 23:26:08,,,,pho99430,com.picsart.studio
e703df50-6596-4eaa-b977-95f72f0e9f1d,This is the best app for pictures Specifically to girls,1,0,,2023-10-20 09:43:57,Dear user we care about your feelings and every little encouragement makes us better :) So if you like this app please consider giving us a 5-star rating. If you have any suggestions please let us know at support@pho.to.,2023-10-24 13:19:55,,pho670453,vsin.t16_funny_photo
657f2c4c-cc0a-417a-8d7c-a44f0e13aaf9,app is good but ads tooo ungry,5,0,3.7.698.202412939,2024-07-22 00:34:02,,,3.7.698.202412939,pho891065,com.bigwinepot.nwdn.international
19ae8bd1-dfc5-4434-b61f-9b08422b23e3,Very good working this app thanks for remini,5,0,,2022-11-23 08:26:26,,,,pho926672,com.bigwinepot.nwdn.international
0c2f236d-01af-4cb7-8607-ba46d5669d5b,best app to clean the image,5,0,3.7.547.202349419,2024-03-05 21:55:17,,,3.7.547.202349419,pho941223,com.bigwinepot.nwdn.international
1df327a3-093c-4b66-b3f2-f2cf4474bb7e,nice app but we have to see an ad for eaditing each photo,3,0,2.0.7.202110813,2022-03-22 06:10:33,,,2.0.7.202110813,pho903211,com.bigwinepot.nwdn.international
7806d214-e9ff-4feb-8489-38ca9474c993,Great app but the adds have been freezing at the end of the video,5,0,3.1.0,2023-07-22 05:40:10,,,3.1.0,pho869983,com.ai.polyverse.mirror
187fc371-0940-48b4-bf45-c80561e8f65f,Mere or se 4 he is best photo editor app,4,0,,2024-06-23 12:48:11,,,,pho935837,com.bigwinepot.nwdn.international
b862baa8-9e9f-47a9-b41f-ac4b1f38352c,First time I used & got just what I was wanting done to pic & was so easy!!,5,0,1.393.114,2022-01-19 00:50:41,,,1.393.114,pho465222,photo.editor.photoeditor.photoeditorpro
045279b6-7397-4aa2-b890-eaf7d448be3a,awesome.. so easy to use and so many options.. good job dev team.. keep it up.. by far the best I've used kudos to you. Still super after some time of use .keep it up!,5,0,1.387.110,2022-02-08 08:41:45,,,1.387.110,pho452163,photo.editor.photoeditor.photoeditorpro
8ab5bcbc-781c-462c-bcb9-882e1924b2c9,This is my favorite app to use to make flyers / posters !& practically any and all my heart desires Easy to understand and just flat out AWESOME.,5,1,23.7.8,2023-12-26 14:09:06,,,23.7.8,pho92058,com.picsart.studio
1ab8fee1-b707-4bdd-a830-4750308c0d92,I hate this app,5,0,3.0.38.202125050,2022-06-23 03:17:13,,,3.0.38.202125050,pho979943,com.bigwinepot.nwdn.international
cece57fc-3d4f-42cd-9b68-9e25892a4f8c,Nice animated but we will be grateful if you unlock some more features for free,1,0,2.0.3,2023-05-01 13:32:00,,,2.0.3,pho870288,com.ai.polyverse.mirror
d00b13b5-4678-452f-839b-57a5436d664e,it's decent but the timer is what it sets it back. but overall a good app,3,0,3.13.1,2024-04-05 10:23:57,,,3.13.1,pho869860,com.ai.polyverse.mirror
73f57447-ffe5-4eab-aae4-7384ad7fbfcb,this is good app but can't properly mach image,2,0,3.12.80,2023-12-05 09:31:42,Dear user we are so sorry for the inconvenience but there is some confusion about your comment. Could you please explain the specific problems or send a screenshot to us at support@pho.to?,2023-12-06 03:19:59,3.12.80,pho657850,vsin.t16_funny_photo
33519136-c36f-43ee-aa79-73543671a55f,The app is great for editing. Its backgrounds its frames its stickers all are fantastic. But there is a quite problem in this. Which is the item limit. You can't put more than 4 items in each thing thats disappointing cause when the limit of item reached we can't edit anymore. So i want picsart to updet the limit feachure.,4,187,25.5.3,2024-08-19 06:52:05,,,25.5.3,pho64806,com.picsart.studio
50c19cae-7b1e-4f64-be5e-88c23d983e82,This app has a lot of problems it's slow the adds doesn't go even though you tap on the x button it lags which is annoying Remini fix this issue cuz it's disgusting,1,0,3.7.777.202447720,2024-09-27 20:33:36,,,3.7.777.202447720,pho875838,com.bigwinepot.nwdn.international
3e075ebb-19d1-4d81-837e-770134253155,Would be great if ut let me use the app payed for the sub then locked me out of using it almost entirely,1,4,1.8.0,2023-03-14 16:21:27,Hello did your problem get resolved? If not we are here to help you! Please do let us know at aimirror-support@polyversestudio.com.,2023-03-23 11:12:40,1.8.0,pho870150,com.ai.polyverse.mirror
d19d15e2-0349-4547-912c-8c85637bfeee,Exceptionally easy to use and export images seamlessly.,5,1,19.5.5,2022-04-15 17:28:50,,,19.5.5,pho104195,com.picsart.studio
a72fd08a-8fc2-4e67-a15c-409c826a1a8e,Great app good for images and easy to apply and edit text/fonts in many cool styles. All the great tools for static images. My only gripe was the steep $15 price for the non-ad pro version. I answered a lot of Google surveys to pay for it but it was worth it. P.S. It's awesome for creating memes.,5,14,1.417.127,2022-07-24 23:45:43,,,1.417.127,pho442536,photo.editor.photoeditor.photoeditorpro
6a305956-9546-4047-b1b8-5841f51527a2,Good app for eidt,4,0,8.3.974,2022-07-12 07:40:36,Hi there! We're glad to hear you like the app. Let us know what we can improve to create a better experience for you to give us 5-stars We're here to help! Thanks! ^Chan,2022-08-04 14:43:45,8.3.974,pho298611,com.adobe.psmobile
0ea0feb5-3520-4b06-8475-8393cf6aa724,"09-09-2022; 1:25 AM In collage mode many times i go to edit option always it show refresh symbol. Not go inside of edit option. I installed this app because i saw the name of company ""Adobe"". 06-Nov-2022; 1:17 AM still no changes. 08-Oct-2022 you ask me any error code shows. Today i screen recording this issue and reply to Google & Adobe.",1,4,8.6.1012,2022-11-05 15:50:26,Hi there. We're so sorry for the trouble. We'd like to know more about this issue. Are you getting any error messages? Please write to us at PSX-Feedback-Android@adobe.com with more details or a screen recording it will be very helpful for us to investigate and fix the issue. We're here to help. Thank you! ^Chan,2022-10-07 15:33:55,8.6.1012,pho258067,com.adobe.psmobile
52373d16-b40c-4269-bfdd-6d47e219b2a7,The app is good Isme koi bhi photo ho vah bilkul me niklegi,5,0,3.7.693.202410344,2024-07-11 01:13:47,,,3.7.693.202410344,pho1008288,com.bigwinepot.nwdn.international
d3c94b3b-caa0-4e59-af08-b75a362c2145,Automatically back & crash the app without any reason,1,0,20.2.4,2022-08-14 08:17:30,"We hear you and know that app crashes are frustrating. A quick fix is to clear your cache. Go to your device settings > """"Apps"""" >""""Picsart"""" > """"Storage"""" >""""Clear Cache""""> """"Clear Data"""" If you run into any other issues (after clearing your cache) let us know at https://picsart.support.",2022-08-15 05:06:41,20.2.4,pho114420,com.picsart.studio
f044c868-e3b3-4f70-9cca-a8e955a5f588,Best Application for Photo Editing but there is a problem that we can't take screenshot inside the app.,4,3,19.9.4,2022-06-14 23:58:07,,,19.9.4,pho98951,com.picsart.studio
0803cbb3-aeb0-4fb6-9fe8-6d006161bf56,Anytime I'm trying to edit my photos it always goes on a white screen and it's always freezing.,1,1,19.1.5,2022-03-02 12:49:31,Hi thank you for bringing this to our attention! Picsart can freeze on your device when it gets overloaded with cached data. Could you please go to device Settings > Apps > Picsart > Clear cache > Clear data? If these steps do not help please get in touch with us at https://picsart.support so that we can investigate this further!,2022-03-03 01:35:35,19.1.5,pho87025,com.picsart.studio
6f2a78b9-b19b-4637-9096-163d7f8a998a,I'm enjoying it my pictures are great thank u for this app.,5,0,1.395.116,2022-05-05 03:19:23,,,1.395.116,pho479463,photo.editor.photoeditor.photoeditorpro
9faa52d9-fa03-4bd4-ba16-c788916be0c3,I swear it's too annoying when picsart close by itself! Refeshes and also hangs alot! Improve it It makes me hate it,1,0,,2022-01-03 09:53:43,Hi there thanks for your review. We are sad to hear that Picsart crashed on your device. You can fix this issue by cleaning your cache. Go to your device's Settings Apps Picsart Storage Clear cache Clear Data. If the issue persists please feel free to contact us at https://picsart.support,2022-01-04 07:38:30,,pho94374,com.picsart.studio
feb5630d-2aae-4c0d-aca8-b89ddeabf2b7,Too many ads The developer is begging for you to upgrade to gold,1,0,,2023-10-10 14:38:31,We hear your frustration but ads are essential for Picsart and allow us to offer a free version of the app. If you want to create ad-free you can always upgrade to Picsart Gold.,2023-10-11 03:05:53,,pho122234,com.picsart.studio
0772e559-1f61-4ad2-9b1f-00d31f98ee27,Best app for ai generator,1,0,1.1.5,2023-11-21 11:44:09,,,1.1.5,pho1056316,com.ai.avatar.face.portrait.app
45a6243c-711c-40d9-847f-6cbb205a6544,I must have there are so many fun and cute things you can do to photos you can easily get lost customizing pictures,5,1,18.9.3,2022-02-02 12:15:42,,,18.9.3,pho101775,com.picsart.studio
0db1a88c-0b93-4fd0-b78c-27ef78139c8d,Don't know what happend but the export quality is too bad now. It was fine like a month ago but not now.,2,0,3.15.1,2024-05-08 14:59:55,"Thanks for the feedback - we'd love to look into this for you. Can you please send us an email at support@picsart.com with the subject line ""App Store Review""? Our team will investigate and work on a fix for you.",2024-05-14 10:07:35,3.15.1,pho90917,com.picsart.studio
39f94530-cc73-4bf6-ae5e-c228a0ebdcd8,Why would I subscribe and pay to anything when you can't even try it to make sure it's what the customer is looking for before you buy.,1,0,,2023-05-26 07:37:47,,,,pho831394,com.pixerylabs.cloneai
77512104-936f-4a74-81d8-1279364d9105,Yes it's great for editing photos,3,0,8.7.1035,2023-01-02 13:00:11,Hi there! We're glad to hear you like the app. Let us know what we can improve to create a better experience for you to give us 5-stars We're here to help! Thanks! ^Chan,2023-01-30 17:04:22,8.7.1035,pho275255,com.adobe.psmobile
52457a9f-35bd-40ea-ae41-d181756e5b44,ang daming ads. kada pindot ads,1,0,3.7.754.202433210,2024-09-05 01:38:18,,,3.7.754.202433210,pho997811,com.bigwinepot.nwdn.international
aa2857b6-3522-49f7-a534-5c183846566c,very powerful editing apps so excellent app but ad is very big problem,5,0,3.7.583.202366324,2024-04-12 13:16:54,,,3.7.583.202366324,pho908447,com.bigwinepot.nwdn.international
bf007e79-a42c-4022-b1e7-f163e13e082c,Bad App so because its not recording screen and i need that.,1,0,21.6.5,2023-02-27 09:31:26,Hey there thank you for writing in. The screenshot/screen recording function is not available with certain features like Effects Retouch Remove and more. You can use the screenshot/screen recording function when you subscribe to Gold. Learn how to subscribe here: https://support.picsart.com/hc/articles/360002231997,2023-02-28 05:03:14,21.6.5,pho123482,com.picsart.studio
ee554c5d-5e29-48a3-96b1-4fe583fcf04d,Rewriting my review cause ever since the latest update this app has gone down hill. Bring back the first remini version along with all the features that have vanished. :/,2,2,2.1.1.202112761,2022-03-28 00:19:37,,,2.1.1.202112761,pho887488,com.bigwinepot.nwdn.international
1979bd90-322b-4205-aac3-6c00a4e9b1d2,A Better quality app for design app logo photo video it's an amazing app,4,0,22.9.5,2023-08-21 10:57:03,,,22.9.5,pho108715,com.picsart.studio
472806b9-0ac7-40a4-b7b8-d4c3d9b03162,That app is a crazy app .what a excellent app for 4to editing,5,0,1.402.119,2022-03-19 20:56:14,,,1.402.119,pho478126,photo.editor.photoeditor.photoeditorpro
0f36b2bb-ea2e-412b-91d7-45ebd43c5751,Waste app. No any free features.,1,0,,2024-06-17 23:48:17,Were sorry to hear about your experience. While we do offer a range of premium features we also provide many free tools and options. If you need help navigating these please reach out to us at support@fotor.com. We appreciate your feedback and are here to help.,2024-06-18 05:12:37,,pho835695,com.everimaging.photoeffectstudio
3447d0a2-6526-45bc-b8e2-e45a43f6df2d,I will being editing pictures with quality filters,5,0,,2022-08-24 23:35:32,,,,pho278278,com.adobe.psmobile
88dbb524-485a-46ae-b449-637b6b536056,You have to buy pro to get all the good stuff,2,0,7.3.34.1,2023-07-15 16:01:02,Sorry for this inconvenience.In order to ensure the operation of our R&D team some of our features need to be paid hope you can understand. We also have a lot of free features.We provide a 3-day free trial for new users and you can decide whether to continue the subscription after the trial.We will also continue to update more valuable features.,2023-07-16 22:35:18,7.3.34.1,pho835448,com.everimaging.photoeffectstudio
c8dce25d-83a3-4e1c-ba06-03d2558ef304,Bad app only work for picture not video,1,0,2.3.2.202116995,2022-05-26 13:37:12,,,2.3.2.202116995,pho916037,com.bigwinepot.nwdn.international
ddca35b4-d881-4133-b434-a4ddd1b36d56,No and no !!! I am deleting your account now,1,0,,2022-01-09 16:29:08,Hey! Weve put together some handy guides you might like: http://adobe.ly/psxfaq & https://helpx.adobe.com/photoshop/using/photoshop-express-help.html If you have an issue or need help shoot us an email at PSX-Feedback-Android@adobe.com. Let us know what we can improve to create a better experience for you. We're here to assist! ^Chan,2022-01-12 12:42:00,,pho293464,com.adobe.psmobile
69da4aff-1133-4459-8a3a-daf3a589536f,Best app to edit pictures. I've been using it for 3 years and I even use it professionally! Love it,5,0,1.417.127,2022-08-01 18:28:23,,,1.417.127,pho452351,photo.editor.photoeditor.photoeditorpro
d8630ebf-f7f2-47fb-9faa-85d7d3e14b96,Worst app too complicated to corp a picture,1,0,9.3.70,2023-06-28 08:43:13,Hi Mohammed! I understand that you are not happy with the app. The ratio options are there when you click on crop there are several options when you keep scrolling to right. If you need more help let us know at: http://adobe.ly/psxcommunity ^DC,2023-08-22 06:40:25,9.3.70,pho291038,com.adobe.psmobile
7b4c2a19-5f8c-4abd-8b78-a342129812b0,Makes editing my photos so much easier. Love it. A lot is offered for free without having to pay for a premium subscription. Highly recommend.,5,11,1.483.106,2022-03-21 07:59:26,,,1.483.106,pho1521,photo.editor.photoeditor.filtersforpictures
500c5e7c-9267-46e4-aa16-270f340afe64,The simplest of things is overly difficult. Just erasing part of a picture is nearly impossible. What does this do that I can't already do with the pre-installed software in my camera?,1,0,15.4.206,2024-09-21 09:17:52,Hi there thanks for reaching out. New apps can be tricky to understand. Here is the link to help you with the tools: https://helpx.adobe.com/in/photoshop-express/get-started-android.html. Let us know if you need additional help. ^Sam.,2024-09-23 08:36:03,15.4.206,pho257063,com.adobe.psmobile
70974c87-0199-4169-9317-a4c72645e6b0,"Been using this app for years now. Can do a lot for free and its pretty good for phone photography editting. Edit: :c Removal tool is now ""free trial"". Used to be one a day.",3,418,18.7.5,2023-11-25 23:11:23,"Hi there welcome to try the free trial first if you're interested in using the app without limitation. If not make sure to cancel the trial at least 24 hours before it ends: https://support.google.com/googleplay/answer/7018481 If there is any further concern please contact us via ""Send Feedback"" in-app Settings. Thank you.",2023-11-27 04:39:34,18.7.5,pho145819,com.cyberlink.photodirector
f5644aa6-8214-4cf2-9836-b342f41c166f,I like this app but before his ai is too bad also they add items limit i want to make a clickbate for youtube but they say items limit reached what and video editor is bad and there's many items before but now the features are low also the features left these are not working well i love the old one,1,0,,2023-05-20 03:36:10,Hey there! The limit of added objects depends on your devices technical capabilities. We understand that this may feel a bit restrictive but its necessary to ensure that Picsart runs smoothly and without any performance issues. If you have any other questions or concerns dont hesitate to reach out to us at support@picsart.com.,2023-05-23 03:12:39,,pho78807,com.picsart.studio
2928f385-7bf3-44b3-81dc-05bf4f8ba37b,Worst and time waste,1,0,3.7.284.202223827,2023-07-07 05:29:09,,,3.7.284.202223827,pho946655,com.bigwinepot.nwdn.international
85b6690c-2673-4699-b689-17108616fd6c,Wonderful photo application. Everything you need in a mobile platform in one place.,5,0,,2022-10-31 02:48:56,,,,pho268185,com.adobe.psmobile
60b8ccc3-2ddd-47a8-89d7-0b9c891186f3,Basicaly i have been using LR for a long time and i haven't used this app so much but what i like in this app is that this app gives us healing option for free so i have been using this app for just healing option but i have seen PS pc and that app is great so i will learn how to use this app and then i'll edit my review,5,0,9.2.57,2023-05-20 14:58:08,,,9.2.57,pho272046,com.adobe.psmobile
d9d60138-eb23-490e-a69b-0588ad8b362c,It's easy for beginners. One of a kind with a lot of options,5,1,V1.071.18,2023-09-07 03:22:01,,,V1.071.18,pho1051449,editingapp.pictureeditor.photoeditor
fdec114f-8539-47a1-b958-0176f4652b79,My experience with photo lab was awesome and it equip me to know that there's more to picture l love the app and also recommend it to my friends n,5,0,,2023-12-01 04:53:12,,,,pho638011,vsin.t16_funny_photo
286baef8-30cc-4787-8b42-922e09463062,I love it! So many freaking options to appease ur photo needs/wants..pls try it out! U won't regret it! I guarantee it!,5,1,1.432.136,2022-11-02 01:38:53,,,1.432.136,pho453380,photo.editor.photoeditor.photoeditorpro
a70d7322-2308-4c98-acc1-19af3ce89b20,it's an excellent app to use. You can edit use filters make collages and lots more.I have used this app for 1 year and it never disappointed me.,5,0,15.4.206,2024-09-05 16:26:32,Hello! We appreciate your wonderful feedback and are delighted to hear youve had such a positive experience with our app for a year. Your support truly motivates us! ^Sam,2024-09-06 08:55:07,15.4.206,pho257135,com.adobe.psmobile
6bdad0bc-32a3-4632-aac3-ee0ad6e4d7db,I hope that the video units will be available from watching advertisements or from collecting points in certain ways,3,0,,2022-01-10 13:15:53,,,,pho901735,com.bigwinepot.nwdn.international
3bc0523c-dd1c-4158-a1ab-daf60ffb6126,am really enjoying it this is d best app so far,5,0,3.13.8,2024-05-07 08:02:48,,,3.13.8,pho646239,vsin.t16_funny_photo
f1a4f112-8350-42cd-8aa6-3bf0adeb5913,This app is very good and easy,1,0,1.7.5,2022-01-04 11:17:19,,,1.7.5,pho941776,com.bigwinepot.nwdn.international
596af29b-b457-4298-8444-9dbda2fbb996,Very good App editing photos is awesome.,5,1,1.564.131,2023-07-18 09:33:45,,,1.564.131,pho6350,photo.editor.photoeditor.filtersforpictures
d9873087-e7ba-419d-b5e3-37ceaf319f5b,It doesn't work. I subscribed to pro. I tried to enhance some photos and it kept telling me that there was an internet connection issue.,1,0,,2022-03-25 11:55:54,,,,pho887271,com.bigwinepot.nwdn.international
8d96b119-9e24-42b6-92bf-a7576afb6024,Very useful app and easy to use,5,0,1.543.170,2024-05-25 03:47:23,,,1.543.170,pho451940,photo.editor.photoeditor.photoeditorpro
241431c4-f6d1-46e7-8738-5c42ebd79582,Really in 2023 best app ever for me which I find out,5,0,1.436.140,2023-01-04 18:18:23,,,1.436.140,pho489907,photo.editor.photoeditor.photoeditorpro
f695eadb-659a-48e1-ba5d-2263492c17cc,it is a good apps for photo aditing,5,0,3.12.25,2022-08-09 12:26:32,,,3.12.25,pho671759,vsin.t16_funny_photo
66ac096d-db25-4092-a68d-24c20dc5d20d,App was good but now it says i have internet problem i also tried in my other phone but same problem,1,0,,2023-12-31 12:01:12,,,,pho921023,com.bigwinepot.nwdn.international
cb8faac7-8654-47bd-8cd3-49c71614dc34,Best app for photo editing,5,0,1.417.127,2022-07-25 08:17:28,,,1.417.127,pho486063,photo.editor.photoeditor.photoeditorpro
96e0626d-9e8c-4b20-b50d-90793a1c32c9,I am using everything my photo is mine I am writing myself in the name then I am paying money earlier this was not the case but now it is happening. Didn't like this update.,1,0,18.7.3,2022-01-24 23:33:53,Hi sorry to hear that the latest update did not meet your expectations. Can you please follow this link https://picsart.support and describe in detail the issues you have come across while using the app? We would love to hear from you!,2022-01-25 08:03:25,18.7.3,pho93753,com.picsart.studio
470a4d69-ca96-4a9a-b35b-0cd8b3025531,Please Add to enhancer's ad free,3,0,,2023-10-09 04:05:45,"Dear user apologize for the inconvenience. Currently our free users do see ads if you are a Pro user there are no ads. Commercial advertising is to ensure that the team runs and continuously update more valuable functions. Hope you can understand. Please click "" Feedback"" in the app to give us feedback if you have any questions.",2023-10-19 03:17:37,,pho836041,com.everimaging.photoeffectstudio
ba5bb701-fd09-4622-8924-f31f4f3b414b,very cool it's a beautiful your face your face in an faces like Korean skin this is a good app its best app in the world,4,0,3.7.620.202380338,2024-05-14 10:40:56,,,3.7.620.202380338,pho882965,com.bigwinepot.nwdn.international
43dfa0ec-f4a4-4156-b6c5-b9429dc2344a,Does everything I want to create beautiful things as a CELL PHONE APP. Doesn't show price to RENEW,5,0,19.4.5,2024-07-25 09:24:42,,,19.4.5,pho144535,com.cyberlink.photodirector
00c569c5-37a3-43d2-b756-20fb54dd3670,I've been using the app for years. I honestly love it. BUT I'm giving a very low rating I'd honestly give a zero if I could because they've made it absolutely impossible to cancel my subscription! I had a trial through my phone carrier for a few free months and I couldn't cancel through the app or website. So because they make it impossible to do I got charged a ridiculous subscription fee. Deleted the account and never recommending ever again.,1,4,16.7.5,2024-01-01 19:17:22,"We'd love to look into this for you. Can you please email us at support@picsart.com with the subject line ""App Store Review""? Our team will investigate and work on a fix for your Gold subscription.",2024-01-05 06:18:30,16.7.5,pho63750,com.picsart.studio
0dc0daad-758d-4baa-ae31-3ed6b6f86af2,"I think your developers are out of their mind.going to be mad. New update is full with bug. After clicking on ""Fx(Effect)"" no one option is showing but when I blindly touch here and there option are working but options are not visible.",1,16,21.1.6,2022-11-28 14:15:27,"Thanks for the feedback - we'd love to look into this for you. Can you please send us an email at support@picsart.com with the subject line ""App Store Review""? Our team will investigate and work on a fix for you.",2022-11-29 03:47:04,21.1.6,pho75322,com.picsart.studio
f8387947-ead9-415c-be28-4b9d071aaeb0,Been using this app for years. What made this a great app was their FREE tools for editing. Now all the features that I used to love are behind a paywall.,1,0,20.4.2,2022-09-23 20:33:24,As we continue to invest in our products and community we have recently made some additional features premium. This will enable us to enhance our tools & features for both Gold users and non-subscribers. Rest assured we will always offer a free version of Picsart.,2022-09-26 09:17:19,20.4.2,pho86538,com.picsart.studio
b6fc1fe6-45d7-49d6-bd98-9f64df865a94,"I was amaze how quick to navigate and learn the function of this app. Highly recommended to everybody! Get this app as quickly as possible and you can say: "" You're right Pal"". GO.",5,46,1.474.100,2022-02-14 18:08:48,,,1.474.100,pho1686,photo.editor.photoeditor.filtersforpictures
acd44f3f-5210-4d25-b67b-eabb8a27d539,Amazing application for creative photo editing.,4,1,2.2.0,2023-10-11 10:33:07,Hello we appreciate your review. We hope you'd consider giving us a 5-star rating. If you have any queries or suggestions regarding the app please feel free to reach out to us at support@lightxapp.com.,2023-10-12 07:40:49,2.2.0,pho574528,com.lightx
a88bbec7-68bc-4372-a60b-c89e35c6ac33,I enjoy this so much it does anime actually very well,5,0,3.16.0,2024-05-13 09:02:47,,,3.16.0,pho869118,com.ai.polyverse.mirror
aa3319eb-0a17-4864-9f29-f0b9ca0e6096,Amazing app. Definitely recommend but includes a lot of ads.,4,0,3.7.148.202178497,2023-04-09 07:42:13,,,3.7.148.202178497,pho900253,com.bigwinepot.nwdn.international
e5b1daa6-0904-444f-8341-ef5ac4c5ca26,Why are some of the AI filters missing now?,5,0,17.5.0,2023-01-01 11:10:37,,,17.5.0,pho151530,com.cyberlink.photodirector
e2a38bfe-da91-4717-9e0a-0a283026a036,clean the photo lab,4,0,3.13.6,2024-04-19 02:20:56,,,3.13.6,pho683232,vsin.t16_funny_photo
31088fd3-c6a1-4b02-bec4-9f9f0123eb7c,beeter app very useful,5,0,3.7.615.202378417,2024-07-08 04:05:30,,,3.7.615.202378417,pho906750,com.bigwinepot.nwdn.international
943ea8ce-8c36-4274-9265-2801f7a31390,Even though they are politically biased to the FAR Left the Picsart App is very good. I have used it for a few years and it gets better all of the time. After a few years it has continued to improve. Still think it is worth a few bucks.,4,9,19.7.8,2022-05-19 16:10:31,,,19.7.8,pho76683,com.picsart.studio
7c62049b-4ad0-4879-b09b-f229d6da31c2,great stuff but super expensive over priced,4,1,3.12.0,2024-03-31 23:59:51,,,3.12.0,pho871290,com.ai.polyverse.mirror
bd08af42-6a32-41bc-92a5-25a8e662f932,Love it very much because it did everything I want it to do.,5,0,1.503.114,2022-09-02 14:16:44,,,1.503.114,pho8465,photo.editor.photoeditor.filtersforpictures
f9af3724-6c5b-428e-b235-2a0097d46506,Where is the old Remini? The one which did it's honest work in removing the blur and enhancing the quality instead of turning the pic into a cartoon with weird lightning and an awful filter. New Remini is horrible. Uninstalling!,1,0,,2023-01-25 11:08:10,,,,pho879570,com.bigwinepot.nwdn.international
fdfdf281-e6b0-4cf8-8e10-cef69effea6c,It is the most beautiful application that I use thanks to its creative programmers,5,1,23.0.10,2023-08-28 12:07:29,,,23.0.10,pho113906,com.picsart.studio
c50a33f8-dfc6-4e20-9533-8adcc22ea099,it's perfect but it doesn't enhanced vedio for free plz free vedio,5,0,3.7.702.202415843,2024-07-23 07:23:44,,,3.7.702.202415843,pho877225,com.bigwinepot.nwdn.international
e5a9ab2b-cc7d-48e4-8a64-d1d8d601ea6e,I love.this application as it helps me always I really enjoy using it. Thanks Picsart,5,0,20.1.3,2022-07-19 13:23:33,,,20.1.3,pho113872,com.picsart.studio
07dec09c-8528-4a63-a20f-1400d9ddb177,This is 5th time I downloaded love it for making me memes on ifunny,5,0,1.395.116,2022-04-26 01:58:39,,,1.395.116,pho478974,photo.editor.photoeditor.photoeditorpro
fc98411d-f976-46e8-a48a-a993ebbe1acf,Very underrated app Too goooood..,5,0,1.424.132,2022-09-15 09:42:31,,,1.424.132,pho499698,photo.editor.photoeditor.photoeditorpro
074fdac3-11a6-4162-9942-f50c83061915,I would have given 5 ratings but there are only fair photo lab editing please even do for brown skin editing this is my request,3,1,3.12.75,2023-11-14 04:19:20,Dear User really appreciate your suggestion. We will consider it. If you have questions or suggestions please contact us at support@pho.to.,2023-11-14 13:47:29,3.12.75,pho638915,vsin.t16_funny_photo
0533691e-0be0-4e06-9d4f-c60ae36e3177,My favorite program for editing photos,4,0,2.1.8,2022-12-19 05:44:03,,,2.1.8,pho575795,com.lightx
95df8fef-629d-46da-8e0c-e17381b8b0ff,To many damn intrusive ads and it doesn't really generate well.,1,0,,2024-09-08 01:17:29,,,,pho829650,com.yes366.etm
6b782b0e-adfe-4840-acd6-9af26248a8b1,THIS APP IS A SCAM! Took money for a subscription again this year even after I had cancelled the subscription a year ago. The one subscription I authorised was a once off payment to go pro in 2020. They then charged me again in 2021 and I let it slide. But now I'm just being taken advantage of. I will spread the word for everyone not to use this app,1,37,16.4.1,2022-01-27 19:53:28,"Hi Bianca We understand that you have concerns about a purchase. To further check and assist you better with the refund request kindly tap the "" icon"" on the app homepage and use the ""Send Feedback"" to provide: 1. Email account used for the subscription 2. The order number (https://support.google.com/store/answer/6160235) Thank you.",2022-01-27 21:39:55,16.4.1,pho144694,com.cyberlink.photodirector
c95aabab-5b74-41cb-ba75-af1793d10eb7,very out standing lab,3,0,3.12.21,2022-06-26 17:17:53,Hello! Thank you for rating us. Please share your ideas on how we can make the app better at support@pho.to. Thank you.,2022-06-27 03:21:26,3.12.21,pho687662,vsin.t16_funny_photo
fa2daea4-49e1-44c8-9c4b-5f2b7155bcce,Hello picsart is amazing app hats off! But the problem is that o can't save any picture it shows me error it gets laggy sometime please fix it but love the app,1,0,18.5.2,2022-08-01 07:09:45,Hi thank you for alerting us about this. Picsart performs best when operated on the latest available app version. To ensure best performance please uninstall the app > go to Play Store > install the app. If this does not help please drop us a message with as much detail as possible at our Help Center at https://picsart.help,2022-08-01 07:14:13,18.5.2,pho89067,com.picsart.studio
2bc3a7a1-dde5-4da0-bceb-021c9016eacd,i can't open the app even though i already clear all. it's still not opening,1,0,21.8.6,2023-03-19 06:22:53,Hey there thanks for letting us know about this issue. Our tech team has already found the cause of this issue and fixed it. Please go to your device's app store and reinstall the app. If you have any other concerns feel free to contact us via our Help Center https://picsart.support,2023-03-20 07:57:46,21.8.6,pho110076,com.picsart.studio
011358b1-c0f0-4244-b191-36148576b13d,The best photo editor app that I have ever seen,5,0,1.462.152,2023-08-22 04:53:35,,,1.462.152,pho483452,photo.editor.photoeditor.photoeditorpro
945232d0-89df-41a1-9198-7aeb530e795b,Watar mark remove ad Wow,5,0,1.417.127,2022-08-01 02:15:18,,,1.417.127,pho514568,photo.editor.photoeditor.photoeditorpro
7df8dbfe-93b1-4692-bf84-4fef538883fb,text box changes sizing.. Was trying to add dimensions to a drawing and needed it fairly small. I finally was able to get it to its smallest dimension but if I needed to modify the text the box automatically excitable to 4x size and whitish go back.. So frustrating.. Also when using the erase tool the item erased comes back.. No idea why. I'll be canceling my 7 day free trial if I can find where it's subscribed to! There is NO LINK IN MY ACCOUNT to my subscription. wonder why,1,394,16.5.5,2022-03-26 01:34:56,"Hi there We're sorry for the bad experience. To further test and fix the problem could you tap the "" Settings"" button at the bottom of the app homepage use the ""Send Feedback"" to provide the detailed steps or the share link of a screen video recording (such as Google Drive Dropbox etc.)? We'd like to check further and make improvements.",2022-03-28 01:33:24,16.5.5,pho144136,com.cyberlink.photodirector
a52a12b6-ae4a-41fa-bed4-908f4cf88181,Try going for the free trial and doesn't even work,1,1,,2022-05-13 09:46:28,Hello can you tell us more detail about the issue at support@pho.to? It will be very helpful for us to investigate and fix it. Thank you!,2022-05-15 13:48:04,,pho671678,vsin.t16_funny_photo
9b5f5dc3-d8bb-45d6-a5c7-ce6df7527e22,I don't like the update. Now even my internet is good it's not functioning I tapped the enhance many times but yet not working,1,0,2.0.5.202108955,2022-03-07 23:43:16,,,2.0.5.202108955,pho895882,com.bigwinepot.nwdn.international
8a0b5cb5-1ac3-4784-808b-c2a3c9cfe9f9,Good app but everything is used by watching an ad,5,0,3.7.117.202173029,2023-02-14 21:06:16,,,3.7.117.202173029,pho913508,com.bigwinepot.nwdn.international
9d4c9a4f-8c2b-4640-871a-3178c48ed6fe,subramg ganda ng pagka edit,5,0,3.12.73,2023-10-18 22:37:58,,,3.12.73,pho777917,vsin.t16_funny_photo
26a48be6-b9ba-4361-8015-e96276738206,Great tool for middle of the pack typists.,5,0,7.3.13.138,2022-08-20 15:05:52,,,7.3.13.138,pho834931,com.everimaging.photoeffectstudio
14632021-8304-43b1-b811-7614a0f7f5ea,Used this app once. Tried using 2nd time. It wouldn't download images. I don't think I'll be doing a membership!,2,0,3.7.302.202236054,2023-07-18 11:43:27,,,3.7.302.202236054,pho894231,com.bigwinepot.nwdn.international
ecae1a05-6cf3-4f54-a2e0-ca5e99796e3d,Lots of fun stickers & shapes plus you can perfect a photo to your liking.,5,1,1.186.44,2024-08-17 18:34:09,,,1.186.44,pho1050787,editingapp.pictureeditor.photoeditor
f269f601-951f-4856-a8bd-6a62493a8cf0,This app very bug a,1,0,,2023-06-18 10:37:51,,,,pho971381,com.bigwinepot.nwdn.international
3acd96e9-36e4-4900-ae8d-e873fd5da25b,awesome and fun to use,5,0,1.8.0,2023-03-19 11:42:25,Thanks for your love and support on AI Mirror! We're happy that you the app and its features. We'll keep enhancing AI Mirror and updating NEW AI ART styles weekly. Thank you for choosing AI Mirror and stay tuned for more exciting updates and surprises!,2023-03-23 09:21:53,1.8.0,pho871653,com.ai.polyverse.mirror
ccc4a24a-1597-4aa8-9a57-1a474ebb1df7,Enhanced an out of focus photo that I love,5,0,1.53.166,2024-05-17 17:16:11,,,1.53.166,pho468326,photo.editor.photoeditor.photoeditorpro
fbd0c6f4-f6f5-4b9a-ae13-edb44c1dde70,super clarity photo app,5,0,3.0.38.202125050,2022-06-20 21:48:09,,,3.0.38.202125050,pho941695,com.bigwinepot.nwdn.international
912345ca-b915-4c6d-bec8-f40cb0c9048f,"Great app!!(but.)(reply PicsArt) 1-Please add a feature of Creating PNG in a project after erazing the BG 2-A black outline appears after we Apply several FXs to a sticker/png 3-The BLURS stay Locked within the Contours of the PNG.. please correct it.. 4-Add a feature of ""Quick selection"" and cutting out an OBJECT (like photoshop).. I HOPE PICSART WILL CONSIDER THIS AND ADD THESE ABOVE FEATURES",4,0,,2022-03-19 03:15:18,,,,pho70434,com.picsart.studio
2d8a8fee-afc9-4484-89d8-083af47e10b4,Easy to use and great options,5,0,1.425.133,2022-11-15 07:26:09,,,1.425.133,pho469793,photo.editor.photoeditor.photoeditorpro
0e5f2f9d-739b-4065-a695-0dbda96855b9,Pretty good a lot of option i might buy.will have to test it more,5,0,1.425.133,2022-12-23 02:12:36,,,1.425.133,pho465665,photo.editor.photoeditor.photoeditorpro
63b6a8d3-a317-42ad-94fa-b75191d6c879,Easy to use and great quality even when you don't pay for pro! Amazing app.,5,1,1.417.127,2022-07-30 12:59:36,,,1.417.127,pho454876,photo.editor.photoeditor.photoeditorpro
7dfb9bb4-e88f-43ca-a067-1ba6045502bf,I am loving this! As an artist I love to play with the nunces of photography mixed with the editing price. Just got this. We will see if that changes. But for now its playtime!,5,3,1.425.133,2022-09-20 08:18:40,,,1.425.133,pho445592,photo.editor.photoeditor.photoeditorpro
e2fbda9a-8db8-4a65-a1f5-4c814d5c028a,Canceled after two tries. Worst editing I've seen.,1,0,,2023-12-27 11:21:19,,,,pho830304,com.codeway.videoapp
bed3c363-29e8-4b9e-b592-1fabda55e0d1,I love this app and the quality is top notch but I wanted a refund and time passes and I still didn't get a refund. Until I get my refund I'll have to give it a 1 star,1,1,2.3.0,2023-06-26 17:55:21,Hello can you tell us more detail about the issue at aimirror-support@polyversestudio.com? It will be very helpful for us to investigate and fix it. Thank you!,2023-06-27 03:59:43,2.3.0,pho869315,com.ai.polyverse.mirror
b156fd48-24d9-4e62-9ca6-d1df7d514555,this is the most important app to make videos and photo.,5,0,3.7.668.202396867,2024-06-21 21:14:02,,,3.7.668.202396867,pho892659,com.bigwinepot.nwdn.international
cccf4513-60a9-40dd-a1cb-fcc0030f891d,This app is acilant but ads are disturbing me,4,0,,2024-06-29 10:28:57,,,,pho911869,com.bigwinepot.nwdn.international
dcd17860-eff5-4f60-ba21-851158c44865,I used this app for editing a simple image and I couldn't save it as it asks for subscription. I have used for last 2 years I found it really good. But now hands down couldn't even do a thing. Uninstalled Thank you,4,0,14.9.6,2022-09-23 03:54:16,Picsart will always offer a free version of the app but we also offer premium features for Gold subscribers. Premium features are identified with a gold crown. To save your edit make sure you're only using free features or learn how to subscribe to Gold at https://picsart.help.,2022-09-23 04:04:54,14.9.6,pho73045,com.picsart.studio
08d7a51f-3bfa-4ada-af56-f7930205455d,Amazing app! While there may be some purchases the prices are fair and what you have for free is still awesome!,5,14,1.481.104,2022-02-27 05:56:42,,,1.481.104,pho2290,photo.editor.photoeditor.filtersforpictures
3dda9c17-bea7-4029-a603-b9b001d47fad,superb idea..Nice for me and fun,5,1,3.12.72,2023-10-11 19:55:30,,,3.12.72,pho664485,vsin.t16_funny_photo
35917cbd-41ae-4eef-bb1c-c7ef8afeaa9d,The new Remini after subscription is worst. There's no changes on the pictures at all,1,0,,2022-03-10 00:19:02,,,,pho900333,com.bigwinepot.nwdn.international
a1b4b04d-5dda-4b72-b9ad-ce241be790f3,I am glad to use this app.,5,0,,2023-11-24 01:38:38,,,,pho693894,vsin.t16_funny_photo
d218a4da-3150-46b4-8cea-1c42700245ac,I'm using this app for almost 2 years and yesterday when I want to enhance some of my photos the waiting period is taking up to minutes and keep showing the loading sign unendingly. Is there any problem with the app rn?,3,1,3.7.285.202225504,2023-07-11 11:56:04,,,3.7.285.202225504,pho886264,com.bigwinepot.nwdn.international
53d00c1c-02ab-431e-83f6-901276663dfb,Only enhaced feature is now available. I paid for an annual subscription. Big mistake! They took the key features why I subscribed no more colorized feature and much more. It is such a disappointment. This should be reported. I want my money back. This is not what I paid for!,1,18,1.7.5,2022-01-19 02:27:46,,,1.7.5,pho877938,com.bigwinepot.nwdn.international
46af8cc2-471c-4cec-a280-2a796b639934,I purchased the Picsart Gold subscription from one device and mail-id but no able to sign in from another device with same mail-id. There is no available resources from picsart to help in this situation. Whereas picsart asks me to buy another Gold subscription for another devices it seems. Not fair at all.,1,4,20.3.4,2022-08-16 03:35:30,Hi thanks for your feedback. Follow these steps to recover your subscription content: uninstall Picsart open Google Play Store sign in to the Google Play account you used to purchase Gold (required!) reinstall Picsart. If this doesnt help contact us at https://picsart.support,2022-08-16 04:15:02,20.3.4,pho78196,com.picsart.studio
6618e351-45b4-4492-b5f6-64d4e30be8a2,Now this app is horrible bec of never ending threads of Ads! It's ads after ads. I cannot edit properly!! Uninstalling atm,1,1,3.7.655.202390652,2024-06-12 03:03:31,,,3.7.655.202390652,pho877424,com.bigwinepot.nwdn.international
328b7bed-b341-49a1-a023-5ca59b4b427b,Impossible to Cancel subscription I have been trying to cancel Gold subscription for 3 days now.,1,0,,2024-02-11 09:57:54,"We'd love to look into this for you. Can you please email us at support@picsart.com with the subject line ""App Store Review""? Our team will investigate and work on a fix for your Gold subscription.",2024-02-14 06:00:57,,pho105454,com.picsart.studio
5df54351-eebc-47d7-9a87-aca78fc41427,Been using this app for years learned a lot with it even with limitations this is still the best app out there. I don't think I'll ever have buy a phone and not download it.thank you,5,1,16.8.0,2022-07-25 14:26:19,,,16.8.0,pho145434,com.cyberlink.photodirector
fa633ead-b0f6-4a01-82e8-73fe23453271,Two year ago When I firstly use this app I experience that it is very user friendly but now I felt that PicsArt developer work very hard make this app useless and recharges money from consumer,1,0,22.3.3,2023-05-24 12:24:26,As we continue to invest in our products and community we have recently made some additional features premium. This will enable us to enhance our tools & features for both Gold users and non-subscribers. Rest assured we will always offer a free version of Picsart.,2023-05-25 03:03:50,22.3.3,pho97450,com.picsart.studio
3dc13579-4fb6-42d8-9e87-439ae8521b2d,Most useful app for Photo Editing. Using it since 5 years,5,0,,2022-04-11 02:32:26,,,,pho112177,com.picsart.studio
bf8e5a47-e018-4341-be7b-5a2f209fa918,How can you unsubscribe to stop it from deducting weekly fee.???,3,0,1.15.2,2024-08-22 09:41:21,Hello why do you want to unsubscribe? Contact us at contact@glamlabs.app and we can tell you how to unsubscribe if you do decide to do so. We're always here to help!,2024-08-27 08:55:35,1.15.2,pho1054563,app.getglam
8dc20342-e827-4d16-91bf-aecd4a9c2c7b,After 10 years of using the paid version I briefly tried the free version. It was definitely pay to use. I like the paid version but the Customer Service is not helpful. So if the app works it's good. Otherwise you're on your own.,2,3,25.7.6,2024-09-12 15:55:12,,,25.7.6,pho64875,com.picsart.studio
5626ef85-0894-4ee8-b5bc-c0081fc26491,Wrost Photo editing application ever because too many ads are shown,1,0,3.7.557.202355063,2024-03-15 22:46:37,,,3.7.557.202355063,pho902353,com.bigwinepot.nwdn.international
4859279b-f3ff-46fc-b43b-67a10e53148d,Extremly super app but one problem is there there are only few (for free ) backgrounds are there Can u give more backgrounds for free,4,0,,2022-09-16 23:28:13,,,,pho104648,com.picsart.studio
2d14d5ed-a309-448d-8f6b-753ff6487d09,Excellent work . Good enhance level with quality..,5,0,1.7.5,2022-02-04 23:44:56,,,1.7.5,pho911264,com.bigwinepot.nwdn.international
b76bb2cb-192e-4906-966d-b82b018c0937,I'm not able to install this app pls check the software and update,1,0,11.8.2,2023-07-09 04:19:57,Hi there thanks for your feedback. Please follow these steps to fix the issue with downloading our app: Go to your devices Settings Apps Google Play Store Storage Clear cache. Log out from the Play Store app and log back in then download Picsart again. If the issue persists contact our agents at https://picsart.support,2023-07-10 09:41:47,11.8.2,pho142932,com.picsart.studio
45e7503f-bdde-4f77-ad60-281538ac14d7,super clarity and clear,5,0,3.7.708.202417454,2024-08-05 22:20:47,,,3.7.708.202417454,pho882077,com.bigwinepot.nwdn.international
916eec8d-84a6-4767-ab27-a28203abdb24,So many changes and the update is not user friendly i mean the apps the user interface is awful bring back the old ones. You deserve 1 star developer,1,1,2.3.2.202116995,2022-05-06 10:26:08,,,2.3.2.202116995,pho887358,com.bigwinepot.nwdn.international
028f0816-8601-40db-9350-aa3bb741c59a,It's bad app you need strong internet connection and so many ads such a waste of time.,1,1,,2022-01-13 00:07:28,,,,pho895710,com.bigwinepot.nwdn.international
b41e96ab-60bc-4b2e-ad96-ae957b966149,The enhancement of the photo was very good.,5,0,,2024-10-08 12:17:18,,,,pho905782,com.bigwinepot.nwdn.international
40e22d40-619e-4fd1-93f7-b59c4888090e,love playing with the filters,5,1,3.12.53,2023-04-26 23:45:46,,,3.12.53,pho656110,vsin.t16_funny_photo
ea94ca9b-2c2e-4718-bbb1-3455942e4a27,Old version is good not good is new version,4,0,2.0.7.202110813,2022-03-19 15:27:43,,,2.0.7.202110813,pho930441,com.bigwinepot.nwdn.international
6d716e1e-d57c-45d7-924d-0baef71dc079,Great way to make photos look clearer and full of color!,5,0,1.425.133,2022-09-21 19:01:39,,,1.425.133,pho456841,photo.editor.photoeditor.photoeditorpro
cc1818d8-c383-411d-b3b6-26c48af24a48,PicsArt's free version still provides ample tools to enhance and stylize photos effectively. Overall PicsArt AI photo editor is a handy app for creating stunning visuals with ease.,5,0,,2024-06-15 20:28:33,,,,pho82710,com.picsart.studio
1728fe45-2876-4c2b-bc12-ce5cd35bea1a,This app is getting me mad because you can't save your edit photo and you have to pay,1,0,18.7.3,2022-01-21 05:37:44,Picsart will always offer a free version of the app but we also offer premium features for Gold subscribers. Premium features are identified with a gold crown. To save your edit make sure you're only using free features or learn how to subscribe to Gold at https://picsart.help.,2022-01-21 05:57:27,18.7.3,pho136712,com.picsart.studio
66e43d3f-5724-4131-bb44-865eed27b401,What in the world did you do to the app months ago it worked fine now it is broken and can't even enhance photos ffix it as soon as you can .,1,0,3.7.46.202160002,2022-11-29 12:48:52,,,3.7.46.202160002,pho887728,com.bigwinepot.nwdn.international
4f1e6e8f-730d-4720-9a43-e12faccec197,This app sucks it asks you to pay as soon as you open it. There's no free filters.,1,0,2.6.1,2023-05-18 16:41:41,,,2.6.1,pho831332,com.pixerylabs.cloneai
99f7b8cc-b35a-4437-847e-e85b773bcb47,Love this app! easy to use. Makes editing fun not many adds.,5,0,,2022-06-13 13:03:35,,,,pho147183,com.cyberlink.photodirector
40105eca-ad60-4a33-ab0b-a79832a0b682,I have used Picsart for years but recently Ive been having a less positive experience since they added all the ai. Some of it is useful I have to admit but they've made their subscriptions very confusing. Ive had no end of trouble with it.,4,5,25.7.6,2024-09-18 00:02:56,We are very happy to hear this. https://www.youtube.com/user/PicsArtPhotoStudio And here is the YouTube channel with the tutorials :) Enjoy it.,2016-06-30 08:52:32,25.7.6,pho64867,com.picsart.studio
86f406d4-b9d3-4045-ad94-6b75d349ee9f,asked for payment before even checking out a trial tested it to see the price the green button don't even work it looks good has potential but pay before try it's a bit wrong spesh If it don't even work.,1,7,2.5,2023-05-06 05:07:04,,,2.5,pho831123,com.pixerylabs.cloneai
a8699d06-a0a2-42a1-9a9e-6c355194c904,This app can delete all your saved photos without your permission,1,0,2.0.5.202108955,2022-03-03 21:30:34,,,2.0.5.202108955,pho903274,com.bigwinepot.nwdn.international
96e85a15-4439-4504-8e26-9faf27e18243,Man oooooo my Lord absolutely love this app By far the best app I have found for editing pictures thank you it,5,0,1.393.114,2022-01-12 02:29:28,,,1.393.114,pho465427,photo.editor.photoeditor.photoeditorpro
082d78f6-00b5-4d4c-8df7-9bb3ee6807cd,Too much editing. We loved it at first but now even removing beautification and unchanging color can't be used free unless you subscribe for Pro. We need the old version of Remini.,1,0,,2023-06-22 07:07:43,,,,pho881399,com.bigwinepot.nwdn.international
d5edbfd5-1761-4c85-a544-32aff914445b,nice app and it's very easy to use,5,1,3.12.65,2023-08-07 04:51:12,,,3.12.65,pho657719,vsin.t16_funny_photo
7ddbe852-1a8a-432f-a244-1e2e3724687a,Easy to use I really like it..,5,0,1.417.127,2022-07-20 03:18:44,,,1.417.127,pho478517,photo.editor.photoeditor.photoeditorpro
760279c0-6c42-4a47-9ef9-6c8afb729ea8,they make my blurred face look like a smooshed witch face like literally,1,0,,2022-01-31 08:16:37,,,,pho945072,com.bigwinepot.nwdn.international
070867ed-1510-44b6-a00f-671ca6dc14e7,There are so many ads adjust it,1,0,,2022-03-11 00:39:31,We hear your frustration but ads are essential for Picsart and allow us to offer a free version of the app. If you want to create ad-free you can always upgrade to Picsart Gold.,2022-03-11 03:49:08,,pho135531,com.picsart.studio
15c2ef51-4c3b-43e2-82c9-23b218be1266,It is a really good app for editing and making new OCs but it takes up too much battery life and you have to pay for premium to get certain clothes shoes bodies and certain photo editing items,4,4,24.8.4,2024-05-10 08:14:58,,,24.8.4,pho65464,com.picsart.studio
caa37107-fcd7-4fa0-a950-ce5c1bddb1f6,This app is best it can clear and enhance any blur image but there are lots of ads,5,0,1.7.5,2022-02-09 04:05:54,,,1.7.5,pho900628,com.bigwinepot.nwdn.international
52a10e96-197c-4b23-9e2b-1383d5dd5520,ilove editing my picture,5,0,1.462.152,2023-09-23 19:28:02,,,1.462.152,pho541676,photo.editor.photoeditor.photoeditorpro
686f4474-086d-4a7f-812b-22eef6124d21,Worst app too much ad and still loading cant generate new picture,1,1,3.7.739.202428672,2024-08-20 10:59:40,,,3.7.739.202428672,pho877232,com.bigwinepot.nwdn.international
501bbdc0-a56f-49a1-8314-5050025eb914,RIP Photoshop Mix shame on you Adobe. Adobe have quietly got rid of Photoshop Mix without notifying users and now they direct people to this - which is nothing like PS Mix and only just adequate for filters/effects and little else - not collages or photoshopping faces objects on to pictures for example. I'd certainly never pay for it! Well done Adobe for screwing people over and losing customers. I'm off to use Picsart (which is nowhere near as good as PS Mix but far better than this).,1,1,8.7.1035,2024-06-22 11:09:02,,,8.7.1035,pho258029,com.adobe.psmobile
6ac79ca7-a458-479f-b5d6-204e6728d9d2,I thought have 7 days free I you can't use this apk if you don't have money and so expensive payments,1,0,,2024-09-14 06:04:50,,,,pho92452,com.picsart.studio
56f12d8d-a89b-4998-8cd1-33b60571f1d3,Great for blurred photographs family ancestors portraits photographs. Also done orginally in high quality photography but that sharing copying reproductions screenshots over time have blurred. My grandfather was always a slightly blurred very small part of 3 people in a photo. I had cropped enlarged him then his face which blurred his image more you could not clearly see his features. As the photo developed through this Remini app It made his face like high definition !,5,10,2.0.7.202110813,2022-03-11 18:21:25,,,2.0.7.202110813,pho877295,com.bigwinepot.nwdn.international
c1579913-2c2e-47fd-be84-0e90bded6d7d,Great photo editor app,5,0,8.6.1012,2022-11-07 02:39:36,,,8.6.1012,pho289921,com.adobe.psmobile
ccee2b95-ad05-44f3-8d33-aa41af144701,"This app is great and all. But there is an issue that needs to be fixed. I was trying to get on my other picsart account but it kept saying ""something went wrong"" I tried reinstalling it to see if that would work but it didn't. Please fix this if you can. Otherwise the app is great. Edit: It's working again. I guess they fixed it.",4,35,22.6.8,2023-07-11 12:21:24,"Thanks for the feedback - we'd love to look into this for you. Can you please send us an email at support@picsart.com with the subject line ""App Store Review""? Our team will investigate and work on a fix for you.",2023-07-11 08:23:31,22.6.8,pho69062,com.picsart.studio
07ffd074-9310-40cf-aaa3-44657e767351,I made 1 picture and it was designed to make me do something else. I wanted to make more pictures not something else. I didn't even get to see an ad it was so bad.,1,0,,2024-01-27 08:47:54,For the issue you're facing can you provide more detailed information? You can click on 'Feedback' in the top-right corner under 'Me' to get in touch with us. Please refrain from deleting any default device information as it will help us identify and resolve the issue more quickly. Thank you!,2024-01-29 03:01:46,,pho869018,com.ai.polyverse.mirror
c09a7d7d-dd62-43d6-badb-529825f594a4,Straightforward with plenty of options.,5,0,8.4.986,2022-09-17 05:19:22,,,8.4.986,pho280404,com.adobe.psmobile
8a97c054-69aa-49a9-bcde-fe93ba31b93c,Amazing. I edit the pictures with hd effect,5,0,24.2.4,2024-04-04 04:52:14,,,24.2.4,pho126126,com.picsart.studio
4bee1f3f-b7bc-4f70-85b1-62841341ecb2,good app but has so many ads so annoying.,3,0,3.7.628.202383131,2024-05-19 23:35:27,,,3.7.628.202383131,pho883015,com.bigwinepot.nwdn.international
db17b665-c831-4759-b947-6e680ee19091,I've been using this app for a year or so now. It's very simple and have a lot of features. Doesn't take too much space on your phone. Easy to use very good app. And adding many new features to the app by regular updates.,5,0,1.395.116,2022-05-24 23:56:12,,,1.395.116,pho445892,photo.editor.photoeditor.photoeditorpro
50c33a85-7fee-4341-98be-b59971732a51,Worst app ever. Don't even allow to save photo after all editing without paying premium. Such a garbage and time wasting.,1,3,7.3.29.200,2023-04-26 15:03:19,Sorry for this inconvenience.In order to ensure the operation of our R&D team some of our features need to be paid hope you can understand. We also have a lot of free features.We provide a 3-day free trial for new users and you can decide whether to continue the subscription after the trial.We will also continue to update more valuable features.,2023-04-27 21:51:40,7.3.29.200,pho833385,com.everimaging.photoeffectstudio
04848bad-0156-4dbf-a8f9-73392cdb1e78,Superb app. But Pro version is expensive. Provide option for one time payment/ lifetime fee.,3,0,2.3.2.202116995,2022-05-28 05:19:55,,,2.3.2.202116995,pho889537,com.bigwinepot.nwdn.international
ca08345e-a1af-4e25-a91f-34baf53ee419,This app is one and only king of photo editing,5,0,,2023-08-15 01:10:42,,,,pho140389,com.picsart.studio
75f5799a-0aef-4c52-a9d3-d683658f7676,This best app on the playstore There are many fee feacher on it that use there feacher we make best photo It is good Think you,5,0,1.444.145,2023-03-31 04:15:01,,,1.444.145,pho473263,photo.editor.photoeditor.photoeditorpro
7711939e-f527-4f99-9376-5f61536d6b17,Just like many photo editor app it tells you to pay for virtually everything you touch. It can be very annoying how they make you download every item in the app and consume your data then still want to charge you for everything.,3,2,17.7.2,2023-07-10 10:26:33,"Hi there our app has free & paid content. It is optional for users to try the free trial or purchase a premium subscription if they're interested in the premium features. If you don't want it you can skip the subscription menu and delete paid content to save photos. If you have further concerns please use ""Send Feedback"" to contact us. Thanks.",2023-03-06 21:55:56,17.7.2,pho144845,com.cyberlink.photodirector
763c9c7b-94a3-4899-a688-73d79714173e,impossible to use premium features are not clear. you dont see whats premium and whats free until you already selected all your pics and you re mid process for the creation. such a frustrating approach. also there are way too many adds. i ve seen like 4 ads in 2 min usage its unberable,1,0,,2024-09-06 15:48:30,,,,pho877561,com.bigwinepot.nwdn.international
def69374-7265-4b22-8f31-4eadb76acb90,Updete this app .,2,0,,2022-01-18 20:46:29,,,,pho304314,com.adobe.psmobile
4345ff2a-e44e-485d-a5c5-be3b08d93219,It's very easy to use,5,0,8.7.1035,2023-01-11 13:52:25,,,8.7.1035,pho289926,com.adobe.psmobile
fe9984e5-6939-44cc-b0fe-cd57f4990978,I love this app the pics look so real.,5,0,3.12.74,2023-11-14 02:16:25,,,3.12.74,pho657449,vsin.t16_funny_photo
c9c1d078-da17-4768-9b9f-5f9631010220,Its awsome for variable desighnes your idea your design,5,0,17.4.4,2022-11-14 06:09:05,,,17.4.4,pho141466,com.picsart.studio
f12535b3-5a5a-4063-a562-c97af57c39d8,Love it very useful!,5,0,1.395.116,2022-03-08 19:32:37,,,1.395.116,pho497896,photo.editor.photoeditor.photoeditorpro
d5b3c4ae-5d55-4fcb-8f2d-248ddc5d90fc,Soo far. It attends my needs.,4,0,1.540.122,2023-03-05 23:32:15,,,1.540.122,pho22094,photo.editor.photoeditor.filtersforpictures
68a62f03-1e18-456e-9420-04e2fbb93ea2,Worst app no security,1,0,,2023-10-25 11:57:04,,,,pho706769,vsin.t16_funny_photo
5612449c-b5ff-4159-a7a8-56a3c0e710d7,Awesome. everything's possible with this app,5,0,,2022-07-17 01:33:04,,,,pho492422,photo.editor.photoeditor.photoeditorpro
c33ba801-8813-4e35-a4b5-cc503eacb5b6,Great app! I totally enjoy using this app.,5,0,1.563.177,2024-07-18 22:44:31,,,1.563.177,pho451362,photo.editor.photoeditor.photoeditorpro
edac661a-5c14-409d-8088-658dc052f87a,I really love this creative app with lovely combos.It gives me self-esteem.much of it,3,3,3.12.68,2023-09-16 04:49:37,Dear user we care about your feelings and every little encouragement makes us better :) So if you like this app please consider giving us a 5-star rating. If you have any suggestions please let us know at support@pho.to.,2023-09-21 03:28:57,3.12.68,pho642937,vsin.t16_funny_photo
d6ec67a5-049d-4bf3-b679-213dc23b43fe,I actually like the app the only reason it gets a two-star is because I accidentally stumbled upon trickery you can use it for free and I only have to watch 3 ads for each photo and when your photo is distorted it works wonders but try having them enhance a photo that doesn't need much enhancement then compare there before part of the before and after to your original photo you'll see they intentionally distorted it to make the difference greater. Not cool-3 stars for trickery!,2,7,2.3.0.202115168,2022-05-13 00:11:53,,,2.3.0.202115168,pho875535,com.bigwinepot.nwdn.international
0ead4144-8e58-4a9f-84a3-0a2fd395e283,Super free with tons of features!! Keep,5,0,1.51.163,2024-02-13 05:11:17,,,1.51.163,pho464393,photo.editor.photoeditor.photoeditorpro
472a5528-5ade-4483-8066-7ed66406ae44,Update is garbage watermark removal demands premium but when I try to upgrade it doesn't do anything and I find no option in the play store or app to do so.. Maybe if you want us to pay for this app make it easier for us,1,1,12.8.317,2024-03-03 09:51:33,Hi James! Thank you for writing to us. Watermark-free movement is a premium feature. Few features (premium) are paid for because that provides us with the resources to provide you with the new updated and fantastic software. Also while some advanced features require a subscription we still offer a range of free features for users to enjoy. ^DC,2024-03-08 01:57:28,12.8.317,pho259834,com.adobe.psmobile
1cf40f29-92f5-48ea-952a-c37c46ed5e2b,Fix it please i just updated your app but when I'm gonna optimize the resolution it says something went wrong please update the app.,1,0,3.7.342.202258491,2023-08-25 07:04:55,,,3.7.342.202258491,pho898168,com.bigwinepot.nwdn.international
fc08502f-d803-4d4d-b396-8242bf5259de,it's take to much time for some pics,1,0,3.7.95.202169180,2023-01-15 11:55:40,,,3.7.95.202169180,pho931649,com.bigwinepot.nwdn.international
d6ea6ae1-25a0-413e-b79f-d75594dcd2eb,Perfect app.very useful for silly camera sensors of mobile.great app.thank you remini team.try to minimize the ads.,5,0,3.0.38.202125050,2022-07-02 02:55:30,,,3.0.38.202125050,pho896245,com.bigwinepot.nwdn.international
6a448618-d45e-4968-9bb1-f1deb26e7dbc,this is not offline,1,0,,2022-03-26 22:52:14,,,,pho952322,com.bigwinepot.nwdn.international
2c2c5841-d220-4bbe-af01-ed0ea929bbde,This is just an amazing app I love this app a lot I loved the BTS ai creator in this app. Thank you Photo lab,5,3,3.13.26,2024-08-24 06:06:43,,,3.13.26,pho630404,vsin.t16_funny_photo
a145f37b-023b-4e8a-b530-a1ef288a2601,Pretty easy ans straight forward editor,5,0,1.462.152,2023-08-01 13:39:24,,,1.462.152,pho478072,photo.editor.photoeditor.photoeditorpro
069e6e62-8bc8-4cdf-867b-aa34e905e015,The worst application I have seen faltu application,1,0,1.2.2,2024-02-15 12:55:33,,,1.2.2,pho1056223,com.ai.avatar.face.portrait.app
8f06e1ba-9e1d-4d31-ac68-8db6e71eac0f,Its an awesome app just wish there were more,5,1,3.12.6,2022-03-08 05:49:58,,,3.12.6,pho667730,vsin.t16_funny_photo
3056b942-ca6b-4c5b-993c-f5824076123e,PicsArt is a good app for editing in Android very easily.,5,0,20.8.5,2022-10-30 13:29:12,,,20.8.5,pho113137,com.picsart.studio
d46d49ed-23b2-498a-a150-ebf27e1410de,This apps can make smart photo really.,5,0,,2024-02-25 09:10:48,,,,pho926591,com.bigwinepot.nwdn.international
8036370b-02f9-4410-9a85-5b463396e1a4,wow I love this editing photo so much what i see hear I can't believe it with a blink of an eye I edit my pic any how i like with. it made up beautiful style in fact all photo have full of editing because ever in life I have never edit my pic like this so I advice my follow guy man to try and download this app for better fine editing pic so that when you post it the whole world can gave you a like and comment so once again i love this editing so much little honor to those that made it .bye by,5,0,,2022-04-21 17:28:24,,,,pho631924,vsin.t16_funny_photo
a705be6a-3b88-48e5-aac7-00ef937cb21c,Very unhappy after this last update. All my photos are now lightened to the point that it undoes all of my detailed editing. I was happy to pay the subscription because of how amazing my photos were now I'll be canceling my subscription and looking for another app that will do what this one used to. How unfortunate.,2,1,3.6.56.202147811,2022-09-22 00:01:31,,,3.6.56.202147811,pho879078,com.bigwinepot.nwdn.international
930f4c42-1c39-41ab-8356-a7a41b476aa4,Bakwaas app do not download this fake app this is kachda,1,0,,2024-03-14 23:26:53,Apologies for any inconvenience. Please share details of the issue at support@lightxapp.com. We're here to improve your app experience!,2024-03-15 00:58:19,,pho581075,com.lightx
9cfa3d62-919d-4098-9bb6-6313f6ea7987,This is a very good app.it has helped me a lot.,5,0,3.7.367.202270805,2023-09-19 11:23:17,,,3.7.367.202270805,pho923799,com.bigwinepot.nwdn.international
38f8babd-186d-4dbd-bb0e-c0bc281cc7b1,Excellent quality HD graphics 3D graphics everything is nice.,5,21,3.12.5,2022-02-12 20:51:01,,,3.12.5,pho645953,vsin.t16_funny_photo
b9949da7-b3f3-4cf2-b7df-6ba1bbe04e92,very use full app but ads is disturbing,3,0,3.7.732.202427353,2024-08-14 08:54:34,,,3.7.732.202427353,pho881936,com.bigwinepot.nwdn.international
b7bcc2df-1c9e-4d40-ab78-e12e8914a697,Overall it is a good app..but it seems that it have a slight problem with faces on glasses/ spectacles..please look into it.,4,9,2.0.7.202110813,2022-03-12 20:40:29,,,2.0.7.202110813,pho893633,com.bigwinepot.nwdn.international
72d8993e-5ff1-473f-9659-fa6eec1be5f7,Where is the recollor function?now there is only enchance.,2,0,2.3.2.202116995,2022-05-09 04:17:18,,,2.3.2.202116995,pho939870,com.bigwinepot.nwdn.international
dc50317a-b718-4589-962a-6ec30429cb85,My experience of it is quite bad. Imagine being debited repeatedly for a service not used?,1,0,3.12.70,2023-11-03 02:13:42,Hi we would like to chat with you with regards to your experience with us. Can you provide us your GPA at support@pho.to so that we could deal with it more effectively?,2023-11-03 03:37:51,3.12.70,pho650542,vsin.t16_funny_photo
29169570-3ba7-48b5-8638-f6bd0fed9cbf,mas marami pa ads kaysa magagawa e hahaha,1,0,3.7.763.202437939,2024-09-16 06:50:45,,,3.7.763.202437939,pho995778,com.bigwinepot.nwdn.international
146418be-d55b-40a4-b9bb-2b29103a8216,Be warned the 'free' trial is nothing more than a subscription trap that will end up charging you 34 without your consent. at no point did I sign up or agree to this fee being taken and yet despite contacting the company the moment the money was taken and never having used the app apparently there isn't anything they can do. Scammers. avoid downloading in the first place to save yourself the hassle!!,1,99,23.4.6,2023-10-23 08:08:52,We appreciate your feedback and understand your concern. Picsart will always offer a robust free version of the app with access to hundreds of free features and millions of pieces of free-to-edit content that you can access without a subscription.,2023-10-24 09:32:58,23.4.6,pho68158,com.picsart.studio
7438d698-3065-49f3-92f8-2f7f3896a23d,Great app for enhancing photos! Love it,5,0,7.6.6.0,2024-07-25 22:12:17,,,7.6.6.0,pho833432,com.everimaging.photoeffectstudio
cf1d8981-557c-41d7-a1d9-41c32d557f10,Ye bhot Acha hai,5,0,,2022-12-10 09:14:13,,,,pho434960,com.adobe.psmobile
0342e394-ae77-4504-abcd-80a9c64555b3,Awful the app doesn't let you save your edited photos without paying for it. So this app is completely unusable without purchase,1,2,,2023-08-16 09:24:01,We apologize for any inconvenience this may cause. In order to ensure the operation of our R&D team some of our functions need to be paid for and we also have many free functions. If you use paid features while editing then need to upgrade to Pro/Pro+ to download. If you only use free features and assets that could be downloaded for free.,2023-08-17 22:06:54,,pho833379,com.everimaging.photoeffectstudio
5b818509-5c40-4fb0-bfd8-58c463055831,it does pretty good editing!!,5,1,1.2.7,2024-04-19 05:58:33,,,1.2.7,pho1055430,com.ai.avatar.face.portrait.app
f6f71f8f-adf7-4242-9028-91fad88d559a,superb app for photo editing,5,0,,2023-12-29 21:53:48,,,,pho921528,com.bigwinepot.nwdn.international
b1ed3f6c-9ad5-4748-b7cc-479dd819e3eb,Decent program but I got fed up of being nagged to upgrade. Four times in the first 5 minutes. Delete!!,2,0,6.9.747,2022-04-25 10:33:23,,,6.9.747,pho266499,com.adobe.psmobile
535f914d-b52f-498f-87e6-e286fc5e6de2,It is so wonderful to me,5,0,3.12.66,2023-08-27 00:43:35,,,3.12.66,pho699853,vsin.t16_funny_photo
07ccb7a8-b646-4423-a8db-78378976510a,this is nice app.easy editing photo&couple video. good proces Geography. really really beautiful this app. all gayse it app download.,5,6,3.13.8,2024-05-20 04:52:15,,,3.13.8,pho631759,vsin.t16_funny_photo
41f2da58-17f8-4315-82cd-42640240e045,App to superb hai,5,0,1.7.1,2022-05-08 05:36:26,,,1.7.1,pho975852,com.bigwinepot.nwdn.international
849bb6d8-ba3d-44cb-b83b-934bddb8faa3,Best photo enhancer app. Only problem is that the pro version is too costly for people who use it occasionally like rs. 250 per week. If you don't pay you have to watch the full length ads twice once for viewing the enhanced photo and then for saving it and then you can enhance only 5 photos per day. But that's not a big deal. Other apps increases the file size like 10 times but this app doesn't do that.,5,151,,2022-07-21 08:13:04,,,,pho877286,com.bigwinepot.nwdn.international
0ec67a42-e5e6-4536-9030-cf704971683a,ads only is very irritated other wise nice,5,0,2.0.7.202110813,2022-03-20 02:23:51,,,2.0.7.202110813,pho916709,com.bigwinepot.nwdn.international
da42a4d9-c1ae-41f9-9c30-d4805e68239f,I love this app very much it's have many features for editing photos but there was no drop shadow edit,5,0,1.444.145,2023-04-12 08:33:16,,,1.444.145,pho454518,photo.editor.photoeditor.photoeditorpro
214ed383-4ce1-4dc3-8359-ecde44e9fda6,I like this app because the I like edit layout of this app I love it awesome,3,1,2.1.6,2022-01-06 20:35:46,Hello thanks for your sharing your valuable feedback with us. Tell us your further suggestions or any improvements you want in the app at support@lightxapp.com.,2022-01-07 00:33:34,2.1.6,pho575515,com.lightx
164b74c6-a4d9-43e9-8674-3c47672eb52f,too much adds. its true without pro there are ads in apps but really exhausted i love app but ads,4,1,3.7.743.202430460,2024-08-28 08:22:58,,,3.7.743.202430460,pho877079,com.bigwinepot.nwdn.international
fc837058-f605-47c7-83ec-661888b55000,"not good even the ""heal spot"" feature i already have that in my default phone photo editor. the feature is too basic and original",4,2,4.0.456,2023-09-06 09:59:09,Hi may I suggest trying out the option of Reduce Luminance noise and Defog. These options come directly from Adobe research after years of development and should not be available in any other applications. Let us know via an email to psxa@adobe.com if we can talk further on the utility of these.,2018-05-18 14:51:41,4.0.456,pho263610,com.adobe.psmobile
b543aafa-f315-4576-8090-c64c599ad5f2,What's the point of letting you edit if you have to pay to save,1,0,7.5.9.19,2024-04-19 12:34:36,For new users we have a 3-day free trial to access premium features Images edited with advanced features can be saved in this period. Users can cancel the subscription in time to avoid charges. Images can not be saved if you have used a premium feature without a subscription. In contrast you can save photos edited by free features.,2024-04-22 23:02:13,7.5.9.19,pho833760,com.everimaging.photoeffectstudio
e5a28953-ef18-46c4-ab2e-8eb484ad2c6c,This app was great it really does enhances your blurry photos. But I'm still not that really satisfied because of the ad and sometimes it does error when you choose a pic. But all in all it's still great.,4,0,2.1.1.202112761,2022-04-02 00:35:52,,,2.1.1.202112761,pho879228,com.bigwinepot.nwdn.international
9fbe7b33-ee06-478f-8ac1-e8d33ee4a14e,the app is lovely and I love all the features really can't complain,4,3,3.12.6,2022-03-21 14:30:02,,,3.12.6,pho647845,vsin.t16_funny_photo
ef877359-50dd-47cf-a28c-2e19c4767cdd,I have been using this app for the last couple of months and i love the app when comparing to others and so that i had purchased the pro version. But some days back they had removed the option to choose the different faces individually which is a very good option when comparing to others and now it's not there. Why you guy's removed that option from this app and for that i had unsubscribed from the premium plan. Please retain that option.,1,2,3.0.38.202125050,2023-01-15 09:32:33,,,3.0.38.202125050,pho877778,com.bigwinepot.nwdn.international
c96b1334-3043-48a1-9215-d4a98c805e0d,The app is very difficult to use.,1,0,,2022-05-11 12:09:20,Hey! Weve put together some handy guides you might like: http://adobe.ly/psxfaq & https://helpx.adobe.com/photoshop/using/photoshop-express-help.html If you have an issue or need help shoot us an email at PSX-Feedback-Android@adobe.com. Let us know what we can improve to create a better experience for you. We're here to assist! ^Chan,2022-05-31 10:31:09,,pho288659,com.adobe.psmobile
d04eb75c-3867-42a7-83e2-c393c0794c75,This app is fantastic,5,0,1.51.163,2024-03-01 13:30:20,,,1.51.163,pho504508,photo.editor.photoeditor.photoeditorpro
9b56eb7f-fca7-43c7-8dae-affad0f91d07,Uninstalling. Have to pay. No money no effects,1,0,3.12.54,2023-05-14 07:24:15,"Dear user thank you for your feedback. The subscription is optional and lasts only three days. You can close the banner on the start via the ""Back"" native button and continue using Photo Lab for free without access to the PRO features.",2023-05-15 04:23:04,3.12.54,pho655366,vsin.t16_funny_photo
7e30cb78-9706-4904-8779-302cada2fe69,This app work so much. This apps enhance the image very beautifull and nice. I edit my photo with this I fill so quiet,5,0,,2024-06-02 06:43:14,,,,pho889999,com.bigwinepot.nwdn.international
a8590054-7c55-4707-8f7a-4deeab9f59b1,Can't open photos taken with Instagram filters and the app keeps closing while editing.,1,1,18.9.3,2022-02-11 02:39:08,"Thanks for the feedback - we'd love to look into this for you. Can you please send us an email at support@picsart.com with the subject line ""App Store Review""? Our team will investigate and work on a fix for you.",2022-02-11 03:41:11,18.9.3,pho97296,com.picsart.studio
2ffa019f-98e2-4677-81af-8eff3f1f4731,I'm still learning what to do but I like the results,5,0,1.444.145,2023-03-29 05:37:52,,,1.444.145,pho495287,photo.editor.photoeditor.photoeditorpro
3770fe4d-e27b-47ba-a589-e9dc7fb98767,One of the best app in play store,5,0,3.7.491.202323670,2024-01-13 07:44:44,,,3.7.491.202323670,pho934978,com.bigwinepot.nwdn.international
16a234ee-7a4c-42e0-b8b8-77fdac7cc208,It's a really cool app only thing I don't like about it is that you have to pay for everything you can't do nothing if you haven't paid but it's still a good app I recommend to download it but the only problem I have with it it kind of lads out but it's still a cool app,3,0,,2023-07-11 15:37:34,,,,pho893429,com.bigwinepot.nwdn.international
33e91166-f87b-49e1-8e2c-7b3d7b78551a,it is dope app,5,0,,2024-05-22 15:48:01,,,,pho980059,com.bigwinepot.nwdn.international
813c1e8c-6a9f-4067-b9d4-780a8eee74c4,Can't scroll to next photo very hard to edit.,1,0,13.0.360,2024-03-23 17:44:39,Hi Howard! This shouldn't be happening. Could you please provide more information about the error you are getting while trying to select the next picture to edit? You can also record the screen and send it to us at [PSX-Feedback-Android@adobe.com] and we will look into it. ^DC,2024-03-26 10:16:44,13.0.360,pho271087,com.adobe.psmobile
4a84d5cf-089a-4007-8207-41264ad4a58b,One of the better ones I've used so far.,5,0,3.3.5,2023-08-22 01:47:01,,,3.3.5,pho872426,com.ai.polyverse.mirror
2901f5eb-0f70-4a61-8154-01cbbaf1b4f2,Not the same as pc,4,0,,2024-04-19 12:05:48,Hi Hani! Thank you for reaching out to us. Please be assured we are constantly working to improve the app trying to put as many features as possible like the desktop. You can post your suggestions at [https://adobe.ly/psxandroidfeaturerequests] and our developers will look into it. ^DC,2024-04-23 09:55:16,,pho293360,com.adobe.psmobile
27873c21-1a9f-4381-ac27-f1dff7578566,Hi this App6 is good service for editing,4,0,,2022-04-09 17:53:47,,,,pho128856,com.picsart.studio
521a4d4a-1a4e-4e7c-95ec-1afd3f9ecf43,10 euros a week are you out of your f..ing mind???,1,0,,2024-04-13 14:18:54,,,,pho965277,com.bigwinepot.nwdn.international
bcbb539c-93d6-4eeb-b377-502967e62352,Remini is not working properly..I used the Play Store version of this app and it still saying to download it from Play Store ??,1,0,1.5.11,2023-12-07 12:25:14,,,1.5.11,pho896499,com.bigwinepot.nwdn.international
0ff3348c-7b5b-47d2-8a8a-346878529a84,Not sure if this is the same photo lab I saw online but if it is and it's not free then I'm not installing it,1,0,,2022-07-01 20:13:42,"Dear user thank you for your feedback. The subscription is optional and lasts only three days. You can close the banner on the start via the ""Back"" native button and continue using Photo Lab for free without access to the PRO features.",2022-07-04 06:08:10,,pho658319,vsin.t16_funny_photo
cb937403-efeb-4d84-a84f-28272702f8f3,How i can login to my facebook account,1,0,1.7.4,2022-02-03 23:44:30,,,1.7.4,pho979074,com.bigwinepot.nwdn.international
a53927cf-a340-4cb1-939d-ceb809b5a899,This is superb app.. And he app is my fully help thank you so much you create the app. Thank you so much,5,0,,2023-01-04 23:28:45,,,,pho911314,com.bigwinepot.nwdn.international
d678d9d8-0ff6-46cf-83a0-c633507c5cc1,I never use this application. But this application auto subscribe on my account. I have 3 account and this apps auto subscribe on all account,1,0,3.7.114.202172614,2023-01-28 08:03:59,,,3.7.114.202172614,pho894940,com.bigwinepot.nwdn.international
00be8ecd-4739-4054-b3ff-d988d2217252,Fore photo editor the best app in the play store and android app Apple store vs play store =winns is a play store,5,0,,2022-04-02 01:05:52,,,,pho138836,com.picsart.studio
8795d25b-a821-4557-96f4-7b33395dc0f9,Please stop the color correction it's screwing up pictures. Big improvements over the last year for the paid version.,3,9,3.7.23.202156421,2022-11-02 14:54:23,,,3.7.23.202156421,pho887739,com.bigwinepot.nwdn.international
fe7df2d5-b320-458c-b2f7-0c56ea5aa8c2,it's an amazing App. makes u look a lot more amazing.!!,5,0,3.13.4,2024-03-26 07:05:44,,,3.13.4,pho648122,vsin.t16_funny_photo
b3ebfdad-88a7-4455-aeae-d7468212da6d,I am enjoying this app,4,0,1.543.170,2024-06-04 13:14:24,,,1.543.170,pho463505,photo.editor.photoeditor.photoeditorpro
48d0ca34-2e65-456f-989f-0fb373f98da9,It is troubling to me more it's showing internet check i hve good internet also it's showing internet issue and check I have downloaded it 20 times but it's showing like this only again and again so plzzz check this issue,1,2,,2023-04-22 05:13:24,,,,pho893184,com.bigwinepot.nwdn.international
915f06ad-b6af-41c0-87f1-37ec0821d337,Perfect app for photo editing user friendly interface,5,0,1.53.166,2024-05-22 01:29:38,,,1.53.166,pho456061,photo.editor.photoeditor.photoeditorpro
47f7d569-9ad7-4977-aa5c-32aee039903c,Don't bother. Snapseed by Google has the same level of enhancement with more options all this does is the same as the details tool in Snapseed. And Snapseed doesn't have as many if any ads. No watching 30 seconds of ads between every photo enhancement that can be done easier in other ways.,1,0,,2022-01-01 04:28:18,,,,pho878055,com.bigwinepot.nwdn.international
dd373126-939c-45ca-a763-a0af9582fcb4,I wouldn't have any senior pics of my daughter without this site.,5,0,1.7.5,2022-02-04 03:52:40,,,1.7.5,pho923770,com.bigwinepot.nwdn.international
1582ff3e-39dd-4881-93c8-dfc913f91ed4,Great app I have used it for years but now you got like everybody else you got so many ads you can't even make a picture I ready to do zero I did highly rate it until now,1,4,20.4.2,2022-09-09 03:43:29,We hear your frustration but ads are essential for Picsart and allow us to offer a free version of the app. If you want to create ad-free you can always upgrade to Picsart Gold.,2022-09-09 04:09:52,20.4.2,pho95892,com.picsart.studio
c113231f-9afc-4d92-968e-4ce5fdb0a4da,I use it once it work but later on I want do it again but the enhancer just keeps telling me I'm sorry or something and I don't know how many ads showed up every time I want to enhance and it's very annoying to use its not worth it to be honest..,2,0,,2022-10-15 09:44:40,,,,pho883361,com.bigwinepot.nwdn.international
fced02d3-e407-4abc-93d4-f5ba91cb6650,Omg I like it !! idk? Kung bakit 1 lng binibigay nila sa app na to but it's still good.,5,0,2.0.5.202108955,2022-03-02 06:41:29,,,2.0.5.202108955,pho943717,com.bigwinepot.nwdn.international
cbcdf654-1de7-4f63-8857-6bcaebe1a639,So much to do and play with.,5,0,8.0.929,2022-01-17 21:59:37,,,8.0.929,pho292100,com.adobe.psmobile
2b121300-6972-42ad-aa2d-91c75f39aebc,I just love this app for smoothing body,5,0,,2022-07-02 09:28:27,,,,pho665277,vsin.t16_funny_photo
44ea1d08-3d6a-4b1f-a613-901512192ff1,Excellent. Perfectly removes background precisely,5,1,1.171.37,2024-07-02 12:55:23,,,1.171.37,pho1051139,editingapp.pictureeditor.photoeditor
247ab498-5ae7-4807-8c06-4b1019eb48f0,i think this photo lap is ok i love the view it gives me,5,0,,2022-05-28 05:28:51,,,,pho665147,vsin.t16_funny_photo
0bfee5df-4ad8-464f-a82d-9488c2dd9afc,It's just shown please check your internet connection when i enchanced the photo.i connected with wifi but your app just told me please check your connection.it's so annoying pls fix this,2,0,3.7.163.202182295,2023-03-20 04:56:07,,,3.7.163.202182295,pho890510,com.bigwinepot.nwdn.international
cd7324b8-f1a0-4a3f-bd53-7519066a8e43,It's A really good app for editors,5,0,3.7.304.202238710,2023-07-20 13:30:37,,,3.7.304.202238710,pho921137,com.bigwinepot.nwdn.international
b552ce49-e20d-4c03-85de-8d36bda8b8f3,Having a free version means you can 'make' pictures but not 'save' them. I used this app for years and loved it but now there's no point. I am uninstalling.,1,3,20.3.4,2022-08-23 14:25:08,Picsart will always offer a free version of the app but we also offer premium features for Gold subscribers. Premium features are identified with a gold crown. To save your edit make sure you're only using free features or learn how to subscribe to Gold at https://picsart.help.,2022-08-24 02:52:28,20.3.4,pho80871,com.picsart.studio
b7097e7c-0450-470a-9f60-d28469dc2bc4,Fun so far with great results. I'll return again to write a longer review after using it more. totally trustworthy app that is put out by the InShot company that has the great video editor I use,5,56,1.564.131,2023-07-01 00:51:26,,,1.564.131,pho2034,photo.editor.photoeditor.filtersforpictures
7cd2b80a-fa97-4efa-beb7-800a69476c79,I dont like the new remini I cant even save it in my gallery,3,0,,2022-02-22 21:59:05,,,,pho924890,com.bigwinepot.nwdn.international
1f444003-50aa-4850-8c54-824c86462506,This app absolutely not work,1,0,,2023-08-05 00:20:12,,,,pho941363,com.bigwinepot.nwdn.international
2fa37f8a-24d2-4fe9-8112-fadc8db2836c,When I have downloaded it..it was really Good Working App But now days it is not working good and to much adds are there Always shows network error just to purchase subscription,1,3,3.0.38.202125050,2022-06-19 05:19:00,,,3.0.38.202125050,pho894434,com.bigwinepot.nwdn.international
85656b19-2113-4e48-9817-ecdff8c8b929,So many ads want you to force buy gold or premium subscription,1,0,24.5.4,2024-03-21 09:50:22,We appreciate your feedback and understand your concern. Picsart will always offer a robust free version of the app with access to hundreds of free features and millions of pieces of free-to-edit content that you can access without a subscription.,2024-03-25 10:05:01,24.5.4,pho131214,com.picsart.studio
336e21b3-ee91-4ab0-a635-43796953e46a,For some reason I can't find my stickers I've made tried 3 versions of pisart to no avail I made a lot of my own stickers and now they are gone and it won't let me open new one I make.,2,0,9.32.2,2023-11-16 02:50:25,"Thanks for the feedback - we'd love to look into this for you. Can you please send us an email at support@picsart.com with the subject line ""App Store Review""? Our team will investigate and work on a fix for you.",2023-11-16 03:54:01,9.32.2,pho86429,com.picsart.studio
c73267d5-8e94-434a-a6ef-adf03f487e39,When I first download it! It was amazing everyone should download lumii right now!,5,1,1.641.153,2024-05-13 21:46:47,,,1.641.153,pho2601,photo.editor.photoeditor.filtersforpictures
c2e03b7c-527f-468a-8ce6-cdfb0fff5298,Easy to use. Lots of ads though.,5,0,1.481.157,2023-11-23 20:18:40,,,1.481.157,pho466468,photo.editor.photoeditor.photoeditorpro
80ac685b-dd56-4f9e-bba3-37a697c6f811,This application is very good but edits photos very late.,4,0,3.7.576.202364544,2024-04-03 04:01:09,,,3.7.576.202364544,pho913352,com.bigwinepot.nwdn.international
6cc1925f-5d55-4383-aefb-97fc0a7ef901,Every click was an add,1,0,3.7.706.202416491,2024-08-09 09:02:03,,,3.7.706.202416491,pho890824,com.bigwinepot.nwdn.international
7b29b45d-f57e-4fa6-bcda-be44367d8c9a,Easy to use & helpful tool!,5,0,,2023-05-27 10:55:07,,,,pho278342,com.adobe.psmobile
5339e68b-5978-45cb-a51c-201f2416ce72,No tool to straighten photos other than that the app is ok. I have used this app for 4 years with no problem other than what is stated above. As of last update I am uninstalling.now I have to search for photos before editing. You were great before the update..now you suck!! And I still have to do a search!! Now you want me to pay to crop a photo.later! You really do SUCK!!!,1,6,7.3.21.155,2022-11-14 09:04:56,Dear user sorry for the inconvenience.We will do our best to meet your needs. Please feel free to get back to us at support@fotor.com if you have any questions.,2021-10-25 04:24:36,7.3.21.155,pho832255,com.everimaging.photoeffectstudio
2459f686-e6b5-4ad5-9614-9490721fb6bd,Best Editing Feature Enabled App I had ever seen With zero Cost,5,0,1.563.177,2024-08-01 11:13:01,,,1.563.177,pho450781,photo.editor.photoeditor.photoeditorpro
bfa2b54e-6cb6-4305-b9ff-1882653ed538,Very easy to use not a lot of ads.,4,0,,2022-04-16 12:05:18,,,,pho131497,com.picsart.studio
31de87af-2625-405d-b5d7-97f96759a3e5,It's really good app,5,0,1.491.109,2022-07-06 10:09:27,,,1.491.109,pho17219,photo.editor.photoeditor.filtersforpictures
81481eba-7ead-4085-bc46-fade23f55a0a,Littery use to love this app. It's not working at all now. The newset update is so bad. It's not importing pics or stickers. It's lagging and closes it self. I liked the older version better. Atleast it work ?!? I use it for editing for my Insta page now I literally can't upload anything cuz this ain't working,1,3,19.5.6,2022-04-23 04:33:18,"We hear you and know that app crashes are frustrating. A quick fix is to clear your cache. Go to your device settings > """"Apps"""" >""""Picsart"""" > """"Storage"""" >""""Clear Cache""""> """"Clear Data"""" If you run into any other issues (after clearing your cache) let us know at https://picsart.support.",2022-04-23 06:25:02,19.5.6,pho71455,com.picsart.studio
9018da55-d3dd-4e3f-88e3-f0a9d4ab667d,This was a 5 star app until the recent update. It used to have a picture in picture showing the before & after ln one new photo. Most needed is a Tech Support for answering questions. Otherwise it's still the best app of this type by far & no other even come close.,4,14,3.8.5,2023-12-26 23:27:37,,,3.8.5,pho868466,com.ai.polyverse.mirror
2dc19152-c954-47f4-823c-c25e9e30fa11,this app has a lot of problem heavy traffic of advertisements and sometimes it doesn't work.Anyway for create a photo i waste my time because it has poor connection! disgusting app!,1,1,,2024-05-17 15:13:37,,,,pho880990,com.bigwinepot.nwdn.international
d03ebb6d-7b01-4bcd-b6ed-21c2e1be4a75,Its a good app and good editing but every time you click anything it says to subscribe to premium and sometimes you click on a sticker and nothing happends,2,1,19.4.3,2022-04-11 14:09:19,Picsart will always offer a free version of the app but we also offer premium features for Gold subscribers. Premium features are identified with a gold crown. To save your edit make sure you're only using free features or learn how to subscribe to Gold at https://picsart.help.,2022-04-12 06:46:31,19.4.3,pho85057,com.picsart.studio
d0529155-f98d-4005-b4ef-46a7cb6c3d8a,Still waiting for the bugs to be fixed. I've tried on multiple devices but the same issue pop's up. They are just wasting our time. Nothing else,1,0,3.7.407.202286942,2023-10-28 01:20:45,,,3.7.407.202286942,pho883742,com.bigwinepot.nwdn.international
d20576ea-cef2-49d6-bc67-9cd6d5c67ff1,SOOOOO many ads. Too many. And most of them crash the app. I have to watch the same ad for the same feature just because the app keeps thinking it hadnt shown me an ad yet. Forces me to open google play for the ad when i click back it shows me another ad.,1,1,3.7.771.202441603,2024-09-28 13:03:43,,,3.7.771.202441603,pho875723,com.bigwinepot.nwdn.international
7edf0f34-1df9-40fc-b480-a2e7328fc458,Plz it updated but it not impressing ti any one it gettinig very bad 1st it is very good pls update in that version it os superr.now it is bad.,1,0,2.1.1.202112761,2022-04-10 13:06:48,,,2.1.1.202112761,pho907464,com.bigwinepot.nwdn.international
063cb4cf-cbd6-41e0-8043-c4472ff8ad5c,I can't open Remini app in my Xiaomi note 10 pro it's not working,1,0,3.7.442.202301994,2023-12-03 09:34:34,,,3.7.442.202301994,pho904872,com.bigwinepot.nwdn.international
737b9e58-a387-4ea4-b33e-30e154f5a752,"I'm a little bit impatient and I hate this app. The fact that you'll get the high quality of your picture but the process is too long even though I have a good connection. You all guys should try the ""PhotoTune"" app. Much better than Remini.",2,0,,2022-06-20 22:47:41,,,,pho878393,com.bigwinepot.nwdn.international
d6ab6d0f-549a-4613-99eb-f7af6c779e2a,This app is waste this app does not clear blur picture.,1,0,,2022-01-04 11:28:41,,,,pho939163,com.bigwinepot.nwdn.international
bb59753a-ba49-4268-a7b7-07e673b2821d,This app is very nice to edit photos,5,0,1.51.163,2024-02-15 11:23:16,,,1.51.163,pho477313,photo.editor.photoeditor.photoeditorpro
ba1a4f04-5629-4391-a79b-a767db0bd30c,Very good app for video and photos,5,0,21.6.5,2023-02-24 00:42:01,,,21.6.5,pho135985,com.picsart.studio
cc7f4ff8-638d-4555-8970-f5dab81413d8,7 day free trial. NOT FREE,2,0,17.9.2,2023-05-31 01:47:49,"Hi Craig our app has free & paid content. It is optional for users to try the free trial or purchase a premium subscription if they're interested in the premium features. If you don't want it you can skip the subscription menu and delete paid content to save photos. If you have further concerns please use ""Send Feedback"" to contact us.",2023-06-01 02:37:59,17.9.2,pho153027,com.cyberlink.photodirector
ac0b0c9c-fcdd-4559-b02d-0834d0e1327c,Pls fix this Bug It keeps removing my art Over and over Again,1,0,19.3.0,2022-03-30 23:30:19,Hi there thanks for your review. We are sad to hear that Picsart crashed on your device. You can fix this issue by cleaning your cache. Go to your device's Settings Apps Picsart Storage Clear cache Clear Data. If the issue persists please feel free to contact us at https://picsart.support,2022-03-31 03:38:12,19.3.0,pho124998,com.picsart.studio
a97fa1e3-bc13-4a1a-851d-0e957009d3d1,Used to be good limited features but at least free and straight forward. I had to install the new version due to phone crash and so disappointed to see a paywall now.,1,6,8.7.1035,2023-01-05 02:06:36,,,8.7.1035,pho260982,com.adobe.psmobile
c9481d0c-c15c-4dae-9000-380c653fb45e,I cant save photos cz its said my network is bad but its totally ok -,1,0,2.1.0.202111508,2022-03-23 06:43:09,,,2.1.0.202111508,pho913016,com.bigwinepot.nwdn.international
acdbccfb-bfb3-424e-b28c-f041cd141bb3,I watched videos about this app this is best. best thambnail editer,5,0,,2022-08-05 11:55:01,,,,pho135044,com.picsart.studio
b623ddb1-01de-419c-9c98-8802667360c2,Bad app for ever,1,0,,2022-11-01 04:43:58,Hey! Weve put together some handy guides you might like: http://adobe.ly/psxfaq & https://helpx.adobe.com/photoshop/using/photoshop-express-help.html If you have an issue or need help shoot us an email at PSX-Feedback-Android@adobe.com. Let us know what we can improve to create a better experience for you. We're here to assist! ^Chan,2022-11-17 17:44:23,,pho302582,com.adobe.psmobile
af4f192a-38a4-41d1-a933-0dc99adac3a5,excellent application! No other photo apps can compete with it!,5,0,3.10.15,2022-09-20 10:40:36,,,3.10.15,pho641915,vsin.t16_funny_photo
f2694cb3-920b-478e-bfb6-7343b4f9b63c,it's easy to use and the outcome is always perfect and interesting.,5,8,3.12.5,2022-02-27 06:17:52,,,3.12.5,pho640208,vsin.t16_funny_photo
a413ceb9-f766-42fa-94c8-2deb07da0162,I'm still learning about this app. So far it's really fun.,5,0,4.1.0.7,2024-08-14 15:10:10,,,4.1.0.7,pho797362,com.vimage.android
18a17df5-f768-4f14-9ded-422bf252f4ce,It don't download it goes again and again it always fail to download it i wanted the app and don't work other people have These app and i don't i want to let this fix up please fix it i want this app.,1,0,,2022-03-01 21:21:14,Hi there thanks for your feedback. Please follow these steps to fix the issue with downloading our app: Go to your devices Settings Apps Google Play Store Storage Clear cache. Log out from the Play Store app and log back in then download Picsart again. If the issue persists contact our agents at https://picsart.support,2022-03-02 06:03:33,,pho103742,com.picsart.studio
2132f573-d51d-4d21-862f-f4593e5fb47e,Helps a lot nice tool.,4,0,2.1.9,2023-04-26 00:10:48,,,2.1.9,pho576344,com.lightx
90b31f9b-57f9-4b4e-877d-1b935cdc807f,The app is good and fantastic. hopes you may add up more features But I really enjoy using this app. Thanks much for your discoveries,4,9,3.12.5,2022-02-24 04:59:21,,,3.12.5,pho637490,vsin.t16_funny_photo
5fdb538f-4ca4-4ab3-9f7a-20c220a4a760,Interfaces and controls are professional. Fulfills editing needs. Great job,5,0,,2023-11-14 22:56:44,,,,pho452694,photo.editor.photoeditor.photoeditorpro
31887568-9671-4a6c-a3d6-e67f10c8977f,Wonderful app trusted and useful,5,0,3.7.284.202223827,2023-07-13 01:34:48,,,3.7.284.202223827,pho936928,com.bigwinepot.nwdn.international
6e8d8e44-753b-4341-8691-9fd75fa555a6,I really enjoy this app.,5,0,1.572.134,2023-08-16 20:03:12,,,1.572.134,pho19681,photo.editor.photoeditor.filtersforpictures
92c9a6ad-4c33-4f37-877c-f425f0f12e36,I have emailed the contact email provided by you guys about a subscription that I never had for this app i never use/used but payment was taken from me anyways. I messaged on the 26th and it is now the 29th. I would like a refund immediately as I am on a very tight budget. Please email me back asap!,1,0,,2023-09-29 07:29:44,,,,pho829865,com.codeway.videoapp
3136ce7c-7e62-41fa-9ad9-4a67bb139e39,You need to pay when you remove the background tsktsk,1,0,25.4.5,2024-07-28 01:18:09,We appreciate your feedback. While some features are paid we also offer many free options to enjoy. Your satisfaction is essential to us and we're continuously working to improve your experience. If you have any specific suggestions on how we can make the app better for you please let us know by contacting us at support@picsart.com.,2024-08-01 08:46:44,25.4.5,pho84230,com.picsart.studio
57602179-3256-4eb6-b264-dc765fffb05f,Very impressive restored my grandmother's wedding photo from 1913 and my grandfathers photo from 1886 at age 2never get tired of this app good job guys,4,0,1.7.5,2022-02-20 15:36:06,,,1.7.5,pho902451,com.bigwinepot.nwdn.international
1434f09d-b666-43aa-a9ee-6a4c1a986025,I really like this app it has a best editing software. I have tried so many editing softwares but this one is the best.,4,0,,2024-02-03 23:37:04,,,,pho89642,com.picsart.studio
db1f0992-e70a-4ef9-aaed-8b2bfb9a60d0,Basically a pay to play game/app. If you want to draw on your pictures i recommend Sketchbook. Premium is essential if you want a good photo.,3,0,,2022-05-22 12:25:46,We appreciate your feedback and understand your concern. Picsart will always offer a robust free version of the app with access to hundreds of free features and millions of pieces of free-to-edit content that you can access without a subscription.,2022-05-24 03:11:27,,pho80989,com.picsart.studio
6a9a5e78-4f22-457c-8f13-43ad09170105,Best app ever I have seen,5,0,1.521.165,2024-04-14 12:06:04,,,1.521.165,pho504377,photo.editor.photoeditor.photoeditorpro
039d513c-2888-4379-a2d3-779fbf114a76,This app is a scam. Even though I cancelled subscription before the expiry date there charged my credit card. Please don't get cheated.,1,2,3.7.518.202336778,2024-02-10 10:20:04,,,3.7.518.202336778,pho897420,com.bigwinepot.nwdn.international
0ce59469-ed7e-4d91-a6ad-fd8c00539188,That's really use full for my 16 MP camera,5,0,,2024-01-06 03:43:35,,,,pho936793,com.bigwinepot.nwdn.international
12f3ad84-55d6-42cd-bb0a-27e725d03027,App continues to crashed for that last two weeks I have send several emails to you Guys to fix this problem and noting it's not my connection or service it's your app It used to b good now crashed every time,2,2,7.4.6.11,2023-11-02 15:17:23,Dear user sorry for the inconvenience and the late response. As we are experiencing high inquiries if it is convenient to provide some key words of your email so that we can locate your email and revert you soon. There was some issue with the App. Now it is fixed by R&D urgently. Please update to the latest version 7.4.7.12 to avoid the crash.,2023-11-06 20:33:47,7.4.6.11,pho833023,com.everimaging.photoeffectstudio
b3fb3997-e6f2-4240-a2dc-f89df6898c0d,good applycation & good outo photo editing,5,0,3.7.470.202316735,2023-12-25 02:29:18,,,3.7.470.202316735,pho916371,com.bigwinepot.nwdn.international
9dc508b9-8047-4f8f-a467-b8a37ee1930d,This aap is soo.to bed aap fix your aap screen tuch is not working and othernaap is working,1,0,18.7.3,2022-01-28 08:13:24,"Thanks for the feedback - we'd love to look into this for you. Can you please send us an email at support@picsart.com with the subject line ""App Store Review""? Our team will investigate and work on a fix for you.",2022-01-28 08:24:51,18.7.3,pho129171,com.picsart.studio
079eaaca-987e-4645-a7e0-04c0d943c5ab,A great app it made my picture look really great a really good app it's free but you can also buy but it but it is a really good app,5,1,1.393.114,2022-01-17 11:20:44,,,1.393.114,pho457016,photo.editor.photoeditor.photoeditorpro
ab90b497-d27f-4644-bae4-787fea2c6db1,Very useful in promoting my zumba class.,5,0,24.3.3,2024-05-07 19:38:28,,,24.3.3,pho124329,com.picsart.studio
97600c76-cfd9-488a-8da1-53fac913cb01,I'm really new to this but already I find it to be a really great app easy to use and fun to play around with. I'll tell you more about it once I get the hang of it!,5,1,1.393.114,2022-01-17 00:37:08,,,1.393.114,pho454636,photo.editor.photoeditor.photoeditorpro
d15e628c-3b69-43df-8757-cd5db72cdd24,I rate it a 4 it would be fine except it takes up alot of storage,4,0,21.7.5,2023-03-11 12:46:24,,,21.7.5,pho106822,com.picsart.studio
a7833673-1b52-4d87-b8ef-eb24d717049b,Most waste app I subscribed but it always have subscription issues,1,0,3.7.267.202210518,2023-06-26 21:00:21,,,3.7.267.202210518,pho907494,com.bigwinepot.nwdn.international
e68ebe48-612e-4643-84d2-6e4d1cf2e9bc,I love this app it's wonderful.well done.,5,0,1.442.143,2023-01-24 18:48:08,,,1.442.143,pho481121,photo.editor.photoeditor.photoeditorpro
11874817-3448-4b18-8422-4f259be612d9,the app works fine but the ads have doubled. it's annoying when so many ads show up.,4,2,3.1.44.202128750,2022-07-14 11:50:38,,,3.1.44.202128750,pho886993,com.bigwinepot.nwdn.international
7932a1a7-4c40-4bc7-9180-86fb718b4831,Worth the pro price,5,0,1.416.126,2022-06-04 23:43:09,,,1.416.126,pho529621,photo.editor.photoeditor.photoeditorpro
f465f6af-d1a0-4033-bdc4-02f5b197819e,I love the creativity it allows you.,5,0,,2022-07-01 04:30:26,,,,pho799529,com.vimage.android
1e3df004-a0ca-4cf3-b024-3457fa701855,Seriously? Why is the features downgraded? I paid for the subscriptions and all I got was two features. Uninstall and unsubscribe,1,0,,2022-01-28 03:54:19,,,,pho895530,com.bigwinepot.nwdn.international
52153050-f72e-4b5e-bd9d-8a7bffcdb31a,It is very very helpful for me.,5,0,2.2.0,2023-07-01 15:02:33,Hello we are happy you find our app helpful. In case of any queries or suggestions regarding the app please feel free to reach out to us at support@lightxapp.com.,2023-07-03 13:22:57,2.2.0,pho579711,com.lightx
644edb3b-be91-4b43-9149-48e8fc0a7e3c,it take so much time after some photo enhanced,2,0,3.7.533.202343617,2024-02-26 15:41:05,,,3.7.533.202343617,pho920722,com.bigwinepot.nwdn.international
d0b934e7-a2ef-4586-8ce9-b52f36948407,Great features and easy to use,5,2,1.416.126,2022-06-20 21:31:22,,,1.416.126,pho466480,photo.editor.photoeditor.photoeditorpro
b40438d1-f35c-46fb-b1de-21296a2fde84,This is the easiest application for photo editing and filters for sure no adds,5,2,1.591.138,2023-11-25 15:13:20,,,1.591.138,pho3336,photo.editor.photoeditor.filtersforpictures
a4e38e4d-5074-4194-9ca4-bd61c168c842,"I'd like this app()but I have a problemsWhen I've done a lot I can't save the photo because the pro still needs it I can't save it either because it has time to save it says ""more credits"" if I press the other option It says ""save now (pro) ""I'm sad. please update it! i will edit my review and i will make 5star/10star Thanks!",3,1,2.3.2.202116995,2022-05-22 00:50:35,,,2.3.2.202116995,pho879792,com.bigwinepot.nwdn.international
9b50d287-4ac5-4dab-ad22-8db948f90159,I love this app. I use it for editing pictures for my YouTube channel,5,0,,2023-05-02 07:55:01,,,,pho119504,com.picsart.studio
efb37ec0-a6b1-4325-8ab7-2b95f2e777a0,mast pic editer hai,5,0,3.7.79.202167803,2022-12-23 00:07:42,,,3.7.79.202167803,pho988259,com.bigwinepot.nwdn.international
4b331ef8-ff23-4749-89bc-26208fe375a7,It becomes unusable after some time and you cant do anything because it only will advertise their premium and wont let you continue doing what your doing. I had to redownload the app a bunch of times so i can continue to work on a project. Its hard to use with the premium advertisement and constant 'Buy premium to do this'.,2,26,23.0.12,2023-09-04 16:58:51,Picsart will always offer a free version of the app but we also offer premium features for Gold subscribers. Premium features are identified with a gold crown. To save your edit make sure you're only using free features or learn how to subscribe to Gold at https://picsart.help.,2023-09-05 04:20:43,23.0.12,pho74604,com.picsart.studio
cc08a50e-3dbc-4448-99b0-7697100eaf91,India photo design karne ke liye,5,0,,2024-02-13 09:40:24,,,,pho533548,photo.editor.photoeditor.photoeditorpro
0796393f-26f4-4e44-bd19-c5725b215d54,The application was amazing untill it was updated. The updated version of this application is so poor that I don't like the results don't make the pictures in HD but also change the picture colour and quality with some extra sharpness and lighting. Non updated version was too good comparing to new version.,2,4,3.6.31.202144599,2022-10-25 04:23:15,,,3.6.31.202144599,pho876915,com.bigwinepot.nwdn.international
50f2bf20-4448-4640-a8f2-164571d78988,It is so bad you got to pay for it like what and then it's the thing they wouldn't even let you take a photo to see doesn't even work you got to pay for it to see like no this app cuz my phone is an Android and I'm trying to get my photos lighter and this what you got me no do better,1,0,,2022-01-13 21:44:19,,,,pho886672,com.bigwinepot.nwdn.international
2fcdffa4-7a1d-4a02-8452-e17932778534,The app has been so helpful for creativity I just love it for free trials,4,0,1.2.1,2024-02-01 00:07:48,,,1.2.1,pho1055239,com.ai.avatar.face.portrait.app
9474f8e1-fbd0-4878-a2d9-03b9ef5b1639,this app is sooo good and useful,4,0,25.4.5,2024-08-02 08:46:43,,,25.4.5,pho92138,com.picsart.studio
be6781a4-40a7-47ad-9461-80817200e8f8,Hello pixels I want to thank you for the app cause I've improved my life.,5,0,,2022-04-03 16:59:03,,,,pho121310,com.picsart.studio
35fadf90-23c1-4d06-8ef2-9f8288e79a8c,ads bohot ate h ek pic edit krne me 2 adds ajate hai,2,0,3.7.679.202403254,2024-07-01 18:22:05,,,3.7.679.202403254,pho1010864,com.bigwinepot.nwdn.international
757d62e6-2c3a-47b6-a1a4-d7be80718b26,Very worst and cheating extra ads and including extra data,4,0,3.7.357.202264491,2023-10-28 12:50:04,,,3.7.357.202264491,pho912858,com.bigwinepot.nwdn.international
0c9051de-e684-4b43-ae6f-4c5cd848d735,I think this app is very good . But I want vidoe edit facility also .,5,0,3.7.304.202238710,2023-07-22 10:41:40,,,3.7.304.202238710,pho913053,com.bigwinepot.nwdn.international
e820536c-c1e9-43b6-a198-0c9f15c1350c,Very good experience.good app.best working app,5,0,1.120.26,2024-01-18 12:17:46,,,1.120.26,pho1051510,editingapp.pictureeditor.photoeditor
45b02976-7399-4f72-9f02-11894a401b09,Bring back old picsart! This new update is trash!!!,1,0,,2023-01-22 03:25:31,Hi sorry to hear that the latest update did not meet your expectations. Can you please follow this link https://picsart.support and describe in detail the issues you have come across while using the app? We would love to hear from you!,2023-01-23 09:26:26,,pho129711,com.picsart.studio
18771dff-a9ce-4811-9c63-5b1f8d7aa29f,i used this app a lot before but now i uninstalled it because this app is suck too many ads all i can say is i really hate the new version i prefer the old one.,1,3,2.0.5.202108955,2022-03-09 07:33:14,,,2.0.5.202108955,pho896063,com.bigwinepot.nwdn.international
64177496-7f71-4524-9a5a-8dfb237691b9,This app is good for my album but it does not have a background remover,5,0,9.3.70,2023-05-31 00:58:13,,,9.3.70,pho271952,com.adobe.psmobile
395601fc-1bd4-4dd1-ba89-da7b84c735de,This is very good app but while using the app again again again this premium option is come but you cut it . It is very useful I use this app for FF editing I give this app 5 star,5,0,22.2.4,2023-05-14 06:36:51,,,22.2.4,pho105599,com.picsart.studio
583c7ef0-27ee-4789-a4a5-aa93afb300a2,it's app is great for editing,5,0,3.7.259.202206791,2023-08-22 12:03:40,,,3.7.259.202206791,pho926428,com.bigwinepot.nwdn.international
96077296-252d-4795-b34b-cb095ccce368,some features are not downloading,2,0,3.12.68,2023-09-21 15:17:28,Hello can you tell us more detail about the issue at support@pho.to? It will be very helpful for us to investigate and fix it. Thank you!,2023-09-27 15:44:24,3.12.68,pho653926,vsin.t16_funny_photo
e00fb6df-9ed5-470d-8c2e-d8090d6e4dbf,I thought this app was fake and my friends told it good and I told my self let me try if it works and I did it is perfect I love this app,5,0,,2022-03-27 12:32:37,,,,pho643892,vsin.t16_funny_photo
bf79f80a-93f5-41bb-ad55-cd85b6cd4d5b,This is mistakenly labeled as a free app. Free constitutes permanence usually,1,0,,2024-03-04 20:10:27,Thank you for using our app and sharing your feedback. While some features are indeed premium and require a purchase we also offer many free features for everyone to enjoy. It's essential for us to have some features fee-based to support the ongoing development and operation of our app so we can bring more exciting features to our users.,2024-03-04 21:56:14,,pho834721,com.everimaging.photoeffectstudio
c5bb1e31-6753-4bc5-a8a7-7a5e5b2c6e22,Very power apps woi help me to fix my old Foto,5,0,1.7.5,2022-01-26 22:32:14,,,1.7.5,pho917566,com.bigwinepot.nwdn.international
d82418d6-3a85-4fc8-a2fc-5aaa749ed1c6,Its really amazing and wonderful ap i have used u should also try love this app,5,0,,2022-04-08 05:24:01,,,,pho919712,com.bigwinepot.nwdn.international
72dc4b5f-aedf-4ced-b544-90ee903cbda2,This is an amazing app and it does everything I could ask. There is one downfall though. That is the ads. Everything I do there an ad follows. It is a good app though.,4,13,1.462.152,2023-07-19 15:13:38,,,1.462.152,pho446753,photo.editor.photoeditor.photoeditorpro
63656f36-576d-47cd-8470-840e92d34c48,You can only use each filter one time before it makes you subscribe for an asinine $5 a week. Free to download but not free to use,2,1,3.16.0,2024-05-30 19:19:18,,,3.16.0,pho867732,com.ai.polyverse.mirror
4c79e6d7-0cfd-4549-a231-ac5017a83c7d,My photo is unseva your app,5,0,2.4.1.202118010,2022-05-31 23:12:29,,,2.4.1.202118010,pho983391,com.bigwinepot.nwdn.international
bb1de283-6675-444b-9a7c-318db5f4be15,Had this pop up on my Facebook looked good from the pics thought I'd give it a go. Once installed I was greeted with a subscription. ARE YOU FRIGGIN SERIOUS ALMOST 40 a month. Dick Turpin needs to look at there fees it's daylight robbery.,1,0,,2024-01-06 12:57:05,,,,pho890605,com.bigwinepot.nwdn.international
aceb5e64-1c15-4570-a0ec-e299ed63ba3f,Is a Must have App I never regretted having it since 2019. Is super rich in content and paying for the Life time package is a bomb no future purchase just updating. Welldone to Team Vimage,5,5,3.3.2.2,2022-08-29 07:06:16,Dear Augusta! You can't believe how happy we are about your review. Especially since today is the birthday of the idea of VIMAGE. Users like you are the real birthday present!,2022-08-29 11:42:23,3.3.2.2,pho797306,com.vimage.android
ebf1d606-eae9-4051-87b4-4023e03af54e,The app was good 3-4 months ago.. but now you have to watch add for every click.. and some ads are running for more than 2-3 mins . You can't even close them. You have to restart the app. And after restarting they force you to watch another ad..,1,8,3.7.743.202430460,2024-08-26 09:40:02,,,3.7.743.202430460,pho875791,com.bigwinepot.nwdn.international
6ffdb88b-28b4-4c3d-aa6a-8fba15dcb276,In close up preview the before image is deliberately blurred to make the after image appear far better than it actually is. It is kind of fooling people. Just be honest. We all will appreciate your honesty more.,4,0,,2022-05-31 09:16:32,,,,pho887111,com.bigwinepot.nwdn.international
1c5560af-f178-4a10-a5bd-d1440835158a,The one-shop for photo editing. Crop rotate size edit in many ways and frame. THE best versatile app out there!,5,10,1.52.164,2024-03-18 16:22:00,,,1.52.164,pho447065,photo.editor.photoeditor.photoeditorpro
482fec80-2c47-44f9-95a8-a5f0016476dc,best ai enhance app,5,0,3.7.602.202373800,2024-04-25 01:23:31,,,3.7.602.202373800,pho910244,com.bigwinepot.nwdn.international
5c976211-4d03-4fe7-a3aa-ffd62c1ad5a8,Cool app. However you cannot upload existing photos from your phone or tablet it will only let you take a photo to transform. However you can use a video you have stored.,3,4,2.0.1,2024-02-29 09:43:29,,,2.0.1,pho829944,com.codeway.videoapp
97d0b6ba-18ea-4d0c-b257-83989f06adbf,Recharge karne ke baad bhe kyo ads aa rahe hai,5,0,3.7.756.202434374,2024-09-06 08:33:29,,,3.7.756.202434374,pho997125,com.bigwinepot.nwdn.international
6ebc81a9-6410-4561-a28f-bfbeb94b1782,Rimeni used to do very good work but now it does not work at all,1,0,,2024-02-16 09:37:35,,,,pho909286,com.bigwinepot.nwdn.international
ed4f030a-e260-4eed-aac9-11ba2a5091e4,amazing but adds are very irritated,4,0,3.7.690.202408149,2024-07-12 03:52:35,,,3.7.690.202408149,pho892195,com.bigwinepot.nwdn.international
b4418346-d817-4827-8261-09506c47f971,Curious so I tried it. Well not much can be accomplished unless it's purchased. It's subscription based and very pricy. I'm staying away on this one. Not cost effective. Many reviews complained that it's a hassle solving purchase related issues. Either purchased by accident intentional or by trickery. Uninstalled!,1,97,24.2.4,2024-02-06 08:11:44,We appreciate your feedback and understand your concern. Picsart will always offer a robust free version of the app with access to hundreds of free features and millions of pieces of free-to-edit content that you can access without a subscription.,2024-02-06 08:13:47,24.2.4,pho68129,com.picsart.studio
f0453fbd-6a63-477b-b071-0df337a2d3e2,nkakawili tong app na to nkakatuwa,5,0,3.12.73,2023-10-19 06:10:57,,,3.12.73,pho777710,vsin.t16_funny_photo
d5f170c3-4a92-4587-9ef0-34aa8edac472,my phone camera sucks but this app makes my pictures look a lot better,5,0,10.0.20,2023-08-10 00:43:11,Hi Christian! Thank you for your positive review! We truly appreciate your feedback and are thrilled to hear that you are enjoying our app. ^DC,2023-08-11 04:27:22,10.0.20,pho279365,com.adobe.psmobile
05d20696-4206-4293-a4df-ccbc0755c624,Watermark not working anymore. Some feature unavailable in Canada. I need to use another app to straighten an image accurately. After 3 years of PE I am done. I can do as much on free apps so it would have to be free for me to go back. My subscription is now canceled.,2,10,14.1.112,2024-06-13 08:59:38,Hello! We apologize for any frustration caused by the app. While we understand some features require a premium subscription we also provide free editing tools and features. We aim to strike a balance between free and meet user needs. If you have any specific concerns or suggestions please contact us. ^Sam,2024-06-13 09:58:12,14.1.112,pho257187,com.adobe.psmobile
3802d6e1-723e-437c-bec7-33e17f2ca4b9,This is my go to app for graphic design.,5,0,,2024-09-21 02:48:46,Hello! We're delighted to be your go-to choice for graphic design. Your support means a lot to us! ^Sam,2024-09-22 11:35:45,,pho280918,com.adobe.psmobile
72cea7e3-c290-4396-bd17-b05c52843504,Works great as it should be,5,0,1.521.119,2022-12-05 05:46:40,,,1.521.119,pho10774,photo.editor.photoeditor.filtersforpictures
fc5213cd-0b45-4fa3-b008-e5c04779fd40,Ads is very very very kharab,4,0,3.7.328.202255200,2023-08-22 03:09:04,,,3.7.328.202255200,pho937043,com.bigwinepot.nwdn.international
28429cf3-be32-4a4c-9819-1ff7da868913,arrgh why do we need to watch some ads can u make it directly save,2,0,3.3.0.202131471,2022-08-13 12:18:36,,,3.3.0.202131471,pho913363,com.bigwinepot.nwdn.international
af89b28a-2195-4d99-a306-eed6c47fa73a,You are missing the point this app costs 137 that's daylight robbery no app is worth that,1,1,1.395.116,2022-05-26 22:46:35,Hi Daniel Cambridge sorry for the trouble. Our subscription is worth every penny. We are constantly optimising AI Cartoon AI Cutout and other features. Moreover we will add the video function and other features soon. We will keep providing more effects and materials for you. Please stay tuned. Thanks for your support.,2022-05-22 23:20:38,1.395.116,pho481684,photo.editor.photoeditor.photoeditorpro
106308d8-69fc-412f-84fa-b4a78d0d9b8d,So wonderful and makes my photo aesthetic,5,0,1.461.94,2022-01-15 05:51:15,,,1.461.94,pho10621,photo.editor.photoeditor.filtersforpictures
f0ed7f4f-5997-47b5-9926-0164b8828178,Really nice and perfect photo editor,5,0,17.2.1,2023-01-03 02:21:28,,,17.2.1,pho150228,com.cyberlink.photodirector
d73d61ae-1b49-4589-b1e2-1a8260edd7c9,You need to acsees to premium to generrate unlimited picure but you need to buy it 1 star the worse app,1,0,23.4.6,2023-11-03 16:53:20,We appreciate your feedback and understand your concern. Picsart will always offer a robust free version of the app with access to hundreds of free features and millions of pieces of free-to-edit content that you can access without a subscription.,2023-11-06 06:32:39,23.4.6,pho120226,com.picsart.studio
5e29ab59-5126-47e3-bcac-67b359b60be6,This apps work is very good But it shows too mutch adds. So i give it 1 star,1,0,3.7.604.202374942,2024-04-26 10:41:50,,,3.7.604.202374942,pho890543,com.bigwinepot.nwdn.international
b98059b7-1daa-49c7-a578-bb59bba039de,Perfect photo editor i everseen like this app love it,5,0,1.395.116,2022-05-17 08:45:24,,,1.395.116,pho493549,photo.editor.photoeditor.photoeditorpro
4c25cdbe-1d77-4c7f-add8-db6f9e9916a7,I LOVE THIS APP .THIS APP IS FANTASTIC . BUT AFTER A NEW UPDATE THIS APP IS NOT WORKING.,5,0,1.7.5,2022-04-05 18:20:17,,,1.7.5,pho909216,com.bigwinepot.nwdn.international
75b07f93-c0b6-41af-9522-dd1bd909891f,I hate this app This app is always showing up some ads everytime,1,0,3.7.622.202381158,2024-05-22 12:08:12,,,3.7.622.202381158,pho883131,com.bigwinepot.nwdn.international
4bab4806-a039-4956-ae82-ba8f707decb6,The app was good. But after the latest update I've lost all my history photos. Is there a way to see all of them ?,1,27,1.7.0,2022-08-12 03:30:51,,,1.7.0,pho900458,com.bigwinepot.nwdn.international
aeda4471-aa54-4b02-94ac-f38de025a61b,This is a super third class app friends don't download and west your time,1,0,2.1.9,2023-03-18 19:48:02,,,2.1.9,pho574128,com.lightx
8475530a-9f92-4d77-be57-a99bd62288e7,Fun app but I haven't tried everything yet. Some features don't work well on all pics but I have made some amazing edits that I had put onto canvases and acrylic portraits that turned out amazing.,5,23,1.502.162,2024-01-24 12:33:28,,,1.502.162,pho446142,photo.editor.photoeditor.photoeditorpro
ced397d4-0ac4-49e9-a8a0-627945229eaf,I paid the subscription.but when I creating a video it tells me to pay again the subscription..stupid app,1,2,6.2.0,2024-08-30 09:52:40,,,6.2.0,pho831078,com.pixerylabs.cloneai
f2fa4834-e933-4328-9371-914a578ad539,Hello good time. I tried several times to install the program on my phone but I couldn't and it keeps giving an error that it is not possible to install. Please take care of it thank you.,1,0,,2022-07-19 03:56:22,Hi sorry to hear that youre having trouble downloading Picsart. Heres a quick way to fix the problem: Go to your devices Settings Apps Google Play Store Storage Clear cache. Log out from the Play Store app and log back in then download Picsart again. If the issue persists contact our agents at https://picsart.support,2022-07-19 04:26:34,,pho86942,com.picsart.studio
5ac2580c-7500-420b-ab1f-eba294ee009d,If I could give it no stars; I would. Literally NO trial just select and then pay page. Hope I saved people some time.,1,1,3.0.0,2024-07-12 23:52:05,,,3.0.0,pho829846,com.codeway.videoapp
8f776fc3-725f-4853-902a-50acbb7df9a1,I like taking off blemishes!!!!,5,0,8.6.1015,2022-11-26 08:12:41,Thanks for taking out the time to encourage us with your 5 ratings. Keep using our app! ^Chan,2022-12-13 05:32:22,8.6.1015,pho291672,com.adobe.psmobile
7488193e-e0ab-49bc-9ee3-4f988726d6bf,Experience is very bad. It is changing background colour enchantment face design,1,1,3.7.327.202255164,2023-08-12 13:03:29,,,3.7.327.202255164,pho893128,com.bigwinepot.nwdn.international
cdb8748a-7329-4925-bb91-998c044549b9,super cool I will be using this editing software,5,0,25.6.6,2024-08-29 08:21:28,,,25.6.6,pho78132,com.picsart.studio
a330e178-34c4-44a1-9c1c-20e64ecf707d,I had fun editing my pictures really cool free filters 10/10,5,0,1.436.140,2023-03-15 19:43:16,,,1.436.140,pho464146,photo.editor.photoeditor.photoeditorpro
dd9e4fc7-0cc7-4210-8fbf-0b0ae576ba2a,Honestly I love this app. had it for years. I understand there's a subscription but the ads are so irritating. Like three skips on one single ad and it still forces you to stay a few more. It makes it un-enjoyable to try and edit and it feels so greedy and forceful into getting an overpriced subscription when I just wanna put a white bg on an image.,1,337,24.1.8,2024-01-29 03:01:36,,,24.1.8,pho66411,com.picsart.studio
a7b4ef1a-12a9-4e51-872b-5b41c6d564d8,I did the free trial and canceled it the day of so i obviously wasn't charged. Well they charged me anyway. I've been trying to dispute the charge but its looking like i won't get my money back. scummy behaviors.,1,4,3.5.0,2023-10-13 13:23:07,,,3.5.0,pho868530,com.ai.polyverse.mirror
16789548-620e-4904-900b-9374fbd2ecc0,Paid 15.49 for lifetime use in Nov 2020 but now I can't use most filters choices. No idea why. If I click on 'restore purchase' it just says 'restore successfully'. Restarting my phone uninstalling and reinstalling your app a few times also doesn't fix the issue. Edited review: It's even worse after uninstalling and reinstalling! Most of the features don't load at all now! What am I supposed to do with the app? What's going on????,1,33,1.417.127,2022-07-10 17:34:18,Hi Starry Quarry really sorry for the inconvenience. This issue has been resolved please try again and if the issue persists feel free to contact us at polish@inshot.com. Thanks a lot in advance.,2022-07-11 23:15:22,1.417.127,pho441960,photo.editor.photoeditor.photoeditorpro
5cc5df6f-14e8-48fd-9807-982008038117,Agradeo muito por criarem esse app foi com ele que preparei minha surpresa de dia dos pais! de uso muito fcil e prtico com vrios filtros e funes rarssimos bugs e muito divertido. Realmente muito obrigada. Aqui esto meus votos de confiana!,5,0,,2023-08-13 06:21:52,,,,pho875021,com.ai.polyverse.mirror
a69b6d2c-1023-4661-ba0a-13fb1adca5c4,Pretty good mini PhotoShop app for needing to do some quick edits! Been using it the past 2 years to help crop my pieces correctly when posting on Instagram/etc.,4,2,,2022-02-25 20:28:55,,,,pho261852,com.adobe.psmobile
afce6602-3e3e-4e88-882c-c5ed685b2cf9,I think this app is as good as the best av seen with a lot of individual control,3,0,,2023-09-19 01:03:59,Hello! Thank you for rating us. Please share your ideas on how we can make the app better at support@pho.to. Thank you.,2023-09-19 01:35:16,,pho643333,vsin.t16_funny_photo
8ca205a6-4171-41a8-8e4e-a739369cb8da,Very good performance Good App,5,0,1.417.127,2022-09-05 08:32:33,,,1.417.127,pho489532,photo.editor.photoeditor.photoeditorpro
4bdf316e-1f60-4bb8-b59b-70681b0f546f,Good effects good badground i love it.,5,0,1.387.110,2022-02-05 00:31:59,,,1.387.110,pho484083,photo.editor.photoeditor.photoeditorpro
20f94689-3ccc-428f-8f9d-65bbd101e4d8,best photo cleaning app,5,0,,2022-11-23 10:14:35,,,,pho944050,com.bigwinepot.nwdn.international
4d87dc4e-e043-4ae3-b42a-9b3d0ea64aa5,Conned me out of 45. Im now short for paying my rent putting my childrens home at risk thats how tight money is. Ive explained in email that this was a genuine mistake and i really cannot afford for this money to have gone out my account. You can delete my subscription and account because i didnt want this. All i get back in reply is a big FU generic message. Terrible attitude from picsart. Hope you are happy that im now short for paying essential bills to keep a roof over my childrens heads.,1,1,25.5.3,2024-08-19 21:01:31,Hi there please be ensured that we investigate every single refund request we receive on a case-by-case basis and make decisions based on our refund policy. Refunds are only provided if we receive the notice of cancellation before the trial period has ended.,2024-09-06 04:23:26,25.5.3,pho67000,com.picsart.studio
9f2eff10-a587-4b2e-a6c1-10371a8e333f,After its new update it's the worst app,2,1,3.7.541.202346903,2024-02-29 22:17:25,,,3.7.541.202346903,pho942664,com.bigwinepot.nwdn.international
0365137c-7ea2-4499-bb0f-8ca38549cb67,CRASHES EVERY 2 SECONDS. Every update makes this app worse.,1,1,20.7.3,2022-10-07 00:48:35,"Thanks for the feedback - we'd love to look into this for you. Can you please send us an email at support@picsart.com with the subject line ""App Store Review""? Our team will investigate and work on a fix for you.",2022-10-07 03:23:34,20.7.3,pho114851,com.picsart.studio
0bb98d09-fff0-4ca8-a3d7-bea7f3bf6c8c,Very nice is no pay to use it,5,0,3.7.304.202238710,2023-07-21 00:58:01,,,3.7.304.202238710,pho940398,com.bigwinepot.nwdn.international
a540efbe-af63-4a6e-8eec-f3b141df3322,It's Simple and Awesome,5,0,,2023-07-18 16:54:22,,,,pho12228,photo.editor.photoeditor.filtersforpictures
a12beca0-e1af-40f5-8d1f-7dceaee92515,It's amazing take it please but onlyy boring when it says monthly payments,5,3,1.3.0,2024-08-09 17:38:51,,,1.3.0,pho1054748,com.ai.avatar.face.portrait.app
a48ae4b4-c053-47dc-9751-695324217830,This aap is very good this aap have great editing tools for beginners I have greate experience in this aap,1,0,1.417.127,2022-09-01 06:19:31,Hi Max Nagar thanks for your review. If you like the app could you please give us 5 stars? That would be very encouraging for us. We will keep going and delivering the best. Many thanks in advance.,2022-09-01 23:08:49,1.417.127,pho460912,photo.editor.photoeditor.photoeditorpro
2f292165-d4f2-4be8-9e95-3672120a016d,Good app for edit photos but too much limitations disappoints us,5,0,3.7.395.202283302,2023-10-22 02:47:11,,,3.7.395.202283302,pho905038,com.bigwinepot.nwdn.international
f1eb49ea-434d-4c6d-90cd-a78f7dccb975,Awful in order too cancel a subscription you need to follow numerous time consuming steps thus making it a difficult and time consuming task. I wonder why they made it so difficult?? I think I know the answer how about you.,1,0,,2022-04-03 09:31:38,Hey thank you for writing in. We hear you and we're sorry that your experience has been less than ideal. We'll make sure to pass your feedback to the team.,2022-04-03 09:55:16,,pho80820,com.picsart.studio
8a8a92db-0055-48c1-aa7d-78813ae5df4e,it automatically installed itself on my device when I have not even opened my google playstore :<,1,3,,2023-10-12 06:47:57,Dear user we will not automatically install without the user's consent.,2023-10-27 04:28:24,,pho823471,com.energysh.quickarte
0f439172-a3e5-4882-ae3a-8c25fdb8d96b,App is very good but ad's bahut ate hai,5,0,3.7.458.202308449,2023-12-15 06:45:56,,,3.7.458.202308449,pho921867,com.bigwinepot.nwdn.international
861d0cf4-0015-433e-a44e-49768761ebdd,This is the best photo cleaner app,5,0,3.7.284.202223827,2023-07-07 23:32:17,,,3.7.284.202223827,pho936568,com.bigwinepot.nwdn.international
65c907db-b131-4a4e-a66f-c72aa272e98c,Worst app. This app is not working. I am uninstall this application.,1,1,22.5.10,2023-06-28 12:35:33,We appreciate your feedback. Our goal is to provide the best experience for our creators and we're sorry if this wasn't the case for you. You can always view our FAQ at https://picsart.help or reach out to our Support team for more individualized support.,2023-06-29 07:50:49,22.5.10,pho128706,com.picsart.studio
692f451a-cd67-42e7-be9a-dd1b6a76677e,Lots of afvantages and little disadvantages. This app is really cool; you can erase pictures to make it look like the baclground and added picture looks like it is in the same picture. Plus you can delete some areas you don't want and it'll delete the marked area as best as it can. You can also turn some images into cartoons or make collages or ad texts. Really a pro. But the disadvantages: it shows us ads at the beginning and the end all the time. So well I'll just say EXCELLENT,4,2438,1.462.152,2023-09-15 05:00:06,,,1.462.152,pho441716,photo.editor.photoeditor.photoeditorpro
15cb10db-4f6f-46ce-b41a-327b155801a4,I think it is intresting but when u download and it doesnt want to They take our data,1,0,,2023-08-26 12:17:02,,,,pho902186,com.bigwinepot.nwdn.international
a89af9f7-817c-4d60-b701-5f845f22d441,It was so amazing to me also it has so many features that helps you clear your picture to look the way you like it,5,7,,2022-01-07 18:35:42,,,,pho638381,vsin.t16_funny_photo
a4fc968c-d7e3-4748-a2e6-c43ddc2b8b30,amaizing everything you need is there. I enjoy the App.,5,0,1.462.152,2023-08-12 07:10:36,,,1.462.152,pho473749,photo.editor.photoeditor.photoeditorpro
3768a3c1-6f63-4ca4-9b6b-70d451e09c1d,Its now full of ads every customization u click like even just removing a certain effect it wants you to watch an 30sec long ad. (I know for it to continue to be free it needs ads to be in it) But not this much for every click at least eneable us to remove certain effect that is too much,2,0,3.7.267.202210518,2024-06-29 20:55:33,,,3.7.267.202210518,pho877901,com.bigwinepot.nwdn.international
1ac8c0ac-6bd9-4133-8967-0421e8f755aa,FAKE APP ONLY EDIT 2 IMAGE,1,2,2.0.2,2023-07-09 10:37:42,Dear user we have several free times a week for you to try. If you think it is good you can subscribe to our membership for unlimited use.,2023-07-10 03:53:43,2.0.2,pho824857,com.energysh.quickarte
cca4ff26-71ff-466e-b504-feb742029606,in this app all good but more ads kindly remove this add,4,0,3.7.373.202273829,2023-09-27 22:23:59,,,3.7.373.202273829,pho909612,com.bigwinepot.nwdn.international
94cbb30b-8b69-43e9-9afe-fa7f25ec57aa,Almost functionalise app to edit and manupulate your photos easily,5,0,,2024-05-02 09:56:11,,,,pho103893,com.picsart.studio
3ac32413-84c3-42f4-a74a-95a49b25c68c,i got the best app for edit my pictures.. thanks to creators!!,5,0,3.6.56.202147811,2022-10-10 16:42:16,,,3.6.56.202147811,pho913077,com.bigwinepot.nwdn.international
2ef030f4-41e7-40ef-a8c0-a917bf2d7754,U know a musicians work by the way its Airily Dome on all platforms the work will explain its self I even find it easier on this side,5,1,23.0.12,2023-09-02 15:22:08,,,23.0.12,pho107645,com.picsart.studio
9b1e2c50-23b9-437d-b44d-1d91e3e1e1f3,Very nice app. Easy to use,4,0,1.551.124,2023-06-03 05:00:12,Hello thanks for your support. Could you tell us where we need to improve or which features and materials you prefer so that we can give you a better experience. You can send your suggestions to our email: lumii@inshot.com this is very important for our improvement. Thanks and have a nice day.,2023-06-05 23:11:18,1.551.124,pho11496,photo.editor.photoeditor.filtersforpictures
a21f81e6-f52a-4390-9209-57eab8a99a0c,Easy to use and it's free,5,0,,2024-09-28 04:28:52,,,,pho486945,photo.editor.photoeditor.photoeditorpro
a9c8d53f-8e6d-4da6-9a92-251ae81596e5,ads should be stopped!,4,0,,2024-08-31 09:42:27,,,,pho908030,com.bigwinepot.nwdn.international
84fccf4b-992d-4c47-b5d2-a51cc776796f,Great effect in this app,5,0,1.652.157,2024-08-30 00:17:22,,,1.652.157,pho4890,photo.editor.photoeditor.filtersforpictures
7d7ac878-6df0-486a-a754-90e75fa87fea,This app's adverts would have been bearable if they acted like ads from other apps. I watch it and it eventually goes away. THIS APP FORCES YOU TO STAY ON THE ADVERT FOREVER. NEVER LETTING YOU SEE YOUR PICTURE. DO NOT GET THIS APP IF YOU ACTUALLY WANT TO USE YOUR PHONE. You have no idea how frustrating it is to try and leave the app and suddenly have the advert just install itself WITHOUT MY PERMISSION. This is the same as a virus. DO NOT INSTALL.,1,6,3.3.5,2023-08-16 05:00:55,,,3.3.5,pho867436,com.ai.polyverse.mirror
3a8b519c-be36-4fef-850d-2b1471314fbb,I can't open the app anymore after I delete it..,1,0,,2023-03-11 08:36:04,We're aware of the issue and our team is looking into it. We're hoping to have it resolved soon and appreciate your patience.,2023-03-14 08:19:21,,pho134896,com.picsart.studio
916a8875-43ac-4c31-8425-054d145c7bf0,Description and ad isn't true .When you open apk everything is different .Not Recommended !,1,0,,2024-10-11 11:33:59,,,,pho829641,com.yes366.etm
998da18d-0475-40a6-b46c-d34cfe66a9b3,This app is using up all my memory in no time. As soon as I use the draw boom.. all the memory in my phone evaporates. Yes my phone is compatible and it has a great memory as do i. I remember when this app was first launched and it was above the rest. It used to be 5 out of 5 and over the years I have watched it drastically drop. It does have a few positives but the negatives are greater. I wish you were in your early stages again,1,1,,2023-01-23 03:55:57,"Thanks for the feedback - we'd love to look into this for you. Can you please send us an email at support@picsart.com with the subject line ""App Store Review""? Our team will investigate and work on a fix for you.",2023-01-24 01:47:31,,pho65711,com.picsart.studio
7209368b-99bf-4a06-8223-d770ee85d5f3,Lots of options. Easy to use. Recommend to all that enjoy photo editing.,4,2,1.530.121,2023-01-21 18:37:53,,,1.530.121,pho2587,photo.editor.photoeditor.filtersforpictures
abb417d7-fd34-4ecd-944d-3d9ed1efc92f,Over all good but I still gotta learn much how to use the adjusments,4,0,13.1.387,2024-04-17 10:28:47,Hi there! Thank you for reaching out to us. Please check our guide for the app [https://helpx.adobe.com/photoshop-express/get-started-android.html]. If you need further assistance feel free to write back. ^DC,2024-04-23 09:56:12,13.1.387,pho274921,com.adobe.psmobile
85d85571-9b00-49ab-8147-22c03762e775,The app requires you to give it your identity before you can even use it. WHY? There is no reason for that unless they want to SPAM you or spy on you.,1,0,,2023-01-23 05:16:22,Hi there the sign-in process and an Adobe ID help us deliver a better customer experience and can be very helpful for troubleshooting issues that might arise. It also enables us to verify the customers age as you must be 13 years or older to register for an Adobe ID. We hope you understand and will consider using the app. We're here to help!^Chan,2023-01-27 18:59:57,,pho270541,com.adobe.psmobile
b3ae2c5b-9ea3-46e8-83ff-2383a5b936db,Man this app is fire If only it could have colour lookup filters like the real thing. It would be better,5,0,8.1.958,2022-05-29 18:29:05,,,8.1.958,pho267897,com.adobe.psmobile
ade82fe5-16f2-46c8-aa11-ccce88c1d606,I love working on this app.. Great for any art project.,5,0,20.4.2,2022-09-29 02:04:01,,,20.4.2,pho117487,com.picsart.studio
4be0d612-7a1f-4aa3-8d23-f445600bf264,Waste of time dont use this,1,0,,2022-03-23 22:22:41,,,,pho978074,com.bigwinepot.nwdn.international
49081651-e63d-4f32-8462-8509876ffb5b,It's a wonderful app The only problem here is that after editing the picture the resolution is reduced. If Picsart can make it like Lightroom or Snapseed then it will be the number one app for mobile phones. Please Picsart group fix these issues..,4,0,,2024-04-09 09:28:59,,,,pho73243,com.picsart.studio
acb1c5d8-3863-4cb9-b58f-2526f14c80b1,hello guys since I started using photo Lab I have not use any other photos is so lovely,5,0,3.11.7,2022-01-04 17:45:00,,,3.11.7,pho658681,vsin.t16_funny_photo
5ddc5739-21ca-46b5-8e3c-0f493809bacb,Great app does everything one can want,5,0,,2023-12-02 06:14:05,,,,pho493139,photo.editor.photoeditor.photoeditorpro
0d3b4db5-b3b8-4dd1-9dae-6377c0d1c428,Love the speed with which i can adjust photos. Just wish there were a little more flexibility in using text.,4,0,8.1.958,2022-05-01 01:13:23,,,8.1.958,pho261029,com.adobe.psmobile
e88e3271-48cb-4d30-bf9c-e5cdfb671952,Why we have to watch so many ads?? After the latest update this app become useless I lost all my photos saved in history after THIS recent update. How can I restore them??,1,25,2.0.7.202110813,2022-03-22 11:49:43,,,2.0.7.202110813,pho890388,com.bigwinepot.nwdn.international
9f63c5a8-a015-459a-aefe-48eb20d460e1,Used this the make my pp pic bigger,5,0,,2023-05-18 01:36:51,,,,pho524229,photo.editor.photoeditor.photoeditorpro
1d252bc4-4dbb-4dc5-99fc-f5e472286577,Nice really photo quality improves,5,0,1.7.5,2022-02-19 09:33:03,,,1.7.5,pho916901,com.bigwinepot.nwdn.international
f785cd56-d7cb-41ed-852c-6b9e685bff5c,"Impossible to open the app since a few days tried to install again every time it says ""no internet connexion""",1,0,21.9.5,2023-04-02 14:13:36,"Thanks for the feedback - we'd love to look into this for you. Can you please send us an email at support@picsart.com with the subject line ""App Store Review""? Our team will investigate and work on a fix for you.",2023-04-04 07:14:49,21.9.5,pho98649,com.picsart.studio
20fe0315-aa32-4594-828b-9b2c996ee5f8,Can you please remove anything like payment,1,0,3.12.73,2023-10-20 06:43:54,"Dear user thank you for your feedback. The subscription is optional and lasts only three days. You can close the banner on the start via the ""Back"" native button and continue using Photo Lab for free without access to the PRO features.",2023-10-20 08:33:12,3.12.73,pho682774,vsin.t16_funny_photo
a8f8baf2-acc3-4f2b-bf27-be71eb1cea2c,It's been a good app before but recently I could hardly use it it generate's the images of the first person uploaded it's doesn't change even after clearing the app storage you should fix it cause it's actually frustrating now,1,6,3.7.364.202268972,2023-09-14 16:54:48,,,3.7.364.202268972,pho880553,com.bigwinepot.nwdn.international
344f338f-ac15-40a1-8309-faf2d106c23d,I can't use the apps i even uninstalled and install again but it wasn't doing anything pls fix the apps i like the old version of this apps it's easy to use than the update.,1,0,2.0.5.202108955,2022-03-03 06:34:10,,,2.0.5.202108955,pho888651,com.bigwinepot.nwdn.international
633a2505-ad08-404f-a5f0-38a85ad47c11,This is a very useful app for photo editing or video. But I can't use any Bengali or any other front I downloaded. It needs correction. From Bangladesh,1,0,,2022-01-26 12:23:56,"Thanks for the feedback - we'd love to look in to this for you. Can you please submit a request at https://bit.ly/3FyzZQc with the subject line ""App Store Review""? Our team will investigate and work on a fix for you.",2022-01-27 03:06:49,,pho88538,com.picsart.studio
c7c778e9-aea5-44dc-8ac7-1f2aacaabb48,It's a really nice app :) I can make videos and it's really easy to use! Some people don't like it but I do!,5,0,21.1.3,2022-11-22 17:25:58,,,21.1.3,pho103487,com.picsart.studio
722451f6-d3a4-4d2c-aeb1-95e9133fbb03,A lot of free core features went paid for no reason and of course it's a subscription model so uh.. yeah no. I'll just use Lucky to patch it.,1,1,7.5.862,2022-09-11 11:05:02,,,7.5.862,pho264415,com.adobe.psmobile
03a1b491-743a-48a9-8d03-d8047eba0594,If I give my idea in textual from can picsart make a picture from that.,5,0,,2023-11-17 06:10:00,,,,pho127048,com.picsart.studio
207fad57-6885-49b1-a642-6acccd073fc9,The great App In my opinion if you add Avatar of specific country looking people..then it would be more nice For example if I am an Indian then you must add Indian people looking Avatar. Giving users of their choice is a better choice. Recommendations Add specific country people's Avatar.,4,8,1.2.0,2024-01-05 02:32:46,,,1.2.0,pho1054890,com.ai.avatar.face.portrait.app
04a78c52-17f4-45e2-a74b-719f57fca540,This apss is good but the new update I hate,1,0,3.4.55.202139532,2022-08-09 22:55:45,,,3.4.55.202139532,pho932114,com.bigwinepot.nwdn.international
c7b0e79c-372f-4bb6-bb46-b7f41cbd0909,ilike it so much kumita ako ng pera gamit ang pageedit ko gamit to,5,0,,2023-09-13 10:36:34,,,,pho875033,com.ai.polyverse.mirror
e03e4e46-89f3-453d-aa00-29499f293df9,This app is very good but no screenshots is available,1,0,,2024-08-15 03:57:41,Hey there thank you for writing in. The screenshot/screen recording function is not available with certain features like Effects Retouch Remove and more. You can use the screenshot/screen recording function when you subscribe to Gold. Learn how to subscribe here: https://support.picsart.com/hc/articles/360002231997,2024-09-04 10:53:08,,pho117853,com.picsart.studio
8c5520f5-0c05-44e6-9cca-d855ced5ff86,Very nice Editing App,5,0,1.417.127,2022-07-19 16:14:38,,,1.417.127,pho500978,photo.editor.photoeditor.photoeditorpro
8feb3c96-6618-416f-9469-177a79948379,The worst app ever for one photo we have to watch an ad of almost 10-15 min plz don't download,1,1,3.7.698.202412939,2024-07-17 12:40:11,,,3.7.698.202412939,pho877120,com.bigwinepot.nwdn.international
d6448658-f816-4e77-8c79-b9af6c10c450,I like this app. The different styles and colors are wonderful. Editing is the best. I recommend this app if u like to editing pictures,4,2,21.3.7,2022-12-27 18:49:52,We appreciate your feedback and understand your concern. Picsart will always offer a robust free version of the app with access to hundreds of free features and millions of pieces of free-to-edit content that you can access without a subscription.,2022-12-26 04:04:43,21.3.7,pho94528,com.picsart.studio
0ca68580-7eda-4127-abaa-463bac0f20b8,Well done. But i want more progresss,5,1,2.0.0.0,2023-07-03 10:57:00,,,2.0.0.0,pho824377,com.energysh.quickarte
d631b925-6c3e-47b9-9e60-0047f09721cd,Would've kept using it but the amount of ads is ridiculous. Any action will trigger 1-2 ads,2,0,1.06.13,2024-10-01 04:26:49,,,1.06.13,pho829513,com.yes366.etm
6e4acb21-eb2e-4e8d-b96f-f3fb37243860,I Use Picsart App Since 8 Years There Are Many Bugs And Glitches In This Application One Of The Most Bad Thing Is That When We Edit Something The Application Crashes When We Tried To Open The Application The Application Crash The All Over The System ! I Request To The Picsart To Fix It !!!! Thanks,3,6,22.1.4,2023-04-28 13:40:00,"Thanks for the feedback - we'd love to look into this for you. Can you please send us an email at support@picsart.com with the subject line ""App Store Review""? Our team will investigate and work on a fix for you.",2023-05-02 07:03:45,22.1.4,pho72939,com.picsart.studio
e12c3c6d-29df-43c7-b233-cd9f5d614952,It's 100%good.but just the unlock area ..the money should be reduced because some country currency is really big to reach the designated amount,5,1,22.9.5,2023-08-09 07:42:30,,,22.9.5,pho96981,com.picsart.studio
81ebccd8-6ef7-44cf-99ac-b0a4c0579499,should be more free filters,3,0,3.18.0,2024-06-10 13:43:52,,,3.18.0,pho869433,com.ai.polyverse.mirror
16d74658-19a5-4146-95bf-640efdc7dcba,This app was fantastic but there is so many ads which are annoying me but this was really good,4,0,,2024-07-04 04:27:26,,,,pho897812,com.bigwinepot.nwdn.international
05b6a3a2-38d8-4751-8715-6e9e90712ebd,generating fingers and hands are the only thing that bothers me about this application .the rest is nice . i just hope they bring back the animals and pets album,5,0,3.7.185.202187427,2024-03-17 07:54:51,,,3.7.185.202187427,pho887731,com.bigwinepot.nwdn.international
0aaa288a-f975-48b9-8998-efe6307ecf9d,It some times glitch a lot,5,0,1.53.166,2024-05-13 05:02:10,,,1.53.166,pho482093,photo.editor.photoeditor.photoeditorpro
dadde3c0-faff-4c07-83ca-3bc9656af211,so many ads compared to the older version. ruined the app after the update. now i cant even enhance a single picture since the ad doesnt even want to play.,1,9,2.0.7.202110813,2022-03-15 01:46:16,,,2.0.7.202110813,pho885998,com.bigwinepot.nwdn.international
78eb1e50-d31e-4c8a-b8e9-70a09f33d2a1,Sometime not working properly,3,1,,2023-10-07 00:20:52,,,,pho920503,com.bigwinepot.nwdn.international
360227ff-a9c1-4ef9-a511-c58e86d16aa1,My go-2 app It never let me down. Very consistent easy to use once you know some of tricks. When you pay which I do they open a ton of freebees..a million photo choices templates stickers of all kinds + I found ai Disney cartoons and I sometimes have so much fun with their filters I'm on hours ENJOY,5,10,1.432.136,2022-11-02 23:51:00,,,1.432.136,pho443165,photo.editor.photoeditor.photoeditorpro
561cd023-d4f8-4bf1-a8b9-339472cfa2c9,It's a master piece app for the users who can't edit their photo. This app allows user to edit their photo in seconds. Thanks to it's creator.,5,38,3.12.92,2024-02-11 23:33:57,,,3.12.92,pho634262,vsin.t16_funny_photo
a9085d2f-e3f6-4a36-b237-5fefcb1e463f,its paid can't use anything for free and glitches,1,0,,2024-05-12 14:22:12,,,,pho911647,com.bigwinepot.nwdn.international
58b97127-3eca-4b46-97a4-14e2319499f0,it doesn't help with blurred photos that was why i downloaded it but it didn't help,1,0,,2023-08-29 19:48:51,,,,pho915336,com.bigwinepot.nwdn.international
9298977d-e2fa-47ce-a5c8-c2564c7a50fa,Not at all working after update this App.,1,0,3.7.702.202415843,2024-07-22 07:47:45,,,3.7.702.202415843,pho882268,com.bigwinepot.nwdn.international
31e87dc1-fb9b-4cf1-8922-d5a14e24a638,you should try to reduce the ads time.,4,0,,2024-08-30 16:38:20,,,,pho904205,com.bigwinepot.nwdn.international
95e556a7-5338-4704-b366-45eb9c173baf,App error while authentication,1,0,,2022-04-08 15:54:40,We're so sorry for the trouble. What is the error message you are getting while signing in? Please write to us at PSX-Feedback-Android@adobe.com with more details or a screen recording; it will be very helpful for us to investigate and fix the issue. We're here to help. Thank you! ^Chan,2022-04-29 07:43:20,,pho289614,com.adobe.psmobile
42ed6b35-82d8-4830-8a1f-7bce7967c7d4,awesome.this is right app for making good quality photo. free version is so cool .then think how will the pro version . i really like this app. don't wait just click download. . blooper. it contains add. one phone one addd only .,5,3,2.1.1.202112761,2022-04-02 14:23:18,,,2.1.1.202112761,pho886816,com.bigwinepot.nwdn.international
236ed435-7bdb-47d1-9c50-ee245e86f316,Trust me when I say this app is WONDERFUL! Its features are impressive and the AI really works the magic but the ads could be simmered down a bit.,4,20,3.7.421.202292979,2023-11-28 17:42:53,,,3.7.421.202292979,pho885821,com.bigwinepot.nwdn.international
d2688b12-979c-468c-9361-50d242481a60,Lots of photos editing options,5,0,24.7.5,2024-04-25 17:30:50,,,24.7.5,pho92789,com.picsart.studio
57f479dd-a87c-438d-9d36-8e789c819b2d,It's fun and let's u pick little stickers,5,0,24.5.5,2024-03-28 19:30:38,,,24.5.5,pho133390,com.picsart.studio
1c850e68-5ef0-4463-819a-32e2da3591d9,Am using it past 3 to 4 year it is amazing to use photo editin and vidio edit. I change my mobile and into every mobile i always install picsart.i love to rate it beacause it help me every time thanks picsart,4,1,22.6.8,2023-08-20 11:26:35,,,22.6.8,pho94626,com.picsart.studio
8b7eeedb-5c91-4016-832e-9c4cd16c1c72,Love always try to improve the AI generation part. There is an app named Imagine AI they have done good work. There is only 1:1 ai art frame. Add 4:3 3:4,5,0,,2023-11-15 14:09:30,,,,pho98008,com.picsart.studio
82d72ce2-e934-49a7-8774-b35b1d2a98b8,works great still sucks for a mobile app though,4,0,12.6.300,2024-02-26 14:57:39,Hi Bradley! I am sorry that you feel such a way about the app. Could you please provide more information about your dissatisfaction with the app so we can work on it and improve it for you? We value your feedback and any suggestions you have to help us make the app better. Thank you! ^DC,2024-03-03 00:06:26,12.6.300,pho279919,com.adobe.psmobile
a5b92991-4c8f-46fa-bc26-9c7d606d5092,Hungry for money.. Dnt use,1,0,2.0.5.202108955,2022-03-11 13:13:25,,,2.0.5.202108955,pho971458,com.bigwinepot.nwdn.international
6ab8970e-7849-484c-aa0a-2b5ca6a9e163,this app is very helpful thanks so much for creating this app I gave my full star on this app it's help me alot to all photos I need to Remini I use this app to make may reference clear before to draw,5,0,2.0.7.202110813,2022-03-20 04:02:22,,,2.0.7.202110813,pho895591,com.bigwinepot.nwdn.international
d25adf28-d8ea-4b77-9c8d-550fefc84927,I'm really enjoying this app with my photos,5,0,1.395.116,2022-02-22 05:56:13,,,1.395.116,pho484587,photo.editor.photoeditor.photoeditorpro
05b5db0c-0be8-4ef2-8b68-2141b4d897a9,It changes money in free trial,1,0,,2022-08-30 01:49:45,,,,pho946238,com.bigwinepot.nwdn.international
5f631804-74f9-471e-9eb4-31b88a20c2da,This app was great I even paid to use the extra features. This is when it started going downhill. I cancelled the subscription so it would not auto repay without my knowledge. The next time I logged into the app it tried to make me pay again even though my subscription is good for a year. The extra features no longer worker citing a network error. I've uninstalled and reinstalled the app. Without restoring my purchase the app works with adds but stops after restoring purchase.,2,7,,2024-08-12 11:34:10,Hi Kelsey Winkler sorry for the trouble.You can uninstall Polish-open Google play-switch to the subscribed account and download again - Open Polish-Click restore. I hope it helps. If you need help please feel free to contact us at polish@inshot.com.,2024-08-13 01:38:10,,pho441100,photo.editor.photoeditor.photoeditorpro
74d755eb-7212-47e1-b19a-e91dceb49354,This is not an alternative to photoshop mix,1,1,14.1.116,2024-06-15 23:28:28,Hi there we understand your concern. Photoshop Camera Photoshop Fix and Photoshop Mix are no longer available but many features and workflows can now be accessed through the Photoshop Express mobile app. For more information please visit https://helpx.adobe.com/mobile-apps/help/photoshop-fix-mix-eos-faq.html. ^Sam,2024-06-18 07:03:19,14.1.116,pho272150,com.adobe.psmobile
590fd365-54ed-4a14-97f1-d00b87361d39,I really like the remove feature great for anything unpleasant in the background or anything like that even a stain on a dress.,5,0,1.417.127,2022-09-20 11:31:19,,,1.417.127,pho448468,photo.editor.photoeditor.photoeditorpro
ed01f2f2-4054-4ee4-a327-7f423ec6e529,It is really good it arrange your picture and make it cool,3,0,1.442.143,2023-01-23 14:36:06,Hi Nimbayor Victorine thanks for your review. Happy to hear that you find the app good. If you like the app could you please give us 5 stars? That would be very encouraging for us. We will keep going and delivering the best. Many thanks in advance.,2023-01-23 10:42:36,1.442.143,pho462380,photo.editor.photoeditor.photoeditorpro
398f54f7-94af-4641-ba3f-a1502d16b18b,The best among the other apps. Only negative point about Remini is showing of 30 seconds ad two times at the time of enhancing and saving.,4,1,2.4.1.202118010,2022-05-31 14:04:52,,,2.4.1.202118010,pho884034,com.bigwinepot.nwdn.international
04a50a18-025b-4b32-a054-72e302566731,Boht hi fazol app ha totly time waste,1,0,,2022-06-21 11:12:40,,,,pho961749,com.bigwinepot.nwdn.international
3488302d-eda0-4d83-92fc-e6ff12960cca,Adobe Photoshop are you mad these days? What screenshots you have offered? Only in Hindi language! Do you think Hindi is the official lang of India ? What about other languages?? Kindly update all the screenshots to English lang Which is the correct it will make everyone to understand not all the peoples in India read/write hindi. Think about Tamil Telugu Karnataka Malayalam Marati etc.. If there any racist dev is there kindly kickout and Generate the SS in universal lang. Humble request.,1,0,,2024-02-17 01:30:04,Hi Ajmal! Thank you for reaching out to us. Please advise the screenshot you are referring to. Also if you can check the language setting of your device. You can also check our guide for the app [https://helpx.adobe.com/photoshop-express/get-started-android.html]. ^DC,2024-02-26 10:36:54,,pho274525,com.adobe.psmobile
f5533c2d-afa3-49e7-aae1-603d09d8fc9a,AI fake face edit is too much with the enhanced mode! Unusable,1,0,3.7.784.202452169,2024-10-06 15:50:15,,,3.7.784.202452169,pho876466,com.bigwinepot.nwdn.international
cd36de40-e8f1-475a-9609-9982d60ca2b8,Best app for thumbnail and making banner,5,0,20.1.3,2022-07-26 01:33:19,,,20.1.3,pho129749,com.picsart.studio
562e983f-cfef-4052-9ffd-b98908083034,Outstanding photo editing app.Every editor needs to download it,5,0,10.1.26,2023-08-26 03:58:03,,,10.1.26,pho273410,com.adobe.psmobile
39539e40-84a1-4b8d-85ea-2dc97c05a386,I like this app it makes things very easy for me,5,0,20.0.4,2023-02-17 02:52:40,,,20.0.4,pho142598,com.picsart.studio
e8a6a5be-d5b1-430b-8ef0-9470d9ace980,Good aap for photos,5,0,1.472.155,2023-10-30 06:04:04,,,1.472.155,pho496487,photo.editor.photoeditor.photoeditorpro
40eb51a5-887a-4bd5-b0c6-3a91a3e04a4d,There is a problem when I create (fake a face) It affects face number 2 and destroys his face including the eye part for example making it narrower. This problem was not present in previous versions. In previous versions it only affected face number 1 and this is as it should be.So please fix this problem because it is ruining the images.,2,110,3.12.83,2024-01-29 23:23:43,Hi thank you for taking the time to review our app and sharing thoughts with us. Unfortunately Artificial Intelligence that is involved in most effects is not perfect and has just started how to draw correctly. Nevertheless we are open to new ideas and user experience is our priority. You can always e-mail us at support@pho.to,2024-01-30 09:54:30,3.12.83,pho630535,vsin.t16_funny_photo
c1b2ebce-5b57-473e-aad3-9227d4d9f424,its beautiful because it really makes the picture clear,5,0,2.5.0.202122083,2022-06-11 00:44:26,,,2.5.0.202122083,pho910430,com.bigwinepot.nwdn.international
c98140a8-56fb-41fe-863b-c8ac2da546a5,I love it. I use it to my buddies in all kinds of funny situations.,5,0,1.363.94,2022-03-16 19:10:47,,,1.363.94,pho465213,photo.editor.photoeditor.photoeditorpro
dd5d0231-f6b6-4998-a731-43d4814cbcc2,This App is Good. But I suggest y'all to cheat. There's a Free Pro APK in the Browser.,5,0,,2022-02-04 05:08:38,,,,pho912943,com.bigwinepot.nwdn.international
ddf3a946-6ed3-42e9-bbf6-8f16a7d743ad,I bought it because it let me type inappropriate keywords and it would do it and it was 30$ scam app for taking away functionality that people paid for,1,10,3.11.0,2024-02-08 11:57:30,,,3.11.0,pho869463,com.ai.polyverse.mirror
fb7306d5-eae6-4a0e-b79a-984f091d8258,Seems to be well worth the money. Cheers,5,0,1.483.106,2022-04-14 05:42:37,,,1.483.106,pho10058,photo.editor.photoeditor.filtersforpictures
a62499f2-c3e2-4b67-bde8-feae39c38e54,It took too much time in loading and didn't give any results. They should check the app properly,1,0,,2024-02-06 06:37:29,,,,pho896821,com.bigwinepot.nwdn.international
b2c95240-cfd4-4540-b3f1-a67c19edf0ab,Simply waste for very simple text photo design this app requires Payment. In So many photo editing apps there in the market. This app moto is collecting money. So waste,1,1,22.4.1,2023-06-20 15:43:55,We appreciate your feedback and understand your concern. Picsart will always offer a robust free version of the app with access to hundreds of free features and millions of pieces of free-to-edit content that you can access without a subscription.,2023-06-21 09:31:38,22.4.1,pho85572,com.picsart.studio
7e52e47f-8639-4885-9ccc-ced28648db64,Its very fun to use i can edit any picture,5,0,20.2.4,2022-08-01 19:50:34,,,20.2.4,pho133966,com.picsart.studio
a07eda34-2cd0-49e8-9bfd-b30299abd38d,Great photo editor. Especially if you love simple and easy to use photoshop,5,0,24.2.3,2024-02-05 23:47:33,,,24.2.3,pho101573,com.picsart.studio
a9575157-57d3-48f1-9762-f67dbb12d17c,Its an excellent app ever used. Love it by rating 5 Star,5,1,1.387.110,2022-01-30 11:51:17,,,1.387.110,pho487714,photo.editor.photoeditor.photoeditorpro
1e664f82-6c94-46fa-9338-13780d09f5cb,Soooo paid for a yearly subscription and woke up to freaking ads and having to pay download things I've unlocked?? No notice this was going to happen literally use this app everyday and nothing. So that's gross and deceptive (which is normally illegal). Uninstall it and something else.,1,1,19.9.4,2022-06-14 13:47:39,Hi thanks for your feedback. Follow these steps to recover your subscription content: uninstall Picsart open Google Play Store sign in to the Google Play account you used to purchase Gold (required!) reinstall Picsart. If this doesnt help contact us at https://picsart.support,2022-06-15 03:33:11,19.9.4,pho75334,com.picsart.studio
7469494c-76b0-4af5-aaa6-cb1f29fa2dd5,The app is so good to me,5,0,1.2.9,2024-07-28 04:49:54,,,1.2.9,pho1055385,com.ai.avatar.face.portrait.app
7b12c3f4-d38c-4650-a30e-b19062a645f0,0 currently it isn't working I've been having a lot of problems it sucks because I used to use it and I loved it bye,1,0,,2022-02-03 21:54:20,,,,pho902611,com.bigwinepot.nwdn.international
9fd46d2e-2a0a-4f8a-afa3-5fefe906bae9,Horrible experience. I spent 40+ minutes postured like a hunchback working off to replace text because guess what! they don't even have a color brush tool . The erase feature was just god awful and you can't zoom in while adding text for more detailed inputs. And when I thought the app was already bad when it was time to save the output it got stuck on a loading loop. I tried checking the outputs tab after restarting the app but there was nothing. 45 minutes gone. -2/5,1,29,,2023-08-19 10:19:40,"Sorry that we weren't able to meet your expectations. we will report the issue to our developing department to improve. We're always looking for customer feedback that we can use to improve our product so anything you can tell us is helpful Please click ""Feedback"" in the app to contact us.",2023-08-29 02:02:37,,pho832436,com.everimaging.photoeffectstudio
31d55d30-15ed-4b4a-a542-62921fec2eae,Worst app. No any free service.,1,0,,2024-01-29 08:23:20,"Hi our app has free & paid content(show""Try""). It is optional for users to try the free trial or purchase a premium subscription if they're interested in the premium features. If you don't want it you can skip the subscription menu and delete paid content to save photos. If you have further concerns please use ""Send Feedback"" to contact us.",2024-01-29 22:44:28,,pho152587,com.cyberlink.photodirector
03b09a31-f11b-4647-b814-26e4f67aa28f,What's going on with remini I can't use it when I want to remake my picture it is says that my phone has no internet,3,0,3.7.364.202268972,2023-09-16 12:24:14,,,3.7.364.202268972,pho912737,com.bigwinepot.nwdn.international
aeef6772-18a0-4541-b119-0a5026d347ad,"Utter trash. There's no reason to pay Adobe for ""advanced"" features if it doesn't even do the basics.",1,2,9.1.40,2023-03-27 10:42:25,,,9.1.40,pho266966,com.adobe.psmobile
77c93124-61b8-437e-a7a6-7c565b78a8c0,Easy to use no bs. No sign in or accounts.,5,0,1.530.121,2022-12-30 17:07:09,,,1.530.121,pho6353,photo.editor.photoeditor.filtersforpictures
2ec007b9-3359-4f94-8b2c-932fec61a80b,pro ka price 200 karna plz we r poor people,5,0,3.7.131.202175647,2023-02-14 10:03:00,,,3.7.131.202175647,pho987057,com.bigwinepot.nwdn.international
fbd3561f-4865-41ae-bdc5-dd347f504f7b,Great! Easy to access,5,0,13.2.400,2024-04-07 21:36:52,Hi there! Thank you for your positive review! We truly appreciate your feedback and are thrilled to hear that you are enjoying our app. ^DC,2024-04-10 12:37:08,13.2.400,pho279882,com.adobe.psmobile
f49e57ca-c0f4-410b-8bf7-8efbbdbced83,This is too good app for editing any photo. I really enjoyed it very much.,5,0,1.425.133,2022-10-21 09:37:55,,,1.425.133,pho458232,photo.editor.photoeditor.photoeditorpro
17635d08-f529-458a-9bbf-45f3727bff7a,One of the best editor app,5,0,1.417.127,2022-09-05 23:39:48,,,1.417.127,pho488955,photo.editor.photoeditor.photoeditorpro
1c6f3e93-b83d-46c5-b1a1-8302f1eb9cb2,Won't let you save image unless you buy pro. Never trying this app again,1,0,25.7.6,2024-09-16 05:01:46,,,25.7.6,pho67764,com.picsart.studio
9f490896-07c5-41f0-8ce5-240e63b1c075,adds up the a** but if you just want to change a photo it's okay,3,0,3.1.6,2023-07-29 10:49:48,,,3.1.6,pho870765,com.ai.polyverse.mirror
e5dab6a4-244d-471a-9e52-a21e5000b6f2,Super. Very easy app. Most usefull app.,4,0,1.502.162,2024-02-13 20:34:29,,,1.502.162,pho474868,photo.editor.photoeditor.photoeditorpro
573e5af9-652a-4cdf-ae76-5c224bc8a626,Fun inspirational and creative,5,0,7.3.33.220,2023-06-28 16:00:19,,,7.3.33.220,pho835438,com.everimaging.photoeffectstudio
bd8a1e0f-3fbe-4d5b-93cf-212c99409790,Excellent its easy to use and excellent results,5,0,,2023-06-03 19:44:04,,,,pho464653,photo.editor.photoeditor.photoeditorpro
1bb01f3e-9523-42f2-92b6-11b8bcfd4a3c,This is the best app I've come across so far. Hands down!,5,0,3.7.319.202250496,2023-08-05 01:04:09,,,3.7.319.202250496,pho921161,com.bigwinepot.nwdn.international
dcedaf99-898b-4aa4-9a36-6b882cfbb559,I don't know why I can not save the picture I edited so you have to try and work on that,3,0,18.7.3,2022-03-07 05:33:38,Picsart will always offer a free version of the app but we also offer premium features for Gold subscribers. Premium features are identified with a gold crown. To save your edit make sure you're only using free features or learn how to subscribe to Gold at https://picsart.help.,2022-03-07 05:42:21,18.7.3,pho131107,com.picsart.studio
6e22d0e1-c3ad-4639-b4d6-bba9b4ab7a82,Excellent app to rejuvenate old pictures. Highly recommended.,5,0,19.5.2,2024-08-19 16:10:37,,,19.5.2,pho144390,com.cyberlink.photodirector
db4d6979-b209-4516-9586-65710bf450e1,This app is not working,5,0,,2023-09-28 20:39:06,,,,pho940730,com.bigwinepot.nwdn.international
3ba03509-222b-42a1-9d5c-9057c04b3232,Lots of optimisation and content for a f2 use app,5,0,,2024-06-22 18:50:25,,,,pho468324,photo.editor.photoeditor.photoeditorpro
0ede6e15-8918-481e-ac41-dff680223a1c,I love it Once you get used to it it's so fun! And it's my go to app for editing fun pics!!!!! I'll probably never stop using it!!!,5,0,25.8.10,2024-10-05 15:17:09,,,25.8.10,pho65239,com.picsart.studio
79df5ebe-50d0-481c-a61a-7a2d31a0f564,I've had to delete and re-download the app for various reasons but it seems like every time I re-download it something that was previously free in the past is now locked. It's hard to think about the fact that a great majority of things I used to use for free are now locked even fonts. Theres now about 9 fonts and I can't even add my own because it needs gold,2,7,18.7.3,2022-01-14 14:28:54,As we continue to invest in our products and community we have recently made some additional features premium. This will enable us to enhance our tools & features for both Gold users and non-subscribers. Rest assured we will always offer a free version of Picsart.,2022-01-15 06:24:29,18.7.3,pho69361,com.picsart.studio
adf449fe-9015-4812-b4d0-4ccd19ccb5e9,This app is so much good I like this because this app have good opstion.,5,0,1.491.109,2022-07-23 05:00:55,,,1.491.109,pho17493,photo.editor.photoeditor.filtersforpictures
66e37c6e-e44f-4132-aed5-84e928bc02db,Can't open it.. it says no internet,1,0,1.7.5,2022-01-04 10:40:03,,,1.7.5,pho938942,com.bigwinepot.nwdn.international
b97fc328-1294-4642-9142-f2e5fed800e7,These app is so amazingn and i can make may old photo glow up im so impresed with these apps,5,0,,2023-07-01 20:36:25,,,,pho907541,com.bigwinepot.nwdn.international
40660962-111b-4058-8f50-57e241fb4de8,Loving the app so far lots of features are available for free and I love that you can watch an ad to test it more before you try the free trial because I always forget to cancel if I don't like something. Definitely considering going pro for only $8 a year!,5,6,1.395.116,2022-05-15 06:47:21,,,1.395.116,pho442529,photo.editor.photoeditor.photoeditorpro
9a5e5528-a43f-4d2d-8580-137a10b46c46,Such a nyc app full tutorial on Mr. Cute Gaming,5,0,,2022-11-08 08:58:21,,,,pho484622,photo.editor.photoeditor.photoeditorpro
acaeadfd-de62-450d-9d67-851c70dc3347,No adds no purchase.. Peak app.,5,0,9.2.64,2023-05-23 20:26:39,,,9.2.64,pho285988,com.adobe.psmobile
9dcd2344-c839-400a-983a-dd1032d07e71,The new update is trash. Because it is clearly known that this new update has deteriorated the quality effect of the image like the previous version. For me I liked the fact that the previous version enhances the image with better quality. Not recommended.,2,2,3.5.34.202142535,2022-08-22 10:48:02,,,3.5.34.202142535,pho879364,com.bigwinepot.nwdn.international
026bd5a4-c0c8-4f3f-810b-a737803ce5ff,This app was not working,1,0,3.7.435.202299010,2023-11-25 05:31:20,,,3.7.435.202299010,pho937284,com.bigwinepot.nwdn.international
68599d79-ff48-4f2b-9205-10845a6ca8fe,It's a great app with photos and staff,4,0,,2024-05-19 09:12:00,,,,pho650263,vsin.t16_funny_photo
c3c0e728-0dd0-4cd0-8b23-2a80bd4218f9,It's not free don't download can't do anything without paying,1,0,,2022-08-28 21:30:42,We appreciate your feedback and understand your concern. Picsart will always offer a robust free version of the app with access to hundreds of free features and millions of pieces of free-to-edit content that you can access without a subscription.,2022-08-29 04:23:15,,pho137362,com.picsart.studio
566a55c3-e5b0-40ea-a7d0-fc2e834eb9c0,Such a Fabulous app,5,0,1.491.109,2022-06-13 14:14:42,,,1.491.109,pho22621,photo.editor.photoeditor.filtersforpictures
03432e0e-8a9f-493e-b6d9-63eda67ebdfd,By adding text to image quality of the resulting image will be reduced. The text limited options itself in this app is a weak point.,3,3,1.15.22,2023-09-11 12:53:18,,,1.15.22,pho454052,photo.editor.photoeditor.photoeditorpro
315de6a4-1b39-4490-addf-322c6f45b29d,Best editing app using internet,5,0,,2024-01-14 23:52:53,,,,pho1051798,editingapp.pictureeditor.photoeditor
93819424-ac0c-4721-93c9-de32b3aebd2f,This app is perfect and active it actually worked quick,5,2,3.12.68,2023-09-23 15:33:07,,,3.12.68,pho649526,vsin.t16_funny_photo
16a39278-e160-4550-b88d-c07e54cbee15,Although the subscription payment and I'm broke this helped me edit the photos I take. The best of the best,5,0,1.416.126,2022-06-08 22:19:19,,,1.416.126,pho456396,photo.editor.photoeditor.photoeditorpro
03bfc4bd-4093-4dfc-aade-d5f5f8bee7f7,I like this app and all but the really headache problem is that when I record if I want to do a meme or trend it just shows a black screen when I watch the video and what is up with the GB? It showed a warning Low storage I would use this app sometimes tho..,2,1,20.8.4,2022-10-23 12:37:54,"Thanks for the feedback - we'd love to look into this for you. Can you please send us an email at support@picsart.com with the subject line ""App Store Review""? Our team will investigate and work on a fix for you.",2022-10-24 04:56:48,20.8.4,pho75382,com.picsart.studio
3268873a-bad8-46c4-a0d9-eb8eaeee8b3d,Picsart is the best free and premium app available in the market. Photo quality is never compromised after editing. A novice can easily edit photos with the help of this app. The UI is so simple.Thank you for making such an awesome app. I Loveeeeeeee it and appreciate the developers for making tons of free features.,5,6,22.3.3,2023-05-28 20:33:46,,,22.3.3,pho67223,com.picsart.studio
e1a9f578-b166-45d3-8e9b-cd38baffb6c9,It's a misunderstanding to name this app Photoshop. This doesn't have any features of actual PS. It's just another Lightroom with few more options.,1,0,,2024-05-09 12:51:24,,,,pho261417,com.adobe.psmobile
925c7ef1-a6d7-4b88-92cb-7272b2ea7a80,I dont like the new version.. it dosent work. But Just Always show ADS.. And Doesnt work for photo i want to repair. I want to give Bad Review For New Version Plz Fix That..,1,7,2.0.5.202108955,2022-03-04 04:07:12,,,2.0.5.202108955,pho889360,com.bigwinepot.nwdn.international
f59704a5-f078-4181-a6c1-21e6322bc8b1,There's so many filters to choose from.. it's a great app,5,0,1.530.121,2022-12-27 04:13:59,,,1.530.121,pho4521,photo.editor.photoeditor.filtersforpictures
83bbf738-3d4e-43d6-94ef-a61460183f99,Very fantastic aap to clear photo,5,0,3.7.438.202300811,2023-11-29 09:20:20,,,3.7.438.202300811,pho921150,com.bigwinepot.nwdn.international
c136b2a9-8ae0-4a31-9647-ae71b849001a,Stupid app I go in playstore and I see a stupid notification of remini so I click it so it's a subscription and it get my 156 load so that I can't recharge in Mobile legends,1,0,2.3.2.202116995,2022-07-04 07:42:12,,,2.3.2.202116995,pho899877,com.bigwinepot.nwdn.international
4baaa523-3292-4803-b662-50809a12588f,it's a very great app. I just love it.,5,0,3.7.599.202373567,2024-05-05 14:28:14,,,3.7.599.202373567,pho903559,com.bigwinepot.nwdn.international
6b984ef5-f67b-45a6-9032-6c3b8470fc6b,Best app you can make a ton art from imagination Trully unlimited,5,0,3.2.0,2023-08-16 19:41:31,,,3.2.0,pho870367,com.ai.polyverse.mirror
c58b33f0-05e5-426c-a24d-e74111bf6155,it makes me look beautiful,5,0,3.13.8,2024-05-29 17:26:57,,,3.13.8,pho646368,vsin.t16_funny_photo
a4f4a56b-d37a-4555-8450-5972ccc26e61,This app is amazinga app but still Al is has low products,3,0,,2023-11-14 10:14:00,Dear user thank you for your feedback. We will consider it. If you continue to face issues please contact us at support@pho.to.,2023-11-14 12:20:54,,pho664989,vsin.t16_funny_photo
c1c25216-678f-4b1d-83e7-da7ede1d17f3,absolutely amazing. great style variety. fast. free trial. what's not to like? if such a thing exists haven't found it yet. we'll worth the subscription!,5,1,3.1.0,2023-07-22 21:28:14,,,3.1.0,pho868842,com.ai.polyverse.mirror
756f498b-dadb-4980-bda1-c8e9688c1435,I enjoy using the app however they took an annual payment from my account without notice of the trial period ending which seems to be standard courtesy these days.,3,0,25.2.5,2024-07-25 03:44:31,"We'd love to look into this for you. Can you please email us at support@picsart.com with the subject line ""App Store Review""? Our team will investigate and work on a fix for your Gold subscription.",2024-08-08 05:56:40,25.2.5,pho68368,com.picsart.studio
ef9f3339-e6c4-44ee-9806-e89a542428ec,bhut acha app h thanks you,3,0,2.1.1.202112761,2022-04-02 00:58:37,,,2.1.1.202112761,pho982500,com.bigwinepot.nwdn.international
bfd0c57a-c8d8-4578-b918-2bf44aa0d44a,I've only used this app for 5 minutes but so far seems like a great app that will create some cool effects. I need a lot more practice though. thank you,4,0,11.9.206,2024-01-10 23:04:37,Hi there! Thank you for your feedback! On Play Store applications can be rated from 1 to 5 stars with 1 being the lowest and 5 being the highest. Would love to know if there's anything that we can do to improve your rating. Thanks for your love and support! ^DC,2024-01-19 01:24:32,11.9.206,pho263677,com.adobe.psmobile
89767c9f-2479-429c-b721-a50bf3670eef,Good done what i need,5,0,1.462.152,2023-07-23 14:24:44,,,1.462.152,pho526905,photo.editor.photoeditor.photoeditorpro
564bce00-e22b-47e5-93ca-8d9c002596c8,Picsart thank you! You have been wonderful these past few years and for that I thank you!,5,0,23.3.8,2023-10-15 05:58:14,Hi Richard we appreciate the review. In order to improve PicsArt and make it more user-friendly we would like to hear more on how the app and the features have been dissatisfying you. We invite you to send us a descriptive email about your dissatisfaction and your suggestions to support@picsart.com and we will gladly help you out from there.,2016-08-01 02:11:36,23.3.8,pho114734,com.picsart.studio
7471fae3-fcd2-4e40-a0f2-1caf6f749b0d,All three of my free pictures for the week were corrupted into a grey box each time. The app want you to pay to get a proper read. Would not recommend.,1,6,2.0.2,2023-08-04 12:23:24,Hello dear user maybe you should upgrade the APP version we will optimize better functions.,2023-09-08 05:05:39,2.0.2,pho823227,com.energysh.quickarte
9a44e3af-2cf1-4961-986e-190fef4e1f07,Just started using this and it is fantastic.Not sure if you have the facial features edit because when I enlarge after edit the face still does not show out clearly.I give you 5 star,5,0,17.9.0,2023-05-04 21:06:35,,,17.9.0,pho146102,com.cyberlink.photodirector
eebaa936-3642-4c1d-8acc-10139ffa088a,The ad circulating where you can edit some parts thinner/larger is completely false there is nowhere on the app where you actually get to use any editing tool that's even vaguely similar to the advertisement.,1,154,3.13.17,2024-07-19 01:39:51,Dear User really appreciate your suggestion. We will consider it and improve our app in the new version. If you have questions or suggestions please contact us at support@pho.to.,2024-07-27 02:34:54,3.13.17,pho630248,vsin.t16_funny_photo
412be9bc-3b55-4f12-b025-e5a87ff60800,Only the filters worked. Everything else would load for a long time then error out. It's not worth a download,1,0,3.7.304.202238710,2023-07-21 11:29:29,,,3.7.304.202238710,pho886033,com.bigwinepot.nwdn.international
332902e6-dc87-4d9f-aa6f-cb8a626817fe,I payed for premium so I could use it for my edits now the video feature is gone. There's no other app that does it aswell??,1,1,,2022-02-08 11:39:52,,,,pho893974,com.bigwinepot.nwdn.international
1af66563-f893-4340-be3e-6822870f3942,Photos are good but this app is full of ads and processing processing processing.very very bad app waste of time ..,2,0,3.7.357.202264491,2023-09-11 01:07:40,,,3.7.357.202264491,pho896518,com.bigwinepot.nwdn.international
47629aee-fa4b-44ac-9ce0-01d46d25165d,Great even the free version is a great piece of kit,5,1,1.433.137,2022-12-03 01:51:27,,,1.433.137,pho461939,photo.editor.photoeditor.photoeditorpro
8e41f3ec-69a7-475b-8812-114151ce71db,The apps used to be very good but now the apps are so bad that you get angry when you see the apps.,1,1,,2022-04-19 18:30:06,,,,pho913060,com.bigwinepot.nwdn.international
e00c764f-0944-4caf-815a-720c5e0fd4c5,I love this app so much this helps SOOOOOOOOOOOO much,5,0,1.417.127,2022-07-14 20:46:21,,,1.417.127,pho483596,photo.editor.photoeditor.photoeditorpro
7ae61500-7f88-4e74-9ec7-81b67d090828,good service FOTtor Application,4,0,7.5.8.18,2024-04-11 01:13:55,,,7.5.8.18,pho836404,com.everimaging.photoeffectstudio
62850d60-87bb-462a-91b3-6a69b289b553,nice experience but there are too many ads,4,0,3.7.270.202213847,2023-07-03 09:20:54,,,3.7.270.202213847,pho913881,com.bigwinepot.nwdn.international
e23e6bb4-7455-4f75-9d6b-748edf9e6660,This app was very nice in the beginning but after 1 week of using it it stopped working properly. Whenever I wanted to enhance a picture it would just increase the saturation of the picture and nothing else. I don't know what happened to it but please fix this issue asap.,2,1,3.6.63.202149439,2022-09-26 08:51:20,,,3.6.63.202149439,pho879748,com.bigwinepot.nwdn.international
5e6bc02b-9581-45c1-9404-d8d37bb59625,Seems OK for basic edits but certainly not for photographers. Too many of the features are things like filters text borders and the like to create that perfect Instagram moment. I might have paid the subscription if better photography features would be available instead of a bunch more filters. Also be aware of the very unprofessional advertising on the trial version. Not only is work interrupted with ads but they come at full volume. Not really appropriate.,2,45,1.430.86,2022-04-27 04:17:37,Hello thank you for using our app. Display advertising is a way to keep our team alive. We only play ads when unlocking some free materials and saving them. We are working hard to do better. Thanks,2022-04-29 03:14:26,1.430.86,pho223,photo.editor.photoeditor.filtersforpictures
01e37403-5569-4cbe-abbc-2b1412029556,It good to edit your picture I used it for imvu,5,0,22.8.4,2023-08-06 23:20:24,,,22.8.4,pho141303,com.picsart.studio
a9fc6846-a6cc-4261-89b3-3f50f3c123cb,amazing just want one thing can this option be available for videos,5,0,2.3.0.202115168,2022-04-19 03:24:35,,,2.3.0.202115168,pho902114,com.bigwinepot.nwdn.international
5cfa9dd8-c44b-431f-ab36-6eba76c6ca97,This is a useless app bcz want to paid for download a image,1,0,,2024-08-30 07:50:55,,,,pho127626,com.picsart.studio
28249721-cb92-41ee-98f0-57d1deed3173,Easy and perfect to fix size or edit photos,5,0,,2022-04-11 18:11:10,,,,pho119143,com.picsart.studio
6fbf7a67-92ce-475d-b6fc-16fc06395c38,i tried first time a AI app and it's awesome,5,5,2.0.2,2023-07-28 09:56:12,,,2.0.2,pho823959,com.energysh.quickarte
2a3c4f27-dc50-448d-b31a-0b741a47b45d,Very very good but please add more space for stickers,5,0,,2024-09-28 12:49:56,,,,pho104420,com.picsart.studio
1c00c3a3-53b6-4c57-9a28-d0dad2ceb01c,Easy use & can do almost anything to your photos! WONDERFUL app!,5,0,1.462.152,2023-09-01 23:04:42,,,1.462.152,pho457670,photo.editor.photoeditor.photoeditorpro
8ac62d97-d1aa-48ac-a73b-dfc30d0a15a6,idk why but in the newest version i can't delete the saved drafts.,1,0,21.6.5,2023-03-02 22:14:23,Hey thanks for reaching out and telling us about the issue. Please know that our team is currently looking into the issue and will fix it soon. We apologize for the inconvenience and thank you for your patience!,2023-03-03 03:35:30,21.6.5,pho124816,com.picsart.studio
63885af5-9906-40f6-b8d9-f3d1705d6711,Good application for photo editing,5,0,1.543.170,2024-05-16 11:36:57,,,1.543.170,pho451839,photo.editor.photoeditor.photoeditorpro
f5c38554-95e3-4158-82ab-cfd512691cf8,Something went wrong do not work this app,1,0,3.7.615.202378417,2024-05-07 14:39:19,,,3.7.615.202378417,pho904912,com.bigwinepot.nwdn.international
22ced700-5c28-4137-89ea-a9001d5229da,"Can't save anything unless you pay or get suckered into the ""free"" trial",1,1,18.3.5,2023-08-27 12:28:10,"Hi Summer our app has free & paid content. It is optional for users to try the free trial or purchase a premium subscription if they're interested in the premium features. If you don't want it you can skip the subscription menu and delete paid content to save photos. If you have further concerns please use ""Send Feedback"" to contact us.",2023-08-28 05:21:15,18.3.5,pho147967,com.cyberlink.photodirector
88bb6db9-d073-4c21-ac1d-4c3316c31c85,This app is very satified in terms of editing pictures I recommend this app for editing,5,0,1.416.126,2022-06-17 21:56:48,,,1.416.126,pho470945,photo.editor.photoeditor.photoeditorpro
93f20b66-fac9-42c6-8078-97f596508dae,nice but ads is boaring,2,0,3.7.620.202380338,2024-05-26 10:43:41,,,3.7.620.202380338,pho892517,com.bigwinepot.nwdn.international
5120504d-f595-445d-a40e-cb26772ba679,Great and easy to use,5,0,23.0.12,2023-09-09 15:55:47,,,23.0.12,pho139725,com.picsart.studio
8f836633-02af-440d-bbf6-99b9f00e59e5,Very helpful easy to use,5,0,1.51.163,2024-03-17 04:14:36,,,1.51.163,pho478558,photo.editor.photoeditor.photoeditorpro
f33da079-e041-4127-aec6-5018ddc27ae9,There are some very slick photo animations. Application to convert the photo is user friendly! So far navigating through the photos seems pretty straight forward.,5,180,3.12.66,2023-08-23 00:03:37,,,3.12.66,pho631627,vsin.t16_funny_photo
1e8f281c-bda1-421f-9047-643cb9e2ab12,It was good in beginning then it wasn't even working even after watching add!,1,0,,2024-08-30 10:47:44,,,,pho893300,com.bigwinepot.nwdn.international
7465383c-ac34-45a9-a949-70361701e047,Pretty cool idea with in incredibly greedy business model. People should absolutely pay for this service but it's insane that you charge monthly and then once someone makes a video they have to buy more credits or wait a month. Shame on you.,1,0,2.6,2023-05-13 12:55:17,,,2.6,pho831135,com.pixerylabs.cloneai
7aba5509-9f61-4df5-8e99-1e05211f1a1e,it's very easy and nice I really enjoy,5,0,3.12.7,2022-03-25 02:58:55,,,3.12.7,pho664495,vsin.t16_funny_photo
53e7e4dc-9aea-4956-80e1-1edd56d3689d,Love this app. It offers a lot for free and even more for a small membership fee. Easy to use too. Definitely recommend.,5,2,1.442.143,2023-01-28 14:24:33,,,1.442.143,pho454293,photo.editor.photoeditor.photoeditorpro
2f7271b0-ed47-457d-b460-176c0ebe8c37,App says you can change privacy settings but you can't.,1,1,9.5.94,2023-07-08 15:08:38,Hi Ian! I understand that you are not happy with the app. Please be assured we are in continuous process of making the app better. Would request you to elaborate more about the issue at: http://adobe.ly/psxcommunity ^DC,2023-07-21 04:43:19,9.5.94,pho275232,com.adobe.psmobile
6c2308be-9a33-46e3-8406-4488d7ac997e,The app doesn't even open or start. It used to work brilliantly before but now due to some issue it doesn't even open.,1,2,2.4.1.202118010,2022-06-01 16:16:22,,,2.4.1.202118010,pho889153,com.bigwinepot.nwdn.international
baebfef7-8932-4ff3-be7e-887d60e76675,Very bad & expensive app. don't install,1,0,23.4.6,2023-11-14 05:03:19,Hi there thanks for taking the time to provide us with feedback. We are sorry to hear that your experience with Picsart was disappointing. If you face issues with the app please visit our Help Center at https://picsart.help as you might find the answers to your questions there.,2023-11-15 01:37:01,23.4.6,pho140663,com.picsart.studio
04b95425-8299-4cb3-9cfe-f9ee0c7538fc,Its asking for a membership to use the text tool. TEXT,1,0,24.0.6,2024-06-04 21:39:00,Picsart will continue providing a free version of the app and subscribing to Picsart Premium plans is entirely optional. By opting for Picsart Premium you not only enjoy an ad-free editing experience full access to our video editor and all premium content but also unlock cool AI tools to enhance your creativity.,2024-06-18 07:28:37,24.0.6,pho102621,com.picsart.studio
ad8745ea-83be-4cfe-bee0-d6e38211be11,Not gonna pay 3 bucks monthly to make some AI pictures of my self,1,0,,2023-07-18 07:49:28,,,,pho921738,com.bigwinepot.nwdn.international
331ed876-4ea9-45a5-92c5-dd808871f64a,Nice app but more length ads.,4,0,3.7.644.202385925,2024-07-22 10:29:07,,,3.7.644.202385925,pho889898,com.bigwinepot.nwdn.international
64d62184-a40a-4991-9e0a-e767fb9b5986,Useless pay to use app,1,0,14.1.87,2024-06-05 09:07:47,Hello! We apologize for any frustration caused by the app. While we understand some features require a premium subscription we also provide free editing tools and features. We aim to strike a balance between free and meet user needs. If you have any specific concerns or suggestions please contact us. ^Sam,2024-06-06 12:43:05,14.1.87,pho274717,com.adobe.psmobile
e1d100af-9420-465e-b289-c5f05e077921,It has a lot of helpful tools like body control lots of backrounds and lot of stuff just be careful with the adds!! Recomment,5,10,1.552.173,2024-06-25 11:45:23,,,1.552.173,pho441985,photo.editor.photoeditor.photoeditorpro
4d0c5e1c-25d3-4ce4-b484-ddcdbca00ba2,Lack of many feauters unlike same apps,1,0,,2022-04-30 19:08:45,Hi there! Thank you for taking the time to share your thoughts with us. If you'd like to suggest features and improvements to the app please write to us at PSX-Feedback-Android@adobe.com it will be very helpful for us to provide an even better experience in the future. Your feedback is very important to us.^Chan,2022-06-05 22:41:27,,pho281682,com.adobe.psmobile
ac093174-a29a-4385-93ec-b7464b58ecd3,Great app thus far! And very friendly to use!,5,0,,2022-10-27 01:07:24,,,,pho799408,com.vimage.android
3bbb8f07-70eb-483c-9400-24a22675c944,Suggestion: instead of taking monthly subscription You Should Charge For Single Photos or Buy one get one free For single photos. This should increase your customer base and revenue,5,2,3.7.470.202316735,2023-12-31 21:32:47,,,3.7.470.202316735,pho894158,com.bigwinepot.nwdn.international
18ca6685-088e-4635-a8d3-460a1f9a8a24,it is fun using this app sometimes you missed how you looked when you were young,5,2,3.12.73,2023-10-17 01:46:20,,,3.12.73,pho650701,vsin.t16_funny_photo
1146feb5-b34f-4ff7-ba87-4773158191a8,False advertising. Pay to use type of app most features are locked behind the paywall not worth it. Their 5 star ratings are all bots anyways,1,0,,2024-07-06 10:28:23,We're sorry to hear about your experience. We aim to provide a valuable service with both free and premium features. Your feedback helps us improve and we take your concerns seriously. If you have specific features you'd like to see or need assistance please contact our support team at support@fotor.com. We're here to help.,2024-07-09 02:47:00,,pho833434,com.everimaging.photoeffectstudio
a46207e4-1243-4248-9e8d-29eafc3d6a60,App is best but to many irritating Ads,1,0,3.7.726.202425619,2024-08-12 03:22:19,,,3.7.726.202425619,pho880392,com.bigwinepot.nwdn.international
33c60e83-bff1-4f42-a773-5f9ceaa7f02e,I love this app to edit but it's a bad editer,1,0,21.4.7,2023-02-01 10:15:03,,,21.4.7,pho133820,com.picsart.studio
0571b097-2643-4190-9c4a-92b35222c238,i cant explain im impressed,5,0,3.12.67,2023-08-26 17:15:36,,,3.12.67,pho687561,vsin.t16_funny_photo
fb587ca3-c67a-486d-8d4f-b593b330b3e5,It is not free. It is not that much good as well. No need to charge for silly things,1,0,3.0.5,2023-07-13 10:24:57,,,3.0.5,pho870008,com.ai.polyverse.mirror
aebe72b6-47b3-492f-bf09-c317df084c9a,I really like the templates,5,0,1.551.124,2023-04-09 17:05:43,,,1.551.124,pho13577,photo.editor.photoeditor.filtersforpictures
aae0a293-d47b-4bee-8abf-2dd8378a09c9,The ads are now 10 times longer and most of the times you dont even get a reasult it just says an error happened trash app used to be one of the best but now there are many apps like it with less or no ads.,1,0,,2023-09-12 12:03:58,,,,pho882169,com.bigwinepot.nwdn.international
fdc1ba3f-a537-49ce-b3be-95054557a656,Can't use without paying. I'm not paying if I can't see the direct results on my videos. Need to know it will work first. Too many apps with fake ads to be wasting $10 on,1,0,,2023-08-18 22:51:24,,,,pho831166,com.pixerylabs.cloneai
2620d26f-277f-4402-bb50-c6e43b508ddb,I really love this app for editing works well,5,0,,2023-12-01 21:17:54,,,,pho122897,com.picsart.studio
a1e2fa49-ca19-46a7-b0ef-ac357e2c0af8,is providing crop good service it is the very best app I recommended all friend,3,0,3.7.698.202412939,2024-07-22 17:25:39,,,3.7.698.202412939,pho881932,com.bigwinepot.nwdn.international
8ee97f69-f63a-4da7-ac52-e983466ad863,No other app can compete with this app in mobile editing. It is comprehensive it has all the tools.,4,1,23.1.3,2023-09-21 01:10:59,,,23.1.3,pho105640,com.picsart.studio
14eb3d99-267f-4bf5-ae9b-1c3e67af2eeb,The app is great,3,0,3.6.70.202150350,2022-10-22 10:34:39,,,3.6.70.202150350,pho965270,com.bigwinepot.nwdn.international
ba35c5e0-e775-42e1-8ec8-f72fdbb9fb52,ads are relentless and I'm sorry but $10 a WEEK is absurd. also I tried to generate a photo and it ended up using 2 of my 3 pictures for the day on nothing after it said it was creating my photos and then took me back to the generate page. no photo was ever made. garbage app don't waste your time.,1,37,2.2.0.0,2024-01-09 22:51:14,Dear friends we are sorry for the inconvenience caused to you. We need to charge for research and development fees and server fees. I hope you can understand. We will also continue to optimize our charging strategy and strive to provide you with more free services.,2024-01-09 23:07:30,2.2.0.0,pho823123,com.energysh.quickarte
4c10d0df-120b-4226-a81b-cf493e66f8e7,Absolutely horrible you have to pay and it won't let you try if free,1,0,5.1.2,2024-09-23 02:17:35,,,5.1.2,pho867688,com.ai.polyverse.mirror
122911a9-a233-4fc7-b252-49e3791e9f72,Because I have a internet but she said please check your internet connection,2,0,,2022-04-17 10:26:04,,,,pho938831,com.bigwinepot.nwdn.international
77788e08-887d-4353-9fce-c94c74692f6c,The App is simply amazing i really enjoy using it coz its simple and has no adds,5,0,3.9.11,2022-05-12 19:05:26,,,3.9.11,pho640981,vsin.t16_funny_photo
6fb2fe71-9671-4f60-b694-f95326d4686f,I'm used to this app is 5 years. its really good,5,0,3.11.4,2022-02-17 01:11:25,,,3.11.4,pho669796,vsin.t16_funny_photo
8e276c88-9493-490f-9f1b-96379f291af2,After this new update it became worsest,4,0,2.0.7.202110813,2024-07-12 04:07:27,,,2.0.7.202110813,pho935831,com.bigwinepot.nwdn.international
2e879dbf-4f43-4362-98a1-fd7d949bdc8f,Have to pay or upload 30+ pics JUST!! to use ANY feature!,1,0,1.3.3,2024-10-05 21:42:07,,,1.3.3,pho1054741,com.ai.avatar.face.portrait.app
972eac3e-5e2c-49cd-af5e-adb0f82f4221,This app is best for photo editing,5,0,1.436.140,2023-03-10 04:53:39,,,1.436.140,pho486798,photo.editor.photoeditor.photoeditorpro
2a0d3e30-8c71-4471-bc60-9f4c0b92a90a,Sometimes I'm getting annoyed of the ads before the results but it's okay. Worth it much,5,0,,2023-03-20 10:33:26,,,,pho898842,com.bigwinepot.nwdn.international
9aebb3be-616a-4458-a463-7b18271b2845,To many add and when saving the screenshot ita blury,1,0,7.4.12.24,2023-12-30 13:17:54,"Dear user apologize for the inconvenience. Currently our free users do see ads if you are a Pro user there are no ads. Commercial advertising is to ensure that the team runs and continuously updates more valuable functions. Hope you can understand. Please click "" Feedback"" in the app to give us feedback if you have any questions.",2024-01-02 22:03:02,7.4.12.24,pho834966,com.everimaging.photoeffectstudio
6e131863-d69d-4548-8b73-f9b0f848fefe,Can't use unless you create an account and enter CC details.,1,0,20.0.2,2022-06-27 23:26:06,Registering your Picsart account gives you the opportunity to sync your photos settings and stickers to a single account. By logging in you'll also be able to participate in challenges share your edits and follow other Creators.,2022-06-28 03:20:25,20.0.2,pho121505,com.picsart.studio
aa14f5e4-51d2-4462-87d6-b5b9a1c15de2,Great app to use,5,0,7.3.27.184,2023-03-21 09:48:49,,,7.3.27.184,pho836756,com.everimaging.photoeffectstudio
6e081309-ef59-4330-be2e-3e0477cb5734,Loud video Ads about every two clicks. Had not generated one image and had seen five video ads already,1,12,2.2.2.1,2024-04-29 02:27:02,Thank you for your feedback. We will continue to adjust our advertising strategies to meet everyone's needs. If you want unlimited use you can also consider upgrading to the paid version for a better experience.,2024-04-29 02:37:45,2.2.2.1,pho823145,com.energysh.quickarte
8af63037-5fc1-4bda-a8e7-63d54b09df7e,Terrible you well see 5 to 8 ads just for a simple photo edit,1,0,25.3.9,2024-07-19 03:03:44,We hear your frustration but ads are essential for Picsart and allow us to offer a free version of the app. If you want to create ad-free you can always upgrade to Picsart Gold.,2024-07-23 06:41:45,25.3.9,pho68104,com.picsart.studio
74caf1a0-9676-4405-98b1-0c54ee3e4f5b,Very good app to edit photos i loved it expect paid version,5,0,19.4.3,2022-08-27 02:43:24,,,19.4.3,pho114836,com.picsart.studio
bdde2c1a-89e3-4451-9bef-2cec54b1ad79,This app is completely useless without paying the monthly or yearly membership. I used this to spread aware to causes such as sexual assault awareness and suicide prevention. It is now too costly to help those who need it.,1,1,19.3.0,2022-04-06 19:21:45,We appreciate your feedback and understand your concern. Picsart will always offer a robust free version of the app with access to hundreds of free features and millions of pieces of free-to-edit content that you can access without a subscription.,2022-04-07 10:45:51,19.3.0,pho82973,com.picsart.studio
07b38eeb-50fb-4264-bbe7-d1017a713368,I downloaded the app and tried to edit my pics and it wanted me to enable a trail I do not want so I see the app really useless so pls try to find a way to fix that because it's clearly decorating my phone and doing nothing else.,1,2,3.7.676.202401555,2024-06-30 10:59:58,,,3.7.676.202401555,pho876721,com.bigwinepot.nwdn.international
5a0f3a66-e4ce-4411-a8cb-97420f88ca37,Good app I'm enjoy working with this :D but I have a problem when I want to use more like 6 or more pics to do a photo manipulation it becomes hard to use because all the pics get mix in one place it would be more easy if we could separate each pic in a layer like photoshop do please put some option like that,4,1,,2022-10-01 08:02:05,,,,pho72156,com.picsart.studio
b4bacbf0-183b-45be-b9f0-4cecf880fd9b,Upping the sub prices was a really dirty move. For the things this app does 5.99 a month was a fair price but 9$?? That absolutely absurd. I can get phoroshop light room for that price AND it's a much better service. Guess you just gave your competitor a new sub.,1,1,21.6.5,2023-02-28 22:30:15,We appreciate your feedback and understand your concern. Picsart will always offer a robust free version of the app with access to hundreds of free features and millions of pieces of free-to-edit content that you can access without a subscription.,2023-03-01 06:06:27,21.6.5,pho84724,com.picsart.studio
6c9d8b7c-4171-48c2-b53e-45a381e0c157,It's fantabulous.n absolutely stunning with the features n all.,5,0,8.6.1002,2022-10-19 04:23:51,,,8.6.1002,pho271644,com.adobe.psmobile
082862d0-64f4-4b0c-a182-f9ae49557c63,yall are so awesome I am having fun with this app,5,0,3.12.5,2022-03-03 18:54:54,,,3.12.5,pho675999,vsin.t16_funny_photo
bfdec28d-8709-4d35-80d1-67eeb990bc7e,Sometines change photo face & only inhace face does not inhace al body properly,1,0,3.7.278.202219646,2023-07-05 08:13:43,,,3.7.278.202219646,pho913291,com.bigwinepot.nwdn.international
0c5ea05d-aab9-44fd-afdc-e38c6c79819a,thanks for the heads up on this app it's so amazing and perfectly app for ever seen before.,5,0,3.13.6,2024-04-19 08:56:06,,,3.13.6,pho644337,vsin.t16_funny_photo
822a6046-b94f-4441-907d-632b54362682,It's Really Easy To Use!,5,0,1.563.177,2024-07-08 04:17:49,,,1.563.177,pho460581,photo.editor.photoeditor.photoeditorpro
ac393eb6-d091-47b0-a441-1061ab41ac6b,This app requires money all the time just for AI generator being used 10 or more,1,1,23.6.5,2023-11-19 08:56:20,Picsart will always offer a free version of the app and it's not required to subscribe to Picsart Gold. If you choose to subscribe to Picsart Gold you'll always get an ad-free editing experience full access to our video editor and all of our premium content. You can learn more about the benefits of Picsart Gold at https://picsart.help.,2023-11-24 07:12:47,23.6.5,pho114445,com.picsart.studio
2494eae7-a450-48b9-b6bf-51e2d34b5195,Good app very easy,5,0,1.417.127,2022-08-19 09:29:20,,,1.417.127,pho503197,photo.editor.photoeditor.photoeditorpro
fe2076e7-be45-4dc4-80ba-094e88fd86ce,Great app that I would use fory art pieces that are want to drew so yea thee much stuff in the app like copy your work and you do it different devices and overall the app is great no boins and nothing that my resume if my rating of the app.,5,0,,2022-05-03 21:18:34,,,,pho261115,com.adobe.psmobile
8a5b7a07-ec8e-47b6-ba19-62307505f809,I'd be lying if i said this app wasn't cool.But It takes a long time to generate which is not a problem I should be able to cancel the generator or at least be asked if I'm sure I want to generate the picture once you generate you have to wait the time it gives you which can be 5-10 minutes or more. Over all it generates very accurate and well it can sometimes give you three arms and 6 legs lol It's a really fun app. It just has a few things that could be fix.,3,74,3.7.293.202231429,2023-07-12 13:39:36,,,3.7.293.202231429,pho875322,com.bigwinepot.nwdn.international
49ccb4c1-7c7e-49ea-8ec2-a6e67e857dd8,Being bombarded with ads before getting a chance to use the app and having 99% of your features of the app behind a paywall is not a good business model. essentially relying on coomer bucks here.,1,1,,2024-05-31 06:06:20,,,,pho868354,com.ai.polyverse.mirror
ca3753d0-3818-492a-b208-2ff7924656de,I can do whatever I want,5,0,1.462.152,2023-08-29 22:27:39,,,1.462.152,pho526621,photo.editor.photoeditor.photoeditorpro
fc94fd6a-0054-4df7-be5c-f2c155e73d09,there is no competition with this app awesome app,5,0,,2023-08-22 07:02:14,,,,pho280981,com.adobe.psmobile
777402da-a551-424a-9819-eb1940600162,Best app for cover creation.,5,0,,2024-08-16 03:54:34,,,,pho480823,photo.editor.photoeditor.photoeditorpro
dacd045d-18a1-4395-b0aa-23cffa4c5ec1,Ease of operation. Great results.,5,0,1.51.163,2024-02-25 21:52:11,,,1.51.163,pho485782,photo.editor.photoeditor.photoeditorpro
83cc9424-de25-4531-9184-c56557f20f6f,Atleast 10 times in one day to improve picture there is only 4 to 5 time to improve picture that's not good that's why I gave 4 stars thanks btw this is best app and I love it,4,10,3.7.589.202368641,2024-04-14 07:17:42,,,3.7.589.202368641,pho895386,com.bigwinepot.nwdn.international
01355b99-69c4-4d3a-8af5-4d5b0bc663a1,Really great app that does require wifi or data. A lot of different things to edit photos with.,5,5,1.152.32,2024-05-12 01:48:34,,,1.152.32,pho1050977,editingapp.pictureeditor.photoeditor
00a7e0bf-f594-4aeb-b0ef-6b22a66705ae,There should be a little more to try then what u give cause I'm not seeing a point to buy this,1,1,3.11.0,2024-02-17 12:19:42,,,3.11.0,pho871315,com.ai.polyverse.mirror
b0eadafa-94cd-4b18-9bc0-0e77dc7a56f0,I'm deaf and I love to create my own photos into amazing photos for my friends.,5,1,3.12.47,2023-01-26 16:45:19,,,3.12.47,pho645544,vsin.t16_funny_photo
4d75377b-1087-4093-9fc7-9be5774b42e9,This is have a problem i cant use it please check it its writing error And i dont conecct it,1,0,3.1.44.202128750,2022-07-09 08:02:33,,,3.1.44.202128750,pho909549,com.bigwinepot.nwdn.international
226c532d-2e6b-4acf-8783-e8c3d83371dd,So disappointed. Older version was better this version is scam.,1,0,2.1.1.202112761,2022-04-08 00:44:59,,,2.1.1.202112761,pho909826,com.bigwinepot.nwdn.international
8906e3a5-507e-43fb-be9a-2152be26be2a,Love this App so much I actually pay for it! Still love this App!!!,5,0,19.5.6,2022-04-18 18:31:47,,,19.5.6,pho127128,com.picsart.studio
c7595955-8f2d-46c5-8d6d-a4a3bb72bf9f,I love editing in this app its so cool,5,0,8.10.24,2023-02-18 19:55:49,,,8.10.24,pho283865,com.adobe.psmobile
9cd77d73-af1f-4d3d-a5bd-ddefa09beca4,The Best app for enhancing photo I loved it! In future I hope the video enhancer will come !,5,1,3.7.756.202434374,2024-09-10 12:23:19,,,3.7.756.202434374,pho877171,com.bigwinepot.nwdn.international
b543d757-6ab3-4448-b353-035e80672da8,very helpful app I was having some 20 blur photos which I took from my friends book which I was has to print out it help me so much to complete my assignment plus it saves my time it can took me 1 hour to find that photos from google it solved my 2 problems 1. blur 2. save my time. an it's my pleasure to give them some downloaders if your finding a app that enhanced photos I recommend this on no.1 ignore the grammer in my english. cuz english is not my first language,5,12,3.7.693.202410344,2024-07-14 07:06:03,,,3.7.693.202410344,pho876303,com.bigwinepot.nwdn.international
69a356f7-1746-4f0c-9cd6-2ee641fcf90e,I have been using Photoshop Elements for 15 years this smaller version is easy and appears to be just what I need on my Samsung tablet.,5,1,12.4.277,2024-02-03 14:26:28,Hi there! Thank you for your positive review! We truly appreciate your feedback and are thrilled to hear that you are enjoying our app. ^DC,2024-02-09 05:55:32,12.4.277,pho264325,com.adobe.psmobile
1475136e-ed16-4730-9537-cf017f4cef5d,awesome now i can edit my pictures,5,0,7.4.6.11,2023-10-31 06:20:04,,,7.4.6.11,pho836363,com.everimaging.photoeffectstudio
21f6010b-279a-420e-bdf0-f80cea51b1fc,Only complaint is that the Auto-color feature turns skin color lighter in 9/10 use cases. Thankfully you can turn this off but I find myself doing it more often than not. Still an amazing app. I use it nearly every day for my small media company. Worth every penny. EDIT: I think I just updated the app and it seems this feature is still available but is no longer automatically applied. Still seems to typically make skin color lighter. Just something to make note of.,5,12,,2022-12-27 13:28:44,,,,pho875429,com.bigwinepot.nwdn.international
8c2cc4a6-9f2d-4cba-ac49-7107e966a414,I really love this app; It's easy to use with amazing features!,5,0,1.502.162,2024-01-19 19:50:27,,,1.502.162,pho462777,photo.editor.photoeditor.photoeditorpro
4ef43150-318a-4bf9-83c8-3d0c5834736c,Ease of use is in line with the new trend in photography and it could be made even easier if prompts on how to reverse changes were always clearly visible. A major plus point is the ability to export to Lightroom for the need to edit more in depth and even shift the photo to Photoshop if this is required. This program is more than adequate for most usage.,5,150,8.10.24,2023-02-17 05:23:52,,,8.10.24,pho257641,com.adobe.psmobile
79e55fe4-7e92-4fe5-90c5-45798af411dd,Thank you for this very useful practical easy to learn app! Worth every penny!,5,0,1.462.152,2023-09-02 21:20:01,,,1.462.152,pho457039,photo.editor.photoeditor.photoeditorpro
832ac5d4-3dda-42b2-af5a-785f52458081,This app is so much irritating. It takes more than 5 minutes to improve (increase) photo quality.,1,1,3.7.178.202186272,2023-04-03 11:32:41,,,3.7.178.202186272,pho895242,com.bigwinepot.nwdn.international
bf7a6f24-7142-4d72-9096-ee6753c6fc9a,I spent the weeks free trial enthralled by the Ai scene generator and its ability to bring your imagination to life. Only to pay for the premium and have the Devs cut the heart out of the app withdraw that ability and turn the program into a bog standard print program. It has no shadow manipulation no skin blending and now No Ai scene generation. I feel cheated.,1,2,,2024-05-08 01:00:53,"Hello Paul Due to an unexpected error we regret to inform you that we need to take down ""AI Scene"" immediately for repair We sincerely apologize for any inconvenience this may cause and appreciate your understanding If you have any questions please contact our support team via ""Send Feedback"" in the app settings. Thank you!",2024-05-10 02:21:24,,pho144463,com.cyberlink.photodirector
19aaa22c-5779-40fb-90be-8a0bdca2c7fa,its amazing app for editing try to this app,5,0,3.12.35,2022-11-20 01:55:33,,,3.12.35,pho662877,vsin.t16_funny_photo
26f2e4c0-0e94-4d49-a8f6-9642d4ffef64,Downgraded after update plz don't use it,1,0,2.1.0.202111508,2022-12-26 08:11:49,,,2.1.0.202111508,pho919093,com.bigwinepot.nwdn.international
45e335f2-b614-4adf-8819-453a3879c909,Great apps and have a lot of tools to choose from.,5,0,1.417.127,2022-07-11 20:24:27,,,1.417.127,pho470300,photo.editor.photoeditor.photoeditorpro
2b5a22c6-3a50-4931-bfe7-12f0a9640f93,Nice app a remini,5,0,3.7.377.202275031,2023-09-29 20:18:14,,,3.7.377.202275031,pho969358,com.bigwinepot.nwdn.international
387722e2-dac2-4ae3-9e01-2c5eb7a4c719,This app is really very good with amazing enhancement results and Al filters but the down grade is that it shows too much ads and some ads are even 1 min long. When you simply open the app you got an ad and then when you start working on photos each step requires an ad to complete which is extremely irritating.,3,57,3.7.482.202318947,2024-01-11 10:18:07,,,3.7.482.202318947,pho877950,com.bigwinepot.nwdn.international
b23acfc5-af5e-4669-9f4e-cb553d5eb6b1,Awesome app but sadly you've taken away or restricted some features that I enjoyed in the past even after I paid the extra you guys. Guessing with everything going up in price you decided to join in on the trend.,4,1,8.7.1035,2023-01-08 09:51:17,,,8.7.1035,pho261680,com.adobe.psmobile
a673cbba-c401-47db-be58-eca103dcab77,Worst app you could've ecer imagined of. Please don't install it.. there are so many amazing options for cartoon arts and photo editing.. this app is full of pop up ads and malfunctions,1,5,21.9.7,2023-04-08 20:59:23,Picsart will always offer a free version of the app but we also offer premium features for Gold subscribers. Premium features are identified with a gold crown. To save your edit make sure you're only using free features or learn how to subscribe to Gold at https://picsart.help.,2023-04-11 03:32:25,21.9.7,pho81120,com.picsart.studio
3d23e7b5-7821-4fc7-82b5-8ef8c2cb0b9d,This game is the best game ever i am glad I found this app cause it is the best I follow pics art in tiktok thats how much I love pics art I spread this game to the world I told my friends all of them to download it.thanks for reading,5,0,21.5.6,2023-02-15 20:49:33,,,21.5.6,pho93962,com.picsart.studio
13c22f0e-5200-47b0-9550-a9338f543e72,"As a paid customer I feel cheated. There were many features and now all of them are removed with a wording cheekily saying ""we removed some features"" when on fact no features left apart from one single. This is really very bad behaviour and I suspect they ll split the features into new seperate apps? I m cancelling my subscription as a result.",1,4,2.0.5.202108955,2022-03-07 06:40:54,,,2.0.5.202108955,pho880430,com.bigwinepot.nwdn.international
65739337-146e-4dbb-8440-e324bc363089,It's really amazing application,5,0,,2022-10-12 20:52:07,,,,pho942373,com.bigwinepot.nwdn.international
b8fd9a30-1cc3-4ff1-a3f5-b1196cbff002,This app has too much ads right now every single time I clicked something and the ads appeared,2,1,3.7.611.202377191,2024-05-24 02:40:56,,,3.7.611.202377191,pho882835,com.bigwinepot.nwdn.international
2e2a23cf-6dd5-4d0c-9fe3-37e725cc81c0,Where the heck is any customer support! Clicking on stickers and they won't work. Cancelling my subscription.,1,1,19.3.0,2022-03-27 10:45:55,"Thanks for the feedback - we'd love to look into this for you. Can you please send us an email at support@picsart.com with the subject line ""App Store Review""? Our team will investigate and work on a fix for you.",2022-03-28 05:10:10,19.3.0,pho95963,com.picsart.studio
dc4eefbb-93d6-4736-a75b-4eb4e750cec7,This is a good app I really love it UPDATE: I USE TO LOVE THIS APP BEFORE THEY UPDATED THE FEATURES. NOW IT'S FREAKING WORSE!!! I JUST HOPE THEY DID NOT UPDATE THE FEATURES OF THE APP BECAUSE IT WAS ALL GOOD BEFORE THE UPDATED VERSION,5,0,2.3.0.202115168,2022-04-13 05:37:25,,,2.3.0.202115168,pho887671,com.bigwinepot.nwdn.international
02ccf718-b0ae-4fed-8e8a-34b99a28596f,With the new update I have issues with the stickers. I used to be able to use 10 at a time save the progress add another 10 repeat. Now I'm limited to 10 stickers and that's it. There's no way to use more than 10 stickers unless I physically save the photo and go back to the main menu to edit it.,3,10,24.8.4,2024-05-18 21:51:16,Hey there! The limit of added objects depends on your devices technical capabilities. We understand that this may feel a bit restrictive but its necessary to ensure that Picsart runs smoothly and without any performance issues. If you have any other questions or concerns dont hesitate to reach out to us at support@picsart.com.,2024-05-24 08:17:53,24.8.4,pho65237,com.picsart.studio
9fbdbf06-02c9-4ed9-8dd2-af6bbbb9259f,I love it it's simple to use and very good editing tools,5,0,19.5.6,2022-06-13 13:44:49,,,19.5.6,pho110875,com.picsart.studio
0d3c5d85-2bee-4f40-b2cd-8c8e1b3eaf28,I don't khow why PicsArt just removed all fonts and just giving 1w fonts even removed almost every sticker and i can't even get them in the old versions,1,0,24.3.3,2024-04-24 08:14:40,"Thanks for the feedback - we'd love to look into this for you. Can you please send us an email at support@picsart.com with the subject line ""App Store Review""? Our team will investigate and work on a fix for you.",2024-04-30 03:31:51,24.3.3,pho102423,com.picsart.studio
0e2ddcaa-6c2e-4530-b737-5a46ec6f9109,very good app for editing photos,5,0,3.7.637.202384871,2024-05-26 07:24:40,,,3.7.637.202384871,pho892266,com.bigwinepot.nwdn.international
b96756a6-6bf0-410e-91c6-7f12a66c9fe2,Awesome Mind blowing results.,5,0,,2022-07-27 12:06:19,,,,pho938288,com.bigwinepot.nwdn.international
6b4cb874-0aa2-4840-a015-859f1e3378ae,"The update version is bad .it doesn't work ."" Something is wrong "" is the only statement that comes everytime we try to edit a picture .have uninstalled and installed it likeee so many time that i might have not used the app that much than just doing this uninstalled and installed thing",2,4,3.4.1.202137084,2022-07-31 01:14:24,,,3.4.1.202137084,pho879652,com.bigwinepot.nwdn.international
12322b01-99a7-4dbc-be1a-b43611548fd5,Worst app don't download West time,1,1,,2023-07-28 10:19:34,Dear user can you tell us in detail what problems you have encountered? We will refer to your feedback to improve our application and bring you a better experience!,2023-08-07 23:20:43,,pho824178,com.energysh.quickarte
9e44c509-e6e7-4c95-bac8-ec4c1729a38c,This is one of the best photo editing apps,5,0,1.641.153,2024-06-01 11:54:35,,,1.641.153,pho2646,photo.editor.photoeditor.filtersforpictures
ab7ef8dd-5ce7-4e00-b1cc-3b85523cb032,I love making family members look like cartoons with texture,5,0,14.5.120,2024-07-06 00:22:57,Hi we're thrilled you're enjoying creating unique cartoon textures! ^Sam,2024-07-08 13:17:26,14.5.120,pho270853,com.adobe.psmobile
2b6a5fb2-6be8-4561-8134-42c6dcc0fb54,I love remini before but after its updated the quality is very bad. The face is not the same as original photo it seems like other feature of face change . I loved the old version of remini . Now I hate this app!,1,2,3.7.83.202168326,2022-12-27 08:03:50,,,3.7.83.202168326,pho881176,com.bigwinepot.nwdn.international
a7038cfb-67f0-4c16-802e-c4971716a26e,Love it so far ability to create my own filter is a big plus.,5,1,1.551.124,2023-05-31 09:45:35,,,1.551.124,pho4278,photo.editor.photoeditor.filtersforpictures
97db11ed-457e-4443-aace-0daf1050e60a,Joss app but ads ar soo boring,3,0,3.3.0.202131471,2022-10-15 08:47:58,,,3.3.0.202131471,pho924983,com.bigwinepot.nwdn.international
adf60c94-6dab-4f6f-a566-90750d427bcb,best hd photos quality app,1,0,3.7.109.202171354,2023-01-24 01:09:38,,,3.7.109.202171354,pho943719,com.bigwinepot.nwdn.international
791fc5a4-0eab-4cdb-a0c2-daeb1b086a19,"""Free"" trial is a scam. They'll charge you instantly anyways. Definitely steer clear",1,2,3.3.5,2023-08-15 16:22:45,,,3.3.5,pho869975,com.ai.polyverse.mirror
5eaec07a-304d-44bd-8b51-fe5f47a864a6,Change this stupid icon,1,0,1.392.113,2022-01-04 11:13:27,Hi Sunil Doss sorry that we didn't meet your expectations. Would you mind telling us what you dislike about the app? Kindly let us know what updates or changes you would like to see in the app at polish@inshot.com. We'll be grateful for your feedback.,2022-01-05 01:23:11,1.392.113,pho536945,photo.editor.photoeditor.photoeditorpro
19f4bac1-210a-43a2-bad5-fff6de2d2523,Very nice & easy photo edit app,5,0,20.1.3,2022-07-20 18:30:08,,,20.1.3,pho134850,com.picsart.studio
03e448e5-f49c-42b6-8bd6-a828859cde4f,It's doesn't work. It always say check your internet connection even though there's nothing wrong with my connection.,1,0,,2022-09-02 23:26:37,,,,pho897256,com.bigwinepot.nwdn.international
43efc03f-d20a-4a9f-9310-4e0fc2533f15,This app is SO SLOW it took 20+ minutes for one mediocre picture I wouldn't recommend.,1,0,1.9.0,2023-03-31 21:52:51,,,1.9.0,pho869752,com.ai.polyverse.mirror
5308d34e-da6e-4266-82e2-93b1d3563e17,Best photo editing app,5,0,17.3.1,2022-11-25 23:45:23,,,17.3.1,pho154066,com.cyberlink.photodirector
39ea8ecd-dedb-4d84-ac75-9e430b6dc1b8,one of the best editing apps I've ever used,5,0,,2024-08-25 10:34:56,,,,pho118223,com.picsart.studio
c92548ac-6fed-402d-a4e0-4613439137d7,The auto enhancements work great 85% of the time. The app. is far less criptic then most main stream apps!,5,0,1.395.116,2022-05-12 02:06:21,,,1.395.116,pho450184,photo.editor.photoeditor.photoeditorpro
e9068342-7503-4868-9f6c-b25947a88c2f,Great Editing Capabilities for Newbies,5,0,1.395.116,2022-05-05 21:56:44,,,1.395.116,pho492194,photo.editor.photoeditor.photoeditorpro
07cd9fe0-543a-43c5-bdbf-1add5fa54617,it's will not get the clear but you will get more Ads on every step,1,0,2.0.7.202110813,2022-03-11 09:08:36,,,2.0.7.202110813,pho904241,com.bigwinepot.nwdn.international
86c30972-16a2-44b8-a8c0-e202586ef241,I'm not really good with technology but this seems very straightforward and made my pictures look magnificent,4,0,,2022-11-16 10:33:37,,,,pho268783,com.adobe.psmobile
e73d3b79-0209-40ec-853f-51abe11b63bc,I absolutely love this app I have since the minute that I installed it you do have to pay a little extra for the pro version but it is definitely worth it.,5,1,,2023-07-20 19:10:48,,,,pho3041,photo.editor.photoeditor.filtersforpictures
ec1dc839-efbc-4dd3-a6e8-8ac0422acb7f,Love making graphic designs and things beautiful,5,0,17.5.0,2023-01-18 22:36:59,,,17.5.0,pho149507,com.cyberlink.photodirector
c4d00935-5ec4-4648-ac1b-9a0896a27ddd,Really i like this application i like the application creater.,2,0,1.630.149,2024-05-05 01:17:57,Hello thank you for your support. We hope you will like Lumii more in the future and it would be so great if you could support by 5 starts rating. If you have any suggestions or more materials and functions you want you can send them through Settings>Feedback. Best wishes,2024-05-07 01:44:38,1.630.149,pho9790,photo.editor.photoeditor.filtersforpictures
030e9bee-fcce-4f60-a35b-b22eab9be461,Useless. Broiling complex process. Asking for personal information,1,0,,2023-02-01 13:46:00,,,,pho914550,com.bigwinepot.nwdn.international
004d4679-e398-4245-be3b-6ff5cd54cb5a,There is no exit app.,1,0,2.3.0,2024-05-19 04:20:48,,,2.3.0,pho830198,com.codeway.videoapp
1466f373-6c1d-44d1-a989-778f38e5d96d,Why am I charged after cancellation of subscription Please provide the refund,1,0,7.5.3.9,2024-02-24 01:22:51,Our product operates on a subscription model meaning that payment is only processed if there is an active subscription in place. Additionally subscriptions are set to auto-renew after the initial subscription period ends. If you have any queries about your payment. Please feel free to contact us by sending an email to support@fotor.com.,2024-02-26 22:46:53,7.5.3.9,pho836079,com.everimaging.photoeffectstudio
0b0fb7dc-baca-4d9d-a931-1e395219e9b2,Just to let you know I am due a refund from you I have go evidence that you have to charged me off the Google gave me a refund you won't give me the money back or I will act,1,0,22.8.4,2023-08-08 03:51:37,Hi there thanks for your message. We are sorry to hear of your situation with our Gold subscription. Please visit our Help Center https://support.picsart.com/hc/articles/360002231937 to learn more about our Refund policy regarding your next steps in this process.,2023-08-09 08:17:36,22.8.4,pho142329,com.picsart.studio
921e1bd2-a7a9-4e9e-9929-cfecc5413477,"Thank you Photoshop Express you add ""fun"" to my workflow! The different HDR filters allows others to see my images from different perspectives. More to come.",5,0,15.7.219,2024-09-25 10:31:51,Hello Debbie Labeaux We're delighted to hear that you're enjoying the fun and creative possibilities our app brings to your workflow! Your enthusiasm for the HDR filters is truly appreciated. Thank you for sharing your experience with us! ^Sam,2024-09-26 09:08:47,15.7.219,pho257038,com.adobe.psmobile
8c558ec2-208c-417b-b6ba-774e7136d072,I love it it makes everything so cute,5,0,2.1.0,2023-05-27 10:02:47,,,2.1.0,pho871765,com.ai.polyverse.mirror
00048f87-6595-455b-8087-715eb1a36653,Have to say out of all the ai apps I used or try to use. This is one of the best ones. Yes there may be loads of ads or limitations on how much I can do in one day. But still able to create some rather than paying right away. That's something I appreciate. Most Ai apps don't give you a chance to create until you pay but this app allows you to create until your limit (unless you have pro). Plus the quality of the photos are outstanding as well. Keep up the great work!,5,511,1.2.5,2024-03-25 13:57:55,,,1.2.5,pho1054792,com.ai.avatar.face.portrait.app
ef40c3f1-b97d-4323-bff9-cec7b1a19bf6,Just started using it and do far I like it!!! Easy to navigate as well.,5,0,1.186.44,2024-08-29 14:41:37,,,1.186.44,pho1050814,editingapp.pictureeditor.photoeditor
ae6c0f72-9ed5-4835-8b97-01e13cdf6372,i haven't really used this app but now it trys to force subscription lmao,1,0,,2023-10-17 23:10:39,Hello we apologize for the inconvenience caused to you. Please reach out to us at support@lightxapp.com sharing your experience with the app. We will assist you at the earliest.,2023-10-18 06:12:42,,pho576123,com.lightx
62001ced-2e69-4f5a-879a-e7a9269df264,Awesome thanks for the best photo editor,5,0,1.53.166,2024-04-29 02:56:14,,,1.53.166,pho468490,photo.editor.photoeditor.photoeditorpro
eb681243-220b-4f46-9a78-5c8e90d8df2c,Simply one of the best app I found on this planet.so easy to use and you'll get a unbelievable results after using this.once again I just loved this app,5,0,,2022-04-18 11:03:03,,,,pho897253,com.bigwinepot.nwdn.international
38e8b75a-9477-46a7-b310-1edf0ac31750,easy to use loved it,4,0,2.0.7.202110813,2022-03-17 11:03:30,,,2.0.7.202110813,pho930078,com.bigwinepot.nwdn.international
a6516e93-d549-4bed-a623-f764b0187a21,All features are available. I am very happy to use this app.,5,0,,2024-04-09 11:01:03,Thanks for taking the time to encourage us with your 5 ratings. Keep using our app! ^Sam,2024-04-10 14:33:12,,pho276300,com.adobe.psmobile
59cb4321-8bc2-4739-9be3-fe977cee1d21,after aa long time finally I finded aa great photo editing app,5,1,3.7.163.202182295,2023-03-20 10:34:28,,,3.7.163.202182295,pho913338,com.bigwinepot.nwdn.international
e83d625b-880d-4ef1-9023-934f6da1a595,Super very easy to use this app,5,0,2.1.9,2023-01-24 10:49:33,,,2.1.9,pho576269,com.lightx
4f2b0831-2fbd-4491-8bd4-02ebad921386,use free for 3days w/ a subscription signed in blood. with promise of yr 1st born of 29.99 worth. I think .but if u can get around that there is no end to how luxurious I made my buttcheeks look ! my first AI and I think it's a good tool for ugly ppl like myself who cringe at the thought of looking in the mirror . I don't know who I see but it sure isn't Grimace!! Insta-Catfish! c.c.h.cheekspredder,5,0,3.1.0,2023-07-22 03:24:29,,,3.1.0,pho868640,com.ai.polyverse.mirror
59561669-0d01-49eb-a075-6d5be9b350f3,Hello i love the app but I also understand bugs can happen. But this bug is bad. I am somtimes using the app but then somtimes it just kicks me out and goes to main page. I am not too sure if its just for me.,3,1,20.4.2,2022-09-18 16:12:22,"Thanks for the feedback - we'd love to look into this for you. Can you please send us an email at support@picsart.com with the subject line ""App Store Review""? Our team will investigate and work on a fix for you.",2022-09-19 08:01:51,20.4.2,pho78140,com.picsart.studio
6d2ff64a-99ce-4ced-9bc7-98a88f28e05d,i install its first time with no experience but it very useful for me,5,0,3.13.2,2024-03-13 13:51:04,,,3.13.2,pho658265,vsin.t16_funny_photo
9ca171a1-dd27-452f-b853-3c0644945584,works well always something new takes a sec to generate pic but worth it.,4,1,3.12.62,2023-06-25 16:06:52,,,3.12.62,pho639300,vsin.t16_funny_photo
b570b7c5-b1e7-43d5-a5d7-af60a837b683,Won't allow me to finish a photo or download it without subscription to PicsArt Gold,2,0,20.7.3,2022-10-24 11:17:27,Picsart will always offer a free version of the app but we also offer premium features for Gold subscribers. Premium features are identified with a gold crown. To save your edit make sure you're only using free features or learn how to subscribe to Gold at https://picsart.help.,2022-10-25 03:30:20,20.7.3,pho142230,com.picsart.studio
4907f393-0317-4324-8601-cda0fd318008,was once my favorite enhancing app but now? well not anymore considering that it changes the skin tone. you're supposed to enhance the quality not chanfe the skin tone :[,1,0,3.7.110.202171783,2023-01-24 23:33:21,,,3.7.110.202171783,pho893963,com.bigwinepot.nwdn.international
e9e19449-0868-4ac8-b8e5-08c1e992733f,can you add face swapping for custom images. It is not an effect we only upload a photo with as many people as we want in it and the ai detect the faces 1 2 3.etc and then we upload a photo matching the face we want to change in the photo and instantly the ai will change the face in the photo we want,3,1973,3.12.86,2024-05-07 03:07:27,Hi thank you for sharing your thoughts with us. It would be great if you could contact us and describe the effect in more detail.,2024-05-07 02:23:05,3.12.86,pho632299,vsin.t16_funny_photo
bd9b800e-43ec-4920-8916-259b6e11c1b3,Actually pretty easy to use.,5,0,1.417.127,2022-08-08 03:46:04,,,1.417.127,pho476859,photo.editor.photoeditor.photoeditorpro
c8937e3d-8027-4437-b975-79d522df01b4,Not working after update and results are even more worse,1,0,3.1.44.202128750,2022-07-13 01:02:51,,,3.1.44.202128750,pho905198,com.bigwinepot.nwdn.international
4dd0201c-8aa5-4951-8f88-faff042c0c2d,Does not do it quickly take more time in processing,1,0,3.7.628.202383131,2024-05-20 11:52:55,,,3.7.628.202383131,pho889992,com.bigwinepot.nwdn.international
3bf96b72-064e-49aa-8870-ff64b3c721f6,I hate that it makes us watch a 30 second ad just to save it now. Such a waste of time it used to not be that way. Pls change it back to the previous one where it doesn't waste our time.,1,15,2.0.7.202110813,2022-03-13 04:45:49,,,2.0.7.202110813,pho887924,com.bigwinepot.nwdn.international
4bb8c59d-b34f-4c04-af66-22a4a1aeb77c,Easy function. No sign in.,5,0,,2022-05-23 03:49:47,,,,pho472745,photo.editor.photoeditor.photoeditorpro
9ebcff6b-649a-4d39-8d88-5f317a38ff88,Very nice knowledge and experience,5,0,2.1.7,2022-10-06 17:36:19,Thanks for your support. Please help us grow by spreading the word about LightX.,2022-10-10 07:33:09,2.1.7,pho578047,com.lightx
0a56efd0-5abd-4301-b0a4-9e4abef029dc,I really like the things you can do with this app,5,0,1.424.132,2022-08-16 21:42:01,,,1.424.132,pho486996,photo.editor.photoeditor.photoeditorpro
0864bfe7-886c-4304-bdb1-8236709324ac,So slow to open,3,0,,2024-08-03 19:05:42,Hi Morta Fied thank you very much for your feedback. We will keep working to bring you an even better experience. Also please let us know if you have any suggestions for improvement at polish@inshot.com. We will keep improving the app. Thank you.,2024-08-04 22:47:23,,pho499824,photo.editor.photoeditor.photoeditorpro
62ed91f9-9df1-4c4f-8508-7ea63a8300ad,Very good editing app.. I used to have photowonder but its not available any more. this app is much better.,5,8,1.393.114,2022-01-10 09:22:22,,,1.393.114,pho452575,photo.editor.photoeditor.photoeditorpro
7596d753-30e7-42e4-a133-fd889d2335b7,Great tool to edit pics for business even the free version has a lot to offer.,5,9,1.563.177,2024-07-21 10:27:02,,,1.563.177,pho442214,photo.editor.photoeditor.photoeditorpro
ce3a4070-79fd-4f99-b28a-d435222c09f6,The aap is not working properly it's showing internet is not connected,1,0,3.7.435.202299010,2023-11-26 05:25:02,,,3.7.435.202299010,pho902547,com.bigwinepot.nwdn.international
3100573c-bed6-42db-938f-c79eb2f8ae39,Love this app. Super easy to use,5,0,1.417.127,2022-08-20 09:48:34,,,1.417.127,pho480395,photo.editor.photoeditor.photoeditorpro
e541f22d-83a8-4313-9e5b-93849bcc5da0,I can't save the picture even if my internet is strong,1,0,,2022-06-28 09:29:18,,,,pho932965,com.bigwinepot.nwdn.international
6160cb49-ef14-4cad-91d8-d1a02767f82f,Finding it difficult to download,1,0,,2022-01-31 13:42:24,Hi if you can't download the app please contact us at support@pho.to. We will help you resolve the issue. Thank you!,2022-02-01 08:52:39,,pho660297,vsin.t16_funny_photo
97f2d6e1-f033-46ba-b1d0-b2c3505f9730,Rating because your subscriptions are too expensive 290rs/week and no desktop access no video enhance in this plan Plz reduce your rate or increase the date upto a month.,3,0,3.7.252.202203163,2023-06-09 07:40:03,,,3.7.252.202203163,pho909471,com.bigwinepot.nwdn.international
a20e27de-7a9e-485f-96bc-89e4f39a8d83,Simple but still has alot to do with it very good for a utuber like me.,5,1,1.462.152,2023-09-09 15:36:40,,,1.462.152,pho463906,photo.editor.photoeditor.photoeditorpro
acc59a89-704e-41dc-a3dd-b91b3a03dab6,You have to pay for benefits,1,4,1.2.2,2024-02-10 19:21:44,,,1.2.2,pho1056693,com.ai.avatar.face.portrait.app
ef913af7-7a59-48f2-9d68-b97fae833b80,Amazing app and easy to use,5,0,1.140.28,2024-03-14 12:23:09,,,1.140.28,pho1051666,editingapp.pictureeditor.photoeditor
ea399299-e909-4c00-b815-ca8ae3df57ed,Its only cline face not all body or clothes,1,0,,2022-10-08 06:03:30,,,,pho939775,com.bigwinepot.nwdn.international
d789bd56-d2ce-421c-8009-c7c64f51a636,Very good editer app,5,0,1.443.144,2023-03-04 11:13:30,,,1.443.144,pho502954,photo.editor.photoeditor.photoeditorpro
ea38da1d-765c-4884-9db6-cba4678d29da,Everyone should have this. Amazing app,5,0,1.462.152,2023-06-30 17:08:17,,,1.462.152,pho485551,photo.editor.photoeditor.photoeditorpro
905d3c07-dafa-40bc-8c00-44d0e65cba47,I'm so glad this app was created. This is my new time killer,5,0,3.12.19,2022-06-09 12:52:18,,,3.12.19,pho665538,vsin.t16_funny_photo
fab019a7-58f4-41ae-88bd-a9f9f9374186,renimi app its amazing,5,0,3.7.109.202171354,2023-01-21 00:39:18,,,3.7.109.202171354,pho969556,com.bigwinepot.nwdn.international
77fd5207-99fa-4ca7-93b5-16a314209a92,Although the app is very good but in a few months the app is not doing any good. If there is a problem in any app then fix it because even after watching the ad the photo is showing only processing.,2,0,,2024-06-13 11:13:39,,,,pho880593,com.bigwinepot.nwdn.international
22a83ff8-c837-493f-be15-e19a7ebc767f,Great editor & effects.,5,0,,2022-05-13 18:03:21,,,,pho475639,photo.editor.photoeditor.photoeditorpro
5950a305-fb3c-4e6d-947d-03e00b80fd52,One of the best photo editing apps on the apps store really easy setup definitely going to upgrade to pro version,5,16,1.462.152,2023-06-25 06:37:57,,,1.462.152,pho451951,photo.editor.photoeditor.photoeditorpro
1d996538-6309-4d3a-ba42-043a53ec6c36,Launched the app no stupid popups trying to get me to pay for premium just allowed me direct access to most (if not all) featured for free and I really enjoy the UI. Easily navigable and very useful app,5,24,1.462.152,2023-07-17 19:46:15,,,1.462.152,pho445973,photo.editor.photoeditor.photoeditorpro
22892952-906d-4b8a-b3a4-f004fa89a8c4,jmma gandu aap h . sala ek ghante me ek bhi photo nhi bnaya intranet west,1,0,3.7.477.202318111,2024-09-26 00:08:13,,,3.7.477.202318111,pho1048194,com.bigwinepot.nwdn.international
8a30e61d-5999-4801-a43a-c7784c9957a2,Worse app even if you take subscription no use no download of the pic,1,0,,2023-06-01 10:25:16,"Sorry for this inconvenience.In order to ensure the operation of our R&D team some of our features need to be paid hope you can understand. If your subscription is not available please send us a screenshot of your payment receipt and we will check it for you.Please click ""Feedback"" in the app to contact us.",2023-06-01 22:48:06,,pho835516,com.everimaging.photoeffectstudio
696861e5-4f86-40de-afe0-3e4a5baac873,Amazing photo editing app,5,0,,2022-02-18 11:20:51,,,,pho11227,photo.editor.photoeditor.filtersforpictures
66391ad8-626b-48a9-ab28-5e9b95af50cc,This is was a cool app! Know why I rate it 4? Cuz everytime I used it it's always kicking me out of the app and it's very very laggy! But this is very cool fix that app!!!!,4,1,20.3.4,2022-08-15 09:24:12,Hi thank you for sharing your concerns with us! Picsart can run slow on your device when it gets overloaded with cached data. To speed up the app please go to device Settings > Apps > Picsart > Clear Cache > Clear Data. If the issue still persists please contact us at https://picsart.support so that we can investigate the issue further.,2022-03-13 09:13:18,20.3.4,pho86311,com.picsart.studio
5ac9df65-57cc-481d-a990-9089f33636c8,Made it worst after updates,1,0,3.7.220.202197142,2023-06-16 13:18:38,,,3.7.220.202197142,pho965833,com.bigwinepot.nwdn.international
a9b8a9fe-7fc3-48a4-96d2-fdd04705ad23,It is a wonderful app. Things become easier to explain. Thanks to Picsart team.,5,0,19.5.6,2022-07-13 21:38:15,,,19.5.6,pho96313,com.picsart.studio
0412e529-8895-4aea-ad10-0a806cfdfae6,It's an amazing app! I've edited many of my profile pictures and they're all good. Not too many ads either!,5,10,21.2.6,2022-12-24 22:12:03,,,21.2.6,pho98957,com.picsart.studio
37866691-3bad-49ed-b03c-fa9211c8b6b2,The app is fantastic can't complain,5,1,3.12.73,2023-10-27 03:26:31,,,3.12.73,pho669664,vsin.t16_funny_photo
f72197b2-2e51-45d4-a586-23399e68d058,Exactly what I want,5,0,1.502.162,2024-01-24 12:38:35,,,1.502.162,pho534590,photo.editor.photoeditor.photoeditorpro
dde65edb-5894-4441-9bba-92e850a22abe,It's free. Needs more fonts. It's not bad.,4,0,1.417.127,2023-03-29 19:26:48,,,1.417.127,pho463070,photo.editor.photoeditor.photoeditorpro
49922cfb-e80b-4211-a897-434d2d6205b3,Best way to improve your pictures skills,5,1,8.1.952,2022-03-20 18:29:25,,,8.1.952,pho278790,com.adobe.psmobile
d9406d0f-7945-4c92-a004-459dba7ef8de,I gave 1 star because Remini in early 2023 was much better than Remini now. Please revert to the previous output,1,0,,2024-04-27 21:49:39,,,,pho909119,com.bigwinepot.nwdn.international
41252905-1768-484d-a5c0-304a4bb18ded,I couldn't find the removing of additional subjects on the photo. So disappointed.,3,0,8.2.969,2022-06-11 10:14:17,,,8.2.969,pho268300,com.adobe.psmobile
508dae2a-04f6-4370-a84c-4c2705e81b59,App is good but getting expensive day by day,2,0,16.2.6,2023-07-03 00:30:52,As we continue to invest in our products and community we have recently made some additional features premium. This will enable us to enhance our tools & features for both Gold users and non-subscribers. Rest assured we will always offer a free version of Picsart.,2023-07-04 07:13:14,16.2.6,pho140482,com.picsart.studio
2fae7109-3fb7-45fe-b08b-e2b419c37110,It still needs some improvement on the hair for black people we don't want a very obvious and dissatisfying wavy or curly kind of a hair on our head. We prefer our Afro just the way it is. Otherwise it's still a very good app which improves the pixels and makes the quality a bit more acceptable,4,2,3.7.311.202243439,2023-10-01 02:39:32,,,3.7.311.202243439,pho877615,com.bigwinepot.nwdn.international
46c9df7a-8541-45ff-a1be-aeecb4d1ac33,Very poor app hingh lavel data use and premumium,1,0,3.7.620.202380338,2024-05-12 21:22:55,,,3.7.620.202380338,pho898572,com.bigwinepot.nwdn.international
d05b3b0d-0a39-44a7-b92a-222d59daa024,Photo clean app in one minute,5,1,3.6.63.202149439,2022-09-27 09:24:45,,,3.6.63.202149439,pho916094,com.bigwinepot.nwdn.international
47c8edc2-c87d-4a74-b780-586f69e9157f,I get it's free but the fact that you can save or even screen shot your photo is ridiculous. I hope people aren't paying for this.,1,0,,2024-09-06 13:37:51,,,,pho79634,com.picsart.studio
e3c81a07-d83a-49db-a962-d58b556daf6d,App is a lie worst app. Does nothing at all seems bs to just make some money if you forget the trial where it takes your money.,1,3,3.4.55.202139532,2022-08-10 08:29:24,,,3.4.55.202139532,pho897954,com.bigwinepot.nwdn.international
d832f1f1-34d8-431e-aa19-bafdb0bf56ea,It would be better if all the features were made free,1,0,24.2.4,2024-02-14 14:55:28,Picsart will always offer a free version of the app and it's not required to subscribe to Picsart Gold. If you choose to subscribe to Picsart Gold you'll always get an ad-free editing experience full access to our video editor and all of our premium content. You can learn more about the benefits of Picsart Gold at https://picsart.help.,2024-02-15 07:11:38,24.2.4,pho121389,com.picsart.studio
80b6e228-a3d5-4aa5-be88-d6a47cd88bb9,Achhi hy ee app use kran nall bndee v changi lagdee hy ty dekhan da v dill krendey . Wadee Tait hy eeko istemsl kitta kro,2,0,,2024-04-24 13:49:35,,,,pho976348,com.bigwinepot.nwdn.international
4125e82d-f45b-4667-988a-685d6969876f,Dirty app in the Playstore,1,0,3.7.470.202316735,2024-01-01 08:22:07,,,3.7.470.202316735,pho956599,com.bigwinepot.nwdn.international
06e4afc0-bc9e-4196-810b-2e1b04fd6869,This app is good but not working in properly.,4,0,3.7.400.202285302,2023-10-23 23:57:34,,,3.7.400.202285302,pho921853,com.bigwinepot.nwdn.international
a70e7393-5542-409e-8ec0-6ac999ddb765,I am going to uninstall this app due to maximum time taking advotises.,1,1,3.7.741.202429485,2024-08-25 07:17:56,,,3.7.741.202429485,pho882049,com.bigwinepot.nwdn.international
6771b446-7c10-4c84-97d4-345555fea9c6,Fantastic App. Easy to you high quality and up to date,5,0,3.12.15,2022-09-11 14:06:52,,,3.12.15,pho640010,vsin.t16_funny_photo
ff8ff52c-47d2-42d1-9bd3-c6aeae9af4ab,Very very worst app ever I seen 1 star is too much for this app please don't download it,1,0,,2024-06-02 02:46:22,,,,pho911925,com.bigwinepot.nwdn.international
60b27c29-99b4-462c-9907-378bfd875f9a,Can't use accurate color when drawing.,1,0,25.1.6,2024-06-26 06:07:51,"We'd love to help but we need more information. Can you please send us an email at support@picsart.com with the subject line ""App Store Review"" so our Support team can investigate?",2024-07-11 05:06:38,25.1.6,pho92921,com.picsart.studio
bbb62e4b-aaef-4be3-80b6-1ca1f6a6be80,Well I've been using this since 2019 and not been really hard to use plus the ads for some features are understandable and been lovin to use all what i see and want in this app keep up the good work devs wish you a healthy life too,5,0,,2023-07-31 08:44:32,,,,pho449221,photo.editor.photoeditor.photoeditorpro
f1d2e9a7-7a35-4695-978f-04cd14d75406,all good but please reduce the time of ads.,5,0,3.7.79.202167803,2022-12-23 11:23:25,,,3.7.79.202167803,pho908586,com.bigwinepot.nwdn.international
45f3ac82-08b5-42cd-8187-bd007aba855d,This app is one of the best photo app have I ever come across,4,9,3.12.11,2022-04-26 03:34:59,,,3.12.11,pho658446,vsin.t16_funny_photo
73d2eba1-854b-4b95-a89c-438b2902a2fb,well there are a lot of adds yet a pretty good app I really enjoy it I recommend!,4,0,1.9.0,2023-04-16 06:57:08,,,1.9.0,pho870155,com.ai.polyverse.mirror
7488b0b9-8a31-4fed-bd94-1b9586f46a73,Nice and simple app for photo editing,4,0,1.461.94,2022-01-11 04:56:54,,,1.461.94,pho8000,photo.editor.photoeditor.filtersforpictures
e59ea67d-2a29-475e-9be1-152556deddb6,Remini app kai ander ads bahut jyada aati hai jiski wajah sai time waste hota hai,3,0,3.7.581.202365466,2024-04-07 23:05:02,,,3.7.581.202365466,pho1030176,com.bigwinepot.nwdn.international
ad933963-ae71-4806-88b2-9b74f6a7723d,this one of the most useful app ever,5,0,11.4.162,2023-12-02 16:09:07,Hi there! Thank you for your positive review! We truly appreciate your feedback and are thrilled to hear that you are enjoying our app. ^DC,2023-12-26 06:04:34,11.4.162,pho290984,com.adobe.psmobile
5c018494-04f6-4dfb-b96a-486a214eabae,Your loading process sucks it's too slow your waiting for a couple of minutes if you want to change something. I hate the new version.fix it!,3,1,,2024-05-17 23:12:45,,,,pho884695,com.bigwinepot.nwdn.international
fda1954c-1d82-4691-8729-e1b60f8964a8,I would give this app a 0 star,1,0,3.7.424.202294506,2023-11-15 04:07:43,,,3.7.424.202294506,pho965917,com.bigwinepot.nwdn.international
d699e8c6-df0a-4d25-981f-f1b1740b5e5a,excellent app it's working really great,5,0,3.7.138.202176636,2023-02-28 01:36:55,,,3.7.138.202176636,pho920163,com.bigwinepot.nwdn.international
4cf03910-b6b3-4de1-8902-85aad1bb2a71,Once upon a time I would have given it five stars however the functionality of being able to insert one photo inside of another suddenly disappeared and the ads got much longer. Looking for a replacement.,2,1,1.583.190,2024-10-07 16:45:25,"Hi Travis Gee sorry for the trouble. The latest version optimizes the interaction of the ""add"" function adds more editing possibilities and improves the user experience. If you have any usage suggestions please feel free to contact us.",2024-10-07 22:56:24,1.583.190,pho441467,photo.editor.photoeditor.photoeditorpro
1f8cdd2f-f905-47ac-b3e0-b478af30ac31,the app charged me 275 pesos .. i am allowed only to used the LoveHugs 3 times now i want to use it again your asking me to pay 110 pesos or 169 pesos.. this is not right can you pls explain this?,1,0,5.2.0,2024-09-28 01:35:04,Hi User please contact us at aimirror-support@polyversestudio.com so we can further assist you.,2024-10-07 23:39:05,5.2.0,pho867699,com.ai.polyverse.mirror
d0b3a3d6-7253-40f7-9d4b-74664d6741ed,A real good app that does the perfect job to enhance the images.,5,0,3.12.12,2022-06-26 08:48:47,,,3.12.12,pho640163,vsin.t16_funny_photo
7010772a-de85-4341-9ec9-bdcfff70c67e,The brush option doesn't work. It keeps on loading. Although I have full range and best network. Still it doesn't work. I updated it so many times.,1,11,23.2.9,2023-09-29 06:06:43,You can always find help and more information at https://picsart.help. If that doesn't help your issue you can reach us at support@picsart.com.,2023-09-29 09:35:20,23.2.9,pho80026,com.picsart.studio
6d5a6366-ea02-43bf-b6d5-05219e67f3e9,Great broo. This app is veryyy mich better than picsart,5,0,1.491.159,2023-12-30 15:33:52,,,1.491.159,pho478325,photo.editor.photoeditor.photoeditorpro
1e5d9bbc-d741-4af8-90cb-bd2bf4e0d83c,Very good for picture edit..,5,0,1.481.157,2023-11-28 15:33:37,,,1.481.157,pho477199,photo.editor.photoeditor.photoeditorpro
4d747b52-0e96-4826-ad75-f93b4baa4828,really very easy proses. and very good application..,5,1,3.7.659.202391408,2024-06-14 23:55:23,,,3.7.659.202391408,pho885505,com.bigwinepot.nwdn.international
6443ccb0-559f-4a18-b658-1d60b7d00bcf,this app is useful,5,0,3.7.53.202161094,2022-12-09 06:29:47,,,3.7.53.202161094,pho965570,com.bigwinepot.nwdn.international
39eaa3ca-3deb-40f4-9713-ac7900044226,Useless and rediculous app. Too much expensive and redult not even near to expectations. Just to defame AI,1,0,3.7.311.202243439,2023-07-27 22:16:33,,,3.7.311.202243439,pho901806,com.bigwinepot.nwdn.international
1a22cd01-949b-4178-b8b9-8e197a0d9d6f,Don't bother! I got the free trial and could not do anything in the app! It's like it wouldn't register that I had the free trial just continued to take me to the payment page but wouldn't let me do anything. Tried customer service but all you get is a bot! Waste of time! Unsuscribed & un installed! What a joke!,1,2,5.2.0,2024-10-04 08:42:25,,,5.2.0,pho867353,com.ai.polyverse.mirror
dc99da2c-2ba2-4b1e-b826-92292040d397,Its really a big jelp for me . Thank you verymuch,5,0,1.424.132,2022-09-10 11:51:43,,,1.424.132,pho498832,photo.editor.photoeditor.photoeditorpro
020807a7-3666-4714-8fd3-82da5fee40c9,GoArt creates beautiful paintings from photographs. Highly recommended.,5,0,7.3.10.134,2022-07-14 17:18:57,,,7.3.10.134,pho834592,com.everimaging.photoeffectstudio
6f66df69-6ca6-4a9e-be8f-09aeca7f7b49,I am happy with the App. But sorry I can't enjoy all features as I am not able to pay!,5,0,19.5.3,2024-09-03 06:30:56,"Hi Kamalesh the payment method is managed by the Google Play Store not the app developers. For more information check out the Google Support Page here: https://support.google.com/googleplay/answer/1267137. If you have any concerns regarding the app feel free to contact us through the ""Send Feedback"" option in the in-app Settings.",2024-09-04 03:46:23,19.5.3,pho144375,com.cyberlink.photodirector
06cf8023-a1b8-4059-b465-63c01a215266,I love PhotoDirector! I use this app to do family pictures every year. So easy and they turn out great!!,5,2,16.4.1,2022-02-14 15:54:33,,,16.4.1,pho145814,com.cyberlink.photodirector
7e329a57-6af7-4316-8eaa-c1e8ca2086c8,I've download this app many times and uninstall many times because everytime i tried to save the photos that is save it's not been save because of the adds that pop up everytime i click the save botton. I was thougth before that maybe the problem is my phone but i found out that it was not i was a fan of picsart because it leterally help me to made a cover photos for my story but what happen now? Im a little bit dissapointed it brokes my heart every time i cancel all of my work after.,2,6,21.9.5,2023-03-31 07:13:36,Picsart will always offer a free version of the app but we also offer premium features for Gold subscribers. Premium features are identified with a gold crown. To save your edit make sure you're only using free features or learn how to subscribe to Gold at https://picsart.help.,2023-03-31 09:41:18,21.9.5,pho69000,com.picsart.studio
9eb2b52f-21a4-447d-ba16-61e2d6a3f17c,extremely laggy and tedious to use. used to be such a great app for drawing and editing but everything takes decades to load now and half of the once free tools cost money. the undo function for one barely works. have to press it a hundred times and then it might undo. and god forbid you swap to another app for ten seconds picsart will just freeze with an infinite load.,1,4,19.2.3,2024-08-29 23:53:40,,,19.2.3,pho63048,com.picsart.studio
18ce895c-e241-42ab-84e8-4101657a4a5b,Does not let you do anything at all unless you buy it definitely deleting this,1,3,2.4.4,2023-04-29 18:29:21,,,2.4.4,pho831574,com.pixerylabs.cloneai
19995a5b-6206-46ef-ad5f-0eea632c6527,It's so perfect but not how I wanted it to.,3,0,3.7.284.202223827,2023-07-10 02:26:42,,,3.7.284.202223827,pho922410,com.bigwinepot.nwdn.international
0f8e59ce-94e3-4894-8cba-d7f4fee7b907,its really very nice easy to use best app i ever had,5,0,3.7.364.202268972,2023-09-15 14:47:38,,,3.7.364.202268972,pho929393,com.bigwinepot.nwdn.international
325c85fd-1a1f-4044-9181-758cd5570274,It's an intuitive photo editor only a little advertising and it's free. great for free.,5,0,1.462.152,2023-10-07 18:00:36,,,1.462.152,pho449222,photo.editor.photoeditor.photoeditorpro
416b6f9e-10e6-4e05-a219-f922a82b2602,I use to love it like i use it all the time. Now i have to pay to use half of i can't use most things anymore,2,0,22.1.4,2023-04-28 15:11:56,As we continue to invest in our products and community we have recently made some additional features premium. This will enable us to enhance our tools & features for both Gold users and non-subscribers. Rest assured we will always offer a free version of Picsart.,2023-05-02 07:06:39,22.1.4,pho108597,com.picsart.studio
665c6742-1b76-43e1-a4ef-de448c991fee,Love the app expensive but amazing,5,0,1.462.152,2023-07-19 23:35:53,,,1.462.152,pho496545,photo.editor.photoeditor.photoeditorpro
1a439674-cbc4-4964-b1f9-2f7c51833391,It was so fast and beautiful too,2,0,1.2.1,2024-01-16 07:38:51,,,1.2.1,pho1055909,com.ai.avatar.face.portrait.app
5fc700d1-7d30-45da-bb8a-97e23a5d3f1b,This app is very helth full on photo clear,1,0,3.7.198.202190873,2023-08-13 09:41:31,,,3.7.198.202190873,pho924169,com.bigwinepot.nwdn.international
deaa013c-93d7-425f-a2d8-a21ba44cf957,The app is good and have cool things to edit but whenever I try to record the things that I'm editing it doesn't work very well try to go to settings to fix everything but it still doesn't work,4,1,22.6.8,2023-07-13 21:57:49,,,22.6.8,pho80522,com.picsart.studio
4bc4be4e-c299-4692-a7e7-6c4fec86ad94,Very good app for editor,5,0,,2024-05-16 12:30:05,,,,pho492311,photo.editor.photoeditor.photoeditorpro
c698cb25-b4ed-40b3-88cf-cd544d2596f1,nice photo HD convert,3,0,2.3.2.202116995,2022-05-17 20:43:35,,,2.3.2.202116995,pho941401,com.bigwinepot.nwdn.international
75d66b99-1d02-47bd-8def-f8ebc1d26d38,It's so good it will never fail when u edit a picture,5,0,1.51.163,2024-02-04 07:35:39,,,1.51.163,pho460623,photo.editor.photoeditor.photoeditorpro
93d784d5-b7be-4cee-9695-69f273d1a3b5,this app is so good ..make u photo become beautiful with lots of effect,5,1,3.12.6,2022-03-26 22:03:57,,,3.12.6,pho650481,vsin.t16_funny_photo
8135d7f2-45ec-4f01-b4dd-b3a3d355376d,Best app for editing. But edits are not clear.,3,0,,2024-03-17 20:59:50,We're always happy to hear that creators are enjoying Picsart (and love Picsart as much as we do)! If you need any help you can find us at https://picsart.help.,2024-03-21 08:56:51,,pho108391,com.picsart.studio
caf36e5f-1cc6-4129-9e71-46b2319de003,Horrible. There are so many ads. Not worth it. There's better apps with less ads. It used to be ok. Not now.,1,1,,2023-10-21 04:50:42,,,,pho890099,com.bigwinepot.nwdn.international
96e90dbf-bccf-4ec3-930e-ee087b5bcc11,Love it so far!,5,0,7.3.25.172,2023-02-13 18:23:34,,,7.3.25.172,pho836279,com.everimaging.photoeffectstudio
d8bafdc3-9d56-4961-9233-d4dffe6f0439,Fabulous app could do with few more filter. But I couldn't be happier:),4,0,,2022-11-13 09:54:32,,,,pho106172,com.picsart.studio
0d97a078-ae09-49ac-9f2e-5dc87cdbc3ca,"I used to really like this thing before they ""upgraded"" it. Now I can't generate from pictures anymore and I can't even figure out how to sign out! Ghastly. I'm looking for something new and although I have been essentially happy for over a year the last few months have ruined that.",1,1,,2024-09-03 18:13:43,,,,pho832484,com.everimaging.photoeffectstudio
69970a9d-855b-4950-8112-05732cd57b80,Love this for animating any picture! Free and fun! :),5,0,2.0.2,2023-04-22 19:53:49,,,2.0.2,pho869848,com.ai.polyverse.mirror
62298d96-09fc-4610-af7b-473ce10d2509,amazing experience with this app. Only ads are too much during any photo Enhance.but the result is amazing.,5,13,3.7.442.202301994,2023-12-01 00:43:33,,,3.7.442.202301994,pho894256,com.bigwinepot.nwdn.international
93ffa1dd-90c2-4c1e-8a22-9386a6fc2aed,Good for screen shot pictures,5,0,1.7.5,2022-01-25 10:22:43,,,1.7.5,pho927639,com.bigwinepot.nwdn.international
b3d4cab5-ee52-47de-9ac9-9ee6d55e6d11,It is so freaking irritating!!! star!!,1,0,,2022-04-14 04:25:36,,,,pho940397,com.bigwinepot.nwdn.international
acbe1955-5000-4659-bed5-0bfcdf7f930d,What a bad app. very nice scam. Vere good bad app. Dam,1,0,3.0.1.202123812,2022-06-11 21:49:01,,,3.0.1.202123812,pho919710,com.bigwinepot.nwdn.international
381cfbc6-6aa1-4c17-8cec-4eaccb212a40,Another one of purchase to use app. These apps should be made to display the purchase button rather than install deeming free.,1,0,,2024-03-19 16:21:13,"Dear user thank you for your feedback. The subscription is optional and lasts only three days. You can close the banner on the start via the ""Back"" native button and continue using Photo Lab for free without access to the PRO features.",2024-03-20 02:48:19,,pho638008,vsin.t16_funny_photo
c5e04bf4-c599-4a4c-b9d5-0109df7c76da,Best app for photos editing,3,0,3.12.67,2023-08-27 21:20:47,,,3.12.67,pho661785,vsin.t16_funny_photo
c46b01bf-7418-48c2-a184-5980eede7461,Okay I just want to say I like this app. But only 4 stickers?! Really?!?!? That is so stupid. What am I going to make with 4 stickers? Unimpressed.,1,0,20.0.2,2023-02-23 12:24:08,"Thanks for the feedback - we'd love to look into this for you. Can you please send us an email at support@picsart.com with the subject line ""App Store Review""? Our team will investigate and work on a fix for you.",2023-02-24 04:13:37,20.0.2,pho104077,com.picsart.studio
ed1299bb-6910-489b-8daf-d8239a9d9de1,Super app.when I used this app then I'm impressed.,5,0,3.7.470.202316735,2023-12-24 06:25:50,,,3.7.470.202316735,pho921473,com.bigwinepot.nwdn.international
b4f9d3e1-d7fe-4eef-8b6d-c89fe993dd83,The Best! Very useful for artists like me :) Edit : changed the review from 5 to 1 Have been using it from 2018 but now it just simply crashes and doesn't open at all. Lost a user forever,1,0,18.2.1,2023-07-30 05:44:57,"Thanks for the feedback - we'd love to look into this for you. Can you please send us an email at support@picsart.com with the subject line ""App Store Review""? Our team will investigate and work on a fix for you.",2023-08-01 08:22:59,18.2.1,pho78709,com.picsart.studio
717005d3-9220-4952-a4e5-f70bf4c0f705,They drew me a cool knight pfp :),5,0,2.2.5.0,2024-07-25 10:53:33,,,2.2.5.0,pho823931,com.energysh.quickarte
027abbc0-adea-418d-bc22-6959dde2baf1,They said it take a few seconds. Now it takes a minutes and hour the enchantments so terrible. What happened,1,0,3.7.284.202223827,2023-07-09 07:05:38,,,3.7.284.202223827,pho896965,com.bigwinepot.nwdn.international
d7ceac14-e7c1-46dd-b2e5-371415ac211f,Good to make game covers,5,0,11.0.3.143,2023-10-26 18:58:26,Hi Bryce! Thank you for your positive review! We truly appreciate your feedback and are thrilled to hear that you are enjoying our app. ^DC,2023-10-28 01:51:59,11.0.3.143,pho287682,com.adobe.psmobile
64773573-d7a0-4dd6-baef-c155f69abdc5,Fabulous app and easy sharing,5,0,3.0.4,2024-08-09 06:31:32,,,3.0.4,pho829897,com.codeway.videoapp
57f38de4-06bb-435d-8078-9c2fac2885fb,It is easy to use. Good for begginers,5,1,1.462.152,2023-08-19 22:57:43,,,1.462.152,pho469945,photo.editor.photoeditor.photoeditorpro
10a40ac0-77e8-4899-a2fa-6ad1c7321abd,this gives you the frustration! every click just lets youw watch a 30 second ads! worst part took you a minute sometimes! even saving your picture would force you to watch three ads. DON'T USE THE APP! USE AN ONLINE WEBSITE FOR ENHANCEMENT INSTEAD!,1,0,1.7.5,2024-10-07 04:42:05,,,1.7.5,pho877270,com.bigwinepot.nwdn.international
3629775c-13bc-426c-83e4-2946139fdbb3,The old was better than the new update,1,1,3.5.34.202142535,2022-09-24 03:16:37,,,3.5.34.202142535,pho938488,com.bigwinepot.nwdn.international
9d905539-a4a4-4ef5-8fae-d9fac499ec29,Your app is so annoying i can't save photo and tell me that i have no internet connection or error but the thing is im stablee pls fix this..,1,0,3.7.2.202152553,2022-10-18 02:39:31,,,3.7.2.202152553,pho897762,com.bigwinepot.nwdn.international
3380625c-0a5e-48da-a65a-4529a876eb13,I stop using this app but why still charge me weekly on google bending spoon,1,0,,2022-09-29 01:23:33,,,,pho932247,com.bigwinepot.nwdn.international
5c3664e0-76e6-461f-a1c0-840a62d932eb,Why you removed all features,1,0,,2022-03-28 15:46:04,,,,pho964079,com.bigwinepot.nwdn.international
b3cdf886-991f-42f5-b33b-fbbb412ebf11,Too much pressure to buy premium without trying it out. The technology is good but the drawing looks absolutely nothing like me not even close and that makes it useless to me.,2,0,3.18.0,2024-06-21 01:18:16,Hello we would like to learn more details and make improvements based on your feedback. Please leave us a message and include the specific filter names you used. You can also contact us at aimirror-support@polyversestudio.com.,2024-06-24 04:08:44,3.18.0,pho867615,com.ai.polyverse.mirror
a362c67c-f80a-4574-bd51-3bf7d5d9217a,the new version is as bad as hell,1,0,2.0.5.202108955,2022-03-14 05:43:04,,,2.0.5.202108955,pho945941,com.bigwinepot.nwdn.international
a6716574-2caa-47ed-a9a8-f02026b1bb62,I've just been using it for about 20 minutes. I find it intuitive friendly easy to use,5,0,8.6.1015,2022-11-26 12:17:21,Thanks for taking out the time to encourage us with your 5 ratings. Keep using our app! ^Chan,2022-12-13 05:30:56,8.6.1015,pho268931,com.adobe.psmobile
ebfc2d9f-2b52-4ef1-90c6-aceca3ccc7d1,An amazing app I love all of the filters there though I wish I didn't have to pay to use some of the filters but all in all its a great app!,5,6,22.0.5,2023-04-23 06:10:27,,,22.0.5,pho89812,com.picsart.studio
e820bd11-1286-4cac-b1a4-ca8391da7347,Every thing you need for images,5,0,17.9.2,2023-05-18 17:23:09,,,17.9.2,pho154230,com.cyberlink.photodirector
e24b465d-6212-4e16-ad5c-cb1b1e1ab233,the best edditing app,5,0,3.7.159.202181694,2023-03-19 10:20:38,,,3.7.159.202181694,pho947078,com.bigwinepot.nwdn.international
11c7cebc-1fe7-4a9a-be3d-eaf31e5c9716,As much as I hate this app I like it enough to rate it. It's fine but has a lot of confusion with it like it has logic that makes NO sense at all but ok.,1,1,19.9.4,2022-06-18 14:12:58,Our goal is to make Picsart as easy to navigate as possible but we're sorry to hear that this hasn't been your experience. You can find more information at https://picsart.help.,2022-06-21 09:42:29,19.9.4,pho91060,com.picsart.studio
76b46e64-ecd4-4c17-8a4e-d0e5ef9d639d,Good app for editing,3,0,1.462.152,2023-06-15 12:10:16,Hi Rajesh Prajapati thanks for your review. If you like the app could you please give us 5 stars? That would be very encouraging for us. We will keep going and delivering the best. Many thanks in advance.,2023-06-20 23:40:33,1.462.152,pho502652,photo.editor.photoeditor.photoeditorpro
233dfc39-7230-4e79-b800-599eda53ab5e,too much ads each and every time and why is it that when we try to unlock to pro it shows connection problem as for a love this and I want to explore more using this app,4,24,3.7.591.202369721,2024-04-16 08:36:39,,,3.7.591.202369721,pho889971,com.bigwinepot.nwdn.international
6b8386da-3f00-4eca-9b9a-18f0a4cf2c7d,This app has it all,5,0,16.4.1,2022-02-27 01:11:11,,,16.4.1,pho157093,com.cyberlink.photodirector
b8678e69-5d62-41bd-b09a-f26ae1f9ef06,Lovely. I love this most especially the remover of the background,5,0,1.462.152,2023-07-31 10:10:17,,,1.462.152,pho473211,photo.editor.photoeditor.photoeditorpro
fa304ee6-e139-4bcb-a2a9-2819d18717fc,too many ads. missing overlaps on generated photos. most hair and clothing seems obvious animated.,2,30,3.13.1,2024-03-06 04:39:30,Dear user we are sorry for this but to continue work on this free app we need revenue from Ads. If you don't want to see the Ads you can purchase the Pro version. Thanks for your understanding!,2024-03-08 04:58:44,3.13.1,pho633787,vsin.t16_funny_photo
6cd6a915-c61c-4cf1-9549-f13e0c6e4011,This app is very useful for everyone one he genreate new pic,5,0,3.7.620.202380338,2024-05-09 21:48:12,,,3.7.620.202380338,pho892860,com.bigwinepot.nwdn.international
0868d977-59e1-4829-af80-d08ff763ac0f,This app provides too much ad & picture clearing quality is not good,1,0,3.7.541.202346903,2024-03-01 03:50:52,,,3.7.541.202346903,pho902491,com.bigwinepot.nwdn.international
5071ae5b-dda6-4757-92bb-5dea4cace446,Payment done app is not working,5,0,2.2.0,2023-11-25 21:56:11,We are sorry for the inconvenience caused. Please write to us at support@lightxapp.com for any feedback or problems. We will look into them at the earliest. Thank you.,2023-11-27 00:48:19,2.2.0,pho577730,com.lightx
817ae80c-fd9e-4ca5-9090-4251043ba71f,Aplikasi kebanyakan iklan ga lagi ngedit pun tetep dikasih iklan. baru masuk iklan mau ngedit iklan download pun iklan. fiturnya juga berubah warna padahal pengennya cuma mau jernihin aja jadi buang 1 per 1 jadinya kelamaan.,1,0,3.7.763.202437939,2024-09-14 11:40:21,,,3.7.763.202437939,pho995763,com.bigwinepot.nwdn.international
c7f41779-fe88-470b-875f-4d2e37693a50,I have seen app like this totally disgusting westage of time never download this app too much ads,1,2,1.2.7,2024-04-12 00:17:13,,,1.2.7,pho1055184,com.ai.avatar.face.portrait.app
03fbbe78-9ae3-48ee-8808-341ada56333b,very good at enhnacing pictures,5,0,1.7.5,2022-02-02 07:44:14,,,1.7.5,pho917342,com.bigwinepot.nwdn.international
e0ceb4b0-6911-4584-8537-de2701157c07,good app but network issue in this app,1,1,3.7.373.202273829,2023-11-25 03:49:05,,,3.7.373.202273829,pho927627,com.bigwinepot.nwdn.international
7aeb65cf-1905-4a13-aa9c-b258ff92189e,I need to show me pictures to editor,5,0,,2023-01-20 14:34:38,,,,pho18281,photo.editor.photoeditor.filtersforpictures
a43dd9ce-6a11-4ad0-8eb1-4f46982629a2,Am using this app since 2014.it was sooo soo good and was one of my most favorite photo editing app.but now a days its become a worst app its not free editor app now thats why i hate this app i can't edit my photos videos in it..its very very bad app gugs plz don't download this app. I don't wanna give them any star.am very very disappoint,1,5,22.4.1,2023-06-02 10:55:53,As we continue to invest in our products and community we have recently made some additional features premium. This will enable us to enhance our tools & features for both Gold users and non-subscribers. Rest assured we will always offer a free version of Picsart.,2023-06-05 07:41:56,22.4.1,pho79813,com.picsart.studio
e8c3acb3-7c49-46fb-8dfb-92dc2aa10175,Nice app isse photos ekdam clean and saaf,5,0,3.7.171.202184772,2023-03-27 11:21:00,,,3.7.171.202184772,pho936919,com.bigwinepot.nwdn.international
12f5451e-9f74-4b35-965d-6ef2d98564bc,This is my favorite photo editing tool in the Play store all the other ones charging money this one basically has good frames for free and all the effects you want but if you're looking for a beauty app this is not your place. It's more like art.,5,24,1.483.106,2022-04-27 15:01:18,,,1.483.106,pho909,photo.editor.photoeditor.filtersforpictures
93a06c35-0048-4fa2-a651-e5b443943593,This is very nice editing,5,0,2.0.5.202108955,2022-03-09 01:53:07,,,2.0.5.202108955,pho931945,com.bigwinepot.nwdn.international
1629a81a-dbf9-43a1-b76a-1a27c347308a,Why so long advertisement even after enhancing only for downloading it??. No difference in the before after pics ;,1,0,,2022-04-19 01:11:47,,,,pho904807,com.bigwinepot.nwdn.international
149ebae9-ef46-431b-af3f-551d18e6988f,I used this app once and found it great. I am using it more.,5,0,1.574.186,2024-09-17 02:11:05,,,1.574.186,pho444264,photo.editor.photoeditor.photoeditorpro
4c9f4b8a-4e6e-46db-9b27-36c09cd5b4df,Boo! You could have left the features for folk that believed in you. Now you sold out like corporate America. Boths time is about up,1,1,,2022-01-11 15:03:06,,,,pho928336,com.bigwinepot.nwdn.international
fce573fc-a3c5-4442-8a0c-07fa7907dab6,This is the best app for photo editing I am a youtuber of this app I make thumbnails for YouTube and this make epic thumbnails,5,3,11.9.206,2023-12-31 04:15:17,Hi there! Thank you for your positive review! We truly appreciate your feedback and are thrilled to hear that you are enjoying our app. ^DC,2024-01-24 13:43:05,11.9.206,pho270799,com.adobe.psmobile
15b78cbb-645f-4ca8-8463-20d4adc39c2e,It is very good I was noob in editing but when I downloaded it change me to pro,5,0,1.51.163,2024-03-10 08:03:10,,,1.51.163,pho557220,photo.editor.photoeditor.photoeditorpro
556d9d61-d865-496d-821c-e9d7c78c7fd3,It's a Good application but I can't download pro version.,5,0,,2024-03-13 11:03:16,,,,pho915498,com.bigwinepot.nwdn.international
cde8ce51-f216-4092-9028-8486213c45fe,WOW THIS IS AN AMAZING APP REALLY ENHANCE YOUR PHOTOS,5,0,3.3.3.1,2022-11-04 15:10:49,,,3.3.3.1,pho801635,com.vimage.android
3eb0d1a7-a9ae-4ea3-bd89-2ca0d2f8ae4e,I use this app super quality photo,2,0,3.7.743.202430460,2024-08-28 04:49:17,,,3.7.743.202430460,pho890804,com.bigwinepot.nwdn.international
82a2ab0d-0543-47c4-b296-81c1f3271036,amazing a little bit surprise about the results,5,1,3.12.72,2023-10-13 01:17:36,,,3.12.72,pho658975,vsin.t16_funny_photo
8cd40dbe-caa7-4e10-8417-d605ec105a9f,That is a worst app some options are available or some options are not available like layers options are not available and text colour are not available . Fix your app perfectly plz.,1,0,,2024-09-02 10:26:12,,,,pho84620,com.picsart.studio
8da9bab9-767c-4b71-af22-80b00af6d645,It's fantastic app. I love it this is the best app for ather apps..,4,1,3.0.38.202125050,2022-06-16 12:29:10,,,3.0.38.202125050,pho912389,com.bigwinepot.nwdn.international
2d4be79f-21f6-47a7-b999-80da6ce96adb,Couldn't find bald filter,1,0,7.4.12.26,2024-01-11 08:09:59,You can find this feature under AI tools>>create with AI>>AI replace on your mobile App. Or find it on the web--https://www.fotor.com/photo-editor-app/editor/ai/ai-replacer,2024-01-16 01:01:21,7.4.12.26,pho835816,com.everimaging.photoeffectstudio
7f508157-8212-4964-9222-4e688337fa10,App is not good because add,2,0,3.7.547.202349419,2024-05-12 22:50:48,,,3.7.547.202349419,pho940460,com.bigwinepot.nwdn.international
68e5d401-b461-4af3-b55e-c1ac33d4797c,This app is useful for me and it's so beautiful i like this app.,5,0,18.7.3,2022-01-18 06:00:02,,,18.7.3,pho142507,com.picsart.studio
fc45bd0b-62c2-4ad6-bbcc-c2d165ec1181,I don't know how to deal with the adobe,2,0,8.1.958,2022-06-20 19:31:12,Hey! Weve put together some handy guides you might like: http://adobe.ly/psxfaq & https://helpx.adobe.com/photoshop/using/photoshop-express-help.html If you have an issue or need help shoot us an email at PSX-Feedback-Android@adobe.com. Let us know what we can improve to create a better experience for you. We're here to assist! ^Chan,2022-06-28 12:40:49,8.1.958,pho303109,com.adobe.psmobile
16d79b6f-abeb-49a6-b8e6-61e4e81c533a,Update problem please solved,3,1,,2024-06-06 22:47:22,Sorry for the inconvenience. Please update to the latest version. If issues persist email help@vimageapp.com. A 5-star rating would be appreciated!,2024-06-10 03:56:50,,pho800728,com.vimage.android
4ecf4c0b-f93d-4eb2-95bc-c0c34a20f339,I like what this app does but it still fails too much to pay for the PRO version. Too many photos cannot be fixed and some people's facial features are changed. The ads make it slow and on one of my phones they make the app crash but as I said it still fails too much to pay for it. It's not a tool that's always reliable,2,85,3.7.438.202300811,2023-12-16 12:58:07,,,3.7.438.202300811,pho876677,com.bigwinepot.nwdn.international
fc5c97eb-081a-4d96-802a-002c7f82daef,This app is amazing app,5,0,3.3.3.1,2022-09-07 23:25:43,,,3.3.3.1,pho802932,com.vimage.android
8432d381-be31-4d0c-8491-adcb2507f43c,Nice editor app.please free photo export,5,0,22.8.4,2023-08-08 10:33:31,,,22.8.4,pho140857,com.picsart.studio
1a5c616b-f6fd-471c-8b2d-1d0d91d7c5fe,This app is really so nice many kinds of oftion enclosed here.,3,0,25.3.9,2024-07-29 01:58:56,We're always happy to hear that creators are enjoying Picsart (and love Picsart as much as we do)! If you ever need any help you can find us at https://picsart.help.,2024-08-09 09:09:14,25.3.9,pho77993,com.picsart.studio
818ff436-f59b-4762-a69c-5992c21895c0,Because ads and take very time.app is good.,1,0,3.7.73.202166502,2022-12-16 11:06:49,,,3.7.73.202166502,pho922058,com.bigwinepot.nwdn.international
96dd8bcb-b300-4bc5-be64-97bfc513a30e,this app is very nice it is very useful,1,0,3.7.739.202428672,2024-09-22 21:22:59,,,3.7.739.202428672,pho890171,com.bigwinepot.nwdn.international
c723bce9-c88d-4244-a850-aff4214594b7,One of the best editing apps. Hands down. Thank you for providing such a well designed and plentiful app. No skimping on the options here. Lots to do. Never feel like I needed something else when I'm done. Thank you.,5,21,1.630.149,2024-03-30 18:21:51,,,1.630.149,pho1010,photo.editor.photoeditor.filtersforpictures
1519011e-5c6a-47b0-b69e-7039f848ef79,This is the best app i have ever used I would recommend it to any body,5,0,1.641.153,2024-06-12 11:21:08,,,1.641.153,pho3539,photo.editor.photoeditor.filtersforpictures
88c3b0fb-6212-435d-933b-6a156c5c4541,every tap there's always ad,1,0,3.7.741.202429485,2024-08-24 08:03:34,,,3.7.741.202429485,pho882194,com.bigwinepot.nwdn.international
f8648189-db4a-4182-a584-2d3d045be32d,Easy to use with exceptional features to edit pics.,5,1,22.8.4,2023-08-10 05:40:27,,,22.8.4,pho105028,com.picsart.studio
053ff201-690c-41e9-9059-822dcea8155a,No trial or anything. Just trust us we good. Now pay.,1,1,,2024-01-10 02:18:19,Dear friends we are sorry for the inconvenience caused to you. We need to charge for research and development fees and server fees. I hope you can understand. We will also continue to optimize our charging strategy and strive to provide you with more free services.,2024-01-10 02:37:39,,pho824036,com.energysh.quickarte
bfba8dd0-72ad-47e0-97f0-f6a33f278799,Ads Nuisance for every photo edit . Strange and Annoying ! Sometimes I forget what I am doing and not worth installing this PRO App (not free ) ! So I uninstalled to have peace of mind !,2,0,,2022-03-25 00:07:38,,,,pho887697,com.bigwinepot.nwdn.international
9b0d574f-4a56-4807-9dc6-e9177c3f40f4,It's a unique editor,5,0,4.0.0.6,2024-01-11 09:28:51,,,4.0.0.6,pho801173,com.vimage.android
46327d9f-d8f3-4bc5-9bf3-dbcd763904a9,Unable to do the simplest edits only if you pay money,1,0,23.2.9,2023-10-01 15:43:55,We appreciate your feedback and understand your concern. Picsart will always offer a robust free version of the app with access to hundreds of free features and millions of pieces of free-to-edit content that you can access without a subscription.,2023-10-03 10:28:56,23.2.9,pho124413,com.picsart.studio
fe396d36-7123-4337-aee9-45d3c447e060,Use to be great. Not worth what they charge,1,0,19.6.1,2024-01-05 00:04:04,We appreciate your feedback and understand your concern. Picsart will always offer a robust free version of the app with access to hundreds of free features and millions of pieces of free-to-edit content that you can access without a subscription.,2024-01-09 05:43:57,19.6.1,pho140728,com.picsart.studio
ce47d43f-37a5-475b-9aaa-d36c74d25cba,It's a good app actually! But whenever i try to save picture after editing it it constantly just shows the ad and when i hit the () nothing happens ad doesn't disappear and i can't save picture then! Please fix this issue for better reviews ! I would rate it better next time if you fic this prob! ~Regards~,3,43,20.0.4,2022-07-22 11:22:54,Picsart will always offer a free version of the app but we also offer premium features for Gold subscribers. Premium features are identified with a gold crown. To save your edit make sure you're only using free features or learn how to subscribe to Gold at https://picsart.help.,2022-07-25 04:44:21,20.0.4,pho68455,com.picsart.studio
96a207e2-3628-4577-95f1-eb32a45d028c,Every click has ADS as in EVERY click on your phone and an AD will pop. Unlike before!,2,0,3.7.744.202430747,2024-08-28 10:05:14,,,3.7.744.202430747,pho876370,com.bigwinepot.nwdn.international
5bad7feb-f6d2-4fba-8402-e02969158231,honestly impressed with this app,5,0,1.9.0,2023-04-11 11:32:19,,,1.9.0,pho872008,com.ai.polyverse.mirror
c43cd51e-2c1e-4ee6-96cb-534f8eff68e6,Good btt ads system is irritated.,2,0,3.7.539.202345315,2024-03-03 07:53:40,,,3.7.539.202345315,pho922119,com.bigwinepot.nwdn.international
53772674-5101-4355-b857-b4aeedba928f,Although the filters are nice but I kept recieving text messages regarding the payment however when i remembered I used the 3 day free trial.,1,0,,2023-07-02 00:41:45,,,,pho869285,com.ai.polyverse.mirror
c23d4110-590c-46a4-9a2c-f62b838cf359,Handy little photo editor. Easy to use fairly quick and lots of options.,5,0,,2022-03-14 18:32:30,,,,pho263180,com.adobe.psmobile
341bdfcf-0790-4fe1-87e7-1099c97ef98b,Old version is the best but new version is bad,1,0,,2023-11-10 03:01:40,,,,pho934766,com.bigwinepot.nwdn.international
d1dc15ba-233f-479b-a418-4c802302a21a,I had tried several apps and this is the one I think is the best if you like it has the option of a one-time purchase instead of those annoying monthly memberships.,5,2,1.51.163,2024-03-19 18:28:03,,,1.51.163,pho447188,photo.editor.photoeditor.photoeditorpro
7c73ecb3-fa73-479b-989a-69290bbf6ff5,making skin darker than it actually is.. doesn't feel appropriate.,1,0,3.16.0,2024-05-23 08:13:20,,,3.16.0,pho869073,com.ai.polyverse.mirror
194cd749-4606-4095-ae8a-8fcbb4fb3b83,This is very bad app If edited well the image is not saved,1,0,19.2.3,2022-03-24 09:35:13,Picsart will always offer a free version of the app but we also offer premium features for Gold subscribers. Premium features are identified with a gold crown. To save your edit make sure you're only using free features or learn how to subscribe to Gold at https://picsart.help.,2022-03-24 09:37:28,19.2.3,pho113697,com.picsart.studio
ecc42db7-48c3-4eeb-af61-ed03d3a97c24,App cant free trial,1,0,3.12.22,2022-07-09 23:56:29,"Dear user thank you for your feedback. The subscription is optional and lasts only three days. You can close the banner on the start via the ""Back"" native button and continue using Photo Lab for free without access to the PRO features.",2022-07-12 01:41:35,3.12.22,pho697638,vsin.t16_funny_photo
57f928c4-3c2d-4707-acf1-e2c4896b132f,My only problem with this app is i cannot use text in black colour including stroke function also in black colour can u guys fix it?,5,0,25.6.6,2024-09-01 14:10:57,,,25.6.6,pho66253,com.picsart.studio
f6db4cce-3b12-436a-a6cc-84ab45d14e87,Really cute please add so more preppy thing I really like this app please update more preppy,5,0,,2024-04-17 10:07:38,,,,pho124517,com.picsart.studio
fd615f49-3559-4cad-84b6-6fdc98adbd44,Fantastic text plus multiple format options for free. Very low cost for full blown version that is unbelievable.,5,27,1.652.157,2024-07-01 02:28:18,,,1.652.157,pho191,photo.editor.photoeditor.filtersforpictures
c5fcad3f-ea5d-4411-bbff-50c0533cc552,For photo editing this app is ok. But worse video editing damn slow and stops saving at it's will.For my first video it stopped at 70% and after three attempts I succeded. Same in my second video editing it stopped at40%. Very bad wasting time.Even 3stars is also high.,3,0,,2024-09-10 11:47:17,,,,pho67511,com.picsart.studio
94a76766-2804-4bbc-8683-721b358893a1,this is amazing I love how it changes your photos,5,0,2.3.1,2023-06-30 15:47:35,,,2.3.1,pho871051,com.ai.polyverse.mirror
4f4789fb-d51e-4c7b-9427-02e4c516f526,Adobe seriously? While I did a few edits in free version I'm forced to choose one of paid plans with free trial available meaning I give you a credit card information to continue use trial and once I just want skip it and get back to edits I can't anymore.,1,6,8.4.986,2022-09-07 00:57:08,,,8.4.986,pho260049,com.adobe.psmobile
5cc631c9-9810-4f85-99d5-91f93ab249f7,This is good.. however its not working anymore..!! It cant edit it always says SOMETHING WENT WRONG! CHECK YOUR INTERNET.!! my internet is good..!! Please fix this . Your app is crashing..!!,1,1,3.3.0.202131471,2022-07-15 23:16:26,,,3.3.0.202131471,pho886395,com.bigwinepot.nwdn.international
cab82037-0339-4e36-a0f7-ba7aad44d908,this is very helpful and used app,2,0,,2024-06-19 03:06:38,Hi Happy to hear that you find the app good :) Please let us know the reason behind this low rating at support@pho.to. We'd be happy to improve our app based on your suggestions. Thanks!,2024-06-21 08:30:29,,pho670572,vsin.t16_funny_photo
9e8f3dc5-968d-40e5-aabb-61d0c333bf8a,I canceled this and they still charged me 9 dollars a week! Insane.,1,1,,2024-09-20 07:38:42,Dear user most probably you forgot to cancel the subscription and were charged. Cancel the subscription before the end of the trial period and you are automatically refunded: https://support.google.com/googleplay/answer/7018481?co=GENIE.Platform%3DAndroid&hl=en Also you can contact us at support@pho.to and specify the order number,2024-10-03 10:43:42,,pho645775,vsin.t16_funny_photo
1f90cce6-b514-46b8-9569-1995e9c9e988,Don't use this app showing 100 advertisement and asking money to save photo,1,0,20.4.2,2022-09-11 15:31:01,Our goal is to provide the best experience for our Creators and we're sorry if this wasn't the case for you. We hear your frustration but ads are essential for Picsart and allow us to offer a free version of the app. Please send us an email at support@picsart.com. Our team will do whatever we can to make things right.,2022-09-12 09:22:23,20.4.2,pho133359,com.picsart.studio
2326c2ed-d157-4af4-9eae-c659069c5312,I can't screen record while using tools like effects . It's very discouraging and I am considering dumping PicsArt because of that. Why can't I screen record to demonstrate certain things to new users or for other teaching purposes. It's very bad,1,0,,2023-03-19 00:25:42,Hey there thank you for writing in. The screenshot/screen recording function is not available with certain features like Effects Retouch Remove and more. You can use the screenshot/screen recording function when you subscribe to Gold. Learn how to subscribe here: https://support.picsart.com/hc/articles/360002231997,2023-03-23 05:34:39,,pho70559,com.picsart.studio
d943eb46-291a-44cd-b612-cfa980d5a8f1,Don't install it. It will make your photos worse than before,1,0,,2023-06-25 13:54:38,,,,pho917651,com.bigwinepot.nwdn.international
4694e02e-5252-46c6-8491-10064ca4c10d,Works great. Just what I needed. I like all the options you got. Great Photoshop.,5,1,8.8.17,2023-01-27 22:23:22,Hi there! We're glad to hear you like the app. Let us know what we can improve to create a better experience for you to give us 5-stars We're here to help! Thanks! ^Chan,2023-01-27 20:51:30,8.8.17,pho269174,com.adobe.psmobile
6c10db86-f789-4e56-b3bb-b6523429f497,I love this photo lab it is awesome.,5,0,3.13.10,2024-06-03 14:32:36,,,3.13.10,pho638954,vsin.t16_funny_photo
b2ad6d16-261f-43d6-bb5c-b4191422f8c5,This app seems demonic. Once you don't agree to the payment plan NOTHING works. No screenshots no screen recording. I've tried using my debit card no positive response tried recording with another phone and the phone got frozen for a very long time. Like am still trying to get the phone to function. I regret stopping by at this evil app. I had to restart yet the phone hasn't come up. I refuse to be trapped.,1,1,,2022-01-16 17:51:18,Hi there thank you for your feedback. Picsart is a free app and you do not need Picsart Gold to get creative! If you would like to level-up to Gold get ready for an ad-free experience full access to our Video Editor and all of Picsarts premium content. Learn more about Gold by visiting our Help Center https://picsart.help,2022-01-17 02:36:29,,pho66880,com.picsart.studio
135a911d-4cbb-4dae-a219-45c65e636322,By far this is the best photo manipulation app. People don't understand the tools that are available at their fingertips on this app. Of course I pay for the service but it's absolutely worth twice it's cost. What a wonderful thing.,5,4,22.5.10,2023-06-29 02:10:48,,,22.5.10,pho81477,com.picsart.studio
3c2f277f-f4a1-4b67-b323-7592f53b8be5,the reason why is rate this 1 star cuz when i'm almost done the app resets and all of my work is gone! and it's also really hard to use.,1,0,,2022-02-03 01:22:02,"We hear you and know that app crashes are frustrating. A quick fix is to clear your cache. Go to your device settings > """"Apps"""" >""""Picsart"""" > """"Storage"""" >""""Clear Cache""""> """"Clear Data"""" If you run into any other issues (after clearing your cache) let us know at https://picsart.support.",2022-02-03 04:27:26,,pho102920,com.picsart.studio
fb11af12-b65a-435a-bcab-08f388048901,Nothing is 100% that's why I gave it 4 stars but the app is really good,4,0,24.6.4,2024-07-25 13:21:34,,,24.6.4,pho118122,com.picsart.studio
584dc6b7-7e05-412e-a68f-3b6b499ab64f,It's annoying every thing you click goes to ads,1,0,3.7.687.202407602,2024-07-09 08:53:55,,,3.7.687.202407602,pho883179,com.bigwinepot.nwdn.international
2aa7a352-2f1b-40d7-8f53-782e7e1ccb91,Nice app really I am so happy to use this app,5,1,V1.071.18,2023-09-25 13:50:10,,,V1.071.18,pho1051850,editingapp.pictureeditor.photoeditor
4527c158-b5a8-4288-9eba-0373e51b01cd,Very good and i give 5 stars before updated but now it is not good enough and i give two stars,2,2,2.3.0.202115168,2022-05-04 19:16:53,,,2.3.0.202115168,pho919256,com.bigwinepot.nwdn.international
5ac55be9-9429-49fa-9d18-fb4d71d8f200,super amazing so great to enhance my pictures,4,0,,2022-08-03 12:14:40,,,,pho928450,com.bigwinepot.nwdn.international
92543124-b060-48d1-b214-51dde24bf5ac,Remini is the best photos edit and clean very very nice app,5,0,3.7.589.202368641,2024-04-24 04:33:21,,,3.7.589.202368641,pho903426,com.bigwinepot.nwdn.international
6894c905-724c-4de5-a6b8-67b43422ecb0,super app for me but ads were too much plz stop ads,5,0,3.7.693.202410344,2024-07-14 00:34:04,,,3.7.693.202410344,pho885453,com.bigwinepot.nwdn.international
6244241f-179a-4597-801c-dd716385ac45,Very waste app bad experiences soo much of ads long duration ads waste of data worst experience.,1,0,3.7.620.202380338,2024-05-11 16:09:44,,,3.7.620.202380338,pho882948,com.bigwinepot.nwdn.international
88514a04-ce8e-4b1b-878b-474284ac1a43,SO BRILLIANT APP FOR YOUTUBE THUMBNAILS AND PHOTO EDIT THIS APP ANYTHING IS OK. OP APP REALLY.,5,0,19.6.1,2022-08-14 07:56:12,,,19.6.1,pho143057,com.picsart.studio
d2c04313-51c8-4dfe-8201-08e7d1c021e3,Don't usually review an app 5 minutes after installing it! But this one is promising to be a BIG improvement on my last photo-editor (which is a very good app too - and if this starts kicking up i will simply re-instal the old one (sadly) But. Hey!! It hasn't happened yet!,5,1,1.502.113,2022-07-31 06:12:54,,,1.502.113,pho1341,photo.editor.photoeditor.filtersforpictures
51ec6df3-9006-4ecd-80be-eadb9824d245,Ads are irritating while using app not useful app,1,0,,2023-01-25 01:24:48,,,,pho909040,com.bigwinepot.nwdn.international
4236b2b6-3485-40d1-a950-8ae4e98644cd,This is very best edit app/ Its is photo ed it very good app,5,0,,2022-04-15 11:05:07,,,,pho917823,com.bigwinepot.nwdn.international
5ad663f0-5b32-4337-8795-38ab69ce5f24,I can't even save a photo I edited without paying. Unbelievable. Use to be my go to editing app.,1,0,19.6.1,2022-05-02 20:40:33,Picsart will always offer a free version of the app but we also offer premium features for Gold subscribers. Premium features are identified with a gold crown. To save your edit make sure you're only using free features or learn how to subscribe to Gold at https://picsart.help.,2022-05-03 04:48:16,19.6.1,pho99939,com.picsart.studio
b0eca749-6306-44fe-8a16-2d7f295d28fc,This is the best but price are so high please make this happen lifetime subscription price maximum 20-30 dollor.,5,1,3.7.181.202186937,2023-04-08 07:34:43,,,3.7.181.202186937,pho902121,com.bigwinepot.nwdn.international
fe5c1da4-ef8a-4d9e-8d4f-2a80feb46784,Worst app ever. I would never download this app again. Not recommended,1,0,,2023-04-22 01:53:22,,,,pho924530,com.bigwinepot.nwdn.international
96f71698-9d09-4edf-8b40-53def50ae6ce,This is just perfect for giving images higher quality. The only thing I would change is the trademark because I don't wanna pay 17 dollars just to remove 1 word. What would make it best is if they make us watch ads to remove it about 5-10.,5,10,1.521.165,2024-04-12 06:41:09,,,1.521.165,pho446703,photo.editor.photoeditor.photoeditorpro
feb1923f-277a-4134-accc-e71088b9d805,I wanna buy the version pro no get a subscription,1,0,,2024-02-18 10:14:34,,,,pho928632,com.bigwinepot.nwdn.international
0a5a9583-2e70-4ed4-9063-18a435e4c298,This is the first app am rating 5star the ads don't afect the app and it's easy to use. keep up the good job. God bless,5,4,3.12.15,2022-05-29 14:13:25,,,3.12.15,pho639037,vsin.t16_funny_photo
a8cd738d-3b7e-4c74-9c7e-ad19a1fb8b8c,It's showing error that check network. Actually network is clear. Plz fix this,2,0,,2024-09-15 09:23:53,,,,pho891638,com.bigwinepot.nwdn.international
e5d5b7cd-f632-4db1-8203-75bcceb19e34,really I like this app very much because it makes my old and blure photos in hd this is is very nice,5,1,3.7.620.202380338,2024-05-11 13:24:11,,,3.7.620.202380338,pho882988,com.bigwinepot.nwdn.international
4b7b4022-381b-49ef-b39e-45dd4ccb3c40,have become worse! that's all I can say!,1,0,3.7.327.202255164,2023-08-13 18:43:32,,,3.7.327.202255164,pho947403,com.bigwinepot.nwdn.international
aa5b2bf4-2998-4428-af42-52b5151bfb96,"Too much ad . I'll play an ad once it's done the ""unable to connect /problem with the internet connection"" shows",1,0,,2023-08-24 18:33:46,,,,pho898599,com.bigwinepot.nwdn.international
46b7a1e5-1c5f-419f-98d2-05cfcbcbffe7,Its good but sometimes I see that the picture is over enhancing,3,0,,2022-01-12 16:45:03,,,,pho919004,com.bigwinepot.nwdn.international
ce0f1aed-fd2a-4427-88b9-e9cff5e79d30,Accidentally I downloaded and Totally I love it!!!!! Thank you,5,2,1.6.3.4,2022-01-08 14:58:50,,,1.6.3.4,pho823738,com.energysh.quickarte
02475f2c-71fc-4ac4-ab4f-0ca342787b43,This is by far the most incredible photo editor I have ever used from the Google Play Store. I've tried many others and this is the best I've used. Kudos to the developer!,5,2,1.483.106,2022-04-15 13:44:27,,,1.483.106,pho2563,photo.editor.photoeditor.filtersforpictures
357dd14c-bc24-4ab2-b15d-b24379b1f324,A few ads here and there but it does it's job at the end so 5/5,5,0,1.395.116,2022-04-22 14:48:10,,,1.395.116,pho459647,photo.editor.photoeditor.photoeditorpro
62c42868-4ddc-437c-8217-959e90c922a5,Good. But loading time,5,0,,2023-06-28 02:22:44,,,,pho930721,com.bigwinepot.nwdn.international
c74379f2-c823-420f-91db-9d9a273bbbf8,So easy photo editing . thanks for Remini apps,5,0,3.7.604.202374942,2024-04-29 01:36:41,,,3.7.604.202374942,pho889079,com.bigwinepot.nwdn.international
7da75494-4981-4fc8-962a-b7d5cb3b5b67,It is too good For photo editor,5,0,,2023-08-23 11:49:55,,,,pho920207,com.bigwinepot.nwdn.international
239c5627-ec20-42d2-8053-77db82d93d5e,I have tons of photo apps but this one was really easy I even bought the subscription it made my family picture more clear.,5,0,,2022-06-09 09:33:31,,,,pho452552,photo.editor.photoeditor.photoeditorpro
bf69f259-2da1-4b63-8ddb-69086fdabc2f,This is good but not for free all time,3,0,,2024-06-07 09:26:05,,,,pho912250,com.bigwinepot.nwdn.international
fb64f739-1e03-4285-878b-d5606cfc3853,But not best results Pls update photo enchance Artificial intelligence technology,5,0,,2022-04-30 00:31:59,,,,pho282951,com.adobe.psmobile
f13304ac-0738-4f11-960d-14ff3ed2b23a,This app was one of my favorites but recently it keeps saying can't connect right now.its driving me crazyyy,1,0,,2022-02-20 06:04:17,,,,pho901289,com.bigwinepot.nwdn.international
0919b2c4-36e8-4a95-8bf3-a6c5bb2e0bda,Brilliant app I'm no pro but what you get here does wonders for photos.,5,0,11.4.162,2023-11-19 16:58:23,Hi there! Thank you for your positive review! We truly appreciate your feedback and are thrilled to hear that you are enjoying our app. ^DC,2023-11-20 08:09:00,11.4.162,pho270801,com.adobe.psmobile
0fbfb7f0-1b70-476a-923f-f2642e8ff2ac,It dose the job,5,0,1.433.137,2022-11-20 19:42:12,,,1.433.137,pho517869,photo.editor.photoeditor.photoeditorpro
c05619a3-c2de-4a5d-8445-1b9d544f822a,The app route is not working for some days. error is check your internet connection. Please fix this,3,0,3.7.46.202160002,2022-11-26 06:03:20,,,3.7.46.202160002,pho898247,com.bigwinepot.nwdn.international
22790f1f-90c6-4d67-9b21-1c1c4b5db914,Excellent application. I enjoyed using this application. It's performance is really praiseworthy. Thanks to the developers for providing such a nice application.,5,2,8.1.958,2022-05-05 06:37:10,,,8.1.958,pho267097,com.adobe.psmobile
69c17d78-8481-41d5-b9fb-ef2148c7c001,The worst editing app I have ever seen as the main purpose of starting is money always annoys for taking premium and once I brought it then too it annoys by adds,1,1,19.3.0,2022-04-12 08:26:01,Picsart is always free to download and we work hard to make Gold affordable for everyone. With Gold you can create ad-free and have access to premium features. Learn more about the benefits of Gold at https://support.picsart.com/hc/en-us/articles/360002231997-Benefits-of-Picsart-Gold.,2022-04-12 08:46:39,19.3.0,pho86242,com.picsart.studio
d5a126cc-320c-4346-a919-e510e42b9ad0,I'm experiencing an annoying things on your app like when I save a picture it says my connection has a problem and that isn't true. Edit: The app became worse now I can't even enhance a photo because of that connection problem,1,1,,2022-08-14 03:51:35,,,,pho880999,com.bigwinepot.nwdn.international
c0325a31-5c72-416f-8aaf-76209344bf10,Almost 9yrs experience . Thankz alot picsart.,5,0,25.6.6,2024-09-11 06:32:22,,,25.6.6,pho78066,com.picsart.studio
78466b34-632d-49d1-9e6b-a90a2cc8600e,it's different to all others,3,0,3.12.63,2023-08-21 17:59:56,Dear user we care about your feelings and every little encouragement makes us better :) So if you like this app please consider giving us a 5-star rating. If you have any suggestions please let us know at support@pho.to.,2023-08-22 05:34:05,3.12.63,pho697148,vsin.t16_funny_photo
3861f801-0ef7-4208-9eb8-89a6f14742a7,It's convenient but I hope it can be used offline too.,5,0,,2023-09-14 05:33:38,,,,pho911241,com.bigwinepot.nwdn.international
29fd6c9c-d416-48d5-b9c4-bd4327624b61,Too greedy with making users subscribe. After struggling for a very long time to deal with ads just to enhance ONE FREAKING PICTURE I'VE DECIDED TO FINALLY GIVE THIS TRASH A 1STAR RATING.,1,0,3.7.659.202391408,2024-06-20 00:53:19,,,3.7.659.202391408,pho878500,com.bigwinepot.nwdn.international
965a5362-6689-4084-897e-8631d4c239c3,Wonderful and very fast to believe for now and future,5,0,1.425.133,2022-10-31 04:07:51,,,1.425.133,pho492472,photo.editor.photoeditor.photoeditorpro
9aefcca5-aadd-4c9c-a944-c43702795904,Without pro version..it's just a advertisement app ..,1,0,,2024-07-11 22:59:59,,,,pho910127,com.bigwinepot.nwdn.international
5ec02828-7adf-4899-9b66-3669af6242dc,Not so perfect but helped me to restore my old photos.,4,0,3.7.263.202209045,2023-06-22 03:24:28,,,3.7.263.202209045,pho904692,com.bigwinepot.nwdn.international
311395c0-cddd-43c1-a31d-15ec70f76367,Poor server new instalook is always loading. Hope you have to fix it better,2,3,3.12.72,2023-10-13 08:47:53,Dear User really appreciate your suggestion. If you have questions or suggestions please contact us at support@pho.to.,2023-10-03 05:43:53,3.12.72,pho642973,vsin.t16_funny_photo
8cf8ae0a-9c9c-4fee-a106-3b4743eb016d,The features are good but the watermarks LOL. Don't let us spend money just to remove your watermarks in our own photos. LOL,3,0,13.1.387,2024-03-30 18:11:21,Hello! We apologies for any frustration caused by the app. While we understand some features require a premium subscription we also provide free editing tools and features. We aim to strike a balance between free and meet user needs. If you have any specific concerns or suggestions please contact us. ^Sam,2024-04-12 10:52:55,13.1.387,pho264917,com.adobe.psmobile
83e4d601-ac92-47be-9fbf-7e18803cf1da,Ups ada yang salah! Ya emang ini aplikasi udah banyak salahnya wkwkwk iklan sama bug sama sama dibanyakin wkwkwkwk Oops something is wrong! Yes this application has a lot of harm wkwkwk ads are the same bugs are the same as many wkwkwkwk,1,4,3.7.576.202364544,2024-04-05 02:25:32,,,3.7.576.202364544,pho886227,com.bigwinepot.nwdn.international
4c59ca14-10be-4e51-8cd7-ad17c210052d,At the first there's no ads and I think its good but no i mean it's good but the ads i hope you can fix this tysm,3,0,3.7.95.202169180,2023-01-08 02:10:30,,,3.7.95.202169180,pho900435,com.bigwinepot.nwdn.international
a0736b31-28be-449d-b555-0f314597d0f5,Payment over price Don't download Oy 3 pics only enhance,1,0,3.4.55.202139532,2022-08-23 08:55:20,,,3.4.55.202139532,pho927244,com.bigwinepot.nwdn.international
97adafbc-1e03-4d0e-a764-671a8b9ef095,I kept it since it was a nice app to have on the side in fixing up old pictures. I am now removing it cause it's new tos states they will track everything about you for simply wanting to restore old photos.,1,0,3.7.428.202295936,2024-07-03 13:59:26,,,3.7.428.202295936,pho878308,com.bigwinepot.nwdn.international
4c2abbaf-de38-475c-91c2-84f8378303bf,Asks for access to media files then once you've uploaded some photos they want money to continue. You can deny access at the beginning but can't use the app until access granted. Be aware this is not free to use at all.,1,0,,2024-04-13 01:30:21,Picsart will always offer a free version of the app but we also offer premium features for Gold subscribers. Premium features are identified with a gold crown. To save your edit make sure you're only using free features or learn how to subscribe to Gold at https://picsart.help.,2024-04-16 08:16:52,,pho73709,com.picsart.studio
80bd6e10-8fa5-4089-92a7-420846bf1e8c,Is ve very easy but ab problem,5,0,3.7.270.202213847,2024-07-09 05:34:04,,,3.7.270.202213847,pho936139,com.bigwinepot.nwdn.international
d0efdd19-6991-4884-aa5d-720549ced65b,java.lang.NullPointerException: Attempt to invoke virtual method 'void myobfuscated.ir0.b.v(boolean)' on a null object reference at com.picsart.studio.brushlib.editor.draw.EditorDrawingView.onDraw(ProGuard:36) at android.view.View.draw(View.java:21561) at android.view.View.updateDisplayListIfDirty(View.java:20404) at android.view.View.draw(View.java:21279) at android.view.ViewGroup.drawChild(ViewGroup.java:4451) at android.view.ViewGroup.dispatchDraw(ViewGroup.java:4212),1,0,20.3.4,2022-08-16 23:08:01,"Thanks for the feedback - we'd love to look into this for you. Can you please send us an email at support@picsart.com with the subject line ""App Store Review""? Our team will investigate and work on a fix for you.",2022-08-17 04:35:25,20.3.4,pho140191,com.picsart.studio
dace52c5-b820-4d23-bb0c-dbafe387a9d3,sneaky ads after first 2 tries,1,0,2.2.0,2023-05-28 19:58:15,,,2.2.0,pho871086,com.ai.polyverse.mirror
c5cbf232-0700-4639-8c74-45f77ef6a885,Beautiful fun app. enjoying using it.,5,0,3.12.21,2022-06-30 06:44:43,,,3.12.21,pho660294,vsin.t16_funny_photo
70b95c07-c80f-425c-aa4c-bb2bbbac80a4,Very perfect and excellent but iam trying to down load the app in my new phone but it does not work.,3,1,3.11.8,2022-04-11 03:13:41,Dear user we are so sorry for the inconvenience but there is some confusion about your comment. Could you please explain the specific problems or send a screenshot to us at support@pho.to?,2022-04-11 05:10:21,3.11.8,pho638494,vsin.t16_funny_photo
066fd5f0-22b5-49fa-bc86-b047e7327e7c,n every update we are working hard to improve our app performance and fix any bugs to bring you the best quality experience we can. Were also testing some new features so keep an eye out for some exciting new updates.,5,0,,2022-03-26 05:18:02,,,,pho263478,com.adobe.psmobile
ddc32444-caa9-4612-8969-d92b755e5cc8,It's quick and easy a little quirky in some places - but overall a good app.,5,1,8.0.929,2022-02-02 02:38:02,,,8.0.929,pho265928,com.adobe.psmobile
3465cc6c-27cf-4c20-8859-0613acd18493,They give you a specific amount for the week,1,2,2.0.2,2023-07-28 22:18:41,Dear friend we need to charge for research and development costs I hope you can understand. We will also optimize the application to provide you with better free services.,2023-08-08 01:36:12,2.0.2,pho824387,com.energysh.quickarte
5b690698-dd33-4ccf-954a-d497c5e02c0b,Unable to edit photos i would have given it a 5 Star,1,0,21.1.6,2022-12-05 09:13:00,"Thanks for the feedback - we'd love to look into this for you. Can you please send us an email at support@picsart.com with the subject line ""App Store Review""? Our team will investigate and work on a fix for you.",2022-12-06 03:13:40,21.1.6,pho125555,com.picsart.studio
610093f6-c2e7-4490-84c2-0bcc488d878c,If there is half star i will give it cause damn theres always problem,1,0,,2022-04-21 00:46:02,,,,pho926159,com.bigwinepot.nwdn.international
8036c9b1-f0d0-4416-87e6-b5de8c1ba604,I don't like this because screenshot not available .,3,0,3.13.6,2024-04-23 11:39:00,Dear user really appreciate your suggestion. There is no possibility to take a screenshot of the display only on the last two stages. Hope for your understanding. If you have questions or suggestions please contact us at support@pho.to.,2024-04-25 03:12:24,3.13.6,pho650244,vsin.t16_funny_photo
bcb50286-8447-4887-92e5-045d6032a3cc,I love this app I can finally be a anime girl,5,0,1.8.1,2023-03-21 19:28:59,Thanks for your love and support on AI Mirror! We're happy that you the app and its features. We'll keep enhancing AI Mirror and updating NEW AI ART styles weekly. Thank you for choosing AI Mirror and stay tuned for more exciting updates and surprises!,2023-03-23 03:39:12,1.8.1,pho872061,com.ai.polyverse.mirror
953387a5-9ffd-447a-8288-aff8054bd745,This app is good full of cool features,5,0,1.425.133,2022-09-15 19:40:59,,,1.425.133,pho481716,photo.editor.photoeditor.photoeditorpro
40a20e58-d743-461b-9a84-9b35f095098d,Some of its features are paid but when I pay to subscribe to it then the payment fails. Please help,1,0,20.0.4,2022-07-08 06:14:18,"We'd love to look into this for you. Can you please email us at support@picsart.com with the subject line ""App Store Review""? Our team will investigate and work on a fix for your Gold subscription.",2022-07-08 06:17:26,20.0.4,pho105859,com.picsart.studio
90d54f03-88ec-4d07-a521-7c189fe5cb24,Queen of Ads! Poor app!,1,0,3.7.606.202375594,2024-05-28 04:03:27,,,3.7.606.202375594,pho892721,com.bigwinepot.nwdn.international
936a7207-b64d-4399-963a-6005abd5329d,Whenever I'm editing a pic or whenever I open the app it automatically shuts down.I upgraded it many times but still it shut downs automatically and I'm unable to edit any of my pic..at first I loved using this app because of its great amazing attractive templates but now I'm so disappointed by this app kindly help me with this if you can,3,0,,2022-08-30 02:44:17,Hi there thanks for your review. We are sad to hear that Picsart crashed on your device. You can fix this issue by cleaning your cache. Go to your device's Settings Apps Picsart Storage Clear cache Clear Data. If the issue persists please feel free to contact us at https://picsart.support,2022-08-30 03:57:21,,pho69083,com.picsart.studio
74ae275c-f5be-44e8-b67c-b27fc715bce9,I like this app this app is good some add problem so that 3 Star.,3,0,3.7.220.202197142,2023-05-20 12:29:15,,,3.7.220.202197142,pho924100,com.bigwinepot.nwdn.international
7de44def-2bf1-4b13-b96e-8f9cbd7aee5a,Its a good apk i can edit my photo this app so cool i like it,5,0,18.6.3,2022-02-17 02:37:56,,,18.6.3,pho136873,com.picsart.studio
dee32d11-9975-4467-86ba-c59a9d88c580,It will try to install advertised apps without permission. It does this at the end of an ad. Very annoying. Finally uninstalled the app.,2,0,3.7.460.202309483,2023-12-19 10:53:17,,,3.7.460.202309483,pho886213,com.bigwinepot.nwdn.international
ece213f4-7415-4c44-8d12-0f9410e0bed2,amazing app. easy to use with lots of great features,5,7,3.12.8,2022-04-04 04:53:38,,,3.12.8,pho643328,vsin.t16_funny_photo
744f43c0-cf44-4c04-8120-41390db281c1,You made my mum look bad,1,0,3.4.0,2023-09-17 03:32:14,,,3.4.0,pho873187,com.ai.polyverse.mirror
8e5cbeaf-adce-420f-9423-a2f9aacf1b1a,Can't resize picture less then 1080x1080. Previous version was better,2,0,25.5.3,2024-08-17 10:17:52,While we don't have the option to manually resize photos yet we're always working on new features based on Creator feedback. We'll make sure to pass this along to the team and maybe you'll see it in the app soon.,2024-09-05 05:22:24,25.5.3,pho77890,com.picsart.studio
37e60750-b553-499c-b2b7-a50c3b5fd64d,I bought the pro/premier subscription. It worked well but lately I can't even use the remove background feature. Help!!!,1,1,21.9.5,2023-03-29 01:10:36,Hi thank you for alerting us about this. Picsart performs best when operated on the latest available app version. To ensure best performance please uninstall the app > go to Play Store > install the app. If this does not help please drop us a message with as much detail as possible at our Help Center at https://picsart.help,2023-03-29 03:43:35,21.9.5,pho88955,com.picsart.studio
4afaeea5-8e75-4400-85f1-8c9948fde560,Perfect app for clearing up old photos!!!,5,0,,2023-07-08 21:07:32,,,,pho465899,photo.editor.photoeditor.photoeditorpro
79637827-a2a7-4a59-af0a-efdaadcb08c2,It's not working only showing me loading,1,0,3.12.21,2023-12-11 01:39:15,Dear user thanks for writing a review. Sometimes the app may be slow but such instances are rare. If it happens too often please let us know at support@pho.to. We'll have things investigated.,2023-12-11 04:17:21,3.12.21,pho659241,vsin.t16_funny_photo
d3537b8d-e71b-4494-a4c8-e73039da8684,I really don't want to pay 7.99 just to do 4 video for a week,1,1,6.4.0,2024-09-17 02:57:56,,,6.4.0,pho831070,com.pixerylabs.cloneai
7f717309-eab1-4073-8d82-0a558c764f84,Easy useful and awesome editing app,4,0,1.417.127,2022-09-07 06:59:46,,,1.417.127,pho472636,photo.editor.photoeditor.photoeditorpro
d2607aba-ec44-45ae-98ac-591d5d19ce31,Love building pictures just wish I could add a picture of me in one of their pictures like the waterfall or snow,5,0,3.3.3.1,2022-11-15 22:10:51,,,3.3.3.1,pho798135,com.vimage.android
9ca86d6d-53b9-42d9-b2c0-ec2790d54a35,Too many ads .. Everytime it shows ads to buy premium membership,1,0,25.6.6,2024-09-10 11:03:19,We hear your frustration but ads are essential for Picsart and allow us to offer a free version of the app. If you want to create ad-free you can always upgrade to Picsart Gold.,2024-09-12 14:45:09,25.6.6,pho67085,com.picsart.studio
26807b14-4356-4eb8-8f99-c542e51377d7,Excellent app. Worth it to subscribe. However it takes up a whole lot of your phone's storage space at over 2GB of storage required. Best to use on a tablet with more storage space than your phone.,4,0,16.5.3,2023-05-04 19:35:47,,,16.5.3,pho71123,com.picsart.studio
6c62b31f-c497-47e5-a890-cb77eae97729,it is a great app it brings photos to life has a lot of feature but it is not free,4,0,7.5.6.13,2024-03-27 14:29:07,,,7.5.6.13,pho833935,com.everimaging.photoeffectstudio
7081eed7-5aad-4fe7-9765-eb625aff922b,best editing app for Android,5,0,10.5.53,2023-09-09 13:32:37,Hi there! Thank you for your positive review! We truly appreciate your feedback and are thrilled to hear that you are enjoying our app. ^DC,2023-09-23 13:02:22,10.5.53,pho281384,com.adobe.psmobile
c489f05e-6b83-4004-a0f8-94eedebe1434,It's a very good app for the amateurs and also for the pros. It always helps me in creating something new out of an ordinary photo.,5,8,3.12.21,2022-07-05 02:36:09,,,3.12.21,pho633511,vsin.t16_funny_photo
4f0b5a3a-a918-4df2-a032-6a5db7bf3f58,I use the app for years and was amazing but it has reach a point of being unsufferable if you don't have premium,1,0,12.1.3,2022-09-25 03:15:42,As we continue to invest in our products and community we have recently made some additional features premium. This will enable us to enhance our tools & features for both Gold users and non-subscribers. Rest assured we will always offer a free version of Picsart.,2022-09-26 06:25:05,12.1.3,pho99254,com.picsart.studio
6f53d82e-8b89-481f-8e0f-841a1b5b2d07,It makes beautiful results but is unable to scale sizes abd is not an option for plus size person. The head would not be scaled to the body or vice versa,3,4,1.2.7,2024-04-08 06:29:38,,,1.2.7,pho1054941,com.ai.avatar.face.portrait.app
a9639d7d-b7e5-4a96-a34e-dc77bc73048c,Very good app friendly interface,5,0,,2024-09-10 01:46:20,Hello! We appreciate your kind words about the app and are glad you find the interface friendly. Thank you for your positive feedback! ^Sam,2024-09-10 06:53:15,,pho272824,com.adobe.psmobile
9a6a49d9-5243-4624-aabe-81b87d3b5008,I hope you could improve this app because its really amazing. I'll give it a four star since you added way too much ads now.,4,1,3.0.38.202125050,2022-06-17 22:54:12,,,3.0.38.202125050,pho893173,com.bigwinepot.nwdn.international
7c027285-cb76-400a-a3c9-4fc1c5032712,I've been using this app for many years,5,0,1.574.186,2024-09-04 08:08:56,,,1.574.186,pho451235,photo.editor.photoeditor.photoeditorpro
0dab4d6d-ba85-4ac8-81ba-123d9e1f1042,Great but option to make curved text missing,5,1,19.1.5,2024-04-22 08:00:20,"Hi Arsene thanks for sharing your valuable thoughts. Your feedback about supporting curved text will be forwarded to the relevant department for future updates. Feel free to share more via ""Send Feedback"" in the app Settings with reference if you have any further opinions. We're eager to listen and improve.",2024-04-23 03:20:04,19.1.5,pho148415,com.cyberlink.photodirector
f4d01cf2-daa5-4872-a7c6-2fd581c52213,Amazing af!! But.too expensive!!!!!!!!,3,0,1.3.0,2024-08-13 10:41:01,,,1.3.0,pho1054847,com.ai.avatar.face.portrait.app
25d88865-fa35-4e7b-96b7-a32f6451dfee,This app is very very good,5,0,1.630.149,2024-03-26 03:55:46,,,1.630.149,pho18173,photo.editor.photoeditor.filtersforpictures
d7c5aba4-11ae-49b2-a6a7-3d15b088e4de,So many premium features I can't use but I need to use them and you can't screenshot or screen record(I am not getting gold because there is no point wasting my money),1,0,,2024-08-07 10:26:13,Hey there thank you for writing in. The screenshot/screen recording function is not available with certain features like Effects Retouch Remove and more. You can use the screenshot/screen recording function when you subscribe to Gold. Learn how to subscribe here: https://support.picsart.com/hc/articles/360002231997,2024-08-07 10:24:43,,pho83996,com.picsart.studio
22293c05-d4e1-4cd1-b4b5-0e719d120c09,This pap works wonderss i swear! THIS IS A MUST HAVE APP ESPCIALLY IF UR A INFUENCER OR LIKE POSTING PICS ON SOCIAL MEDIA,5,0,1.7.4,2022-01-02 03:52:50,,,1.7.4,pho922860,com.bigwinepot.nwdn.international
f84567e2-4e37-4edd-8798-8ede20c5bb3c,So easy to use! My only gripe is that I can't save a preset so I can quickly edit multiple photos in the same way but this may be a paid-for feature. For a free editing tool I love it.,5,0,8.1.952,2022-03-24 03:44:57,,,8.1.952,pho259049,com.adobe.psmobile
37d8ae4b-017c-47ad-8559-18f88c2096f8,This app is geart the photo editing fantestic,1,0,,2023-03-28 01:43:40,,,,pho943258,com.bigwinepot.nwdn.international
aee40654-b054-4c18-ac52-044205a9da08,Good app even if you have the free version,5,0,1.521.119,2022-11-26 08:37:22,,,1.521.119,pho9398,photo.editor.photoeditor.filtersforpictures
50517f27-87b2-4d94-8c66-66d9bb9a2b6a,"Nice app been using it for almost a year now but since the new upgrade it fails to edit photo. Keeps throwing error of ""data transfer error"".",2,24,3.12.63,2023-07-25 05:10:11,"Dear user thank you for taking the time to inform us about this problem. Please open ""About us"" on the left menu and ""Inform about problem"" and send already attached file to the e-mail letter at support@pho.to",2023-07-25 08:03:51,3.12.63,pho632774,vsin.t16_funny_photo
fca3386c-e6bd-42bb-8281-46e26a7432d0,Much creativity on this App everything has been so good for now thank you so much,3,0,3.12.86,2024-01-02 05:14:11,Dear user we care about your feelings and every little encouragement makes us better :) So if you like this app please consider giving us a 5-star rating. If you have any suggestions please let us know at support@pho.to.,2024-01-02 06:47:11,3.12.86,pho650241,vsin.t16_funny_photo
65be3548-8416-4b8b-827e-e176cc72f7a9,I tried at least 8 or 9 other apps till I found this one! FINALLY!! Easy to use an perfect for my photo editing needs,5,2,1.436.140,2023-01-24 18:51:01,,,1.436.140,pho449720,photo.editor.photoeditor.photoeditorpro
3ba965f9-7f73-49d1-b40d-59fda9446665,Really what is happening with u? Every time u make update for the application it gets more worse than before keep the old update please.,1,13,3.7.349.202261398,2023-09-01 17:01:50,,,3.7.349.202261398,pho897234,com.bigwinepot.nwdn.international
e79291d1-27de-44d0-806f-bb0e39f0a061,Its a great app! But for some reason its not working on my phone,5,0,10.2.4,2022-04-21 07:11:05,,,10.2.4,pho129074,com.picsart.studio
5419b469-b193-428f-aecc-02242aa07a65,The pictures you do will not look like u at all,2,0,3.12.68,2023-11-30 10:52:12,Hi we are sorry that you did not enjoy the app as much. We will try to resolve the issue as soon as possible.,2023-12-01 02:46:44,3.12.68,pho662059,vsin.t16_funny_photo
6a67d2b6-9ee2-410e-9a23-96a89e5a0030,One of the best editing app so far. I love it,5,0,8.3.979,2022-10-30 18:42:44,,,8.3.979,pho274408,com.adobe.psmobile
d046a4fe-f7d0-4a24-9fec-0b209944a0af,Amazing no problems! The best picture editor ever!!,5,0,1.395.116,2022-05-31 20:11:30,,,1.395.116,pho458406,photo.editor.photoeditor.photoeditorpro
46912a14-bc30-4f00-a869-4ca942956d6a,This app is good to edit perfect pictures very easily,5,0,1.395.116,2022-07-03 15:00:56,,,1.395.116,pho460241,photo.editor.photoeditor.photoeditorpro
1046d894-5bb2-43f9-877a-bb3cbb2bcd3c,it's nice and my picture makes it beautiful and clear,5,0,,2024-04-11 08:42:10,,,,pho922441,com.bigwinepot.nwdn.international
38980f0b-2868-44ee-862e-d493f12e5eb6,Useless! It changes by another people face !,1,0,3.7.185.202187427,2023-04-11 14:28:14,,,3.7.185.202187427,pho937163,com.bigwinepot.nwdn.international
dd476775-f534-48a2-b4dd-3ba6389fbfaa,best one but add k wajh se problem hoti hai,5,0,3.7.611.202377191,2024-05-05 04:25:00,,,3.7.611.202377191,pho906443,com.bigwinepot.nwdn.international
0b97f212-1da5-470c-b261-01f951e3da94,So I was having issues trying to layer photos and I contacted customer support and got linked to a page with irrelevant information. Soon I find out certain features are not available on Android. I'm going to look for a photo editor that doesn't exclude consumers based on their devices. Again y'all have money do better,1,9,12.5.284,2024-02-14 14:18:23,Hi Zachary! I am sorry for such disappointment. Please be assured we are constantly working to improve the app and your feedback helps us do the same. We do not have a layer feature in the app; however you can post suggestions for the feature at [https://adobe.ly/psxandroidfeaturerequests] and our developers will look into it. ^DC,2024-02-15 11:54:41,12.5.284,pho258066,com.adobe.psmobile
5f83edd9-bf48-415a-b3b7-d2b4d8dacf95,Pissed off royaly!!! This used to be one of my favorite apps until the price tag came along. That wasn't so bad but then the notifications kept coming many many times a day. I got so angry that I finally decided to uninstall the app.AND I STILL GET NOTIFICATIONS!!!!! I tried to voice my complaint but the useless chat bot can't understand my issue. Very angry and I want nothing to do with this app ever again. Stars?? Are you kidding me? You don't deserve even 1 star!,1,1,24.1.8,2024-02-08 08:22:09,"Thanks for the feedback - we'd love to look into this for you. Can you please send us an email at support@picsart.com with the subject line ""App Store Review""? Our team will investigate and work on a fix for you.",2024-02-09 05:03:13,24.1.8,pho79864,com.picsart.studio
dda1101e-2952-4461-9c46-dbc9defb0096,More free options would be cool.but I do love it anyways,4,0,17.5.0,2023-01-22 15:10:15,Hello Panerk thank you for your nice review We hope that the editing tools in our photo editor app are helpful for you! We'd appreciate it greatly if you could also rate PhotoDirector Mobile 5 stars for the encouragement.,2023-01-30 21:27:10,17.5.0,pho151003,com.cyberlink.photodirector
a9dcce5d-58c8-428b-8ca0-68e9f57b0829,"Completely useless. So busy trying to demand you subscribe or make you watch an ad that you actually can never get to functionality. Reply comment from developer proves my point boils down to ""If you want use our product pay us you peon"". A free trail version is meant to allow you to explore some functionality but the developers over-monetisation strategy destroys any usability of trail version so user never get to determine if functionality is useful.",1,17,,2024-05-15 15:22:36,Thank you for your feedback. We will continue to adjust our advertising strategies to meet everyone's needs. If you want unlimited use you can also consider upgrading to the paid version for a better experience.,2024-03-26 08:37:32,,pho823048,com.energysh.quickarte
f16ba48e-1492-429c-a456-402822cdac5c,Used to be great now super buggy and I keep losing my work,2,0,19.4.3,2022-04-19 08:50:00,Our goal is to make Picsart as easy to navigate as possible but we're sorry to hear that this hasn't been your experience. You can find more information at https://picsart.help.,2022-04-19 09:03:10,19.4.3,pho117252,com.picsart.studio
491f1ed9-67a2-44a3-92de-b14389e2e032,"This is hands-down my favorite editing app. It works for all photos and videos. I've used it for years for many moons for many projects. Also I've yet to have to purchase anything even though there is a ""Gold"" version. I haven't needed it. *Sometimes the ""Text"" option doesn't let you change the text color even though it gives you the option*",5,380,20.8.5,2022-11-01 00:37:41,,,20.8.5,pho63164,com.picsart.studio
a1623453-4fe2-4bd1-a8e6-6aff827b8728,"It always say ""oops no connection pls try again"" everytimr i watch an ad.",1,0,3.7.698.202412939,2024-07-21 00:21:16,,,3.7.698.202412939,pho1007000,com.bigwinepot.nwdn.international
3296f5a2-1f0c-4757-a4a9-476136c0ac83,A good photo maker,5,0,3.7.651.202388154,2024-06-05 01:07:44,,,3.7.651.202388154,pho906927,com.bigwinepot.nwdn.international
dc615179-5ac7-4169-b8c8-3957aa30e598,It's easy to use this app this app was very useful to edi very nice app,5,0,,2024-10-04 12:37:21,,,,pho908432,com.bigwinepot.nwdn.international
a73e52a7-6856-43a6-9d05-6991b8bd3180,you can't take off the automatic makeup and color like it used to everything became pro.,1,0,3.7.109.202171354,2023-07-08 06:33:27,,,3.7.109.202171354,pho891856,com.bigwinepot.nwdn.international
87b73063-f31c-4c21-9161-2cbf3a6d7ffc,I always updated my apk but now this app it not working..,1,0,3.7.539.202345315,2024-02-27 06:59:56,,,3.7.539.202345315,pho915116,com.bigwinepot.nwdn.international
e8d53d65-6492-4773-8eaf-f46bb121d275,Good picture editing but much more advertising,4,0,1.431.135,2022-10-31 11:12:49,,,1.431.135,pho468034,photo.editor.photoeditor.photoeditorpro
8cde4688-1851-4626-bf70-046683b0ff2e,It's a wonderful app,4,0,,2023-06-10 13:23:54,Hello thank you for your encouraging words and support. Keep using LightX! In case of any queries or suggestions regarding the app please feel free to reach out to us at support@lightxapp.com.,2023-06-12 07:13:16,,pho581896,com.lightx
b1d9c3f2-d81e-456a-8e2a-ff8b7e28d7f1,few days server is very slowly plz request. helps fii to free service,5,0,1.7.5,2022-02-20 23:34:56,,,1.7.5,pho910322,com.bigwinepot.nwdn.international
a19fc71a-3098-4cfa-8a26-c352666f7a13,Not free trial how can purchase,1,0,7.4.12.24,2023-12-27 02:57:33,Hi there if you want to have a Pro/Pro+ membership you can purchase via this link: https://www.fotor.com/pricing/. Or download the App and purchase the Pro/Pro+ subscription in the App. If you need further help please feel to reach out to us at support@fotor.com,2024-01-02 22:29:07,7.4.12.24,pho836786,com.everimaging.photoeffectstudio
4df31991-cd99-446e-8aa7-76974e326181,Very nice photo editing app,5,0,1.462.152,2023-09-24 10:49:52,,,1.462.152,pho477187,photo.editor.photoeditor.photoeditorpro
a4087ab0-5ec9-4a31-b87d-a91f636fcf16,fantastic photo editor app,1,0,3.12.73,2023-10-15 13:04:06,Hi Happy to hear that you find the app good :) Please let us know the reason behind this low rating at support@pho.to. We'd be happy to improve our app based on your suggestions. Thanks!,2023-10-18 10:33:20,3.12.73,pho677950,vsin.t16_funny_photo
4197b0dc-de99-4535-bfee-f8faa60d2e1e,Hands down my very favorite photo editor in my game. Actually love it.,5,0,1.395.116,2022-05-06 01:11:59,,,1.395.116,pho473102,photo.editor.photoeditor.photoeditorpro
62f6e4bd-3b2e-43b6-bb59-5307cd8e7d74,Too much AD.. First when we open then For uploading and again for downloading.. And for pro version its overpriced according to the quality of service..Uninstalled,1,1,,2024-04-19 13:29:06,,,,pho889635,com.bigwinepot.nwdn.international
1e5b057d-13ab-4603-8e07-1d973d1a36ff,Just don't use this app it is very irritating to freaking use and there are so many ads and the picture would crash,1,0,,2023-12-31 09:26:23,,,,pho895868,com.bigwinepot.nwdn.international
9c9ab068-7790-486a-80f4-d4c3cda3d501,Es muy bueno sin duda solo que los efectos que buscaba (duotono) son premium y para usar 10 efectos no me parece racional pagar.,4,0,,2023-08-06 16:34:57,,,,pho411381,com.adobe.psmobile
87a4e752-3dd2-4279-94b2-d9adb8c4a837,I only use limited functions but it's perfect for making a collage of my photos.,5,1,22.0.5,2023-05-02 03:42:33,,,22.0.5,pho105316,com.picsart.studio
2c5e4e45-7d6b-46ad-a639-259beda2527c,I've used Picsart for years. It's my favorite photo editor app!,5,0,24.3.3,2024-03-05 13:31:32,,,24.3.3,pho108220,com.picsart.studio
d6646e87-0303-47da-8977-cd4f621ca33f,Amazing Photo Editor I like it so much,5,0,,2022-08-22 16:28:35,,,,pho471637,photo.editor.photoeditor.photoeditorpro
19eb80e9-3f49-41df-a251-e2e3149a2e49,Nice app. Simple to use but loads of features including some good AI features.,4,1,1.120.26,2023-12-30 18:15:31,Thank you for your kind comments! We'd be grateful if you could give us more stars it'll inspire us to get better. Best regards.,2024-01-01 21:41:12,1.120.26,pho1051259,editingapp.pictureeditor.photoeditor
3b38d51d-32d9-4f7f-9f7f-aa9340bd28aa,Amazing app for editing,5,0,1.395.116,2022-05-16 21:01:36,,,1.395.116,pho496736,photo.editor.photoeditor.photoeditorpro
cab9b8ae-4d9d-42af-b706-7ade29882ecf,Very good picture and videos editing app,5,0,,2023-09-09 06:40:44,,,,pho130463,com.picsart.studio
74b2a61e-9bf6-45db-a681-bf0236e43cfb,Having fun with fantasies and the looklab features.,5,2,3.12.73,2023-10-14 17:31:13,,,3.12.73,pho649817,vsin.t16_funny_photo
7c950622-e8af-4164-8b89-19e5f2efa5fe,very easy to use and remini,5,0,3.7.407.202286942,2023-10-28 09:02:24,,,3.7.407.202286942,pho915804,com.bigwinepot.nwdn.international
693eb4fe-7db8-4573-9ef1-f5ad52c6e347,it is so so fun to play with but it doesn't force well.,5,0,1.8.8,2023-03-29 19:20:50,,,1.8.8,pho870836,com.ai.polyverse.mirror
684ddf06-a79a-4316-ad30-c495c83dcb1c,It is a very wonderful program that I have never seen before It is the best program for me at all.,5,0,3.7.252.202203163,2023-07-31 15:09:40,,,3.7.252.202203163,pho901930,com.bigwinepot.nwdn.international
39be9914-9972-4021-af03-2a499abe709c,Please bring back the other options :((,1,0,,2022-02-04 11:33:36,,,,pho973894,com.bigwinepot.nwdn.international
20564e3b-76b8-44b6-9eee-afbe12c931a0,not much problem it's a good app,4,0,,2022-02-25 11:23:40,,,,pho929198,com.bigwinepot.nwdn.international
4c82abf4-aeff-4f05-938b-39eebe55578e,So far so good! Just downloaded it and have been able to use it without much fuss. I appreciate that it's a free app as I used to use a different one until they began charging for it's use. I enjoy being about to change little things in the photo like covering a blemish without it costing 7 dollars a month.,5,1,,2024-05-26 18:31:03,,,,pho441288,photo.editor.photoeditor.photoeditorpro
8c77c8c6-9fd2-4832-af44-d7042a4846e5,Wish they had a free version lots of nice options for editing!,5,0,1.574.186,2024-09-30 00:10:48,,,1.574.186,pho441826,photo.editor.photoeditor.photoeditorpro
d9de8bb5-65a0-493f-b11d-21b50d26fbdb,Is bad. Not useful,1,0,,2022-09-25 02:11:04,,,,pho977365,com.bigwinepot.nwdn.international
4c325a4c-4af3-4942-930e-248ac2098cff,I do digital media and use 4 different art apps to get what I need and this app I use for frames,5,0,8.6.1012,2022-11-09 15:06:11,,,8.6.1012,pho269411,com.adobe.psmobile
2bd01eb3-e9a2-4d85-a6d6-7309ca7592be,Constantly prompting you to enter your credit card details whenever you try to do anything. Avoid.,1,0,,2022-06-02 06:50:13,Picsart will always offer a free version of the app but we also offer premium features for Gold subscribers. Premium features are identified with a gold crown. To save your edit make sure you're only using free features or learn how to subscribe to Gold at https://picsart.help.,2022-06-02 07:37:25,,pho101592,com.picsart.studio
374bb647-f5d0-4531-8943-c95060316398,Very fantastic and amazing features. One thing I don't like is that you don't have the option to delete what you're editing. But anyway I gave 5 stars because Lumii is the best photo editing app. I use this app everyday and I love it! Very amazing filters and photo text and adjustments. So far this is the best editing app. Love this editing app highly recommend it!!! Edit: Thank you so much! Love this app!!!!!!! I'll try it out. Thank you!,5,12,,2023-05-04 13:43:34,Hello thank you for your support. Different functions have different ways to delete the effect being edited. Some find and click none icon some can click the trash can icon on the applied effect. The adjustment function needs to be adjusted manually. Sorry for the inconvenience we will try our best to optimize it.,2023-05-04 04:14:20,,pho606,photo.editor.photoeditor.filtersforpictures
c1fb1b02-f10d-441a-8348-83fa82a6edc6,well I used to love this app like I really really love this but since the new update the app became awful that's why I uninstalled it,1,1,,2022-03-20 09:37:26,,,,pho902575,com.bigwinepot.nwdn.international
2e2854ac-f543-4ed1-9352-36bf7bfe02e6,Everything loads super slow. Used to work great. Now sucks,1,1,3.12.22,2022-07-15 09:35:23,Dear user you can try to restart your device and also clear the cache for the app. If that doesnt help please contact us at support@pho.to.,2022-07-18 05:14:13,3.12.22,pho644026,vsin.t16_funny_photo
ce76643c-f539-47c4-a0d9-8c5124e27b2d,My go-to photo app plenty of features for free version and the ads are quick and not annoying.,5,2,1.432.136,2022-11-10 12:09:53,,,1.432.136,pho447465,photo.editor.photoeditor.photoeditorpro
9cd2ef15-433f-41e1-965c-db4ac04664d3,Great app and easy to use with professional results.,5,0,13.8.57,2024-05-22 13:08:19,Hello Ed Delaney; we appreciate your kind words and are delighted to hear about your positive experience with our app. Thank you for your support! ^Sam,2024-05-23 08:48:50,13.8.57,pho260469,com.adobe.psmobile
a7c5c623-7a58-4139-b89a-c77d6ea55838,When I'm already about to finish my edit photo it keeps going back to home page then my edit is gone i need to do it over and over again everytime this happens it's kind of annoying,1,0,,2022-06-01 19:36:52,"Thanks for the feedback - we'd love to look into this for you. Can you please send us an email at support@picsart.com with the subject line ""App Store Review""? Our team will investigate and work on a fix for you.",2022-06-02 04:18:51,,pho95680,com.picsart.studio
a5a6f5f1-f2f3-4ee0-9048-aa6c469cfb32,The ads are so annoying even when i enhance another one it take so long before I clear storage can you fix it,3,0,3.1.44.202128750,2022-08-05 03:26:00,,,3.1.44.202128750,pho898481,com.bigwinepot.nwdn.international
df3087b0-7b5c-4d8e-a202-46f3046370c9,It need money to use this app,1,0,24.7.5,2024-04-18 11:31:17,We appreciate your feedback. While some features are paid we also offer many free options to enjoy. Your satisfaction is essential to us and we're continuously working to improve your experience. If you have any specific suggestions on how we can make the app better for you please let us know by contacting us at support@picsart.com.,2024-04-25 02:28:57,24.7.5,pho115849,com.picsart.studio
32ef25ce-d645-4206-85e8-aafc3db64948,The app is interesing and nice to use,5,0,3.9.11,2023-01-21 22:47:56,,,3.9.11,pho671494,vsin.t16_funny_photo
dc3090e3-1e9f-4620-be05-50e4a1ece544,This app is made us look good I love this app so much,1,0,,2023-11-13 22:22:37,Dear user we care about your feelings and every little encouragement makes us better :) So if you like this app please consider giving us a 5-star rating. If you have any suggestions please let us know at support@pho.to.,2023-11-14 13:54:08,,pho678002,vsin.t16_funny_photo
ecac7592-d7a7-47b8-a37c-21e9a307ec64,This is app literally just asks you to watch ads to get your work done !!!,1,0,,2022-04-24 10:28:26,,,,pho902743,com.bigwinepot.nwdn.international
8c272697-62f5-4e8e-b964-2e7f1a58c091,Only 1 free video a week and I'm hit with ads to upgrade to pro. The 1 video I did started out okay but it kept changing the skintone of the subject in the original photo. What's the sense of the skintone option if it's going to change the color of the subject? It's like some AI seem to have problems with dark skin and always make it lighter. That's not an accusation of racism at your company that's just my observation of some AI art generators that start from a base photo.,2,4,,2023-08-17 11:38:11,,,,pho829785,com.codeway.videoapp
78d01a9a-8b2b-4431-b036-cf7c38d3fc9a,Very good app and usefull app good work,5,0,2.0.5.202108955,2022-03-06 20:26:50,,,2.0.5.202108955,pho919783,com.bigwinepot.nwdn.international
7dd2b1fd-d672-4ec2-b9df-11f647e8aba5,Excellent little app for adjusting RAW shots to jpg on the go,5,0,1.416.126,2022-06-25 05:50:28,,,1.416.126,pho458764,photo.editor.photoeditor.photoeditorpro
df785489-d9f5-4f4f-b319-058b0d29cb96,Love this app! I pay the subscription so I can edit the background or subject separately. I use it a lot for our business!,5,0,,2023-12-29 20:33:52,Hi there! Thank you for your positive review! We truly appreciate your feedback and are thrilled to hear that you are enjoying our app. ^DC,2024-01-03 10:56:17,,pho264153,com.adobe.psmobile
42a78550-72d5-4c71-beae-d2574139af5e,I have purchase Pro but not work,1,0,1.5.4,2022-03-13 14:56:36,,,1.5.4,pho950814,com.bigwinepot.nwdn.international
456b35ea-67fc-4295-bd24-befdc3a64454,New version is not good as old one,3,0,3.7.679.202403254,2024-09-01 09:02:46,,,3.7.679.202403254,pho903934,com.bigwinepot.nwdn.international
d09e249b-c04c-4054-b27d-9ef01a3f8b1c,EDIT: the font color glitch had to do with my high contrast text settings This is the absolute best android photo editor I've ever used and buying the full version was very well worth it. I found a glitch though the font color options (text label and border) will not be applied unless you first apply a curve. Otherwise only black and white is available. If someone could fix that this app would be flawless.,5,190,1.417.127,2022-08-26 14:51:34,,,1.417.127,pho441284,photo.editor.photoeditor.photoeditorpro
50e1585b-b8e0-4a5a-9fdb-055b4f7de190,Love this but let us have a features whereby we can select on multiple pictures and work on them simultaneously,4,0,15.4.206,2024-09-01 19:07:54,"Hi there that would make a great feature request. Please click ""Help and Feedback"" from the mobile application and email us the request. Our development team monitors the email and may update it for future releases. ^Sam",2024-09-02 10:10:30,15.4.206,pho257289,com.adobe.psmobile
0d364cf4-0062-477d-90d7-ace1829d60b9,Not free. Once you download you have to buy a subscription.,1,0,,2022-07-12 10:40:58,We appreciate your feedback and understand your concern. Picsart will always offer a robust free version of the app with access to hundreds of free features and millions of pieces of free-to-edit content that you can access without a subscription.,2022-07-13 04:44:47,,pho121687,com.picsart.studio
a3a27b8a-ecd8-4278-bc0f-3744b6d48cbd,Wastee app is this fake all adsss,1,0,,2022-11-15 08:28:52,,,,pho965916,com.bigwinepot.nwdn.international
9857e90a-7c48-4dd3-9f63-a5a8c4ee4e8f,Verry existing app he really better app,5,0,1.425.133,2022-10-04 00:10:29,,,1.425.133,pho520075,photo.editor.photoeditor.photoeditorpro
0246a3c9-1a0a-44b3-bc17-d74cda50373a,I can't say enough about this app..I love this one and use it all the time..I have so much fun with it but if I can suggest a few things It would be perfect..I would love to be able to zoom in or out once my pic is inserted so we can place it where we want it and if we could add a shadow behind it since most pics aren't perfect it would help with the affects..Just my opinion..Thanks for the app Great job you all,4,730,3.12.54,2023-05-14 16:57:41,Dear user thank you for sharing thoughts with us. It is much appreciated and we will forward your message to the special department.,2023-05-16 02:38:15,3.12.54,pho630159,vsin.t16_funny_photo
52621c57-5c14-4806-8a6a-5dbc98374823,It's the first I've use and the best photo editor,5,5,1.402.119,2022-03-31 03:11:42,,,1.402.119,pho472934,photo.editor.photoeditor.photoeditorpro
6b73f5ca-644c-4629-94d0-753a1e3feead,Bruh this app only increase resolution on the face only,2,0,,2022-05-18 22:13:26,,,,pho925167,com.bigwinepot.nwdn.international
69321dba-4fef-43f0-8b43-115398ab2ba7,One out of five because it keeps on making these pop-up stuff subscriptions. You'd guys have to remove that.,1,0,2.3.1,2023-06-30 22:05:12,,,2.3.1,pho869184,com.ai.polyverse.mirror
c9f1c138-c112-469e-92b0-79b7ca1cc585,Really really Good!!! It got everything i need in simplicity like I don't need a tutorial to use it it's good I would just like it if I could have everything without paying!,5,3,8.10.24,2023-02-18 09:16:03,,,8.10.24,pho264692,com.adobe.psmobile
6c3df97f-9542-409e-9bbc-a4ba2f7b7a1c,not good. college didn't let me resize so that didn't work. background remover removed the entire photo so that didn't work. the ai photo generator looked nothing remotely like the picture. I swear to God high school kids made this app.,1,1,7.4.4.5,2023-09-22 14:24:15,"Sorry for the inconvenience. If you have a query during use you could click "" Feedback"" in the app to contact us and we will spare no effort to help you.",2023-10-09 03:36:42,7.4.4.5,pho833050,com.everimaging.photoeffectstudio
c00a4a80-8a6b-454c-bec3-281a51e8bb77,Great for my photography class,5,0,1.387.110,2022-02-08 11:47:25,,,1.387.110,pho494740,photo.editor.photoeditor.photoeditorpro
f88e1ea4-9824-4242-b596-06473663cce4,I really like remini but recently the result of the photos kinda have a bright yellowish effect unlike before. I love the old remini.,2,0,,2022-11-20 22:24:53,,,,pho889104,com.bigwinepot.nwdn.international
78adf381-41d5-4afe-a00f-97246bd1fd74,One of my favorite editing apps. Use it alot.,5,0,,2023-10-23 10:59:42,,,,pho115049,com.picsart.studio
4c7992fd-3e9a-4be4-95b9-9c298de1c37d,Need pet toons AI without that it's nothing we get N number of filters out there in other apps which were similar to this.,2,4,3.12.86,2024-01-10 10:27:55,Dear User We are always working to add more sources in the updates. Thank you for sharing your thoughts with us :) It would be great if you could contact us at support@pho.to and specify which exact effects you like to see in the app.,2024-01-12 02:57:11,3.12.86,pho635802,vsin.t16_funny_photo
4d61215b-e599-4637-88fd-af9418eacf90,Too many ads but it's not really too bad gets the job done,3,0,3.5.0,2023-10-05 14:11:18,,,3.5.0,pho870281,com.ai.polyverse.mirror
fb7651a2-508f-4114-8c65-726707dfcdf2,This is a good photo editor,5,0,1.453.149,2023-06-16 04:13:26,,,1.453.149,pho495554,photo.editor.photoeditor.photoeditorpro
9395728d-4489-44fc-bf53-7dcf45362d88,Remini ruined my pictures the updated are so worse!! Please bring back the old remini this is so unfaif too many ads tsk what a waste of time!!,1,0,,2022-03-20 11:22:08,,,,pho889509,com.bigwinepot.nwdn.international
7fb03269-e501-4867-b46e-9259c7c9cee4,Bring back the old Remini! You devs are getting so much greedy for the ads in the old remini we just have to wait for 5 sec. ads to save our photos now we need to watch a full 1 mins. ads just to save it! y'all are so greedy!,1,1,2.1.1.202112761,2022-03-29 07:09:29,,,2.1.1.202112761,pho880114,com.bigwinepot.nwdn.international
8aef44b6-f126-44b0-b0c5-65637bedbe38,It is good but some time the apps was not working. Thanks,3,0,,2024-02-01 09:28:28,,,,pho907748,com.bigwinepot.nwdn.international
55d5acf4-f9c7-4158-9ee7-84f06e5e662b,For first time it's given osm result Next time it's not..,3,0,1.7.5,2022-01-14 09:19:20,,,1.7.5,pho970363,com.bigwinepot.nwdn.international
7462100b-e3af-4ee8-a6be-5c9296f3032b,Kindly please refund the payment I wasn't informed that this app will.automatically deducted money from my g cash account with out my confirmation.,1,0,,2022-04-03 03:45:14,Hi there thanks for your feedback. Please note that the subscription renews automatically if you dont cancel it during the trial period. Please visit our Help Center at https://picsart.help to learn more about our subscription plan and your next steps in the refund process.,2022-04-03 03:59:46,,pho102050,com.picsart.studio
024f900a-1d15-49db-9c39-62318452226b,I am a Picsart fan and this app is glitching so much! When I open Picsart it send me a error thing! And I cannot report the problem! Thankful I can skip it! But. Again and again this happens every day! Also there is another glitch I want to tell! When I try to upload a photo it doesn't upload then I click many few times and it finally worked! But then.The photo is uploading many many times like a 1000+ times! And these glitches are annoying me! please fix it!,1,2,19.5.6,2022-04-15 08:37:53,"Thanks for the feedback - we'd love to look into this for you. Can you please send us an email at support@picsart.com with the subject line ""App Store Review""? Our team will investigate and work on a fix for you.",2022-04-15 08:50:27,19.5.6,pho73569,com.picsart.studio
60bd5e93-f867-4ace-95de-923ef0c46bf8,now requires you to register for an account to use. no thanks. i could deal with the annoying ads as long as it didn't have access to information about me (other than what it gets through the app store) but this is annoying. i do not want to make an account to use a basic drawing app.,1,0,,2024-06-20 19:42:58,Registering your Picsart account gives you the opportunity to sync your photos settings and stickers to a single account. By logging in you'll also be able to participate in challenges share your edits and follow other Creators.,2024-07-03 09:16:42,,pho68287,com.picsart.studio
827ed7a9-d6be-4df2-ac9c-dfe3991ee763,It only wants a face. I have other photos to be cleared up. Plus i downloaded only to be ask to buy. But again only faces. Not valued,1,0,,2022-03-29 08:46:18,,,,pho899150,com.bigwinepot.nwdn.international
3276418a-03cd-4d01-bc40-b396f0f30605,On the occasion of rakhi I could merge photos of my sister with myself so beautifully. That's why I like it,1,0,1.567.181,2024-08-18 23:40:40,Hi Shivam Yadav thanks for your review. If you like the app could you please give us more stars? Also please let us know if you have any suggestions for improvement at polish@inshot.com. We will keep improving the app. Thank you.,2024-08-19 21:42:02,1.567.181,pho442037,photo.editor.photoeditor.photoeditorpro
7b47684f-b384-41f3-98f2-30a06419860e,A little bit Slow. Problem may facing of ads not loading,1,0,,2023-01-29 09:41:43,,,,pho905210,com.bigwinepot.nwdn.international
c437af04-18be-4d8a-8fe3-28919b68bb6f,Absolutely disastrous experience. I've used to enhance old photos in this app and it did a pretty good job. Now it's not only not enhancing photos properly (more like generating random face on top of the face in the pic changing the face features) but you also have to go through a million ads for every click and action made in the app. Never returning to this app again.,1,0,,2024-09-25 09:14:00,,,,pho876093,com.bigwinepot.nwdn.international
c2bb5865-5466-46b3-999e-6826a75e1a5c,I find this one of the most creative applications for Android. Very cool pic editing.,5,1,25.5.3,2024-08-20 15:58:39,,,25.5.3,pho66409,com.picsart.studio
d2c009ae-122e-4cbf-90f9-1880767e1b03,This is a amazing app for editing Use this app make videos and pictures Use this app crop video and pictures And etc use,5,0,,2023-10-18 09:46:47,,,,pho142439,com.picsart.studio
d3ea3b06-47d3-47b0-9438-df1a25f02ddb,This app is full of ads wherever u click first it shows us ads which is so irritating Go for other alternative,1,1,3.7.754.202433210,2024-09-02 23:37:03,,,3.7.754.202433210,pho877097,com.bigwinepot.nwdn.international
4a1a4a5c-3487-43b9-990a-6d0554bf6f6a,Please allow for text copy/duplicate. So that format can be maintained and only text is changed.,5,0,1.462.152,2023-10-03 00:14:14,,,1.462.152,pho450677,photo.editor.photoeditor.photoeditorpro
cdfe9b54-8e30-4731-9b45-f0465d74703f,A previous app is better than a new app,5,0,3.4.55.202139532,2022-08-07 02:23:54,,,3.4.55.202139532,pho948410,com.bigwinepot.nwdn.international
2c9d4ca0-5705-4091-9efc-3af6e71e8a78,It always crash when im editing,1,0,,2022-04-22 11:15:25,"We hear you and know that app crashes are frustrating. A quick fix is to clear your cache. Go to your device settings > """"Apps"""" >""""Picsart"""" > """"Storage"""" >""""Clear Cache""""> """"Clear Data"""" If you run into any other issues (after clearing your cache) let us know at https://picsart.support.",2022-04-23 02:26:21,,pho136749,com.picsart.studio
858cd345-49a1-414a-ac9c-2b425b4986cb,I like it especially when the gazillion ads get out of the way just long enough for me to accomplish anything. Also full page ads will lock up your phone. This app is a danger and should be avoided for that reason. Then comes the incipid unapologetic response leaving you to believe they're starving to death. Removing app today and will never install it again.,1,10,,2024-04-14 13:21:27,Hello our app has been strictly reviewed by Google Play please feel free to use it. Ads are mainly used to unlock paid and save pictures so that we can support our team while providing users with more free things. We apologize for this. We will add more free features and materials to give you a better experience. Best regard!,2024-02-20 05:26:41,,pho229,photo.editor.photoeditor.filtersforpictures
f9867fc8-3e90-4839-b46d-853277688a68,Could be a fun app to play with but the adds. i think i said enough,2,0,3.15.0,2024-05-10 12:30:59,,,3.15.0,pho868362,com.ai.polyverse.mirror
0a56116a-cedd-42dd-9180-37ee2ac1af86,please fix a bug thanks. always error,3,0,1.7.5,2022-02-23 10:21:19,,,1.7.5,pho914804,com.bigwinepot.nwdn.international
2265779e-db8a-45c9-bd00-2c26b77f2c0f,Great photo editor I haven't seen an editor like this before it solved all the problems,5,0,,2022-12-09 08:41:11,,,,pho457917,photo.editor.photoeditor.photoeditorpro
812338d2-7c57-4a71-adc7-46debc409176,This is the Best Photo editing app For me. I really love this,3,0,22.1.4,2023-05-05 01:20:44,We're always happy to hear that creators are enjoying Picsart (and love Picsart as much as we do)! If you ever need any help you can find us at https://picsart.help.,2023-05-05 06:44:26,22.1.4,pho132948,com.picsart.studio
85ddcde8-0191-4e41-84d2-3a7e55d41ee6,This used to be an efficient app now it is full of Ads that disturbs your edits you've got to start all over again sometimes 4 to 5 times repeatedly.,3,0,20.6.7,2022-09-14 05:02:17,Hi thanks for reaching out to us! Please help us gather more info on this case by submitting a support request to our Help Center https://support.picsart.com Thank you!,2022-09-14 08:29:40,20.6.7,pho84057,com.picsart.studio
7d58427b-6174-43e5-86eb-9d897d0af15e,You have to see 2 ads and the quality isn't fair,1,0,2.0.3.202107094,2022-02-15 18:18:44,,,2.0.3.202107094,pho910075,com.bigwinepot.nwdn.international
c776bb01-34fc-4d9f-a987-01b4ab24ddd7,It is a great and my fewrat app,5,0,,2022-06-19 12:32:24,,,,pho949379,com.bigwinepot.nwdn.international
9c367f82-c5b2-4d9e-9f3d-e6e0041d03f6,Awful It has been completely useless since it was updated,1,0,3.7.423.202293846,2024-08-22 17:41:38,,,3.7.423.202293846,pho907955,com.bigwinepot.nwdn.international
02eebb52-4e4d-41c8-b8d0-03e666f48267,still figuring it out but so far so good,5,0,14.5.120,2024-07-07 14:12:20,Hi there thank you so much for the fantastic 5-star rating and thank you for being an amazing customer! ^Sam,2024-07-07 14:35:37,14.5.120,pho271744,com.adobe.psmobile
5a7a4fb6-b9b0-4875-8c5f-02882752cd3a,Superior photo editing that is intuitive to use and gives excellent results with little experimentation. Added bonus: Free.,5,0,12.4.277,2024-02-03 17:47:01,Hi there! Thank you for your positive review! We truly appreciate your feedback and are thrilled to hear that you are enjoying our app. ^DC,2024-02-09 05:55:00,12.4.277,pho261982,com.adobe.psmobile
519b998d-39de-46be-8e06-b4f144c9f342,this app is so good and very helpfully,5,0,3.7.533.202343617,2024-02-26 03:36:32,,,3.7.533.202343617,pho936889,com.bigwinepot.nwdn.international
c7634e9a-ed58-4826-abb7-498e66a93fab,Still missing some features (like zooming) but overal it's a good and useful app.,5,1,4.1.0.7,2024-06-12 00:17:04,,,4.1.0.7,pho796668,com.vimage.android
e94d43dc-0709-4e81-9903-45e0e9453d60,Good app but the problem is you can not inserting another photos during editing so you have to improve it,4,0,8.1.958,2022-05-09 08:25:19,,,8.1.958,pho263960,com.adobe.psmobile
59a6ecda-6e1b-4db9-b8e6-1a7449ce0cc7,Five stars for my first edit. (Flip),5,0,1.425.133,2022-10-29 13:27:52,,,1.425.133,pho505776,photo.editor.photoeditor.photoeditorpro
0b9281d6-900c-430d-b975-e85a7b3dd27e,very useful quick photos edit more options,5,0,13.1.387,2024-04-07 00:45:49,Hi there! Thank you for your positive review! We truly appreciate your feedback and are thrilled to hear that you are enjoying our app. ^DC,2024-04-10 12:37:39,13.1.387,pho277326,com.adobe.psmobile
fa02c5f9-6ccc-4d3c-a84f-c60f9a64afca,from my point of you it is the best app but only thing I miss out is all the pro features which I can't bother about,4,2,3.7.307.202241850,2023-07-25 13:15:42,,,3.7.307.202241850,pho901867,com.bigwinepot.nwdn.international
318d638b-9f12-4cec-a846-f2ccb8a532d6,This is the best Editing App this is incredible features is awesome Love it,5,1,20.0.4,2022-08-03 22:04:05,,,20.0.4,pho122244,com.picsart.studio
43825730-972c-4f92-8f1b-8ff5a29f1e48,Such A nice app especially for free fire thumbnail's I make thumbnail from this Application Check out my channel SAM OFFICIAL YT on YouTube,4,0,19.3.0,2022-03-30 11:35:00,,,19.3.0,pho118665,com.picsart.studio
94544c3a-8f39-407d-a74f-6b8d999b0f99,Wow so nice picture quality,4,0,3.5.0.202140806,2022-08-27 00:07:45,,,3.5.0.202140806,pho930546,com.bigwinepot.nwdn.international
bb1d18d4-3db8-4f91-83c2-6fcb4c94e764,This is literally the BESTTTT app to download for editing photos. Its free there is also a pro available that does require purchase over all its the best highly recommended,5,0,1.417.127,2022-08-16 23:38:21,,,1.417.127,pho448299,photo.editor.photoeditor.photoeditorpro
5596e369-f6e4-4c56-a0a3-011620094d0f,can't edit my pics!!!,1,0,2.1.0.202111508,2022-03-22 01:58:05,,,2.1.0.202111508,pho946092,com.bigwinepot.nwdn.international
30591847-4089-4428-b123-43340e610d56,Ads are getting worse.Before they didn't annoy me but now they do.I'm just pressing skip and the X button somehow I open a new page asking if I would like to purchase with my credit card info already inputted.What a joke.These scummy tactics are becoming the norm sadly.Uninstalled.,1,0,24.7.5,2024-04-26 03:05:30,We hear your frustration but ads are essential for Picsart and allow us to offer a free version of the app. If you want to create ad-free you can always upgrade to Picsart Gold.,2024-05-02 03:32:59,24.7.5,pho66387,com.picsart.studio
e75d9b97-0050-4352-a1d5-68d5c97a9a88,I'm sureing you to not using this app because its charges some money Don't waste your money that's all!!!,1,0,,2024-09-02 04:09:30,,,,pho831440,com.pixerylabs.cloneai
812cffca-5f6a-4d8f-b858-311c6ce2855b,There are very amazing effects,4,0,3.12.86,2023-12-29 09:16:32,,,3.12.86,pho678149,vsin.t16_funny_photo
60623dd2-f75d-4ab7-99eb-b0dabbaa3861,Another app that doesn't work. So much for a company name you can trust. All I want is an app that will let me draw a God damn square onto a photo. That's it. Why is it so hard for any photo editors to have that feature?,1,3,9.2.64,2023-05-14 21:56:08,Hi Tommy! I understand that you are not happy with the app. I am afraid that we do not have the feature of drawing on pictures. You can post the suggestion for feature on https://adobe.ly/psxandroidfeaturerequests We will work upon it. ^DC,2023-06-17 06:46:43,9.2.64,pho261486,com.adobe.psmobile
83f257d0-5a70-49a9-9634-0168a0027f90,love this app my pictures come alive.,5,0,3.12.62,2023-07-10 16:43:02,,,3.12.62,pho676047,vsin.t16_funny_photo
8c7812e4-b988-4b2e-8746-402a2add7245,Hundred percent perfect. I love this App. It's easy to use. This App is recommended for everybody to use it. The App saves data. Download it and use please. Thanks. Be bless.,5,217,3.12.4,2022-02-10 17:31:12,,,3.12.4,pho634412,vsin.t16_funny_photo
f95660cf-141a-4d40-8711-5869283c8ad8,Neat app. however the fact that some artsyyles are premium (paid) really sucks! The only reason I'm giving this 4 stars and not 3 is because there's still quite a bit of free ones to choose from! more than I expected! and it works well.,4,1,3.4.0,2023-09-17 02:06:51,,,3.4.0,pho868079,com.ai.polyverse.mirror
1b988d3d-1fd8-4ee8-8497-ce3f00ca57c8,This app is very good And thish app is very easy to make a beautiful picture,5,3,1.591.138,2023-11-17 04:41:36,,,1.591.138,pho7787,photo.editor.photoeditor.filtersforpictures
f163d012-d3b5-4ff2-83a2-63f4d68f2660,Paid for the annual sub and it stopped working after an update because it didn't recognise my sub. Avoid,1,0,,2024-03-18 06:17:14,For the issue you're facing can you provide more detailed information? You can click on 'Feedback' in the top-right corner under 'Me' to get in touch with us. Please refrain from deleting any default device information as it will help us identify and resolve the issue more quickly. Thank you!,2024-03-18 07:39:49,,pho869923,com.ai.polyverse.mirror
7195ffc6-b15b-4ddb-ae30-1b6391e21b79,This is an amazing app I am really enjoying while using this app . It's features is more affecting for my daily life work,5,0,,2023-01-10 12:10:13,,,,pho268350,com.adobe.psmobile
3a0a12d8-4afa-4567-b593-36b81ba8772f,It's like writing your own comic book! You have got to try this!,4,0,3.2.0,2023-08-10 14:53:32,,,3.2.0,pho871187,com.ai.polyverse.mirror
b9cd3f8c-cd16-43e0-80f7-7a8bb0b27b21,I really live this app has amazing effects color is very vivid thank you for such an amazing alp,5,0,3.7.0.0,2023-09-04 20:14:43,,,3.7.0.0,pho798236,com.vimage.android
52137a96-b7b6-4d3a-989c-60e3b6b6b375,"This is not what I wanted.idc about animating my selfies into ""AI"" versions of whatever avatar thingies or whatever it is this app does. I just wanted to edit a picture using the original picsart app :'(",1,2,23.1.3,2023-09-15 04:58:29,Hey there thanks for reaching out! Were always working to incorporate creator feedback and improve Picsart. Well make sure to pass your feedback along for future planning.,2023-09-20 03:33:19,23.1.3,pho86669,com.picsart.studio
5b86f1fb-f182-48e1-b68f-45de30efb66e,great little tool for the old blurry photos,5,0,3.7.194.202189778,2023-04-18 15:39:36,,,3.7.194.202189778,pho914413,com.bigwinepot.nwdn.international
aeee5f0b-1972-423b-85f0-5675a76d6f4c,this is so good to girls but not to boys because the lipstick is adding to all photos so I don't like it and it is looking like a girl,4,3,3.12.24,2022-07-29 09:15:16,,,3.12.24,pho637607,vsin.t16_funny_photo
730180ad-ad3f-479d-b02b-ac315275a703,Amazing app I like it I enjoy using it.,1,0,,2022-06-10 23:02:49,Hi Lomunokol Jeremy thanks for your review. If you like the app could you please give us more stars? Also please let us know if you have any suggestions for improvement at polish@inshot.com. We will keep improving the app. Thank you.,2022-06-12 22:17:08,,pho494973,photo.editor.photoeditor.photoeditorpro
a0220b41-922d-4a9c-8bad-57979c36b6a6,Couldn't detect face because I was wearing a costume making this completely useless for cosplay.,1,1,,2024-07-27 12:18:28,Hello there could you please send the original photo and edited photo through DoFoto -> Settings -> Feedback It will help solve your problem as soon as possible. Thanks for your understanding.,2024-07-28 22:35:04,,pho1051160,editingapp.pictureeditor.photoeditor
54717232-d613-42a2-b9b1-20cc78acecc0,I also preferred the old one than the updated. One reason is that too long advertisements in saving than the old ones. Btw thanks for this app..,3,0,2.0.5.202108955,2022-03-08 13:27:37,,,2.0.5.202108955,pho887687,com.bigwinepot.nwdn.international
bc9ce43f-fc84-431a-a9a9-f11965c6226e,I love this app I've had it for years,5,0,3.13.7,2024-04-28 20:56:17,,,3.13.7,pho646233,vsin.t16_funny_photo
bd1dcbea-b1b2-4e41-a378-55014fc95d00,There are ads that do not close. Facebook ad no X button.,2,0,3.3.5,2023-08-18 09:33:26,,,3.3.5,pho869889,com.ai.polyverse.mirror
3bcd2627-de1a-4107-903b-8f6882e6bc76,So far so good been using it for a few months and I've been enjoying myself credits to the developer,5,0,,2024-06-22 19:02:18,Hi there thank you so much for your glowing 5-star review! We are absolutely thrilled to hear that you had such a fantastic experience with us. ^Sam,2024-06-22 19:45:37,,pho268502,com.adobe.psmobile
8778ce71-98d8-4a8e-a0e5-be955daaf194,It is a good and reliable app. Infact I like this app. PHOTO LAB,5,0,3.12.82,2024-01-06 07:50:06,,,3.12.82,pho651451,vsin.t16_funny_photo
018eda91-0a28-48ff-8b05-3a82304d7fb5,My friend told me about this app and I like it my I should send feedback to open this app why and how it can be solved,3,0,,2022-08-17 15:24:37,"We'd love to help but we need more information. Can you please send us an email at support@picsart.com with the subject line ""App Store Review"" so our Support team can investigate?",2022-08-18 03:06:58,,pho128924,com.picsart.studio
2572aefb-dc84-419d-a1f3-65d234840423,Still buggy. Uninstalled and reinstalled twice. Not looping seamlessly.,2,0,3.4.0.6,2023-02-14 13:15:01,Hi Coco based on your review we cannot gauge exactly what went wrong. Please write to us in detail about the issue at help@vimageapp.com so that we can look into it immediately and get it resolved. We would love to give you a seamless experience on our app. Thanks!,2023-02-15 07:23:35,3.4.0.6,pho797710,com.vimage.android
48185e78-1499-472f-92dc-b31192f28809,I really hate this app as of now Everything used to be flawless now your forced to pay at every corner I created a project which took me and just like that it was gone I'm switching to another editor and ditching,1,0,20.4.2,2022-08-26 11:08:21,As we continue to invest in our products and community we have recently made some additional features premium. This will enable us to enhance our tools & features for both Gold users and non-subscribers. Rest assured we will always offer a free version of Picsart.,2022-08-29 08:18:43,20.4.2,pho93284,com.picsart.studio
3a0cbdbf-916e-4d62-883d-628263c7d5f4,I've been designing a album cover for my upcoming music and dispute the negative feedback I've seen this Is absolutely the best photo editor I've used the layout is very simple and the sheer amount of things you can do is incredible,5,6,13.1.387,2024-03-26 10:37:59,Hi there! Thank you for your amazing review! We truly appreciate your feedback and are thrilled to hear that you are enjoying our app. It's comments like yours that motivate us to continue improving and providing the best experience possible. Keep enjoying Photoshop Express! ^DC,2024-04-05 11:21:34,13.1.387,pho260317,com.adobe.psmobile
ff0c005e-823c-416b-878a-6ff4fb3d46c8,the old remini is better :) so much ads,1,0,2.0.5.202108955,2022-04-27 04:42:34,,,2.0.5.202108955,pho914210,com.bigwinepot.nwdn.international
b4f19b11-f43c-4c8e-af0e-48e99a3afaa9,It's pretty amazing on how I can edit because my aesthetic is weird core (if you don't know what it is search it up) and I can edit weird core photos and I am trying to get better on how I do it.,4,5,1.462.152,2023-08-05 16:04:52,,,1.462.152,pho445755,photo.editor.photoeditor.photoeditorpro
1d3039bc-729b-4f04-ba44-15bb045269ef,Face Ismote kore Good Aap,5,0,,2023-07-19 04:20:46,,,,pho990608,com.bigwinepot.nwdn.international
b24df5e4-8661-40be-adc9-c4bad935b496,The app is amazing and easy to use it has got nice features to use for editing/polishing pictures,5,1,1.462.152,2023-08-18 15:08:00,,,1.462.152,pho455722,photo.editor.photoeditor.photoeditorpro
50eeaa28-ce03-470f-b1fc-72988f84d89d,What happened to subject and background selection?,2,0,9.6.106,2023-07-17 21:54:25,Hi Rebecca! I understand that you are facing trouble while trying to use the app. Would request you to elaborate more about the issue you are facing with background selection. You can write us back at: http://adobe.ly/psxcommunity You can also check the link : https://helpx.adobe.com/photoshop-express/get-started-android.html ^DC,2023-07-24 12:38:24,9.6.106,pho276757,com.adobe.psmobile
932f9042-0a78-4fcc-9146-8e7ee7ed1c48,Very Intelligent photo App.,5,0,8.1.0,2022-04-19 10:01:43,,,8.1.0,pho150863,com.cyberlink.photodirector
d2e359d5-dc6e-4353-aaff-e4c210af1221,Useless except for. well nothing really,1,0,10.7.1.80,2023-10-03 18:17:52,Hi there! I'm sorry to hear that you're not happy with the app. We are constantly working to improve the app and would appreciate it if you could share more details about the issue at [http://adobe.ly/psxcommunity]. We value your feedback and any suggestions you have to help us make the app better. Thank you! ^DC,2023-10-04 03:23:33,10.7.1.80,pho283513,com.adobe.psmobile
8cc07af5-8c04-4603-8c5e-819c67373ff7,"Was a great app at one point for years but now with the ""free"" version you can't even save a basic edited image. It just brings up the pop-up to purchase the overpriced subscription I guess all good things come to an end sadly. If you're going to nickle and dime ppl in this economy at least make it where the app doesn't crash constantly and delete your progress.",2,850,24.3.3,2024-03-02 12:35:53,"We'd love to help but we need more information. Can you please send us an email at support@picsart.com with the subject line ""App Store Review"" so our Support team can investigate?",2024-03-05 10:13:36,24.3.3,pho63082,com.picsart.studio
b1571269-ea42-42ca-aed6-cf32f6f1ffec,TOO MANY ADS!! THIS APP CRASHING AND EXIT WHEN ADS,1,1,3.7.2.202152553,2022-10-15 05:25:44,,,3.7.2.202152553,pho913531,com.bigwinepot.nwdn.international
8e2584c2-e8d0-4b02-9e10-f0901eddf46e,This app saved me in my begginer years as a photographer,5,0,11.4.162,2023-11-20 23:37:09,Hi there! Thank you for your positive review! We truly appreciate your feedback and are thrilled to hear that you are enjoying our app. ^DC,2023-11-23 20:45:47,11.4.162,pho287950,com.adobe.psmobile
e003db08-8548-42c4-bec9-b6ab2ba6dd92,My photoshop got interrupted automatically.I can t save edited photos in my gallery.How to fix it,2,0,,2024-08-02 16:40:23,Hi there! That shouldn't be happening! Can you please share a screen recording of the workflow with our community of experts (https://adobe.ly/3VSquqG) for better assistance? We would love to investigate what's not working for you and help resolve the issues. Thanks! ^Sam,2024-08-03 01:44:40,,pho265773,com.adobe.psmobile
25d8b217-620f-43c3-b051-007a730b6198,A change my review to 5 ads doesn't bothered me aslong picsart have a free backgrounds,5,0,24.3.3,2024-02-21 07:39:08,Picsart will always offer a free version of the app but we also offer premium features for Gold subscribers. Premium features are identified with a gold crown. To save your edit make sure you're only using free features or learn how to subscribe to Gold at https://picsart.help.,2024-02-21 07:20:49,24.3.3,pho108524,com.picsart.studio
396c5940-1b36-4310-ad8b-5cf9c9484d80,it's good tho but the price for premier is too much,4,0,3.12.74,2023-11-08 14:48:50,,,3.12.74,pho658103,vsin.t16_funny_photo
3deb8260-1cae-4ec5-89f9-e3b24725ee0a,The app is good but the ads are very long please give the ads short,4,0,1.7.5,2022-02-11 03:33:45,,,1.7.5,pho900812,com.bigwinepot.nwdn.international
782a6465-5bae-4688-a863-ad11f194cc21,Super editing I like,5,0,1.491.159,2024-01-06 23:34:04,,,1.491.159,pho507811,photo.editor.photoeditor.photoeditorpro
28b9738d-64c4-4dad-a3c7-1db1bf9f7b97,should have more free features,3,0,2.1.0.202111508,2022-03-24 06:35:23,,,2.1.0.202111508,pho919044,com.bigwinepot.nwdn.international
24c2aa90-389b-4fcf-9fd9-26e0e18c6593,When I got the into this app the 2nd time it doesn't have the skip button,3,0,21.3.9,2023-01-03 11:32:49,Hi thanks for reaching out to us! We've been receiving similar complaints from other users as well regarding ads. Please help us gather more info on this case by submitting a support request to our Help Center https://support.picsart.com Thank you!,2023-01-04 04:01:45,21.3.9,pho108885,com.picsart.studio
1674b622-3554-4f27-86a4-a48c0bcb707f,it is useful app,5,0,3.7.470.202316735,2023-12-29 20:43:29,,,3.7.470.202316735,pho949085,com.bigwinepot.nwdn.international
e3cdd225-2f32-44fb-8ae6-958d113ad892,Worst app bskwaas app just ads five finger goes to reward this app,1,0,2.0.7.202110813,2022-03-20 07:25:14,,,2.0.7.202110813,pho941295,com.bigwinepot.nwdn.international
030cfa89-b80d-4a19-81bd-7bf1d4aa60d4,"Whenever I go to save my photo then a message comes front of me that ""Oops!something went wrong image didnt save"" Infact there is no mistake.. Why this messege comes front of me??it causes I can't save my photo",1,1,,2022-04-24 13:34:45,,,,pho890269,com.bigwinepot.nwdn.international
9fc6d10d-b04d-477a-9663-b78e38b96c32,The more time it brings to the aap the more the aap will be lost,1,0,2.0.5.202108955,2022-03-06 04:48:16,,,2.0.5.202108955,pho915694,com.bigwinepot.nwdn.international
973b96f7-6505-4068-912a-9abd1720924c,The new update is laggy and the filter is awful,1,0,3.7.32.202157592,2022-11-15 09:44:18,,,3.7.32.202157592,pho907805,com.bigwinepot.nwdn.international
4e95a6eb-fc79-4066-b84c-4461e8e2326e,Remini is best photos editor app,5,0,3.7.400.202285302,2023-10-21 22:47:59,,,3.7.400.202285302,pho926140,com.bigwinepot.nwdn.international
db03b7aa-2de6-4158-8f51-4b38175f6a22,This app provides you many features of editing a photo or video but there are also many features that are available to you only when you get a pro subscription. I would hope that AI photo editing should be make available to non-pro users also. If we are to edit a photo with normal and ordinary features then why shouldn't we'd use the phone's normal photo gallery instead of installing another photo editing app. I hope that this issue should be fixed as soon as possible.,3,1484,24.9.7,2024-06-05 03:07:58,We appreciate your feedback. While some features are paid we also offer many free options to enjoy. Your satisfaction is essential to us and we're continuously working to improve your experience. If you have any specific suggestions on how we can make the app better for you please let us know by contacting us at support@picsart.com.,2024-06-18 07:36:50,24.9.7,pho65059,com.picsart.studio
a264ff81-77d3-438c-bc11-fce93e7aa55a,Gets the job done very well,5,0,1.53.166,2024-05-03 07:49:01,,,1.53.166,pho493931,photo.editor.photoeditor.photoeditorpro
50cd2bc6-15fc-4bb3-841f-da4bbb9874ff,It a great and interesting app,5,0,3.12.68,2023-09-15 04:45:19,,,3.12.68,pho674283,vsin.t16_funny_photo
d152bbb3-4fba-488e-818b-e714bbf3d0b5,Awesome app but could use adult only content as well.,5,2,1.3.0,2024-08-18 15:38:21,,,1.3.0,pho1054759,com.ai.avatar.face.portrait.app
1294233b-b983-4c52-8bac-ffe55272147e,very very use full apps,5,0,3.7.424.202294506,2024-04-06 02:34:16,,,3.7.424.202294506,pho930276,com.bigwinepot.nwdn.international
a7522573-8b9c-42b9-8796-e7204950dacb,so many ads I'm disappointed,1,0,,2022-04-17 00:50:10,,,,pho920281,com.bigwinepot.nwdn.international
c5fe1173-7090-4f7d-8c28-83fd1aacaad9,Nice. Very good. Photo quality is good,5,0,1.417.127,2022-11-30 08:19:31,,,1.417.127,pho471972,photo.editor.photoeditor.photoeditorpro
e9be83fe-2a31-49ef-bacd-c9c43f17b43c,Good but i dont have money to buy the premium HAHAHAHHA,1,0,,2022-04-21 11:28:16,,,,pho927301,com.bigwinepot.nwdn.international
18a606f4-6f38-46c8-9b5b-9523479876bf,This a 2 is biring i mean boring enough im gonna delete it bruhhhg,2,0,,2022-02-21 07:58:10,,,,pho943196,com.bigwinepot.nwdn.international
bce66fe7-1fa1-4273-9265-fc1e8ff93a06,The app is a great app and awesome,5,0,,2023-11-18 16:26:09,,,,pho676331,vsin.t16_funny_photo
ac4c2362-6556-4f95-b3d8-de9611355852,a fantastic app that can completely recreate you in the style that you choose or take liberties with your look and come up with something completely original but it always looks good.,5,0,2.2.8,2023-06-12 11:49:39,,,2.2.8,pho868187,com.ai.polyverse.mirror
86b500a4-6ce3-4276-b4f3-774c722e7a93,A great app!! the AI feature is awesome,5,0,1.120.26,2024-01-29 06:51:51,,,1.120.26,pho1051553,editingapp.pictureeditor.photoeditor
e799189a-a23c-4072-8bd2-5206a7bb80f0,Remini for best app,5,0,3.7.345.202260166,2024-05-08 03:31:19,,,3.7.345.202260166,pho935875,com.bigwinepot.nwdn.international
ee23ba56-3424-4ad7-ab5d-60cf14f847f1,It is very good application but allot number of ads for just one picture that why i giving 1 star,1,0,3.7.749.202432148,2024-09-01 16:44:22,,,3.7.749.202432148,pho877131,com.bigwinepot.nwdn.international
9ceee58e-9c74-47df-81c1-6950da108a0c,This app has been outstanding as it edits your photos in one click by watching ads. But I have been facing an issue since long time it blurs my years everytime I edit my pic I update the app regularly but this issue remains same Please resolve this issue as this app is useless for me because of this issue,4,17,3.7.679.202403254,2024-07-03 13:08:28,,,3.7.679.202403254,pho876144,com.bigwinepot.nwdn.international
bd76ef0e-5552-47fe-8b83-8099c77418b2,Love all the options it gives to make a photo amazing!,5,0,1.53.166,2024-04-20 11:05:33,,,1.53.166,pho456067,photo.editor.photoeditor.photoeditorpro
e1380b7d-ff9b-49b3-8339-36d389d0c881,Super easy to use,5,0,1.51.163,2024-03-13 19:37:26,,,1.51.163,pho480956,photo.editor.photoeditor.photoeditorpro
19554d48-3097-47ee-828b-88dac2edd4ad,Even not paying using the free stuff eith minor ads it has been a great experience I haven't yet tried the premium benefits but the free stuff work amazingly,5,0,1.9.0,2023-04-10 01:51:34,,,1.9.0,pho869267,com.ai.polyverse.mirror
b1709eee-c654-42c9-8b37-b7ff3c7d49ed,Requires account Edit: that's what cache and local storage was invented for,1,0,9.2.64,2023-06-13 03:24:58,Hi Yari! I understand that you are not happy with the app. The app is designed in such way that it requires to login so that when you reopen the app you can start from where you left off. We are here to help. ^DC,2023-06-13 02:05:19,9.2.64,pho279230,com.adobe.psmobile
7d8c9e79-82e4-4079-a46a-f8c5126b8674,EXCELLENT APP FOR EDITING BUT I WANT A VIDEO SHAKE EDITING,4,0,25.3.9,2024-07-31 21:37:13,,,25.3.9,pho92158,com.picsart.studio
1be0383a-9cee-4f5e-b63e-1b1dd9acfbda,nice clearance on picture,4,0,1.7.5,2022-01-12 08:56:41,,,1.7.5,pho937540,com.bigwinepot.nwdn.international
c9560a25-7540-4395-83b3-947930a5507d,not great filter enhancer app,1,0,2.0.7.202110813,2022-03-16 08:06:28,,,2.0.7.202110813,pho933771,com.bigwinepot.nwdn.international
7306f8f8-997d-464a-bf8b-e0e5829f577a,Paid all.filter is not Good,1,0,3.7.79.202167803,2023-01-02 08:39:29,,,3.7.79.202167803,pho932963,com.bigwinepot.nwdn.international
c4bb0f87-06fd-42f6-96af-03d39c556470,Decent app would definitely use it and would definitely recommend to use this,5,0,1.462.152,2023-08-29 03:28:00,,,1.462.152,pho486508,photo.editor.photoeditor.photoeditorpro
42e9a138-a408-4ab5-a4c7-777d99430d26,Only for rich who can spend on premium,1,0,,2024-08-10 16:33:28,,,,pho577054,com.lightx
d3ad713a-8bd4-4a72-8e26-49ccca48685c,This app is the best. That is why i gave it 5/5 rating I recommend this app for anyone who loves to beautify their pictures,5,0,3.12.70,2023-12-15 05:35:19,,,3.12.70,pho644981,vsin.t16_funny_photo
bdeeb496-ac61-4d12-a0c8-6daaa22d2a8c,It's such a nice app you could have any design you want,5,0,22.7.4,2023-07-19 11:25:26,,,22.7.4,pho129158,com.picsart.studio
5d945db4-c0cd-4140-a951-419d404b761b,"So it's a really nice app it's helped me A LOT! But recently it won't save any of the ""cutouts"" I make. I thought it could be how many I had of them so I deleted many of them but the problem still persists even after the most recent update.",3,0,19.8.1,2022-05-27 13:56:53,Hi thanks for bringing this to our attention! Please note that our tech team has already fixed the issue with the cutout tool and it will be available in one of our upcoming updates soon. Please stay tuned!,2022-05-30 07:11:04,19.8.1,pho72788,com.picsart.studio
422cfacf-2686-476f-a674-f8154494d744,Help. For some reason all my posts have been deleted. I don't know if someone reported them or Picsart took them down (btw my posts are completely appropriate). I would appreciate if you guys could look into it. Thanks. And great app btw,4,0,25.7.6,2024-09-12 13:24:16,,,25.7.6,pho65002,com.picsart.studio
84190cc7-966d-4c27-8f2f-79db505ab8d7,I liked it until they made everything good into premium like if your going to do that just make the app paid,2,0,24.7.5,2024-05-05 12:10:18,We appreciate your feedback. While some features are paid we also offer many free options to enjoy. Your satisfaction is essential to us and we're continuously working to improve your experience. If you have any specific suggestions on how we can make the app better for you please let us know by contacting us at support@picsart.com.,2024-05-10 02:30:00,24.7.5,pho78963,com.picsart.studio
dbb3a1cb-23ea-47da-a40d-1d0966a7d4c6,Easy to use.great options,5,0,1.395.116,2022-03-02 07:39:45,,,1.395.116,pho497241,photo.editor.photoeditor.photoeditorpro
0a38e1d7-8476-4a39-8acd-eea9399e05c6,i love this it's such a wonderful editing tools,4,0,3.12.23,2023-04-09 13:19:11,,,3.12.23,pho652873,vsin.t16_funny_photo
688b4f2f-9e9b-40c3-8d02-16832a7e7b85,The things that are possible here that you had no idea that you wanted.,5,0,1.06.11,2024-09-09 14:17:58,,,1.06.11,pho829639,com.yes366.etm
e77ae40c-0d7d-44b8-a49b-0ebfdb78317c,It is very good now i can make profile pictures in a scrach i recomend this app yxs so much creator of this app,5,0,1.425.133,2022-11-30 03:09:33,,,1.425.133,pho468857,photo.editor.photoeditor.photoeditorpro
5b991b91-b26e-4f45-b5da-0be205b28c24,This new update is ridiculous. I have a yearly subscription I use on both an android & apple device. This update does not allow you to sign in. It will not restore my purchase on my android says theres a problem. & since my apple ID an android is not linken I also do not have a way to restore on my apple. Beyond disappointed. will be canceling my subscription & finding a new app to use.,1,4,2.0.5.202108955,2022-03-06 18:34:42,,,2.0.5.202108955,pho879827,com.bigwinepot.nwdn.international
7343db83-00a5-40d5-bb90-4f81a7873df9,I had been using this for a while. Only today i realised it provides options for various apps like Instagram Facebook You tube etc,5,0,6.9.747,2023-12-27 21:54:03,Hi there! Thank you for your positive review! We truly appreciate your feedback and are thrilled to hear that you are enjoying our app. ^DC,2023-12-28 01:35:57,6.9.747,pho267311,com.adobe.psmobile
fc670293-770e-4166-bae1-aa6cd4315637,This is wonderful app my also friends share this app,5,0,,2022-01-21 01:43:37,,,,pho490361,photo.editor.photoeditor.photoeditorpro
718d40fa-0f32-4a81-840d-053b6bdcebbe,This is The editing For Photos real converted,5,0,25.3.9,2024-08-25 04:37:42,,,25.3.9,pho92384,com.picsart.studio
2b0ef880-d9a6-4876-9c99-25077d3407a3,it's not working properly,1,0,3.7.557.202355063,2024-03-15 08:51:15,,,3.7.557.202355063,pho924493,com.bigwinepot.nwdn.international
103f587f-b5e9-4ad7-aeb2-234100df670f,This app sucks if you want to fix your nose you can't do it,1,0,22.9.5,2023-08-27 20:21:12,You can always find help and more information at https://picsart.help. If that doesn't help your issue you can reach us at support@picsart.com.,2023-08-31 03:45:37,22.9.5,pho140507,com.picsart.studio
7831b614-1f91-4e45-a0da-95d93a5ca23d,please work more on the app so our face will look more real .,4,3,3.12.68,2023-09-11 03:13:33,,,3.12.68,pho644766,vsin.t16_funny_photo
73d08d7e-65be-4b4c-bd8f-25bc83685a63,It's a good application really nice,5,0,1.417.127,2022-09-05 03:14:49,,,1.417.127,pho496046,photo.editor.photoeditor.photoeditorpro
653fbf16-d745-464c-82c9-17a9afb9efda,One must use other mobile apps along with the built-in editors to do what you can do w/ the whole software package; but this one is free if you sign in with your open ID.,4,0,6.9.747,2022-03-01 23:01:11,,,6.9.747,pho263005,com.adobe.psmobile
2eb05458-ed83-44bb-ae61-c7e19b294e00,I love that they listened to their users and added the feature that you can now choose if you want to change the color or not! 5 stars again,5,2,3.7.21.202155914,2022-10-28 04:50:12,,,3.7.21.202155914,pho894818,com.bigwinepot.nwdn.international
511d73a3-1443-41b6-87a0-4bbeee4c2f43,I used to love this app used it for years but lately I can't even get on to the app it just sticks on the picart logo when you open the app been unable to use it have even uninstalled it and reinstalled it and yet it still doesn't make a difference,2,4,18.9.3,2022-02-14 06:17:09,"Thanks for the feedback - we'd love to look into this for you. Can you please send us an email at support@picsart.com with the subject line ""App Store Review""? Our team will investigate and work on a fix for you.",2022-02-14 06:20:17,18.9.3,pho75497,com.picsart.studio
a17e3358-014c-49e4-b270-31d66b4d4b22,Still finding my way around it.,3,0,8.3.977,2022-07-25 09:17:24,Hey! Weve put together some handy guides you might like: http://adobe.ly/psxfaq & https://helpx.adobe.com/photoshop/using/photoshop-express-help.html If you have an issue or need help shoot us an email at PSX-Feedback-Android@adobe.com. Let us know what we can improve to create a better experience for you. We're here to assist! ^Chan,2022-08-02 17:42:59,8.3.977,pho294374,com.adobe.psmobile
413596ff-f370-4bec-974d-1f5c1e5e79b5,Used to be 5 Star when it was free. Then they started locking more and more features behind a paywall and now they best they can offer is a free trial. I understand y'all wanna make money but it won't be from this starving artist. Good riddance. Edit to respond to the developers: Your free version no longer meets my needs. I've uninstalled your app. I won't be using it anymore. Good riddance.,2,9,20.0.4,2022-07-14 16:51:38,Hey there thanks for reaching out! Were always working to incorporate Creator feedback and improve Picsart. Well make sure to pass your feedback along for future planning.,2022-07-18 04:32:12,20.0.4,pho64287,com.picsart.studio
91f53e96-9538-4dc8-8f4e-d4a57db6605f,Easy to use. Great app,5,0,1.530.121,2022-12-26 15:37:07,,,1.530.121,pho11333,photo.editor.photoeditor.filtersforpictures
5444dfa4-2f00-473a-bc3e-35889ae51ab8,Y photos look 100% better now ty,5,0,1.543.170,2024-05-29 15:29:53,,,1.543.170,pho463228,photo.editor.photoeditor.photoeditorpro
4d6ee768-b0ad-4398-8939-7b6de82d97e7,I am the very OLD user of this i have noticed a bugs or some problem on this apk . The problem is when apk is not running smoothly is lagging happened some times not working properly and some times not opening the apk. Plz fix this problem improve stability of this apk .then all users of this apk will be happy,3,0,,2023-04-07 14:16:51,,,,pho884478,com.bigwinepot.nwdn.international
5d5f141b-15fe-4fbd-8568-f02e0260a483,It keeps turning me into white anime characters does not look anything like me. This app even asked me what skin tone. So this app doesn't like or recognize black people i see. According to the developers black isn't beautiful. One star and delete. What a terrible cash grab.,1,2,1.4.1,2023-10-30 03:35:25,,,1.4.1,pho829889,com.codeway.videoapp
56e004d7-68a3-4aa5-a03d-e5ce5569fdf4,Just aesome app for enhanced reducing photo quality.,5,0,2.5.0.202122083,2022-06-16 15:13:40,,,2.5.0.202122083,pho911266,com.bigwinepot.nwdn.international
7d695031-6a6d-4f84-a135-bc488f6f71c0,It was good i just wanted to change a background and it was perfect,5,0,1.621.148,2024-02-14 19:14:40,,,1.621.148,pho6456,photo.editor.photoeditor.filtersforpictures
6db0d73a-a82e-4766-9513-d1f867fda919,This app is terrible! I've tried multiple times to cancel my subscription but they keep taking 2.99 per week out of my account. I haven't used it in years!I've had no luck canceling. They're robbing me blind! Scam!!,1,0,,2023-01-06 22:36:27,,,,pho881090,com.bigwinepot.nwdn.international
43251c97-cf9d-4440-b0ff-adbc27ba90ec,Its too superb to add each and every effect that we like,4,0,23.5.6,2023-11-22 04:57:19,,,23.5.6,pho118663,com.picsart.studio
7320d7fc-3832-4084-b011-7c1159356cb9,It is ver helpful for editing.i love this app.,5,0,1.491.159,2023-12-25 03:57:14,,,1.491.159,pho478321,photo.editor.photoeditor.photoeditorpro
389dde48-c480-4f2f-8b27-2c05e3eb6bb9,This application was very good application and photo editing,3,0,,2024-01-04 21:49:08,,,,pho921721,com.bigwinepot.nwdn.international
01dd5d4e-e115-4f07-b120-8f6b0a9cf1ba,It locks phone when exiting a picture.,2,0,14.7.131,2024-07-20 16:20:36,Hi there! That shouldn't be happening! Can you please share a screen recording of the workflow with our community of experts (https://adobe.ly/3VSquqG) for better assistance? We would love to investigate what's not working for you and help resolve the issues. Thanks! ^Sam,2024-07-22 06:14:06,14.7.131,pho264624,com.adobe.psmobile
bbad3017-c100-44ba-9c4c-f69b82e40864,Fun to use and many art to play,5,0,3.7.1.2,2023-09-06 23:48:22,,,3.7.1.2,pho799143,com.vimage.android
56809d5d-5272-4ea6-abe7-1c37ada2a684,Good easy to edit and crop the video,5,0,,2023-02-09 11:47:37,,,,pho126336,com.picsart.studio
1bd4e8af-29c7-41fb-b6b9-6ec76f2a1948,one day I try to do a photo it would bring me back to the main screen,1,0,1.7.5,2022-01-14 09:00:22,,,1.7.5,pho930659,com.bigwinepot.nwdn.international
6a6dd7c5-fb4c-4939-848e-f9bc614a7170,I have used a LOT of photo editing apps and have never had to deal with ads like this. Then despite watching all those ads you still done have access to all the features because you gotta pay. Uninstalled.,1,0,,2022-03-27 04:02:29,,,,pho880519,com.bigwinepot.nwdn.international
d89bcc87-05cb-4975-b670-48b744cffbb9,Impossible to sign in therefore can't use,1,1,,2022-08-02 15:13:47,We're so sorry for the trouble. Are you getting any error messages while signing in? Please write to us at PSX-Feedback-Android@adobe.com with more details or a screen recording it will be very helpful for us to investigate and fix the issue. We're here to help. Thank you! ^Chan,2022-08-24 16:57:58,,pho283201,com.adobe.psmobile
75a5b14c-20a9-414c-b88b-591873062a8d,This is by far the best app I've ever been able to use it makes everything a lot easier makes cleaning up my images a lot easier so I highly recommend you try this out it just might surprise you,5,1,3.4.1.202137084,2022-08-05 11:31:19,,,3.4.1.202137084,pho883500,com.bigwinepot.nwdn.international
59d0a450-0ff0-41a0-9123-7089189ab2ba,Good app for low camera device,3,0,3.7.525.202340464,2024-03-09 05:56:04,,,3.7.525.202340464,pho922391,com.bigwinepot.nwdn.international
8b624497-cfc9-421c-b616-6cefb7f06ef5,Over whiteness is wrong,1,0,3.7.676.202401555,2024-07-01 03:37:11,,,3.7.676.202401555,pho940997,com.bigwinepot.nwdn.international
ff6a964c-f905-415e-9849-de1ff7785012,Worst app no use,1,0,3.7.103.202170353,2023-03-08 22:05:08,,,3.7.103.202170353,pho980219,com.bigwinepot.nwdn.international
b63273f9-7678-4779-b4dc-834f85411b24,The app is really good no doubt it's easy to use and pretty convenient but it takes up a lot of space just a few stickers can take upto a lot of storage also that sometimes it glitches too or lags so yeah I hope they take a look at it and try to make it a bit less laggy and less space taking,3,0,,2024-07-12 09:36:51,"Thanks for the feedback - we'd love to look into this for you. Can you please send us an email at support@picsart.com with the subject line ""App Store Review""? Our team will investigate and work on a fix for you.",2024-07-30 09:42:44,,pho66954,com.picsart.studio
77b8aa21-af68-4cf2-9ab1-8ed97ad5b3b2,Excellent howevr the free version has serious limitations!,4,0,13.5.411,2024-09-28 14:03:27,Hello! We apologize for any frustration caused by the app. While we understand some features require a premium subscription we also provide free editing tools and features. We aim to strike a balance between free and meet user needs. If you have any specific concerns or suggestions please contact us. ^Sam,2024-09-30 09:38:19,13.5.411,pho265400,com.adobe.psmobile
51366ce1-e66b-4397-8b20-de1db9ddb84c,Very nice filters I love this,5,0,3.12.65,2023-08-13 16:52:56,,,3.12.65,pho668903,vsin.t16_funny_photo
c6b017a8-aee0-45bf-aec5-6e726576800f,This app is good but please add auto blend option like photo shop,3,0,18.3.2,2022-08-14 05:45:24,While we don't have the mentioned feature yet we're always working on new features based on Creator feedback. We'll make sure to pass this along to the team and maybe you'll see it in the app soon.,2022-08-15 07:18:16,18.3.2,pho117920,com.picsart.studio
2b2c9001-976b-4d5b-8519-09bace7f831c,I love this app it's so easy to use,5,0,1.530.121,2022-12-21 21:25:21,,,1.530.121,pho13342,photo.editor.photoeditor.filtersforpictures
d3d7a5fc-95b5-4460-9a1f-9a25b0a8bf17,this is a very good app I can't believe this is best app for editing and enhansing photo,5,0,3.7.181.202186937,2024-03-29 23:27:02,,,3.7.181.202186937,pho902397,com.bigwinepot.nwdn.international
887a00ea-51b6-413c-ae47-05fc3fbed32d,This is the best enhancer app so far. I have tried a lot but no one is doing it well like this app.,5,0,,2023-04-20 08:24:22,,,,pho915569,com.bigwinepot.nwdn.international
5a35db94-5cfd-4e85-a004-80917010a82b,I do love this app though the price is too high,5,2,3.12.68,2023-09-17 08:56:05,,,3.12.68,pho657928,vsin.t16_funny_photo
07fe759f-9666-4b64-ae7c-44faa2ae4830,When I first used this app back in 2021 it can enhance photos very quickly and it has 10 free charges per day but now it takes a very long time to enhance a photo and often says 'network error' even though I have good network connection. And the free charges doesn't seem to refresh anymore. I hope this gets fixed soon.,1,2,,2022-01-30 00:38:27,,,,pho877869,com.bigwinepot.nwdn.international
c8af9980-c83e-41b7-b20d-4b9795912d3d,Exactly the thing i was looking for i dont need to crop my pics to post on insta now. Did the work nocrop app kept crashing on.,5,0,1.425.133,2022-12-02 23:00:01,,,1.425.133,pho450009,photo.editor.photoeditor.photoeditorpro
bc5dea72-ab42-420c-94ea-896e0f503c39,We can't use this app without internet that's why I give two Star ..,2,0,3.7.407.202286942,2023-11-02 11:59:55,,,3.7.407.202286942,pho921863,com.bigwinepot.nwdn.international
34a3bbdc-7a96-47c5-b9c3-cb7513e2574c,The Best app of my year,5,0,3.7.327.202255164,2023-08-17 12:54:26,,,3.7.327.202255164,pho954610,com.bigwinepot.nwdn.international
9b5a0c4f-1545-4b32-a31d-429ae6433bd2,I give this: As my review to your useless app. It has many adds and it forces users to watch 5 video ads to process only one task!!! And after that the result is awful!!! Even sometimes it doesn't have any ads to offer so it wouldn't do anything till you pay for pro. I don't suggest anyone to install this .,1,1,,2024-03-05 21:17:24,Dear user thank you for your support our application uses advanced artificial intelligence algorithms to generate unique and stunning works of art we have optimized product performance we are committed to continuously improving our application thank you your support.,2024-03-18 02:40:34,,pho1054795,com.ai.avatar.face.portrait.app
de9bea51-860e-4a89-a204-953255adf703,You can't even draw to generate,1,39,,2024-07-10 21:20:50,,,,pho829706,com.yes366.etm
4543db19-95ea-4939-b705-fd59ba380a85,Easily opened raw files,5,0,9.1.51,2023-04-05 19:10:58,Hi Susan! We are glad that you are happy with the app ^DC,2023-05-29 09:24:27,9.1.51,pho287797,com.adobe.psmobile
4bb5adae-5c18-4367-9c37-41af696acaa0,Time to update my earlier review. Someone at Adobe listened and the text watermark has returned as a standard feature. There are still changes I'd like to see such as options remaining in one place and ability to type in values for corrections instead of using the sliders. Photos still look good when edited and the app is pretty easy to use. Quite a lot can be done with this app and it works well for folks like me who only need to perform a few basic edits. Recommended!,4,1053,15.7.219,2024-09-21 09:27:16,Dan In MI thank you for your feedback! On Play Store applications can be rated from 1 to 5 stars with 1 being the lowest and 5 being the highest. Would love to know if there's anything that we can do to improve your rating. Thanks for your love and support! ^Sam,2024-09-21 11:23:14,15.7.219,pho256583,com.adobe.psmobile
5190337d-ccd3-4a57-8afb-84b3dc3fcdf6,I'm speechless after downloading this app This is free cost just watch an add and get your memories back with a hd vision. Thank you remini,5,1,3.6.3.202143253,2022-08-29 04:45:14,,,3.6.3.202143253,pho889539,com.bigwinepot.nwdn.international
3ca571b4-1a56-4150-ae13-1f251b9d57b1,Super photo editing aaps very nice remini team i like this app,5,0,3.7.407.202286942,2023-11-21 10:24:39,,,3.7.407.202286942,pho906313,com.bigwinepot.nwdn.international
cc1dd173-36f5-44b8-9a7b-c085d9ea70b9,This app i very bad,1,0,,2024-09-23 11:06:21,Hi there we're sorry to hear about your experience. To better assist you please provide more details regarding the issues you encountered using the app. Your feedback is important to us. Thanks! ^Sam,2024-09-25 09:24:04,,pho295349,com.adobe.psmobile
4e21b335-cd26-42df-9151-08a0ca6fac7e,There's no adds here. I really enjoy using this app.,5,0,,2024-08-31 04:40:35,,,,pho134180,com.picsart.studio
9a5f58f2-c7b1-433e-b254-bd52c3c5e6f6,Installed then immediately uninstalled when they lied to me why they need personal information. They told me so that the experience is age appropriate. How can a photo editor be inappropriate? That is a lie.,2,3,8.0.929,2022-01-13 20:11:45,Hi there the sign-in process and an Adobe ID help us deliver a better customer experience and can be very helpful for troubleshooting issues that might arise. It also enables us to verify the customers age as you must be 13 years or older to register for an Adobe ID. We hope you understand and will consider using the app. We're here to help!^Chan,2022-01-31 11:51:17,8.0.929,pho264714,com.adobe.psmobile
b48c26c1-10a7-446c-b8d6-c40dc91aaeef,It's amazing you can use it for wallpapers or other things,5,0,24.8.4,2024-05-11 20:28:40,,,24.8.4,pho84016,com.picsart.studio
0c2efb40-30d9-4890-ad9a-80a24c06c5de,Love the app makes it extremely easy to edit any pic to make it unique and original!,5,8,1.630.149,2024-05-08 08:32:23,,,1.630.149,pho2336,photo.editor.photoeditor.filtersforpictures
269facf9-1397-4cd8-a905-5f459a719378,Shadow option not showing and working,1,0,17.9.3,2022-08-05 11:30:56,"Thanks for the feedback - we'd love to look into this for you. Can you please send us an email at support@picsart.com with the subject line ""App Store Review""? Our team will investigate and work on a fix for you.",2022-08-08 05:00:48,17.9.3,pho132777,com.picsart.studio
47be8f0c-0388-4900-b621-0a07e9696e50,i can save it on my phone,1,0,3.13.1,2024-02-28 05:12:57,Hello can you tell us more detail about the issue at support@pho.to? It will be very helpful for us to investigate and fix it. Thank you!,2024-03-04 02:59:01,3.13.1,pho679790,vsin.t16_funny_photo
33b4eb05-74d8-4192-ba37-86121060a444,Im using this app since 2015 and its was my favrt on goolge play store but after the last update of this app its not working as well before in my phone . So thats wy im going to unistalled this one .,1,1,19.0.6,2022-02-18 21:32:21,Hi sorry to hear that the latest update did not meet your expectations. Can you please follow this link https://picsart.support and describe in detail the issues you have come across while using the app? We would love to hear from you!,2022-02-19 08:40:49,19.0.6,pho96339,com.picsart.studio
83e85fff-c2d1-4c9c-9549-b09322f88efa,Great app plenty of editing tools to make your photos as magical as ever. More options and filters borders and editing tool than photos hope or equal amout.,5,8,1.483.106,2022-05-10 12:56:24,,,1.483.106,pho1248,photo.editor.photoeditor.filtersforpictures
49f4635f-0f54-4dc3-a78c-0bdfad72779e,Its a waste it's not free,1,0,,2023-10-27 12:32:27,,,,pho963923,com.bigwinepot.nwdn.international
dbb68d53-9b01-402d-ad56-22893753ee7b,"It keeps saying ""something went wrong Check your internet connection"". My internet connection is fine.",2,1,3.3.0.202131471,2022-07-18 15:38:54,,,3.3.0.202131471,pho903235,com.bigwinepot.nwdn.international
0a6b9508-715d-4977-ab4f-a9f5551ce5e4,This is the best app ever! You can draw what you want if you have a YouTube channel go edit now! You will get so much subscribes and likes views and there is no bugs or viruses and so cool and having fun,5,0,,2023-08-30 16:48:21,,,,pho85552,com.picsart.studio
910bdf81-b34a-4e70-a88e-f1ec9fb0e490,fake app dont waste time data,1,0,,2022-08-17 01:47:19,,,,pho934465,com.bigwinepot.nwdn.international
2c2ddc4a-4216-4dc9-acd1-912b8cce3992,This is the best photo editing app. Since I first used it I never looked back. I can proudly recommend it. Very user friendly.,5,0,,2023-10-02 19:12:46,,,,pho454420,photo.editor.photoeditor.photoeditorpro
2f0c805c-171f-43e2-ad7f-766932a61977,The subscription price is too much high,1,0,7.5.10.21,2024-04-27 05:46:10,Thank you for sharing your feedback with us.For new users there is a 3-day free trial. Our premium plan includes a range of useful features and we believe it offers excellent value compared to similar products. We also offer many free features. We are committed to continuously improving and regularly updating it with more valuable features.,2024-04-29 23:01:11,7.5.10.21,pho833494,com.everimaging.photoeffectstudio
f7ad9ff8-717a-4150-978b-d438802e0d7a,good app to edit our photos,5,0,3.7.518.202336778,2024-02-10 02:19:48,,,3.7.518.202336778,pho929494,com.bigwinepot.nwdn.international
228ad334-f798-44c2-ad1b-c363148f1add,The best on the market,5,0,7.4.9.19,2023-12-02 23:58:47,,,7.4.9.19,pho836736,com.everimaging.photoeffectstudio
1c976628-b4a3-45f7-8638-0c29dcdb7f74,very good app but not all pictures can be converted. pls work on that aspect.,5,0,,2022-02-14 17:47:02,,,,pho635597,vsin.t16_funny_photo
988dd2c1-baee-4fc2-a0b0-36e1ef6bbfc2,Great app but the Premium is stupid I have a Samsung phone but I also have an IPad and not all the same features are available on my Ipad. And the shapes section it is constantly just not there and I use the shapes alot.,3,1,23.7.7,2023-11-29 10:56:15,"Thanks for the feedback - we'd love to look into this for you. Can you please send us an email at support@picsart.com with the subject line ""App Store Review""? Our team will investigate and work on a fix for you.",2023-12-07 03:13:37,23.7.7,pho83836,com.picsart.studio
7c0157a1-5447-4912-a26d-2383fd05d039,It is app for photo editing,5,0,,2024-08-31 14:46:01,,,,pho928825,com.bigwinepot.nwdn.international
3b31f8c2-5891-476e-9ca2-464b82ff6f19,supper app. enna mathiri karuppa erukiravangkaluku ethu oru varaprasatham,5,0,3.7.414.202290398,2024-03-10 20:49:42,,,3.7.414.202290398,pho959036,com.bigwinepot.nwdn.international
88d0d8e3-46c6-40ca-acd0-7885f0351240,You charged me for it took it off my PayPal but then tell me I need to re subscribed and won't let me use the dam app make that make sense I want a refund then,1,0,24.7.5,2024-04-23 04:03:56,"We'd love to look into this for you. Can you please email us at support@picsart.com with the subject line ""App Store Review""? Our team will investigate and work on a fix for your Gold subscription.",2024-04-29 10:02:47,24.7.5,pho78908,com.picsart.studio
1a3fdb2d-b1e7-4a60-9333-d5ed7d87aeea,Everything is basically only for paid people and It doesn't let me go back the whole way when I'm making art,1,0,22.9.5,2023-08-15 13:34:43,We appreciate your feedback and understand your concern. Picsart will always offer a robust free version of the app with access to hundreds of free features and millions of pieces of free-to-edit content that you can access without a subscription.,2023-08-16 08:24:54,22.9.5,pho107808,com.picsart.studio
8855dc99-eb6d-4359-9d41-88c58d4d8f16,I just installed it and tried on a few features but so far looks good. I love the many different templates and styles it really helps make the photos cooler :),5,10,1.521.119,2022-11-17 16:51:46,,,1.521.119,pho1124,photo.editor.photoeditor.filtersforpictures
342d3ccc-dc30-4554-915b-ced7160031fe,Great app if u know how to edit and stuff i got some great pics for my google,5,0,1.572.134,2023-08-23 08:52:20,,,1.572.134,pho7116,photo.editor.photoeditor.filtersforpictures
e0d01eaf-2447-4ba9-8e67-329f926b8f96,Perfect app to change background of image especially for LinkedIn,4,0,,2024-09-07 22:44:06,,,,pho574133,com.lightx
77093558-1ed9-4f1c-be10-4f17550e8a95,OMG IT'S AMAZING!!!!! (only thing too many ads for getting premium but I get it!) 100000/10,5,2,2.0.3,2023-05-06 14:35:07,,,2.0.3,pho869380,com.ai.polyverse.mirror
e0b60ee6-19ff-4675-969c-4eb32a66db44,My first experience is electrifying .hope it stays that way,5,0,1.572.134,2023-08-24 17:57:20,,,1.572.134,pho10267,photo.editor.photoeditor.filtersforpictures
3e9f9101-bbd3-431e-a147-6211cb4c867e,No way to try each button show payment layer,1,0,,2023-07-21 04:00:51,,,,pho831452,com.pixerylabs.cloneai
d805b68f-a53a-481c-b161-b8ffbcd90c88,Why premium my app hr koi nh kmata hai sbka kar doge to aise koi v use nh krega kon sa square ke liye kya use ho jata hai,1,0,8.2.970,2022-06-30 01:48:13,,,8.2.970,pho320209,com.adobe.psmobile
072cf27f-46fc-4394-ae60-9b4d5be2ec47,Excellent Easy to use. Recommended.,5,0,1.502.162,2024-01-22 14:40:56,,,1.502.162,pho477644,photo.editor.photoeditor.photoeditorpro
953ab33d-f470-4b07-b85c-75cf8c4c6fee,Tried it I understand how its doing what it does. These apps could really benefit by adding advanced modes,4,0,1.1.0,2023-08-02 17:59:39,,,1.1.0,pho830095,com.codeway.videoapp
e2181646-9acf-4dc5-81ea-4a4df6da41e0,I really dig this app. It contains nearly every tool one could ask for built in and has a wide variety of user submitted shared sticker images. I love that I can design a scene and if I need an element (like say a wispy cloud a cat in a sombrero or a forest background) I just need to search for it and there we go. This is so much more than a juvenile art app like I originay thought. It contains some serious and high end effects. I have been loving it for four years and use it everyday.,5,1,18.3.2,2022-07-17 11:11:48,,,18.3.2,pho64132,com.picsart.studio
65caa346-73d2-4471-b243-6a908f26458d,very interesting app I love this app,5,0,3.13.5,2024-04-02 08:51:10,,,3.13.5,pho677309,vsin.t16_funny_photo
73540c32-ca70-49ab-ba07-14b815a4b68b,I love this for simple easy editing and fun collages but I really feel that it needs a better quality options and a way to communicate directly with your printer.,3,0,21.4.7,2023-01-25 23:51:26,"Thanks for the feedback - we'd love to look into this for you. Can you please send us an email at support@picsart.com with the subject line ""App Store Review""? Our team will get back to you shortly.",2023-01-26 03:44:47,21.4.7,pho77504,com.picsart.studio
aae88d30-57a4-4fcf-b877-80e6001efbfc,Very easy to use. Satisfying results.,5,0,1.425.133,2022-10-23 03:10:07,,,1.425.133,pho471026,photo.editor.photoeditor.photoeditorpro
333c460c-cc52-4725-bea1-de710cf52877,This is one of the best editing picture apps that I have found since I have been able to use a cell phone you can do filters borders stickers glitches and then you can download them or share them and it's all really reasonably priced. All in all I would definitely recommend this app and I'm going to keep it.,5,4,,2024-04-03 20:59:30,,,,pho83,photo.editor.photoeditor.filtersforpictures
e2a7a3d6-c59f-440e-8f9b-806c18c327b7,Using Light Room with PS Express allows simple quality editing & wireless printing with a fast turnaround from my Samsung Galaxy.,4,0,10.0.20,2023-08-29 05:44:39,Hi there! Thank you for your feedback! On Play Store applications can be rated from 1 to 5 stars with 1 being the lowest and 5 being the highest. Would love to know if there's anything that we can do to improve your rating. Thanks for your love and support! ^DC,2023-09-05 15:22:39,10.0.20,pho266022,com.adobe.psmobile
3ff67d86-4945-450e-9b81-4f3adb5ef4c1,It is very good app for photo editing.working very well&all features are really good.Thank you!,5,4,1.462.152,2023-08-13 02:52:09,,,1.462.152,pho455670,photo.editor.photoeditor.photoeditorpro
c9f6ee03-b1fc-4b42-a536-0cbf3bf14be2,I liked this app because it can be used easily.,4,0,3.7.573.202363066,2024-03-28 00:30:52,,,3.7.573.202363066,pho929421,com.bigwinepot.nwdn.international
9f2e1f7d-0f7f-469d-956b-5f4440f60849,Excellent app. Worth watching Ads.,5,0,3.7.533.202343617,2024-02-26 02:16:01,,,3.7.533.202343617,pho915601,com.bigwinepot.nwdn.international
fd994b96-5f1b-4c59-b1e5-86e3dd99a843,This is a very good app I am using it for the last 3 years,5,0,1.521.165,2024-04-15 08:16:58,,,1.521.165,pho496114,photo.editor.photoeditor.photoeditorpro
60aaa280-df18-4cdd-9660-7b2aed7266d6,This app is the best. It totally makes good pics,5,0,3.13.21,2024-07-28 04:01:20,,,3.13.21,pho631623,vsin.t16_funny_photo
e243478f-2edb-4c37-b846-57944d6d3afb,It was an amazing app until recent update. I can't edit my own photos on my phone. I took a screen shot for proof but I'm just deleting the app. If I can't edit my own pictures the app is totally useless for me. Sad too I've used it an extremely long time and now I need a new photo editor which means learning a whole new app. Thanks Picsart,1,28,23.2.9,2023-09-28 21:50:04,You can always find help and more information at https://picsart.help. If that doesn't help your issue you can reach us at support@picsart.com.,2023-10-02 07:19:45,23.2.9,pho73522,com.picsart.studio
306574e4-202d-4f37-994d-15216e7dcffa,There are lots of great editing tools. Who needs a professional camera when you can use what you have?,5,2,1.491.159,2024-01-15 19:43:41,,,1.491.159,pho455684,photo.editor.photoeditor.photoeditorpro
382d83fc-2916-4c55-ad96-36d11d92211a,Previous stars: Current stars: - Remove the question mark for values or turn it off once you've seen it. I'm disabled. There's no button to exit. Quite frustrating and a waste of time to see the tutorial each time. Please hide or remove for paying users if not for all. Thank you for your consideration.,4,0,3.8.8,2024-01-05 08:34:33,,,3.8.8,pho868096,com.ai.polyverse.mirror
6272a1ec-4199-4c77-86e4-8be75e89cbfa,Downloaded app and kept for all of 2 minutes. Ads ads ads free trial ad buy premium ad. Ad generator ap.,1,0,,2024-06-18 23:10:47,We are sorry for this but to continue work on this free app we need revenue from Ads. If you don't want to see the Ads you can purchase the Pro version. Thanks for your understanding!,2024-06-24 02:52:07,,pho869076,com.ai.polyverse.mirror
7d00a3d1-9f52-4bc2-b2ec-e21127d2ec4c,Ye Remini app bohut faltu hai bar bar bes ads aate rehta hai.,1,0,3.7.576.202364544,2024-04-05 01:29:15,,,3.7.576.202364544,pho1030876,com.bigwinepot.nwdn.international
b584f72e-7af6-47e2-9d2a-e806d9960114,Just another generic app that does all the same things every other photo editing app does. Needs more independently made effects for users to use where they can't find it anywhere else. Other then that it runs fine. I'm definitely not keeping it though I'm looking for something different not basic.,2,3,1.417.127,2022-09-14 03:36:53,Hi ThyWarden we are sorry that we didn't meet your expectations. More features and materials are being planned and we will keep improving the app. Could you please give us some suggestions at polish@inshot.com? We will improve the app based on your suggestion. Thank you.,2022-09-14 22:21:05,1.417.127,pho442468,photo.editor.photoeditor.photoeditorpro
fe2908ee-c09c-4a07-b133-8c069d9dfb61,You get to use features that usually you have to pay for on other apps,5,0,,2024-09-04 14:43:21,,,,pho464446,photo.editor.photoeditor.photoeditorpro
38d5323a-332c-42da-8ebb-0fb4bd371032,Good app easy to use can watch adds for extras,5,0,1.417.127,2022-07-12 06:13:58,,,1.417.127,pho464297,photo.editor.photoeditor.photoeditorpro
0fc09091-430e-4b31-b2bd-2a52fc33add4,When this app works it works great! Having said that after the last update the app crashes when attempting to search folders on my phone to adjust. Additionally half of the alteration presets and manual fix tools which I once had access to I now have to pay for. This experience is forcing me to explore the photoshop that comes with my phone.,3,28,15.5.207,2024-09-06 16:12:15,Hello! I'm so sorry for the frustrating experience. Some performance optimization tips may help: press and hold the app icon select App info Storage and clear cache. In Data Usage tap Allow app while Data Saver is on & Allow background data usage. Let us know if this helped.^Sam,2024-09-10 09:25:34,15.5.207,pho256588,com.adobe.psmobile
629c3166-316c-4dc6-8362-7a4f3995f021,ohh this new update are very work full I love this app,5,0,3.7.252.202203163,2023-06-10 12:06:09,,,3.7.252.202203163,pho922989,com.bigwinepot.nwdn.international
004f0071-3d60-4d43-b2cf-7601ff3141f7,application is good but. ads bahut aati hai.,4,0,3.7.615.202378417,2024-05-07 04:26:05,,,3.7.615.202378417,pho1023014,com.bigwinepot.nwdn.international
29fa1f48-43f6-45f5-9dae-aa3f4604018d,Great pictures. Ad heavy however it's all free so it's a tradeoff.,5,0,1.06.11,2024-09-04 21:21:37,,,1.06.11,pho829521,com.yes366.etm
26410fd8-c99a-4898-bf7d-a60200ac1c7f,Nothing special that wouldn't already be available in other apps. Needs some stupid AdobeID go fish.,3,1,8.7.1035,2022-12-10 16:37:21,,,8.7.1035,pho270615,com.adobe.psmobile
dca9a188-846c-4949-943c-f8d0a02b3710,This app is experience was 100% absolutely awesome . Thanku for making this app,5,0,19.6.1,2022-07-12 09:53:45,,,19.6.1,pho131472,com.picsart.studio
9a8dd359-7895-4edc-9bad-ae3355b28919,"Quite good! I think it would be a simple matter to improve the sound menu. For instance caf sounds movie theatre sounds NYC street sounds stock market sounds night club etc.. More specific. The ""dark sounds"" are a bit muddy and don't know why there are so many of them.",4,9,4.1.0.7,2024-09-28 21:53:18,Thanks for the feedback and suggestions! We'll pass them on to the team. We'd love to earn a 5-star review if you're enjoying the app!,2024-09-30 03:14:04,4.1.0.7,pho796584,com.vimage.android
d73e2ac5-fac3-471c-8b26-db7db2df45d8,Not working what's going on,1,0,3.6.70.202150350,2022-10-06 10:34:23,,,3.6.70.202150350,pho931922,com.bigwinepot.nwdn.international
e7eb8c6d-00e2-45af-8194-5808266d618d,Best photo editing app ever in android,5,0,,2022-05-04 05:32:03,,,,pho8399,photo.editor.photoeditor.filtersforpictures
76412a0d-59a8-481f-97df-81044dd95bf2,I like the way of editing,1,0,3.12.19,2022-06-14 12:01:05,Dear user if you like the app please give us more stars. Also let us know if you have any suggestions for improvement at support@pho.to.,2022-06-20 03:42:23,3.12.19,pho672272,vsin.t16_funny_photo
a3f036df-9441-487a-be25-a65c5b0500db,Its great. Until you have to pay for everything,4,0,19.0.1,2022-07-20 03:55:04,,,19.0.1,pho116497,com.picsart.studio
60f22fd2-a7d4-4645-bae8-1846e779a4ba,I can never pay with my card I have tried so many times I have asked my friends to help me too and you guys still don't accept cards and you don't let one save designs created so how I'm I supposed to get around this its so frustrating and annoying.,1,0,19.6.1,2022-05-02 05:36:37,"We'd love to look into this for you. Can you please email us at support@picsart.com with the subject line ""App Store Review""? Our team will investigate and work on a fix for your Gold subscription.",2022-05-02 07:07:13,19.6.1,pho82031,com.picsart.studio
565799bb-7177-4af8-b749-14fa5d3e2b8c,This is very affordable application,5,0,3.2.1.2,2022-04-16 00:14:40,,,3.2.1.2,pho801488,com.vimage.android
551eebcd-d14b-4e36-93b7-bec78bb78261,Very good app has great selection of filters and the best adjustment settings selection I've seen yet. Pics always come out looking stunning -surpassing my expectations,5,6,1.540.122,2023-01-29 03:28:53,,,1.540.122,pho1399,photo.editor.photoeditor.filtersforpictures
caa06db3-3eca-4701-961d-64f791d71e4e,Pay monthly for 40 credits???? Removed as it is not worth it.,1,1,,2023-05-10 10:17:00,,,,pho831504,com.pixerylabs.cloneai
73118044-e890-43a3-ab9f-1c51704715b4,I love this app. So far I can't think of any complaints or suggestions right now. 2023. I've been using this app for some time and I love it and how it's progressed. Stay tuned,5,1,23.6.5,2023-11-20 00:38:10,,,23.6.5,pho103741,com.picsart.studio
017fef6f-2612-4d41-8c78-8898ba955d3d,Still getting used to the app but so far I'm impressed,5,0,1.53.166,2024-05-02 02:43:41,,,1.53.166,pho481989,photo.editor.photoeditor.photoeditorpro
4153cfe1-8a17-4e67-b8ab-122a8b71ebe4,Great ap! Just wish I had pro version.,5,0,2.1.8,2022-11-16 14:50:16,Hello we are glad to know that you enjoyed our app. In case of any query or suggestion about the app please write to us at support@lightxapp.com. We will be happy to assist you and know your opinion!,2022-11-17 04:10:49,2.1.8,pho577479,com.lightx
dbd26786-8934-4822-b996-4c633b6d72e3,It's not enough to get what I need because of privacy issues,2,0,19.1.0,2024-04-07 04:28:55,"Hi Dawit we are not sure what issues you encounter. To proceed with further testing we'd appreciate it greatly if you could provide the screen recording of the operation process or issue screenshots via the ""Send Feedback"" in-app Settings. We'd like to fix the problem if there is any. Thank you",2024-04-10 02:18:49,19.1.0,pho152160,com.cyberlink.photodirector
90342a1f-9e5c-4c35-9b47-4a0e675b2190,i have to watch an ad to download the picture ?,1,0,3.7.188.202188505,2023-04-14 17:41:08,,,3.7.188.202188505,pho938354,com.bigwinepot.nwdn.international
55889da1-8139-46c7-aa7c-829e3ee94555,Superb Photo editing app. All the editing tools are available in free of cost. Thumbs up to the creator.,5,889,1.393.114,2022-01-21 12:14:51,,,1.393.114,pho455447,photo.editor.photoeditor.photoeditorpro
fa162447-2c01-47df-9206-70638c06c247,I find this app to be easy. Great photo results!,5,0,1.417.127,2022-07-22 04:08:44,,,1.417.127,pho458144,photo.editor.photoeditor.photoeditorpro
56b2c397-afcc-43da-b3b2-0734d40fad6b,That is a very good aap So nice fucher in hd photos. So amazing app.,5,0,,2023-01-24 10:54:56,,,,pho903402,com.bigwinepot.nwdn.international
a40d79ba-b923-4368-90e1-8ae7a6abfaf3,This is so good app for clear a photo. I like this app,5,0,,2022-04-02 14:23:54,,,,pho928078,com.bigwinepot.nwdn.international
2e4d7ab3-977d-4d98-beb2-b397f13020be,It only good for back and far photos.,3,0,,2023-02-03 08:55:52,,,,pho920213,com.bigwinepot.nwdn.international
bf99f4b8-8eac-4eba-b21a-2b17f47536ec,Anytime I open it it closes. What's this???,1,0,8.1.952,2022-03-24 18:30:01,We're so sorry for the trouble. Is the app crashing on a certain action? Are you getting any error messages? Please write to us at PSX-Feedback-Android@adobe.com with more details or a screen recording it will be very helpful for us to investigate and fix the issue. We're here to help. Thank you! ^Chan,2022-04-01 07:59:54,8.1.952,pho280826,com.adobe.psmobile
f920eee6-228c-451d-a612-5f5f82d1cec5,It's 100 percent not free. You can start an image but only do one and it no longer rkets you continue unless you sign up for a year subscription. You can't even try it to see if you're going to like it before you're forced to pay. I asked for a very simple AI rendering of a photo and it couldn't even come close to what I wanted. I tried in another app though. Did it exactly the way I asked with no problems. This app I tried to ask for revision to make it clear and it wouldn't let me.,1,1,,2023-11-13 23:17:17,We appreciate your feedback and understand your concern. Picsart will always offer a robust free version of the app with access to hundreds of free features and millions of pieces of free-to-edit content that you can access without a subscription.,2023-11-15 02:31:42,,pho63201,com.picsart.studio
7e499eea-1f57-478d-9fd2-ee3d4b8f294e,After edit when i want to save or screen shot it wants money,1,0,18.7.3,2022-01-20 12:14:37,Picsart will always offer a free version of the app but we also offer premium features for Gold subscribers. Premium features are identified with a gold crown. To save your edit make sure you're only using free features or learn how to subscribe to Gold at https://picsart.help.,2022-01-21 05:45:00,18.7.3,pho137076,com.picsart.studio
05066666-bac6-4f43-bfd3-6af2a56a39cd,The AI tools are outstanding,5,0,13.8.57,2024-05-22 09:34:24,Hi there! Thank you for your positive review! We truly appreciate your feedback and are thrilled to hear that you are enjoying our app. ^DC,2024-04-10 12:37:23,13.8.57,pho270751,com.adobe.psmobile
85b92d2c-44b4-4029-a216-e9f61d5e7db1,Im annoyed. It always says I don't have internet connection but I do have.,1,0,3.1.44.202128750,2022-06-30 14:45:47,,,3.1.44.202128750,pho918800,com.bigwinepot.nwdn.international
5c1c6ae2-ede6-4044-9ec2-b1922abed43f,Not working always shows check your internet connection after showing the add!! Waste of time,1,0,3.7.198.202190873,2023-04-21 23:05:56,,,3.7.198.202190873,pho894296,com.bigwinepot.nwdn.international
2190b241-2a86-424f-9bd3-9ed8f365b36c,most use full app I like it,5,0,3.7.708.202417454,2024-07-29 06:26:59,,,3.7.708.202417454,pho891010,com.bigwinepot.nwdn.international
2a6f3038-bb13-4e8e-a289-86498193b6b7,Good by must pay for better features,4,0,,2023-10-31 23:08:52,Hi Magnum! I am sorry that you feel disappointed with the paid features. Few features (premium) are paid for because that provides us the resources to provide you with new updated and amazing software. We still provide a range of free features for users to enjoy. If you need any assistance please feel free to write us. ^DC,2023-11-18 23:45:49,,pho279573,com.adobe.psmobile
cfacfde8-0e6b-419e-bca6-aaefd157523e,Not so great unless you pay for it and even then not much you can edit for the price of the monthly payment,1,0,,2022-05-29 01:28:22,We appreciate your feedback and understand your concern. Picsart will always offer a robust free version of the app with access to hundreds of free features and millions of pieces of free-to-edit content that you can access without a subscription.,2022-05-30 04:35:08,,pho95332,com.picsart.studio
8090f4d7-3ad1-4cbb-a51f-0cf13e71f570,Nice looking so beautiful photo editing,5,0,,2023-10-02 01:19:53,,,,pho921620,com.bigwinepot.nwdn.international
2b176d8a-dfa4-4f13-b23a-96905f02b10c,Worst app paid amount advance for ai genrator the result is worst not happy at all feels like i have been scammed,1,0,7.5.0.2,2024-01-27 09:33:22,We appreciate you taking the time to share your experience with our professional headshot feature and I'm genuinely sorry to hear that it did not meet your expectations. If you are willing we can provide a re-do chance for you. Please feel free to reach out to us @ support@fotor.com,2024-01-30 00:31:37,7.5.0.2,pho835460,com.everimaging.photoeffectstudio
a19a8eb1-f170-4862-b035-dc6bc6ce4e89,Hurry and download this app. I love love love the app . Just the adverts though. Well I understand that the adverts bring more profits so. No p .,5,43,3.12.68,2023-09-09 07:38:04,,,3.12.68,pho634801,vsin.t16_funny_photo
eda0940c-64d1-442c-b686-2b2cee501c23,much easier than the old one.,5,0,10.1.26,2023-08-12 22:15:03,Hi Roger! Thank you for your positive review! We truly appreciate your feedback and are thrilled to hear that you are enjoying our app. ^DC,2023-08-13 09:08:18,10.1.26,pho281459,com.adobe.psmobile
b416672b-4359-4729-b159-80f40d45c35b,The app is locked behind a payroll you need to buy their services first. Unbelievable,1,0,7.4.0.2,2023-08-22 01:57:48,We appreciate your interest in our app. The requirement to bind your card for the free trial is a standard policy set by Google to ensure a smooth user experience and prevent misuse of free trials. Rest assured that you have full control over your subscription you can cancel your subscription 24 hours before the trial expires to avoid any charges.,2023-08-29 02:44:57,7.4.0.2,pho834384,com.everimaging.photoeffectstudio
07f7950c-d561-46f2-a32f-63044aa9bda3,is app is very interesting and very good features this app is editing so smooth,3,2,3.12.67,2023-08-25 12:49:57,Dear user we care about your feelings and every little encouragement makes us better :) So if you like this app please consider giving us a 5-star rating. If you have any suggestions please let us know at support@pho.to.,2023-08-29 10:35:33,3.12.67,pho645444,vsin.t16_funny_photo
ac763a33-f16a-46a5-adc8-76564643cddc,the app is fine the only thing that bothering me is ad but I love it,5,0,3.12.30,2022-11-01 14:50:37,,,3.12.30,pho652525,vsin.t16_funny_photo
80b1b4c5-7ead-4b29-8a4e-b44872616e1c,Please improve the time for uploading,3,0,1.1.0,2023-10-21 18:17:47,,,1.1.0,pho1055788,com.ai.avatar.face.portrait.app
ed0e383d-98b4-4dfe-9c0a-b92badc25dd9,This app is very useful because u can record your fonts and designing for your intro or outro,5,0,,2022-06-19 23:43:39,,,,pho106865,com.picsart.studio
cc764b65-49f9-4436-8cc4-7911f02ef5bb,Hello picsArt developer may request for a refund since I didn't notice that one of my friends been accidentally subscript and it cost 999 pesos please I haven't use any of your application.,2,0,,2024-09-29 21:00:11,,,,pho84144,com.picsart.studio
64164f93-849c-45f2-b7b5-95bb6e17213d,Was awesome. UPDATE! The features I use the most have been removed. Not worth 30.00 a year for just enhance. Hope they fix it soon or I'm out!,2,7,1.7.5,2022-01-04 21:04:29,,,1.7.5,pho886541,com.bigwinepot.nwdn.international
